headword,pos,CEFR
09_pepe,noun,B2
1-abdeckung,noun,C2
1-austattung,noun,C2
1-euro-münze,noun,B1
1-fam-haus,noun,A1
1-konzept,noun,C2
1-liter-wasserflasche,noun,B2
1-projekte,noun,C2
1-projekten,noun,C2
1-zi-wohnung,noun,A1
1-zimmer-apartment,noun,B1
1-zimmer-appartement,noun,A2
10,adjective,B1
10-mal,adjective,C2
10-stunden-tage,noun,B2
100-dollar-schein,noun,C2
100-euro-schritten,noun,C1
100-jährig,adjective,A2
100-meter-lauf,noun,B2
100-meter-laufs,noun,C1
100-meter-sprint,noun,C1
100-stellig,adjective,B2
1000,adjective,B1
1000er-marke,noun,C1
1000sten,adjective,A1
100g,other,B1
103g,adjective,A2
10b,noun,A2
10euros,noun,A2
10l,noun,A2
11-jährig,adjective,B1
11x,other,A2
12-jährigen,noun,B1
12.jh,noun,B2
120-prozentig,adjective,B2
120-quadratmeter-altbauwohung,noun,B1
125-mal,noun,C1
12b,noun,B2
12b,other,B2
12mm,adjective,B2
13-jährig,adjective,B2
13-tägige,adjective,B2
13.august,noun,B2
14-29-jährigen,adjective,C1
14-jahres-grenze,noun,C1
14-köpfige,adjective,C1
14-mal,adverb,A1
14-tägig,adjective,B2
14.jh,noun,B2
14bis,noun,B2
15-jährige,noun,B2
15-mal,noun,A1
15-minütige,noun,C2
15-minütigen,noun,C2
16-jährig,adjective,B1
16-jährige,noun,C1
16.jh,noun,B2
17-jährige,noun,B2
17-jähriger,adjective,B1
17-jähriger,noun,B2
17-zoll,noun,A1
18-jährig,adjective,A2
18-jähriger,noun,B2
18-tägigen,adjective,C1
18.april,noun,B2
18.januar,noun,B2
18.mai,noun,B2
1830er-,other,B2
1840er-jahren,noun,B2
19.jh,noun,B2
1920er,noun,C1
1920er-jahre,noun,C2
1920er-jahren,noun,C2
1920erjahren,noun,C2
1930er,noun,B2
1930er-jahren,noun,C2
1950er,adjective,C1
1950er-jahre,noun,C2
1950er-jahren,noun,C1
195oer-jahren,noun,C2
1960er,noun,B2
1960er-jahre,noun,C2
1960er-jahren,noun,B2
1960erjahre,noun,C2
1968er-bewegung,noun,C2
1970er,noun,A2
1970er-jahre,noun,B2
1970er-jahren,noun,C2
1980,adjective,A2
1980-ern,noun,C2
1980er,noun,B1
1980er-jahre,noun,C1
1980er-jahren,noun,C2
1980erjahre,noun,C2
1990er,noun,C1
1990er-jahre,noun,C2
1990er-jahren,noun,B2
1990erjahren,noun,C2
1997,noun,B2
19a,noun,A2
1wo,adverb,A1
1x,noun,A2
2-mal,adverb,A1
2-monatskurse,noun,A1
2-zimmer-wohnung,noun,A2
2.b,adjective,B1
20-jährig,adjective,B1
20-jährige,noun,B1
20-jähriger,adjective,B1
20-kopfige,adjective,C2
20-minütige,noun,C2
20-prozentigen,adjective,C2
20-uhr-termin,noun,B1
20.000,adjective,B1
20.jh,noun,B2
20.jhs,noun,B2
2000-euroanzügen,noun,C1
2000-fache,noun,B2
2010er,adjective,C1
20er,noun,A2
20er-jahre,noun,B2
20er-jahren,noun,C2
20euros,noun,B1
20kg,adjective,B2
21-jährig,adjective,C1
21-jährige,noun,C1
21-jährigen,adjective,B2
21.aug,noun,B2
21.jahrhundert,noun,C1
210‚-,adjective,B1
22-jährig,adjective,C1
22.mai,noun,B2
220m,noun,B2
23-jährig,adjective,C1
24-jährig,adjective,B1
24-std.-zimmerservice,noun,C2
24-stunden-dienstleistungsgesellschaft,noun,C2
24-stunden-gesellschaften,noun,B2
24-stunden-vorhersage,noun,C1
24.dez,noun,B2
24h,adjective,A2
25-jährig,adjective,A2
25-jährige,noun,B1
250g,other,A2
25qm,other,C2
26-jährig,adjective,B1
26-jährige,noun,A2
260euros,noun,A1
28m,other,B2
29-jährig,adjective,B1
29-jährige,noun,B1
290euros,noun,A1
29g,adjective,A2
2a,noun,C2
2er,noun,A1
2wochen,adjective,A1
3,noun,B1
3-d-drucker,noun,B1
3-gang-menü,noun,B2
3-gänge-menü,noun,B2
3-gänge-menüs,noun,C1
3-jährig,adjective,B2
3-kilo-paket,noun,A1
3-mal,adverb,A1
3-sterne-hotel,noun,B2
3-zimmer-wohnung,noun,A1
3-zimmerwohnung,noun,A2
30-fache,noun,C1
30-jährig,adjective,A2
30-jährige,noun,B1
30-jähriger,noun,C1
30er,adjective,A2
30er-jahre,noun,C2
30g,adjective,A2
31-jährig,adjective,B1
31-jährige,noun,C2
33-mal,adverb,B2
34-jährig,adjective,C2
34-jährige,noun,C1
35-jährige,noun,B1
35-jährigen,noun,B2
35-stunden-woche,noun,B1
35qm,other,A1
36-jährige,noun,C1
360-grad-kamera,noun,C1
3600,adjective,C2
36er,noun,B1
37-jährige,noun,C1
37-jährigen,noun,B2
38-jährig,adjective,C2
38-stunden-woche,noun,A1
39-jährig,adjective,B1
3b,adjective,A1
3c,noun,A1
3d-bogenparcours,noun,C1
3d-drucker,noun,C1
3d-wanderungen,noun,C2
3el,adjective,A1
3m-mitarbeiter,adjective,C2
3og,adjective,A2
3sat,noun,B2
3x,noun,A1
3x3,adjective,A1
4-gänge-menü,noun,B1
4-mal,noun,A2
4-sterne-hotel,noun,B2
4-sterne-schlosshotel,noun,B2
4-verwöhnpension,noun,B2
4-wöchigen,adjective,A1
4-zimmer-wohnung,noun,A1
4-zimmer-wohnungen,noun,A1
40-jährig,adjective,B1
40-jährigen,noun,B2
40-prozentigen,adjective,B2
400-euro-basis,noun,A1
400-euro-job,noun,A2
400-euro-kraft,noun,B2
400-fachen,noun,C2
400-gramm-packung,noun,A1
41-jährigen,adjective,B1
42-jährigen,adjective,B1
42-stunden-woche,noun,B2
44-jährig,adjective,B1
45-jährige,noun,A2
45-prozentige,adjective,C2
47-jährig,adjective,B1
49-jährige,noun,B2
4a,noun,B2
4b,noun,A1
4x100-m-duell,noun,C1
5-bahn,noun,A1
5-euro-fahrten,noun,B1
5-kilo-paket,noun,A1
5-mal,noun,A1
5-sterne,noun,B1
5-sterne-hotel,noun,B2
5-stunden-woche,noun,A1
5-zimmer-wohnung,noun,A1
50-fache,noun,C2
50-jahr-feier,noun,B1
50-jähr,noun,B2
50-jährige,noun,A1
50-jähriges,adjective,C2
50-zoll-fernseher,noun,B2
500-mal,noun,B2
50er,adjective,A2
50er-jahr,noun,B2
50er-jahre,noun,B2
50erund,noun,B2
50fach,adjective,A2
50g,adjective,B2
52-jährig,adjective,C1
53-jährige,adjective,C1
5300-mal,noun,C1
53g,adjective,A2
5er-klasse,noun,A2
5oer-jahren,noun,B2
6-tägiger,noun,B2
60,adjective,C2
60-jahrige,adjective,B1
60-jährigen,noun,C1
60er,adjective,B1
60er,noun,C1
60er-jahr,noun,B2
60er-jahre,noun,B2
65-jährige,noun,A2
67a,noun,C2
68er-bewegung,noun,C2
6a,noun,C1
6h,adjective,B2
7-jährige,adjective,B1
7-jährige,noun,B1
7-sitzer,noun,A2
7-tägigie,noun,B2
70-jährige,noun,C1
70-jähriger,noun,C1
700euros,noun,A2
70er,adjective,A2
70er-jahre,noun,C2
78-jährige,noun,C1
7einen,adjective,A1
7millionen,noun,B2
7x,other,A2
8-monatigen,noun,A1
80-jährig,adjective,C1
80-jähriger,adjective,A2
80er,adjective,A1
80er-jahr,noun,B1
83-jährige,adjective,B1
9.november,adjective,B2
90,adjective,A2
90-jährigen,noun,B1
90-minütigen,adjective,B2
90-tage-vorrat,noun,C1
9081-b,other,A2
90er,adjective,A1
90er-jahre,noun,B2
90euros,noun,B1
95-jährigen,noun,B2
96-jährige,adjective,A2
9flats,noun,C2
9l,noun,A2
@card@,adjective,A1
@card@,adverb,A2
@card@,number,A1
@ord@,adjective,A1
@ord@,adverb,A1
a,noun,B2
a,other,A1
a-1090,noun,B2
a-a-a-a-arrag,noun,C1
a-cappella-arrangements,noun,B2
a-z,noun,A1
a1,noun,A1
a2,noun,A2
a3,adjective,B2
a3,noun,A2
a4,noun,B2
a40,noun,A2
a72,noun,B1
aaaa,adjective,A1
aasfresser,noun,B1
aasgeier,noun,C2
ab,adjective,B2
ab,adverb,B1
ab,other,C1
ab,preposition,A1
abagnale,noun,B2
abagnales,noun,B2
abarbeiten,other,C1
abartig,adjective,C1
abbau,noun,C2
abbaubar,adjective,C2
abbauen,other,C2
abbestellen,other,B1
abbestellung,noun,B1
abbiegen,other,A2
abbild,noun,C2
abbilden,other,C2
abbildung,noun,C1
abblocken,other,C1
abblättern,other,C1
abbrechen,other,C1
abbremsen,other,B2
abbrennen,other,A2
abbringen,other,C1
abbruch,noun,C2
abbüßen,other,C2
abc-straße,noun,B1
abdecken,other,C1
abdichtung,noun,C2
abdruck,noun,C2
abdulmajeed,adjective,C2
abelein,noun,A2
abend,adverb,B1
abend,noun,A1
abendaushelferin,noun,B2
abendblatt,noun,B1
abendbrot,noun,A1
abendessen,noun,A1
abendgestaltung,noun,B2
abendgruß,noun,C1
abendgymnasium,noun,A2
abendkleid,noun,B1
abendkurs,noun,A2
abendland,noun,C2
abendlich,adjective,B2
abendländisch,adjective,C2
abendmedium,noun,B1
abendprogramm,noun,B2
abendröte,noun,C2
abends,adverb,A1
abendschule,noun,C2
abendshow,noun,B2
abendsonnenschein,noun,B1
abendteuern,noun,B2
abendtypen,noun,B2
abendunterhaltungsprogramm,noun,C2
abendveranstaltung,noun,B2
abendzeitung,noun,C1
abenteuer,noun,C2
abenteuer-kinderspielplatz,noun,C2
abenteuerlich,adjective,C1
abenteuerlust,noun,C2
abenteuerreise,noun,B2
abenteuerromans,noun,B1
abenteuerspiele,noun,B1
abenteurer,noun,C2
aber,adverb,A1
aber,conjunction,A1
aber,noun,B1
aberein,noun,B2
aberglaube,noun,B1
abergläubisch,adjective,C1
aberkennen,other,C2
abermals,adverb,B2
abfahren,other,A1
abfahrt,noun,A1
abfall,noun,C2
abfalldichte,noun,C2
abfalleimer,noun,B1
abfallen,noun,C1
abfallen,other,B2
abfallmaterialien,noun,B2
abfallstoff,noun,C1
abfalltonne,noun,B2
abfassen,other,B2
abfedern,other,C2
abfeuern,noun,B2
abflauen,other,C2
abfliegen,other,A1
abflug,noun,A1
abfluss,noun,C1
abfolge,noun,A1
abfragen,other,C2
abfällig,adjective,C2
abführen,other,C2
abfüllen,other,C1
abgabe,noun,C2
abgabetermin,noun,C1
abgas,noun,B2
abgaswert,noun,A2
abgeben,other,A2
abgebildet,adjective,B2
abgebrochen,adjective,C1
abgedreht,adjective,C2
abgeflacht,adjective,C1
abgehen,other,B2
abgeklärt,adjective,C2
abgelegen,adjective,C1
abgelegt,adjective,C2
abgeleitet,adjective,B2
abgelöst,adjective,C2
abgemäht,adjective,C1
abgenutzt,adjective,C2
abgeordnete,noun,B1
abgeordnetenhaus,noun,A2
abgerissen,adjective,B1
abgeschieden,adjective,B2
abgeschiedenheit,noun,C2
abgeschlagen,adjective,C2
abgeschlossen,adjective,C2
abgeschnitten,adjective,B2
abgeschossen,adjective,B2
abgesehen,adjective,C2
abgesichert,adjective,C2
abgestellt,adjective,B1
abgestimmt,adjective,C2
abgestorben,adjective,C1
abgestürzt,adjective,C2
abgetrennt,adjective,B1
abgewickelt,adjective,C2
abgewinnen,other,B2
abgezockt,noun,C2
abgleich,noun,C2
abgleiten,other,C1
abgrenzen,noun,C2
abgrenzen,other,B2
abgrenzung,noun,C2
abgrund,noun,B2
abgründig,adjective,C2
abgstiegen,adjective,B1
abgucken,other,C1
abhaken,noun,B2
abhalten,other,B2
abhandeln,other,C2
abhanden,adverb,C2
abhandenkommen,noun,B1
abhandlung,noun,C2
abhang,noun,C2
abheben,other,B2
abheften,other,B1
abhetzen,other,B2
abholen,noun,A2
abholen,other,A1
abholzen,other,B2
abholzung,noun,C1
abhusten,other,C1
abhängen,other,C2
abhängig,adjective,B2
abhängigkeit,noun,C2
abhängigkeitsverhältnis,noun,C2
abhören,other,A2
abi-treffen,noun,A2
abitur,noun,A2
abiturient,noun,C1
abiturientin,noun,B2
abiturjahrgang,noun,A2
abiturniveau,noun,C2
abiturnote,noun,A2
abiturprüfung,noun,A2
abiturtreffen,noun,A2
abiturzeugnis,noun,A2
abkaufen,other,B1
abkehr,noun,C2
abklappern,other,C2
abklingen,other,C1
abklären,other,B2
abknabbern,other,C1
abkommen,noun,A2
abkommen,other,C1
abkühlen,other,A2
abkühlung,noun,B2
abkürzen,other,B2
abkürzung,noun,B1
ablage,noun,B2
ablassen,other,C1
ablauf,noun,C2
ablaufen,other,C2
ablaufend,adjective,C1
ablecken,other,C1
ablegen,other,B1
ablehnen,other,B1
ablehnend-distanzierte,adjective,C2
ablehnung,noun,B1
ableiten,other,C2
ableitung,noun,C2
ablenken,other,C1
ablenkung,noun,B2
ablesen,other,C2
ablöse,noun,B2
ablösebetrag,noun,B2
ablösen,other,B2
ablösungsprozess,noun,B1
abmachen,other,C2
abmahnen,other,A2
abmelden,other,C2
abmischen,other,B2
abnahme,noun,C2
abnehmen,noun,B1
abnehmen,other,B1
abnehmend,adjective,C1
abnehmer,noun,C2
abneigen,other,C2
abneigung,noun,C1
abnutzen,other,B1
abobeitrag,noun,C1
abonnement,noun,B1
abonnementspreise,noun,C2
abonnent,noun,C1
abonnentin,noun,B1
abonnieren,other,B1
abonniert,adjective,B1
abperlen,other,B2
abrafaxen,noun,C1
abrakadabra,noun,B2
abraten,other,B2
abraten|abgeraten,other,C1
abrechnen,other,B1
abrechnung,noun,C1
abregen,other,C1
abreise,noun,B2
abreisen,other,B1
abreisetag,noun,B2
abreißen,other,B2
abrichten,other,C2
abriegeln,other,C1
abringen,other,C2
abriss,noun,C1
abruf,noun,C2
abrufbar,adjective,C2
abrufen,other,C2
abrufsituation,noun,C2
abrunden,other,C2
abrutschst,other,B2
abruzzen,noun,B2
abrüstung,noun,C2
abs,noun,A1
absage,noun,B2
absagen,other,A1
absagen-phrasen,noun,C1
absagensammlung,noun,C1
absatz,noun,B2
absatzfragen,noun,C1
absatzmarkts,noun,C1
absaven,noun,C2
abschaffen,other,C2
abschaffung,noun,B1
abschalten,noun,B2
abschalten,other,B2
abscheu,noun,C2
abschicken,other,B1
abschieben,other,C2
abschied,noun,B1
abschiedsfeier,noun,B1
abschiedsritual,noun,C1
abschiedsszene,noun,B2
abschiedsvorstellung,noun,C1
abschießen,other,C2
abschirmen,other,C1
abschlafen,other,C2
abschließen,other,A2
abschließend,adjective,B2
abschluss,noun,A2
abschlussarbeit,noun,A2
abschlussbericht,noun,C2
abschlussfeier,noun,B2
abschlussfolie,noun,B2
abschlussklasse,noun,C2
abschlusskorrektur,noun,C1
abschlussnacht,noun,B2
abschlussnote,noun,B2
abschlussprüfung,noun,B1
abschlusszeugnis,noun,C1
abschlusszeugnisses,noun,B2
abschmecken,other,A1
abschminken,other,B2
abschneiden,noun,B2
abschneiden,other,A2
abschnitt,noun,B2
abschnittsweise,adjective,C2
abschrecken,other,C1
abschrecken-zum,noun,B2
abschreckend,adjective,B2
abschreckung,noun,C2
abschreiben,noun,C2
abschreiben,other,C2
abschreiber,noun,B2
abschuss,noun,C1
abschweifen,other,B2
abschwung,noun,C1
abschätzen,other,C2
abschütteln,other,B2
absehbar,adjective,B2
absehen,other,C1
abseits,adverb,C2
abseitsregel,noun,B2
absender,noun,B1
absendung,noun,B1
absenken,other,C2
absenkung,noun,C2
absetzen,other,C2
absichern,other,C2
absicherung,noun,B2
absicht,noun,C1
absichtlich,adjective,C2
absinken,other,B1
absitzen,other,C2
absolut,adjective,B2
absolvent,noun,C1
absolventin,noun,C1
absolvieren,other,B2
absolviert,adjective,C1
absonderlich,adjective,C1
absonderlichkeit,noun,C1
abspann,noun,C2
abspeichern,other,C2
absperren,other,C1
absperrung,noun,B2
abspielen,noun,C1
abspielen,other,C1
absprache,noun,C2
absprechen,other,C1
abspringen,noun,C2
absprung,noun,B2
abspulen,other,C2
abstammen,other,C2
abstammung,noun,C2
abstand,noun,C2
abstecher,noun,B1
absteigen,other,C1
abstellen,noun,B2
abstellen,other,A1
abstellgleis,noun,C2
abstellkammer,noun,C1
absterben,other,C2
abstieg,noun,C1
abstimmen,other,C1
abstimmung,noun,C2
abstimmungssitzung,noun,C1
abstimmungswochenende,noun,C2
abstoßen,other,B2
abstoßend,adjective,C2
abstrahieren,other,C2
abstrakt,adjective,C2
abstraktion,noun,C1
abstreifen,other,C1
absturz,noun,C2
absturzstelle,noun,C2
abstürzen,other,A2
abstützen,other,C2
absurd,adjective,C2
absurderweise,adverb,C1
absurdität,noun,B2
absurdum,other,C2
absägen,other,A2
abtauchen,other,C1
abteil,noun,B1
abteilung,noun,B2
abteilungsbesprechung,noun,C2
abteilungsleiter,noun,C1
abteilungsleiter-assistent,noun,B1
abteilungsleiterin,noun,C1
abtransportieren,other,B1
abtropfen,other,B1
abtun,other,C1
abverlangen,other,C1
abwanderung,noun,B2
abwanderungsplan,noun,C1
abwarten,other,C1
abwartend,adjective,C2
abwasch,noun,A2
abwaschbar,adjective,C1
abwaschen,noun,C2
abwaschen,other,B1
abwasser,noun,C1
abwechlungsreichen,adjective,B2
abwechselnd,adjective,B1
abwechslung,noun,B2
abwechslungsreich,adjective,B1
abwechslungsreichtum,noun,C2
abwegig,adjective,C2
abwehr,noun,C2
abwehren,other,C2
abwehrkraft,noun,B1
abweichen,other,B2
abweichung,noun,C1
abweisen,other,C1
abweisend,adjective,B2
abwenden,other,C2
abwerbung,noun,C2
abwerfen,other,B2
abwertend,adjective,C2
abwesend,adjective,C1
abwesenheit,noun,B1
abwesenheitsnotiz,noun,A1
abwickeln,other,B2
abwicklung,noun,C2
abwinken,other,C2
abwurf,noun,B2
abwurflinie,noun,B2
abwägen,other,C2
abwägung,noun,C2
abwärts,adverb,C1
abwärtsbewegung,noun,C1
abwärtsentwicklungen,noun,C1
abziehen,other,C2
abzielen,other,C2
abzug,noun,C1
abzugrenzende,adjective,C2
abzulehnend,adjective,C1
abzusehend,adjective,C1
abzählen,other,B2
ac-fragen,noun,C1
ac-politik,noun,C1
accessoire,noun,C2
account,noun,C1
acetaniid,noun,C1
acetylsalicylsäure,noun,C1
ach,adjective,A2
ach,interjection,A1
ach,noun,B2
ach-laute,noun,A1
achensees,noun,C1
achse,noun,C1
achsel,noun,C1
achselzucken,noun,C1
achselzuckend,adjective,C2
achsenneigung,noun,C1
acht,adjective,A2
acht,noun,C1
acht,number,A1
acht-stufen-modell,noun,B2
acht-stunden-tag,noun,B2
achte,noun,A1
achteinhalb,number,A1
achten,other,B2
achterbahn,noun,B1
achte|achten,noun,B2
achtgeben,other,B1
achtjährig,adjective,A2
achtköpfig,adjective,C1
achtlos,adjective,C2
achtsam,adjective,C1
achtunddreißigmal,adverb,B2
achtung,noun,A2
achtzehn,number,C2
achtzehnte,adjective,A1
achtzig,adjective,C2
achtzig,number,C1
achtziger,noun,C2
achtzigerjahr,noun,C1
achtzigst,adjective,A1
acker,noun,C2
ackerfläche,noun,C1
ackersand,noun,A2
acrobat,noun,B2
action,noun,A2
actionfilm,noun,A2
actionfilme,noun,A1
ad,other,C2
adaminfarkt,noun,C1
adaptation,noun,B2
addieren,other,B2
additiv,adjective,C1
additiv,noun,C2
adel,noun,C2
adelig,adjective,C1
adelige,noun,B1
adelsstand,noun,B2
adenin,noun,C2
ader,adjective,A1
ader,noun,C1
adhs-medikamenten,noun,C2
adhs-mitteln,noun,C2
adhs-symptomatik,noun,C1
adieu,adverb,C1
adjektiv,noun,A2
adjektivendungen,noun,B1
adjektivform,noun,C1
adjektivformen,noun,C1
adler,noun,A2
adlerblick,noun,C2
adlig,adjective,B2
adlige,noun,B2
administrativ,adjective,B2
administrative,noun,B2
admiralstraße,noun,C2
adolf-grimme-preis,noun,C1
adolf-weber-gymnasium,noun,B2
adoptivsohn,noun,C1
adrenalin,noun,C2
adrenalin-kick,noun,B2
adressat,noun,A2
adressatenbezogen,adjective,B2
adressatenorientiert,adjective,C1
adresse,noun,A1
adressenliste,noun,A2
adressiert,adjective,B2
adressliste,noun,B1
adria,noun,B2
ads,noun,C2
advedising,adjective,C1
advent,noun,A2
adventsführungen,noun,C1
adventskalender,noun,C1
adventskranz,noun,A2
adventszeit,noun,A2
adverb,noun,C1
adversativ,adjective,C1
adversativsätze,noun,B2
advertising,adjective,C1
adäquat,adjective,C1
adäquate,noun,B1
aefunden,adjective,A2
aegidii-weihnachtsmarkt,noun,C1
aerobic,noun,A2
aerobic-kurs,noun,A1
aerobic-trainerin,noun,A1
aeu,noun,C2
affe,noun,C2
affenart,noun,C2
affenherde,noun,C2
affenwerdung,noun,C2
affinität,noun,C2
affo-tenin,noun,B2
affäre,noun,B2
afghane,noun,B2
afia,noun,A2
afrika-epos,noun,C1
afrika-expertin,noun,A2
afrika-tourismus,noun,C1
afrikabild,noun,C1
afrikaner,noun,C1
afrikanisch,adjective,C2
afro-brasilianisch,adjective,A2
afroamerikaner,noun,B1
after,noun,C1
ag,noun,C1
agent,noun,C1
agentur,noun,C2
agenturablauf,noun,C2
agenturchef,noun,B2
aggression,noun,C1
aggressionsfreies,adjective,C2
aggressiv,adjective,B1
aggressivität,noun,C2
aggressor,noun,C2
agieren,other,C1
agierend,adjective,C2
agiert,adjective,C1
agrarfläche,noun,C1
agrargesellschaft,noun,B2
agrarpolitik,noun,C1
agrarprodukt,noun,B1
agrarsaison,noun,C1
agrarökologie,noun,C1
ah,interjection,A1
aha,interjection,A1
ahmen,other,C2
ahnden,other,C2
ahndend,adjective,B2
ahnen,other,C1
ahnengalerie,noun,C2
ahnlichkeits-hypothese,noun,B2
ahnung,noun,B1
ahnungslos,adjective,A2
ahoi,adverb,B2
ahorn,noun,C1
ahornstraße,noun,A1
ahrenz,noun,B2
ai,noun,C1
aich,noun,B2
aida,noun,B1
aids,noun,B2
aids-projekte,noun,A1
aile,noun,B2
air,noun,A2
airbag,noun,A1
aircomfort-system,noun,B2
airline,noun,B2
airport,noun,A1
airport-friseur,noun,A1
akademie,noun,C2
akademiker,noun,C1
akademiker-reigen,noun,C2
akademikerfamilien,noun,B2
akademisch,adjective,C1
akademisches,adjective,C1
akdere,noun,C2
akins,noun,A2
akk,noun,B1
akkaya,noun,A1
akkord,noun,C2
akkord-gesprächen,noun,C2
akku,noun,B1
akku-frage,noun,B1
akkumulieren,other,C2
akkuratem,adjective,C2
akkusativ,noun,A1
akkusativ-ergänzung,noun,A2
akms,noun,B2
akquise,noun,C2
akquisitionsstärke,noun,C2
akribisch,adjective,C1
akrn,noun,B2
akrobatik,noun,A2
akrobatin,noun,A2
akt,noun,C2
aktennotiz,noun,C2
aktenstapel,noun,C1
aktentasche,noun,C1
aktenzeichen,noun,B2
akteur,noun,C2
akte|akt,noun,C2
aktie,noun,C1
aktien,noun,C1
aktiengesellschaft,noun,C2
aktienhändler,noun,C1
aktienkurs,noun,C1
aktienwert,noun,B2
aktion,noun,B2
aktionskünstler,noun,B1
aktionsplan,noun,B2
aktionsportal,noun,B1
aktionsszenen,noun,C1
aktionstag,noun,A2
aktionär,noun,C2
aktiv,adjective,B2
aktiv,noun,C1
aktive,noun,C2
aktivieren,other,C1
aktiviert,adjective,C2
aktivierung,noun,C1
aktivist,noun,B2
aktivität,noun,A1
aktivspielplatz,noun,C2
aktivurlaub,noun,C1
aktmalen,noun,B2
aktmodellen,noun,C1
aktualisieren,other,B2
aktualisierung,noun,B2
aktualität,noun,B2
aktuell,adjective,B1
aktuelle,noun,A2
akupressur,noun,C2
akustik,noun,C1
akustisch,adjective,C1
akut,adjective,B2
akzent,noun,A1
akzentuierung,noun,A2
akzeptabel,adjective,C2
akzeptanz,noun,C1
akzeptieren,other,A2
akzeptiert,adjective,B2
al,noun,B1
al-masri-tower,adjective,B2
al0,noun,B1
alarm,noun,B2
alarmanlage,noun,B2
alarmglocke,noun,C2
alarmieren,other,C1
alarmierend,adjective,B2
alarmiert,adjective,B2
alarmsignal,noun,C2
alarmsystem,noun,C1
albaner,noun,C2
albanisch,adjective,C2
albern,adjective,A2
albernheit,noun,C1
alberschwende,noun,C1
albert-einstein-schule,noun,A1
album,noun,B1
alemannisch,adjective,A2
alemannische,adjective,A2
alensehen,noun,A1
alethode,noun,C2
alexanderplatz,noun,A1
alge,noun,C2
algenbiomasse,noun,C1
algenfarmen,noun,C1
algenhaus,noun,C1
algenol,noun,C1
alias,adverb,C2
alive,other,C1
alkohol,noun,A1
alkoholabhängigkeit,noun,C2
alkoholfrei,adjective,C2
alkoholhaltig,adjective,C2
alkoholiker,noun,A2
alkoholisch,adjective,C2
alkoholische,noun,B1
alkoholisiert,adjective,C2
alkoholkonsum,noun,C2
alkoholkranke,noun,C2
alkoholmissbrauch,noun,C2
alkoholverbrauch,noun,B1
alkopops,noun,C2
all,noun,B2
all-inclusive-ferienclub,noun,B1
alle,noun,C2
alle,other,A1
allee,noun,A2
allegra,noun,B1
allein,adverb,A1
allein,other,A1
alleine,adverb,B1
alleine,other,B1
alleinernährer,noun,B2
alleinerziehend,adjective,B1
alleinerziehende,noun,B1
alleingang,noun,C1
alleingelassene,noun,C1
alleinig,adjective,B2
alleinlebende,noun,C1
alleinreisend,adjective,B2
alleinsein,noun,C2
alleinstehen,other,C2
alleinstehend,adjective,C2
alleinstehende,noun,A1
allemal,adverb,C2
allenfalls,adverb,C2
allerbest,adjective,B1
allerdings,adverb,C1
allerdings,noun,C1
allererst,adjective,C1
allerfeinst,adjective,B2
allergie,noun,A2
allergieauslösend,adjective,B1
allergieauslöser,noun,B2
allergiker,noun,B1
allergisch,adjective,B1
allergrößt,adjective,C2
allerhand,adjective,B2
allerheiligen,noun,A2
allerhärteste,adjective,B1
allerhöchst,adjective,B2
allerkleinst,adjective,B2
allerkleinstem,adjective,B1
allerlei,other,C1
allerletzt,adjective,B2
allermeist,adjective,C2
allerneuest,adjective,B2
allerneust,adjective,C2
allernötigste,noun,B1
allerorten,adverb,C2
allerschlimmst,adjective,C1
allerschönst,adjective,B2
allerweltskultur,noun,C1
allerwichtigst,adjective,A2
allerwichtigste,noun,C1
alles,noun,B1
allesamt,adverb,C2
allesfresser,noun,B2
alleskleber,noun,C1
alleskönner,noun,C2
allgegenwart,noun,C1
allgegenwärtig,adjective,C1
allgemein,adjective,B2
allgemeinbildend,adjective,C1
allgemeinbildung,noun,C2
allgemeine,noun,B2
allgemeingut,noun,C2
allgemeingültig,adjective,C1
allgemeingültigkeit,noun,C2
allgemeinheit,noun,C2
allgemeinmediziner,noun,C2
allgemeinplatz,noun,C2
allgemeinwissen,noun,C2
allgemeinärztin,noun,A1
allianz,noun,C2
alliiert,adjective,C1
alliierte,noun,C1
alljährlich,adjective,C1
allmählich,adjective,C2
allround-talent,noun,B1
allseits,adverb,C2
alltag,noun,A2
alltag-,other,B2
alltagen,noun,B2
alltagsbereich,noun,C2
alltagserfahrung,noun,B1
alltagsgegenstand,noun,A1
alltagsgespräche,noun,B2
alltagsgesprächen,noun,B1
alltagsgeste,noun,C2
alltagsidentität,noun,C2
alltagskleidung,noun,C2
alltagskombination,noun,C2
alltagskultur,noun,A2
alltagsleben,noun,C1
alltagsproblem,noun,B1
alltagsprodukte,noun,A1
alltagsprodukten,noun,B2
alltagsrealität,noun,B2
alltagsrhythmus,noun,B2
alltagssituation,noun,C1
alltagsspezifischen,adjective,C2
alltagssprache,noun,C1
alltagsstress,noun,B1
alltagsszene,noun,B2
alltagstauglicher,adjective,A2
alltagstauglichkeit,noun,B2
alltagstypische,adjective,A1
alltagstätigkeiten,noun,A2
alltagswelt,noun,B2
alltagsästhetik,noun,C2
alltäglich,adjective,C1
allumfassend,adjective,C1
allzu,other,C1
alm,noun,B1
alma,noun,B2
almere,adjective,C2
almhütte,noun,B1
almstuben,noun,B1
alok,noun,B2
alp,noun,B1
alpabzug,noun,B2
alpen,noun,C1
alpenblumen,noun,B2
alpengletscher,noun,C1
alpenländisch,adjective,B1
alpennordseite,noun,B2
alpenpanorama,noun,A2
alpenrepublik,noun,B2
alpenrose,noun,A1
alpenstraße,noun,C1
alpensüdseite,noun,B2
alpenvereinshütte,noun,B2
alpenvorland,noun,B2
alphabet,noun,A1
alphamännchen,noun,C2
alphirt,noun,B1
alpinhang,noun,B1
alpintouristen,noun,C2
alpspitze,noun,B1
alptraum,noun,A2
alpwirtschaft,noun,B1
als,conjunction,B1
als,noun,A2
alsich,adverb,B2
also,adverb,A1
alstervergnügen,noun,B1
alt,adjective,A1
alt,noun,B1
altar,noun,B2
altaraufsatz,noun,C1
altbacken,adjective,C2
altbau,noun,A1
altbauwohnung,noun,A2
altbekannt,adjective,C2
altbewährte,noun,C1
alte,noun,B1
altehrwurdigen,adjective,B2
alten,noun,B1
altenarbeit,noun,B2
altenheim,noun,B1
altenpflegeheim,noun,B2
altenpfleger,noun,A1
altenpflegerin,noun,B1
altenservice,noun,B1
alter,noun,B1
altern,noun,B1
altern,other,C1
alternativ,adjective,B2
alternativberufe,noun,B1
alternative,adjective,B2
alternative,noun,B1
alternd,adjective,C1
alters,adverb,C2
altersarbeitszeitmodelle,noun,C1
altersarmut,noun,C1
altersbedingt,adjective,C1
altersdiabetes,noun,C1
altersdurchschnitt,noun,C1
altersempfehlungen,noun,B2
altersforschung,noun,C1
altersgemischt,adjective,C1
altersgenerationen,noun,C1
altersgenosse,noun,C2
altersgrenze,noun,C2
altersgruppe,noun,B2
altersheim,noun,B1
altersklasse,noun,C2
alterspyramide,noun,C2
altersrente,noun,B2
altersruhe,noun,B1
altersschicht,noun,C1
altersschwach,adjective,B2
alterssicherung,noun,C2
altersspezifisch,adjective,C1
altersstruktur,noun,C1
altersstufe,noun,C2
altersteilzeit,noun,C1
altersunterschied,noun,B1
altersvorsorge,noun,B1
altersvorsorgeprogramme,noun,B1
altertum,noun,C1
altertümlich,adjective,C1
alterung,noun,C1
alterungsbeständige,adjective,C1
alterungsprozess,noun,B2
alter‚,noun,C1
alteste,adjective,B2
altfranzösisch,adjective,B2
altgriechisch,adjective,B2
altgriechische,noun,C1
althergebracht,adjective,B2
althiban,noun,C2
altjubilare,noun,C1
altklug,adjective,C2
altlast,noun,B2
altmaterial,noun,A2
altmodisch,adjective,A1
altmodisch-romantische,adjective,B2
altmodischer,adjective,B1
altonale,noun,B1
altpapier,noun,A2
altpapiertonne,noun,A1
altsachsenhausen,noun,A2
altstadt,noun,B1
altstadtbrücke,noun,B1
altstadtfest,noun,B2
altstadtkern,noun,B1
altusried,noun,C1
altwendische,adjective,B2
aluminium,noun,C1
aluminiumminimumimmunität,noun,C1
alumnus,noun,C1
am,noun,A1
am,other,A1
amateur,noun,C1
amateur-boxer,noun,B2
amateuraufnahme,noun,B1
amateurfußballer,noun,C1
amateurlager,noun,C1
amatos,noun,B1
amazonas-urwald,noun,C2
ambente,noun,B2
amber,noun,A1
ambiente,noun,C2
ambition,noun,C1
ambitionieren,other,C1
ambitioniert,adjective,C2
ambivalent,adjective,C2
ambulant,adjective,A1
ameise,noun,C2
amelies,adjective,B1
american,noun,B2
amerikaner,noun,C1
amerikanerin,noun,A2
amerikanisch,adjective,C2
amerikanisch-chinesisch,adjective,A1
amerikareise,noun,C1
ammersee,noun,C1
amok,noun,C1
amokläufer,noun,C2
amor,noun,C2
ampel,noun,A1
ampelkennzeichnung,noun,B2
ampelleuchten,noun,C1
ampelprinzip,noun,B2
amphibienhäuser,noun,B2
amphibium,noun,C1
amsel,noun,B2
amsterdamer,noun,B2
amt,noun,B2
amtlich,adjective,C2
amtsgericht,noun,C2
amtsinhaber,noun,C1
amtsinhaberin,noun,B2
amtskollege,noun,B2
amtsperson,noun,B1
amtspflicht,noun,C1
amtssitz,noun,B1
amtssprache,noun,B2
amtsträger,noun,C2
amtsweg,noun,C2
amtszeit,noun,C2
amüsant,adjective,C1
amüsieren,other,A2
an,adverb,A1
an,noun,C1
an,other,A1
an,preposition,A2
an+die,preposition,A1
anabol,adjective,C1
anachronismus,noun,C2
anakondas,noun,B2
analog,adjective,C1
analyse,noun,C1
analysetechnik,noun,C1
analysieren,other,B1
analysleren,adjective,B1
analyst,noun,C2
analytics,noun,B2
analytiker,noun,C1
analytisch,adjective,C1
ananas,noun,A1
ananaspflanzen,noun,C2
anarchie,noun,C2
anarchist,noun,B2
anarchistisch,adjective,C1
anarchistischer,adjective,C2
anatomie,noun,C2
anatomiestudien,noun,C2
anatomisch,adjective,C2
anbahnen,other,C2
anbandeln,noun,C2
anbau,noun,C1
anbauen,other,C1
anbaufläche,noun,C2
anbauland,noun,C2
anbegriff,noun,C2
anbei,adverb,A2
anbeißen,other,C2
anbelangen,other,B2
anberaumen,other,B2
anbiederei,noun,C2
anbiedernd,adjective,C1
anbieten,other,B1
anbietend,adjective,C1
anbieter,noun,C2
anbindung,noun,B2
anblick,noun,C1
anbraten,other,A1
anbrechen,other,C1
anbringen,noun,B2
anbringen,other,C1
ancel,noun,B2
and,other,C1
and'ren,adjective,B2
andacht,noun,C2
andalouse,adjective,B1
andauern,other,B1
andauernd,adjective,C1
andenken,noun,B1
andere,adjective,B1
andere,noun,C2
andere,other,B1
anderenfalls,adverb,B2
andererseit,adjective,B2
andererseits,adverb,C1
andermal,adverb,C1
andernfalls,adverb,C1
anders,adverb,A2
andersartig,adjective,B1
andersartigkeit,noun,C2
andersch,adjective,C1
andersdenkende,noun,C2
anderseits,adverb,C1
andersgläubige,noun,C2
anderssein,noun,C2
anderswo,adverb,C1
andert,adjective,B1
anderthalb,adjective,B1
anderweitig,adjective,C1
andeuten,noun,C2
andeuten,other,C1
andeutung,noun,C1
andrang,noun,C1
andreas-hofer-platz,noun,A2
andrehen,other,C2
androhung,noun,C1
android,noun,C1
andächtig,adjective,B2
andünsten,other,A2
anecken,other,C2
aneignen,other,C1
aneignung,noun,C1
aneinander,adverb,C1
aneinander,other,C2
aneinanderreihen,other,C2
aneinanderreihung,noun,C2
anekdote,noun,C1
anem,adjective,B2
anerkannt,adjective,C2
anerkennen,other,C2
anerkennend,adjective,C2
anerkennenswert,adjective,C1
anerkennung,noun,C1
anerziehen,other,C1
anfachen,other,C2
anfahren,other,B2
anfahren|anführen,other,B2
anfahrten,noun,C2
anfahrtsweg,noun,B1
anfahrtswegen,noun,B2
anfall,noun,B2
anfallen,other,C1
anfallend,adjective,C2
anfang,noun,A2
anfangen,other,A2
anfangs,adverb,B1
anfangsbegeisterung,noun,C1
anfangsbuchstabe,noun,B1
anfangseuphorie,noun,B1
anfangspunkt,noun,B2
anfangspunkte,noun,B2
anfangsschwierigkeit,noun,C1
anfangszeit,noun,B1
anfassen,noun,C1
anfassen,other,A2
anfertigen,other,B2
anfertigung,noun,B2
anfeuern,other,A2
anfieng,other,C2
anflug,noun,C2
anfordern,other,A1
anforderung,noun,C1
anfrage,noun,B2
anfraoe,noun,A2
anfreunden,other,A2
anfällig,adjective,C2
anfänger,noun,B1
anfängerauto,noun,A2
anfängerfehler,noun,B2
anfängerkurs,noun,A2
anfänglich,adjective,C2
anfühlen,other,C2
anführen,other,C1
anfüttern,noun,C2
angabe,noun,B2
angebaut,adjective,C1
angeben,noun,A1
angeben,other,A1
angeberei,noun,C1
angeblich,adjective,C1
angeboren,adjective,C1
angebot,noun,A2
angebot,other,A2
angeboten,adjective,B1
angebotserstellung,noun,B2
angebotspalette,noun,B2
angebotsunterlage,noun,B2
angebären,other,C1
angegeben,adjective,B2
angegriffen,adjective,B1
angehaucht,adjective,C2
angehen,other,C2
angehend,adjective,C1
angehängt,adjective,C1
angehören,other,C2
angehören|anhören,other,B2
angehörige,noun,C1
angeklagte,noun,C2
angeklagter,noun,B1
angelangen|anlangen,other,C2
angelegenheit,noun,C1
angelegt,adjective,C1
angelehnt,adjective,B2
angelini,noun,B2
angeln,other,C1
angelpunkt,noun,B2
angelration,noun,C1
angelschein,noun,C1
angelscheinen,noun,C1
angelus,noun,B2
angel|angeln,noun,B2
angemeldet,adjective,B1
angemessen,adjective,C2
angenehm,adjective,B1
angenehme,noun,B1
angenommen,adjective,C2
angeordnet,adjective,C1
angepasst,adjective,B2
angerichtet,adjective,C1
angerufene,noun,C1
angesagt,adjective,C2
angeschlossen,adjective,C2
angesehen,adjective,C2
angesichts,preposition,C2
angespannt,adjective,B2
angesprochen,adjective,C1
angestammt,adjective,C2
angestaut,adjective,C1
angestellte,noun,B1
angestelltenrechner,noun,B2
angestelltenverhältnis,noun,B2
angestrebt,adjective,C1
angestrengt,adjective,C2
angetreten,adjective,C2
angewandt,adjective,B2
angewandte,noun,C2
angewendet,adjective,C1
angewiesen,adjective,C1
angewohnheit,noun,C2
angewöhnen,other,C1
angezogen,adjective,C1
angiften,other,C1
angina,noun,C1
anglistik,noun,A1
anglizismus,noun,C2
angnt,noun,B1
angreifbar,adjective,C2
angreifen,other,C2
angrenzend,adjective,B2
angriff,noun,B2
angriffsfläche,noun,B2
angst,adjective,C2
angst,noun,A2
angstfrei,adjective,B1
angstgefühl,noun,C2
angstsitationen,noun,B1
angstsituation,noun,B1
angstzustand,noun,C2
angucken,other,A2
anhaften,other,C2
anhalt-bernburg,noun,B2
anhalt-köthen,noun,C1
anhalten,other,C2
anhaltend,adjective,C1
anhalter,noun,B1
anhaltspunkt,noun,C1
anhand,preposition,C2
anhang,noun,A2
anhat,other,B1
anhatte,other,B1
anheben,other,B2
anheimfallen,other,C1
anhieb,noun,C1
anhängen,other,B2
anhänger,noun,C2
anhängerchen,noun,B2
anhängig,adjective,C2
anhänglichen,noun,B1
anhäufung,noun,C2
anhöhe,noun,B1
anhören,other,A2
animateur,noun,A1
animation,noun,B2
animator,adjective,B1
animator,noun,B1
animatoren,noun,B2
animieren,other,B1
anis,noun,C1
anisplätzchen,noun,C1
ankauf,noun,A2
ankaufen,other,B2
ankern,other,C2
anklage,noun,C2
anklagen,other,C1
anklamer,noun,A2
anklamerinnen,noun,A2
anklang,noun,C2
ankleider,noun,B1
ankleiderei,noun,B1
ankleiderin,noun,B1
anklicken,other,C2
anklingen,other,C1
anklopfen,other,C1
anknüpfen,other,B2
ankommen,other,B1
ankommend,adjective,C1
ankotzen,other,C1
ankreuzen,other,C1
ankunft,noun,A1
ankunftsabend,noun,B2
ankunftshalle,noun,B2
ankurbeln,other,B2
ankämpfe,other,C2
ankämpfen,noun,C2
ankämpfen,other,B2
ankündigen,other,C1
ankündigung,noun,C2
anlage,noun,C2
anlagebaus,noun,B2
anlagenbau,noun,B2
anlass,noun,C2
anlassen,other,B1
anlauf,noun,C1
anlaufen,other,C2
anlaufpunkt,noun,C1
anlaufstelle,noun,C2
anlegen,other,C2
anlehnen,other,B2
anlehnung,noun,C2
anleihe,noun,C1
anleitung,noun,B1
anlernen,other,B2
anlieferung,noun,B2
anliegen,noun,C2
anlocken,noun,C2
anlocken,other,B1
anlässlich,preposition,C1
anm,noun,B2
anmachen,other,A1
anmahnen,other,C1
anmalen,other,C1
anmelden,other,A2
anmeldern,noun,B2
anmeldezahl,noun,B2
anmeldung,noun,A2
anmerken,other,C1
anmerkung,noun,C2
anmessen,other,C2
anmut,noun,A1
anmutend,adjective,C2
anna,noun,A1
anna-luise-altendorf-stiftung,noun,A1
annahme,noun,C2
annehmen,other,B1
anno,adverb,B2
annonce,noun,C2
annullieren,other,B2
annullierungen,noun,B2
annähernd,adjective,C1
annäherung,noun,C2
annäherungsversuch,noun,C2
anonym,adjective,C1
anonymen,adjective,B2
anonymisiert,adjective,C2
anonymität,noun,B2
anorak,noun,A1
anordnen,other,C1
anordnung,noun,C1
anorexie,noun,C2
anorexie,other,C2
anormal,adjective,B2
anpacken,noun,B1
anpacken,other,B1
anpassen,other,B2
anpasser,noun,B2
anpassung,noun,C1
anpassungsleistung,noun,C2
anpassungsmaßnahme,noun,B2
anpassungsschwierigkeit,noun,C1
anpfeifen,other,A2
anpflanzen,other,C1
anpreis,other,C1
anpreisen,other,B1
anprobe,noun,A2
anprobieren,other,A1
anrainer,noun,B2
anrechnen,other,B2
anrede,noun,A1
anredeform,noun,B2
anredeformeln,noun,B2
anreden,other,C2
anregen,other,C1
anregend,adjective,C2
anregung,noun,B2
anreichern,other,C2
anreise,noun,B2
anreisen,other,B1
anreisend,adjective,B2
anreisetag,noun,B2
anreiz,noun,C1
anrennen,other,C1
anrichten,other,C1
anruf,noun,A1
anrufbeantworter,noun,A1
anrufen,other,A1
anrufer,noun,B2
anruf|anrufen,noun,B2
anrühren,other,B1
anrührend,adjective,C2
ansage,noun,A1
ansagen,other,B2
ansammlung,noun,C2
ansatz,noun,C2
ansatzweise,adjective,B2
anschaffen,noun,B1
anschaffen,other,B1
anschaffungskosten,noun,C1
anschalten,other,A1
anschauen,other,A2
anschaulich,adjective,C1
anschaulich-praktische,adjective,C1
anschauung,noun,C2
anschauungsmaterial,noun,C2
anscheinend,adjective,B1
anschlag,noun,C1
anschleppen,other,C1
anschließen,other,B1
anschließend,adjective,B1
anschluss,noun,A1
anschlusszug,noun,B1
anschneiden,other,B2
anschrauben,other,C1
anschreiben,noun,B1
anschreiben,other,A1
anschreien,other,B1
anschrift,noun,B2
anschriftenfeld,noun,B1
anschwellen,other,C1
ansehen,noun,B2
ansehen,other,A2
ansehnlich,adjective,B2
ansetzen,other,C2
ansicht,noun,C1
ansichtskarte,noun,A1
ansiedeln,other,C1
ansiedlung,noun,C1
ansmeer,noun,A1
ansonst,other,C1
ansonsten,adverb,C2
anspannung,noun,B2
anspielung,noun,C2
anspornen,other,C2
ansprache,noun,B1
ansprechbar,adjective,A2
ansprechen,noun,C1
ansprechen,other,B1
ansprechend,adjective,C2
ansprechenden,noun,C1
ansprechpartner,noun,C2
ansprechpartnerin,noun,B1
anspringen,other,C1
anspruch,noun,B2
anspruchslos,adjective,B2
anspruchsvoll,adjective,B2
anspucken,other,B2
anstand,noun,C1
anstandswidriges,adjective,C2
anstarren,noun,C1
anstatt,conjunction,C1
anstatt,preposition,C1
anstecken,other,B2
ansteckend,adjective,B2
anstehen,other,C2
anstehend,adjective,C2
ansteigen,other,C2
ansteigend,adjective,B2
anstelle,preposition,C1
anstellen,other,B2
anstellung,noun,B2
ansteuern,other,B1
anstieg,noun,B2
anstiften,other,C2
anstifter,noun,C2
anstiftung,noun,B1
anstoß,noun,C1
anstoßen,other,A2
anstrahlen,other,C1
anstreben,other,C2
anstreichen,other,A1
anstrengen,other,C2
anstrengend,adjective,A1
anstrengender,adjective,C1
anstrengung,noun,C1
anstrich,noun,C1
ansturm,noun,B2
anständig,adjective,C1
anstößig,adjective,B2
ansässig,adjective,B2
antarktis,noun,A2
antasten,other,C2
antastete,other,C2
anteil,noun,C1
anteilig,adjective,B2
anteilnahme,noun,C2
antenne,noun,B1
anthropologie,noun,C2
anthroposophie,noun,C2
anthroposophisch,adjective,C2
anti-atomkraft-gruppen,noun,B2
anti-parteien-partei,noun,C2
anti-viren-programme,noun,B2
anti-virenprogramm,noun,C1
antiautoritär,adjective,C2
antibakterieller,adjective,C2
antibiotikum,noun,C2
antiblockiersystem,noun,B2
antibürgerlich,adjective,C2
antidepressivum,noun,C2
antidiskriminierungsstelle,noun,B1
antidot,noun,C2
antifaschistisch,adjective,B2
antik,adjective,C2
antike,noun,C1
antikonventionellen,adjective,C2
antikörper,noun,C2
antilope,noun,C1
antipasti,noun,C1
antipilzmitteln,noun,C2
antiquariat,noun,A2
antiquität,noun,B1
antischmerz,noun,A2
anton,noun,A1
antrag,noun,A2
antragsformular,noun,A2
antragsstellung,noun,A2
antransportieren,other,B1
antreffen,other,C1
antreiben,other,C2
antreten,other,B2
antrieb,noun,C2
antriebslosigkeit,noun,C2
antrinken,other,B1
antritt,noun,C2
antschmerz,noun,A2
antun,other,C1
antwort,noun,A2
antworten,other,A1
antwortmöglichkeit,noun,C1
anund,noun,B2
anvertrauen,other,C2
anvertraut,adjective,C2
anvertrauter,adjective,C2
anvertrautes,adjective,C2
anvisiert,adjective,B2
anwachsen,noun,C1
anwachsen,other,C1
anwalt,noun,B2
anwaltskanzlei,noun,C2
anweisen,other,B2
anweisung,noun,A1
anwendbar,adjective,C2
anwenden,noun,C1
anwenden,other,C2
anwender,noun,C2
anwender-systemen,noun,C2
anwendercode,noun,B2
anwendung,noun,C2
anwendungsbereite,noun,C2
anwendungsgebiet,noun,A1
anwendungsorientiert,adjective,B2
anwendungstests,noun,C1
anwerben,other,B1
anwerfen,other,C2
anwesend,adjective,C2
anwesende,noun,B2
anwesenheit,noun,C1
anwinkeln,other,C2
anwohner,noun,B2
anwurzeln,other,C2
anwärter,noun,C1
anwärterin,noun,C2
anzahl,noun,B2
anzahlung,noun,B2
anzeichen,noun,C2
anzeige,noun,A1
anzeigen,other,B2
anzeigen-nummer,noun,A2
anzeigenbereitschaft,noun,C2
anzeigenkampagne,noun,C1
anzeigenwerbung,noun,C2
anzeiger,noun,B2
anzeige|anzeigen,noun,A1
anziehen,noun,B1
anziehen,other,A2
anziehend,adjective,C2
anziehungskraft,noun,C1
anziehungspunkt,noun,C1
anzufertigende,adjective,C1
anzufuühren,other,B2
anzug,noun,A2
anzugträger,noun,C2
anzweifeln,other,C1
anzüglich,adjective,C1
anzünden,other,C2
anästhesist,noun,C1
aok-studie,noun,C2
apartementkomplex,noun,B1
apartment,noun,B1
aperitif,noun,C1
aperol,noun,A2
apfel,noun,A1
apfelbauer,noun,C2
apfelbaum,noun,A2
apfelbäumchen,noun,B1
apfelkuchen,noun,A2
apfelone,noun,B1
apfelpüree,noun,B2
apfelsaft,noun,A1
apfelscheiben,noun,A1
apfelsine,noun,C2
apfelstrudel,noun,C2
apfelstrudels,noun,C2
apfelwein,noun,A2
apfelweinkneipen,noun,A2
aphatisch,adjective,C2
aphorismus,noun,C1
apokalyptischsten,adjective,B2
apollo,noun,C2
apollo-7-mission,noun,C2
apollo-8-mission,noun,C2
apollo-missionen,noun,C2
apollo-programms,noun,C2
apostel,noun,C2
apotheke,noun,A1
apotheken-notdienst,noun,A2
apothekenhelferin,noun,C2
apothekenkammer,noun,C1
apotheker,noun,A1
apothekerin,noun,A1
app,noun,C1
app-programmierer,noun,C2
app-stores,noun,A2
apparat,noun,A1
appartement,noun,A1
appell,noun,B1
appellative,adjective,C2
appellieren,other,B1
appenzeller,adjective,A2
appetit,noun,A1
appetitanregend,adjective,C1
appetitanreger,noun,C1
appetithäppchen,noun,C2
appetitlosigkeit,noun,C2
applaudieren,other,C2
applaus,noun,B2
apple-handy,noun,B1
approbation,noun,B2
aprikosenmarmelade,noun,B2
aprikosentorte,noun,B1
april,noun,A1
april-narren,noun,C1
aprilis,adjective,C1
aprilscherz,noun,C1
aprilseptember,noun,A2
apéro,noun,B2
aqua-jogging,noun,B2
aquakultur,noun,B1
aquakulturen,noun,B2
aquamarin,noun,B2
aquaponik,noun,B1
aquaponik-container,noun,B1
aquaponik-konzept,noun,B1
aquarellkurs,noun,C1
aquarellmalerei,noun,B1
aquarium,noun,C1
ar,noun,A2
ara,noun,C1
araber,noun,C2
arabisch,adjective,A2
arabisch,noun,A2
arabischkenntnis,noun,B2
arba,noun,C2
arbeit,noun,A1
arbeiteber,noun,C2
arbeiten,noun,C2
arbeiten,other,A1
arbeitend,adjective,B2
arbeiter,noun,B2
arbeiterbewegung,noun,A2
arbeitereltern,noun,C1
arbeiterfamilie,noun,B2
arbeiterin,noun,C1
arbeiterkind,noun,C2
arbeiterklasse,noun,B1
arbeiterlied,noun,B1
arbeiterpartei,noun,A2
arbeiterquartiere,noun,C1
arbeiterverein,noun,B2
arbeiterviertel,noun,C2
arbeiterwohlfahrt,noun,C1
arbeitgebeber,noun,C1
arbeitgeber,noun,B1
arbeitgeberattraktivität,noun,B1
arbeitgeberverband,noun,B1
arbeitnehmend|arbeitnehmende,noun,C1
arbeitnehmer,noun,B2
arbeitnehmerin,noun,A2
arbeitnehmerschaft,noun,B2
arbeitnehmervereinigung,noun,B2
arbeitnehmervertreter,noun,C2
arbeitnehmervertretung,noun,C2
arbeitsablauf,noun,C1
arbeitsagentur,noun,C2
arbeitsalltag,noun,B2
arbeitsamt,noun,A2
arbeitsanweisung,noun,A1
arbeitsatmosphäre,noun,B1
arbeitsaufgabe,noun,B1
arbeitsauftrag,noun,C1
arbeitsaufwand,noun,C2
arbeitsbedingt,adjective,C1
arbeitsbedingung,noun,B1
arbeitsbeginn,noun,C2
arbeitsbelastung,noun,C1
arbeitsberatung,noun,C1
arbeitsbereich,noun,B1
arbeitsbereitschaft,noun,A2
arbeitsbesprechung,noun,B1
arbeitsbesprechungen,noun,B2
arbeitsbuch,noun,A1
arbeitschance,noun,B2
arbeitsdokumente,noun,B1
arbeitseinstellung,noun,C2
arbeitseinstieg,noun,B1
arbeitsende,noun,B2
arbeitserfahrung,noun,C2
arbeitsergebnis,noun,C2
arbeitserlaubnis,noun,B2
arbeitsesse,noun,A1
arbeitsfläche,noun,A2
arbeitsform,noun,C1
arbeitsformen,noun,C1
arbeitsfrei,adjective,B2
arbeitsfähig,adjective,C1
arbeitsgedächtnis,noun,C1
arbeitsgemeinschaft,noun,C2
arbeitsgericht,noun,B2
arbeitsgruppe,noun,C1
arbeitsgruppentreffen,noun,C1
arbeitshandschuh,noun,B1
arbeitsinhalt,noun,C1
arbeitsintensiv,adjective,C1
arbeitskampf,noun,B2
arbeitskleidung,noun,A2
arbeitsklima,noun,A2
arbeitskollege,noun,A1
arbeitskollegin,noun,A1
arbeitskraft,noun,B1
arbeitslager,noun,C2
arbeitslandschaften,noun,C1
arbeitsleben,noun,B2
arbeitsleistung,noun,C1
arbeitslohn,noun,B2
arbeitslos,adjective,A1
arbeitslose,noun,B2
arbeitslosengeld,noun,C2
arbeitslosenquote,noun,C1
arbeitslosenversicherung,noun,C1
arbeitslosigkeit,noun,C1
arbeitsmarkt,noun,B2
arbeitsmarktentwicklung,noun,C1
arbeitsmarktexperte,noun,C2
arbeitsmarktforschung,noun,C1
arbeitsmarktlage,noun,C1
arbeitsmarktpolitik,noun,C1
arbeitsmarktsituation,noun,C2
arbeitsmediziner,noun,C2
arbeitsmenge,noun,B2
arbeitsmigranten,noun,B1
arbeitsmigration,noun,B1
arbeitsminister,noun,B2
arbeitsministerium,noun,C2
arbeitsmodell,noun,C2
arbeitsmoral,noun,C1
arbeitsmotivation,noun,A2
arbeitsmöglichkeit,noun,B2
arbeitsniederlegung,noun,C1
arbeitsnorm,noun,C1
arbeitsort,noun,B1
arbeitspause,noun,B1
arbeitspensum,noun,B2
arbeitspferd,noun,C1
arbeitsplan,noun,B1
arbeitsplatte,noun,C2
arbeitsplatz,noun,B1
arbeitsplatzangebot,noun,B2
arbeitsplatzkonzepten,noun,C1
arbeitsplatzmodellen,noun,C1
arbeitsplatzwechsel,noun,B1
arbeitsprobe,noun,C2
arbeitsproduktivität,noun,C1
arbeitsprozess,noun,B2
arbeitspsychologe,noun,C1
arbeitsraum,noun,C1
arbeitsrecht,noun,B2
arbeitsrechtler,noun,B2
arbeitsrechtlich,adjective,C2
arbeitsregelung,noun,C2
arbeitsreich,adjective,C1
arbeitsschritt,noun,C2
arbeitsschwerpunkt,noun,C2
arbeitssituation,noun,B2
arbeitsspeicher,noun,C2
arbeitsstelle,noun,A2
arbeitsstil,noun,A2
arbeitsstunde,noun,B2
arbeitssuche,noun,A1
arbeitssuchende,noun,C2
arbeitstag,noun,A1
arbeitstechnik,noun,C1
arbeitsteilung,noun,C1
arbeitstempi,noun,B2
arbeitsumfeld,noun,B2
arbeitsumgebung,noun,C1
arbeitsumgebungen,noun,B1
arbeitsunfall,noun,B1
arbeitsunfähig,adjective,C2
arbeitsunfähigkeit,noun,C1
arbeitsunterlage,noun,B1
arbeitsverhältnis,noun,C2
arbeitsvermeidung,noun,B2
arbeitsvermittlung,noun,C2
arbeitsvertrag,noun,B2
arbeitsvertraglich,adjective,A2
arbeitsvorgang,noun,A2
arbeitsweg,noun,A1
arbeitsweise,noun,C2
arbeitswelt,noun,B1
arbeitswert,noun,B2
arbeitswoche,noun,A1
arbeitszeil,noun,B1
arbeitszeit,noun,B2
arbeitszeitgestaltung,noun,C1
arbeitszeitkonten,noun,B2
arbeitszeitkonto,noun,B2
arbeitszeitmodell,noun,B1
arbeitszeitregelung,noun,A2
arbeitszeugnis,noun,B1
arbeitsziel,noun,B2
arbeitszimmer,noun,A1
arbeitszonen,noun,C1
arbeitsüberlastung,noun,C1
arbeit|arbeiten,noun,B1
arbertet,other,B2
archaisch,adjective,C2
archetyp,noun,C2
archipowitsch,noun,C2
architekt,noun,C2
architektenschaft,noun,B2
architektenteam,noun,C1
architektin,noun,B2
architektonisch,adjective,C2
architektur,noun,B2
architektur-attraktion,noun,A2
architekturbegriff,noun,B2
architekturbilder,noun,C1
architekturbüro,noun,C2
architekturgeschmack,noun,C2
architekturklasse,noun,C2
architekturkonzept,noun,B2
architekturmuseum,noun,A1
architekturstil,noun,B2
architekturstudentin,noun,C1
architekturstudium,noun,B1
archiv,noun,C1
archivar,noun,C2
archivfoto,noun,B1
archivieren,other,C1
archivierung,noun,C2
archäologenkrimi,noun,C2
archäologenteam,noun,C1
archäologie,noun,C2
archäologin,noun,B1
archäologisch,adjective,C2
ard-hauptstadtstudio,noun,C2
ard-infocenter,noun,C2
ard-mediathek,noun,A2
ard-radio,noun,B2
ard-radio-tatort,noun,B2
areal,noun,C2
arena,noun,B1
arg,adjective,C1
arge,noun,C2
argentinisch,adjective,B2
argonaut,noun,B2
argor,adjective,A1
argument,noun,B2
argumentation,noun,C1
argumentationsstrategie,noun,C1
argumentationsstärke,noun,C2
argumentationstechniken,noun,B1
argumentativ,adjective,C1
argumentieren,noun,C1
argumentieren,other,C1
argumentierend,adjective,C2
argwöhnisch,adjective,C2
arie,noun,B2
aristoteles,noun,C1
arjouni,noun,C1
arm,adjective,C2
arm,noun,C1
arm-zonen,noun,B1
arm-zonen-theorie,noun,B1
armband,noun,C1
armbanduhr,noun,A2
arme,noun,A1
armee,noun,C2
armenhaus,noun,C1
armenviertel,noun,B1
armer,noun,B1
armkreisen,noun,B2
armlänge,noun,B2
armreif,noun,C2
armtechnik,noun,B2
armut,noun,B2
armutsbekämpfung,noun,C2
armutsgrenze,noun,C2
armutsviertel,noun,C2
armzug,noun,B2
arm|arme,noun,B2
arnie,noun,A1
aroma,noun,B2
aromatisch,adjective,C2
aromatisch-scharf,adjective,B2
aromaverlust,noun,C1
arrack,noun,C2
arrangieren,other,B1
arrangiert,adjective,C2
arrogant,adjective,C2
arroganz,noun,C2
arsen,noun,C1
art,noun,C1
artefakt,noun,C2
arten,other,B2
artenbestände,noun,C1
artenschutz,noun,C2
artenschwund,noun,C1
artensterben,noun,C2
artenvielfalt,noun,C2
arterie,noun,C2
arteriosklerose,noun,C1
artgenosse,noun,C2
artgerecht,adjective,C1
artigkeit,noun,C2
artikel,noun,B2
artist,noun,B1
artistenfamilie,noun,B2
artistenfamilien,noun,B2
artistik-vorstellungen,noun,A2
arznei,noun,C2
arzneimittel,noun,C1
arzneimittelfabrik,noun,C2
arzneimittelkommission,noun,B1
arzt,noun,A1
arzt-,other,B2
arzt-deutsch,noun,B2
arztbesuch,noun,A2
arztbriefe,noun,B2
arzte,noun,C1
arztfamilie,noun,C1
arzthelferin,noun,A1
arztkosten,noun,A1
arztpraxen,noun,C1
arztpraxis,noun,C1
arzttermin,noun,A1
arztzimmer,noun,B2
as,other,C2
asbest,noun,C2
asche,noun,C2
aschenputtel,noun,C2
aschersleben,noun,B2
asiate,noun,B2
asiatin,noun,B2
asiatisch,adjective,A1
aslsp,noun,C1
asozial,adjective,C2
asozialen,noun,B2
aspekt,noun,B2
aspendos,noun,B2
asphalt,noun,A2
asphären,noun,C1
aspirant,noun,C2
aspirin,noun,C1
aspirins,noun,C1
assel,noun,C2
assessment,noun,C1
assessor,noun,B1
assistent,noun,B1
assistentin,noun,A1
assistenzarzt,noun,A2
assistenzarzt-stelle,noun,C1
assistenzhund,noun,B1
assistenzhunde,noun,B1
assistenzhündin,noun,B1
association,noun,B2
assoziation,noun,B2
assoziationen,noun,C2
assoziieren,other,C1
ast,noun,A2
asterix-bände,noun,C1
asterix-comics,noun,A2
asterixheft,noun,A2
asthma,noun,B2
astor,noun,B1
astronaut,noun,C2
astronauten,noun,C2
astronauten-crew,noun,C2
astronautenanwärters,noun,C2
astronautencrew,noun,C1
astronom,noun,B2
astronomie,noun,B1
astrophysiker,noun,C2
asylberechtigte,noun,B2
asylbewerberin,noun,B1
asylpolitik,noun,C2
asylsuchende,noun,C2
asynchron,adjective,C1
ate,adjective,B1
atelier,noun,C2
atem,noun,C2
atemberaubend,adjective,C2
atemfrequenz,noun,C2
atemlos,adjective,C1
atemluft,noun,B2
atemmaske,noun,A1
atempause,noun,B1
atemtiefe,noun,C1
atemwegsentzündungen,noun,C1
atemwegserkrankung,noun,C1
atemübung,noun,B1
athlet,noun,C1
athletisch,adjective,C1
atlantic-city,noun,C1
atlantic-city-convention-hall-orgel,noun,C1
atlantik,noun,B2
atlantik-,other,A1
atlantik-krawattenknoten,noun,B2
atlantikküste,noun,C1
atlas,noun,A2
atmen,noun,B2
atmen,other,C1
atmosfair,adjective,C1
atmosphäre,noun,A1
atmospähre,noun,B2
atmung,noun,B2
atmungsaktiv,adjective,B1
atomar,adjective,C2
atomausstieg,noun,C2
atombombe,noun,B2
atomenergie,noun,A2
atomenergieorganisation,noun,C1
atomkraft,noun,B1
atomkraftwerk,noun,B1
atomlobby,noun,C2
atommeiler,noun,B2
atommülllager,noun,C2
atomstrom,noun,C2
atomtechnologie,noun,C2
atomtransport,noun,C1
atomuhr,noun,A2
atomunfall,noun,C2
atomwaffe,noun,C2
attackieren,other,B2
attentat,noun,C2
attest,noun,C1
attestieren,other,C2
attrakt,adjective,B2
attraktion,noun,A2
attraktiv,adjective,B1
attraktivität,noun,C2
attribut,noun,C2
atv,noun,C1
atypisch,adjective,A2
au,interjection,A1
au-pair,adjective,B2
au-pair,noun,C2
au-pair-jungen,noun,C2
au-pair-mädchen,noun,B1
aua,noun,A2
aubergine,noun,A1
aubruch,noun,C1
auch,adverb,A1
auch,noun,A2
audi,noun,A1
audi-modell,noun,A1
audi-werk,noun,B2
audi-werkstatt,noun,A1
audio-führungen,noun,A2
audio-visuell,adjective,C1
audiodatenkompressionsverfahren,noun,B2
audioguides,noun,B2
audiologie,noun,B2
audiotraining,noun,A2
audiovisuell,adjective,C1
auditiv,adjective,A2
auditiver,adjective,A2
auerbach,noun,C1
auerbacher,noun,C1
auf,adverb,A1
auf,noun,B2
auf,other,A1
auf,preposition,A1
auf+die,preposition,C2
auf-,other,C1
aufallen,adjective,B2
aufarbeiten,other,C1
aufarbeitung,noun,B2
aufbau,noun,C1
aufbauen,other,B2
aufbauend,adjective,C1
aufbauhilfe,noun,C1
aufbaukurs,noun,C2
aufbaustudien,noun,C2
aufbegehren,other,C2
aufbereiten,other,C2
aufbessern,other,C2
aufbewahren,other,B1
aufbewahrt,noun,C1
aufbewahrung,noun,B2
aufblickten,other,C1
aufblühen,other,C1
aufbrauchen,other,B2
aufbrechen,noun,C2
aufbrechen,other,B1
aufbringen,other,C2
aufbruch,noun,B2
aufbrummen,other,C2
aufdecken,other,C2
aufdem,other,A2
aufder,other,A1
aufdonnern,other,C2
aufdrehen,other,C1
aufdringlich,adjective,C2
aufdrängen,other,C2
aufdrücken,other,C1
aufeinander,adverb,C2
aufeinander,other,C1
aufeinander-hören,noun,C2
aufeinandereingehen,noun,C2
aufeinanderfolge,noun,C1
aufeinanderfolgend,adjective,B2
aufeinanderprallen,other,B2
aufeinandertreffen,other,C1
aufenthalt,noun,B2
aufenthaltsbescheinigung,noun,A2
aufenthaltsbescheinigungen,noun,B1
aufenthaltserlaubnis,noun,A2
aufenthaltsgenehmigung,noun,A1
aufenthaltsort,noun,C2
aufenthaltstitel,noun,B1
auferlegen,other,C1
auferlegt,adjective,C2
aufessen,other,B2
auffallen,other,C1
auffallend,adjective,C2
auffangen,other,C1
auffassen,other,C2
auffassung,noun,C2
auffassungsgabe,noun,C2
auffassungsvermögen,noun,B1
auffinden,noun,C2
auffordern,noun,B1
auffordern,other,B2
aufforderung,noun,C1
auffressen,other,B1
auffrischen,noun,B2
auffrischen,other,B1
auffällig,adjective,C2
auffällige,adjective,C1
auffälligkeit,noun,C1
aufführen,other,C2
aufführung,noun,C1
auffüllen,other,C2
aufgabe,noun,B2
aufgabenbereich,noun,C2
aufgabenbeschreibung,noun,B1
aufgabenblatt,noun,A1
aufgabenfeld,noun,C1
aufgabengebiet,noun,B2
aufgabenstellung,noun,C1
aufgabenverteilung,noun,B2
aufgebacken,adjective,C2
aufgebaut,adjective,C2
aufgeben,other,B1
aufgebläht,adjective,C2
aufgedunsen,adjective,C1
aufgeführt,adjective,B2
aufgehabt,other,C1
aufgehen,other,A2
aufgehend,adjective,C2
aufgehängt,adjective,C1
aufgelassen,adjective,C1
aufgelöst,adjective,C2
aufgenommen,adjective,C1
aufgeregt,adjective,A2
aufgereiht,adjective,C1
aufgerissen,adjective,B1
aufgeschlagen,adjective,B2
aufgeschlitzien,adjective,B2
aufgeschlossen,adjective,C2
aufgeschlossene,noun,C2
aufgeschlossenheit,noun,C2
aufgeschoben,adjective,C1
aufgespannt,adjective,C1
aufgestellt,adjective,C1
aufgetreten,adjective,C2
aufgreifen,other,B2
aufgrund,preposition,C1
aufguss,noun,C1
aufhaben,other,C1
aufhalsen,other,C2
aufhalten,other,C1
aufhatte,other,A2
aufheben,adjective,C1
aufheben,noun,C1
aufheben,other,C1
aufhebung,noun,B2
aufheiterung,noun,C1
aufheizen,other,B2
aufholen,other,C2
aufhängen,other,A2
aufhören,other,B1
aufjede,other,B2
aufjeden,adjective,B2
aufjeden,other,B2
aufkeinen,adjective,B2
aufkleben,other,C1
aufkleber,noun,A2
aufklären,other,B1
aufklärung,noun,C2
aufklärungsarbeit,noun,C2
aufklärungsquote,noun,B2
aufklärungswillens,noun,B2
aufkochen,other,C1
aufkommen,noun,B2
aufkommen,other,C2
aufkommend,adjective,C2
aufkratzen,other,C1
aufkreuzen,other,B2
aufladen,noun,B2
aufladen,other,A1
auflage,noun,C2
auflagenstark,adjective,B1
auflauern,other,C2
auflauf,noun,A1
auflaufform,noun,A1
auflegen,noun,C1
auflegen,other,B2
auflesen,other,C2
aufleuchten,noun,B2
aufleuchten,other,C1
auflisten,other,B2
auflistung,noun,B1
auflockern,other,B2
auflösen,other,B2
auflösung,noun,C1
aufmachen,other,A1
aufmarsch,noun,C1
aufmerksam,adjective,B2
aufmerksamkeit,noun,C1
aufmerksamkeits-fokussierungsstörung,noun,C2
aufmerksamkeitshaschende,adjective,C2
aufmerksamkeitssteigerung,noun,C2
aufmerksamkeitsstörung,noun,C2
aufmuntern,other,C2
aufmunternd,adjective,C2
aufnahme,noun,C1
aufnahmegerät,noun,A1
aufnahmeprüfung,noun,C1
aufnahmeverfahren,noun,C1
aufnehmen,other,C1
aufpassen,noun,A2
aufpassen,other,A2
aufpeppen,other,B1
aufputschen,other,C1
aufputschend,adjective,C2
aufputschmittel,noun,C1
aufraffen,other,C1
aufrecht,adjective,C1
aufrecht,noun,C2
aufrecht,other,C1
aufrechterhalten,other,B2
aufregen,other,A2
aufregend,adjective,B1
aufregung,noun,A2
aufreiben,other,B2
aufreißen,other,B1
aufrichten,other,C1
aufrichtig,adjective,C2
aufrichtigkeit,noun,C2
aufrollen,other,C2
aufruf,noun,B2
aufrufen,other,C2
aufruhr,noun,C2
aufräumaktion,noun,B1
aufräumen,noun,A2
aufräumen,other,A1
aufräumungsarbeit,noun,B2
aufräumvorgang,noun,B2
aufrüsten,other,C1
aufrüstung,noun,C2
aufsagen,other,C2
aufsatz,noun,B2
aufsatzform,noun,C1
aufschieben,noun,C1
aufschieben,other,C1
aufschlagen,other,C1
aufschließen,other,C1
aufschluss,noun,C1
aufschlussreich,adjective,C1
aufschnappen,other,B2
aufschrecken,other,C2
aufschrei,noun,C2
aufschreiben,noun,B1
aufschreiben,other,A2
aufschreien,other,C2
aufschrift,noun,C2
aufschub,noun,C2
aufschwingen,other,C1
aufschwung,noun,B1
aufschäumen,noun,C2
aufsehen,noun,C2
aufsehen,other,B1
aufsehenerregend,adjective,B2
aufseher,noun,C2
aufseiten,preposition,C1
aufsetzen,noun,C2
aufsetzen,other,C2
aufsicht,noun,C2
aufsichtsrat,noun,B2
aufsichtsratsgremium,noun,C1
aufsichtsratsposten,noun,C2
aufsichtsratssitzung,noun,C1
aufspießen,noun,C1
aufsprühbare,adjective,C2
aufspüren,noun,C2
aufspüren,other,C2
aufstand,noun,C1
aufstapeln,other,C1
aufsteh'n,noun,B1
aufstehen,noun,B2
aufstehen,other,A1
aufsteigen,other,C1
aufsteigend,adjective,B1
aufsteiger,noun,C1
aufstellbar,adjective,A2
aufstellen,noun,B2
aufstellen,other,C1
aufstellung,noun,C2
aufstieg,noun,C1
aufstiegsbereitschaft,noun,C2
aufstiegschance,noun,C1
aufstiegskampf,noun,C1
aufstiegsmöglichkeit,noun,C1
aufstiegsperspektiven,noun,B1
aufstiegsversprechen,noun,C1
aufstiegswilligen,adjective,C2
aufstocken,other,C2
aufstoßen,other,B2
aufstrebend,adjective,C2
aufstrich,noun,C1
aufsuchen,other,C2
auftakt,noun,B2
auftauchen,other,C1
auftauen,other,B2
aufteilen,other,B1
aufteilung,noun,B2
auftischen,other,C2
auftrag,noun,C2
auftragen,noun,B2
auftragen,other,C2
auftraggeber,noun,C1
auftragsbestätigung,noun,C2
auftragslage,noun,C1
auftragslogistik,noun,B2
auftragsvergabe,noun,B2
auftreffende,adjective,C1
auftreiben,other,C2
auftreten,noun,C2
auftreten,other,C2
auftretend,adjective,C2
auftrieb,noun,B2
auftritt,noun,B1
auftrockene,adjective,B2
auftun,other,C1
aufwachen,noun,C2
aufwachen,other,A1
aufwachsen,noun,B2
aufwachsen,other,B2
aufwachsend,adjective,B2
aufwand,noun,B1
aufwandsentschädigung,noun,C2
aufwarten,other,C2
aufweckst,other,B1
aufweisen,other,C2
aufwenden,other,B2
aufwendig,adjective,C2
aufwendung,noun,B2
aufwerfen,other,C1
aufwerten,other,C2
aufwertung,noun,C2
aufwärmen,other,B1
aufwärmphase,noun,B2
aufwärmzeit,noun,B2
aufwärts,other,C1
aufwärtsbewegung,noun,C1
aufwärtstrend,noun,B2
aufzehren,other,C1
aufzeichnen,other,C1
aufzeichnung,noun,C1
aufzeigen,noun,C2
aufzeigen,other,C1
aufziehen,other,C1
aufzug,noun,A1
aufzugfirma,noun,A1
aufzugießen,other,C1
aufzwingen,other,C2
aufzählen,other,C1
aufzählung,noun,C1
auge,noun,A2
augen,noun,C2
augenarzt,noun,A1
augenbewegung,noun,C1
augenblick,noun,B2
augenblicklich,adjective,B2
augenbraue,noun,B1
augenfarbe,noun,A2
augenhöhe,noun,C1
augeninnendruck,noun,C1
augeninnere,noun,C1
augenkammer,noun,C1
augenkontakt,noun,B1
augenlid,noun,B2
augenlos,adjective,B1
augenmensch,noun,B1
augenmerk,noun,C1
augenoperation,noun,C1
augenoptiker,noun,B1
augenpaar,noun,A2
augenrückwand,noun,C1
augenschein,noun,C2
augenscheinlich,adjective,C2
augenschmaus,noun,C1
augenwinkel,noun,B2
augenzahlen,noun,B2
augenzwinkern,noun,C1
augsburger,adjective,C1
augsburger,noun,B1
august,noun,A1
auguste-victoria-krankenhaus,noun,C1
augustine,noun,B2
augustiner-chorherrenstift,noun,A2
augustinerkirche,noun,B2
augustinermönch,noun,C2
augusttag,noun,C1
augustusplatz,noun,C1
auktion,noun,C1
auktionator,noun,C2
auktionshaus,noun,C1
auma,noun,B2
aur,other,B1
aura,noun,C2
aus,adverb,A1
aus,noun,B1
aus,other,A1
aus,preposition,A1
aus-,other,B2
aus-alt-mach-neu-markt,noun,A2
ausallgemein,adjective,B2
ausarbeiten,other,C1
ausarbeitung,noun,C2
ausatmen,other,B2
ausaustralien,noun,B2
ausbacken,other,C2
ausbalancieren,other,C2
ausbau,noun,C2
ausbauen,other,B2
ausbeuten,other,C2
ausbeuter,noun,C2
ausbilden,other,C2
ausbilder,noun,C2
ausbildung,noun,A2
ausbildungs,noun,B2
ausbildungsabschluss,noun,C1
ausbildungsangebot,noun,B2
ausbildungsbeginn,noun,A2
ausbildungsberuf,noun,B1
ausbildungsbetrieb,noun,B1
ausbildungsbezeichnung,noun,B2
ausbildungschance,noun,A2
ausbildungsfinanzierung,noun,C2
ausbildungsfähig,adjective,C2
ausbildungsförderung,noun,A2
ausbildungsleiter,noun,B1
ausbildungsmöglichkeit,noun,C2
ausbildungsort,noun,B2
ausbildungsplatz,noun,B1
ausbildungsportfolio,noun,B1
ausbildungsprogramm,noun,C1
ausbildungsschwerpunkt,noun,B2
ausbildungsstation,noun,C1
ausbildungsstätte,noun,C2
ausbildungsunterstützung,noun,C2
ausbildungsweg,noun,B1
ausbildungszeit,noun,B1
ausblasen,other,C1
ausbleiben,other,C1
ausbleibend,adjective,B2
ausblenden,other,C1
ausblick,noun,B1
ausblies,other,C1
ausbrechen,noun,C1
ausbrechen,other,B2
ausbreiten,other,C2
ausbreitung,noun,C1
ausbremsen,other,B2
ausbruch,noun,C1
ausbuchen,other,B2
ausbügeln,other,C1
ausbürgerung,noun,A2
ausdauer,noun,A2
ausdauernd,adjective,C2
ausdehnen,other,C2
ausdenken,other,C1
ausdienen,other,C1
ausdruck,noun,C2
ausdrucken,other,B1
ausdrucksbewegung,noun,C1
ausdrucksform,noun,C1
ausdrucksfähigkeit,noun,B2
ausdruckskraft,noun,B1
ausdruckskunde,noun,C1
ausdrucksmittel,noun,C2
ausdrucksprozesse,noun,C2
ausdrucksstark,adjective,C2
ausdruckstanz,noun,C2
ausdruckstark,adjective,A2
ausdrucksvermögen,noun,C1
ausdrucksvoll,adjective,B1
ausdrucksweise,noun,C2
ausdrücken,other,A2
ausdrücklich,adjective,C2
ausdünstung,noun,C2
auseinander,adverb,B2
auseinander,other,C1
auseinanderbrechen,other,B2
auseinanderdriften,other,C1
auseinanderhalten,other,C1
auseinanderklaffen,noun,C2
auseinanderklaffen,other,C1
auseinandermontieren,other,C2
auseinandernehmen,other,B2
auseinanderreißen,other,B2
auseinanderrollen,other,A1
auseinanderschwingt,other,B2
auseinandersetzen,other,C2
auseinandersetzung,noun,C2
auserwählt,adjective,C2
auserwählte,noun,C1
ausfahren,other,C1
ausfahrt,noun,A2
ausfall,noun,B2
ausfallen,other,C2
ausfallend,adjective,C2
ausfallzeit,noun,C1
ausfechten,other,C2
ausfeilen,other,C2
ausfertigung,noun,C1
ausfindig,adverb,C2
ausflug,noun,A2
ausflugsabrechnung,noun,B2
ausflugsangebote,noun,B2
ausflugsort,noun,C1
ausflugsvorschlag,noun,B2
ausflugsziel,noun,C2
ausflügler,noun,B2
ausformulieren,other,A2
ausfuhr,noun,C1
ausführen,other,C1
ausführend,adjective,B2
ausführlich,adjective,C1
ausführung,noun,C2
ausfüllen,noun,B2
ausfüllen,other,C2
ausgabe,noun,C1
ausgang,noun,B2
ausgangslage,noun,C2
ausgangsposition,noun,C2
ausgangspunkt,noun,C2
ausgangsrechnungen,noun,B1
ausgangssperre,noun,C2
ausgangssprache,noun,C1
ausgangsstelle,noun,C1
ausgangstext,noun,C1
ausgebaut,adjective,C2
ausgebauter,adjective,C2
ausgeben,other,B2
ausgebeutete,noun,C2
ausgebildet,adjective,C1
ausgedacht,adjective,B2
ausgedehnt,adjective,B1
ausgedient,adjective,C2
ausgedroschenem,adjective,B2
ausgedrückt,adjective,C1
ausgefahren,adjective,C1
ausgefallen,adjective,C2
ausgefallenerem,noun,B2
ausgefeiert,other,C2
ausgefeilt,adjective,C1
ausgeführt,adjective,C2
ausgefüllt,adjective,C2
ausgegeben,adjective,C2
ausgeglichen,adjective,C1
ausgeh,adjective,B1
ausgehen,noun,A1
ausgehen,other,B2
ausgehend,adjective,C2
ausgeklügelt,adjective,C2
ausgelost,adjective,C1
ausgelöst,adjective,C2
ausgemustert,adjective,C2
ausgenommen,adverb,C2
ausgenutzt,adjective,C1
ausgeplempert,other,C2
ausgeprägt,adjective,C2
ausgeprägtesten,adjective,C2
ausgerechnet,adjective,C2
ausgereift,adjective,C2
ausgereifteres,adjective,C2
ausgerichtet,adjective,C2
ausgeruhtes,adjective,C1
ausgerüstet,adjective,B2
ausgesandt,adjective,C2
ausgeschaltet,adjective,C2
ausgeschlossen,adjective,C1
ausgeschrieben,adjective,B2
ausgesetzt,adjective,B1
ausgesetztheit,noun,C2
ausgesprochen,adjective,C1
ausgesprochenersinn,noun,C2
ausgestalten,other,C2
ausgestaltung,noun,C2
ausgestattet,adjective,B2
ausgestellt,adjective,C2
ausgestreckt,adjective,C2
ausgesucht,adjective,C2
ausgetüftelt,adjective,C2
ausgewachsen,adjective,B1
ausgewaschen,adjective,C2
ausgewogen,adjective,B2
ausgewählt,adjective,C2
ausgezeichnet,adjective,B1
ausgeübt,adjective,C1
ausgiebig,adjective,B2
ausgleich,noun,B2
ausgleichen,other,B2
ausgleichend,adjective,C1
ausgleichsleistung,noun,B2
ausgleichszahlung,noun,B2
ausgliedern,other,C2
ausgraben,other,A2
ausgrenzen,other,C2
ausgrenzung,noun,B2
ausgrenzungsmechanismus,noun,B2
ausguckpunkten,noun,C2
aushalten,other,C1
aushandeln,other,C2
aushang,noun,A1
aushelfen,other,B2
aushilfe,noun,A2
aushilfsjob,noun,C2
aushilfstätigkeit,noun,C1
aushängeschild,noun,C1
aushöhlen,other,C1
auskennen,other,C2
ausklang,noun,B1
ausklappbar,adjective,A2
ausklappen,other,A2
ausklingen,other,B2
ausklinken,other,B2
auskommen,noun,C2
auskommen,other,B1
auskosten,other,C1
auskunft,noun,A1
auslachen,other,C1
ausladen,other,A1
ausladender,adjective,C2
auslagern,other,B2
ausland,noun,A2
auslandischen,adjective,B2
auslandsabteilung,noun,A2
auslandsamt,noun,B1
auslandsaufenthalt,noun,B2
auslandsbrief,noun,B1
auslandseinsatz,noun,B2
auslandserfahrung,noun,C2
auslandsjahr,noun,B1
auslandskorrespondent,noun,C2
auslandsmarkt,noun,C1
auslandspraktika,noun,C1
auslandsproduktion,noun,C1
auslandssemester,noun,B2
auslandssemesters,noun,B2
auslandssernester,noun,B2
auslassen,other,B1
auslassung,noun,C2
auslauf,noun,C2
auslaufen,other,C2
auslaufmodell,noun,C2
ausleben,other,C2
ausleeren,other,C1
auslegen,other,B2
ausleihdienste,noun,C2
ausleihe,noun,C2
ausleihen,other,A1
ausleihzeit,noun,B1
auslernen,other,C1
auslese,noun,B1
auslesen,other,C1
ausliefern,other,C2
auslosung,noun,C2
ausloten,other,C1
ausländer,noun,A1
ausländeramt,noun,A1
ausländerbehörde,noun,B1
ausländergesetz,noun,C2
ausländerin,noun,B1
ausländerquote,noun,B2
ausländisch,adjective,A2
ausläufer,noun,C1
auslöffeln,other,B2
auslöschen,other,C2
auslöschung,noun,C2
auslösen,noun,C2
auslösen,other,C2
auslöser,noun,C1
ausmachen,other,A1
ausmalen,other,C2
ausmaß,noun,C2
ausmerzen,other,C2
ausmerzung,noun,C2
ausmessen,other,A2
ausmisten,other,C2
ausnahme,noun,B2
ausnahme-beatboxer,noun,C1
ausnahmefall,noun,A2
ausnahmeregelung,noun,C2
ausnahmezustand,noun,B2
ausnahmsweise,adverb,C2
ausnutzen,other,C2
auspacken,other,C1
ausprobieren,other,C1
ausprägen,other,C2
auspuff,noun,C1
ausrechnen,other,C2
ausrede,noun,B1
ausreden,other,B1
ausreichen,other,C2
ausreichend,adjective,C2
ausreichend,noun,B1
ausreifen,other,B2
ausreise,noun,B2
ausreisen,other,B2
ausrichten,other,C1
ausrichtung,noun,C2
ausrollen,other,A2
ausrottung,noun,B2
ausruf,noun,B1
ausrufesätze,noun,C1
ausrufezeichen,noun,C2
ausrufungszeichen,noun,C1
ausruhen,noun,B2
ausruhen,other,A1
ausrutschen,other,C1
ausrutscher,noun,C2
ausräumen,other,C1
ausrüsten,other,C1
ausrüstung,noun,B2
ausrüstungsbedarf,noun,B2
aussaat,noun,B2
aussage,noun,B2
aussageabsichten,noun,C1
aussagefähig,adjective,C2
aussagefähigkeit,noun,C1
aussagekraft,noun,C2
aussagekräftig,adjective,B1
aussagen,other,C1
aussagesätze,noun,A1
aussageweise,noun,C2
ausschaltbare,adjective,B2
ausschalten,noun,C2
ausschalten,other,B1
ausschau,noun,B2
ausscheiden,noun,C1
ausscheiden,other,B2
ausscheidungsorganen,noun,C1
ausschlafen,noun,B2
ausschlafen,other,C2
ausschlag,noun,C2
ausschlagen,other,C1
ausschlaggebend,adjective,C2
ausschließen,other,C2
ausschließlich,adverb,C2
ausschluss,noun,C2
ausschlussverfahren,noun,C2
ausschmücken,other,C1
ausschnitt,noun,C2
ausschreiben,other,C2
ausschreibung,noun,C2
ausschreitung,noun,C2
ausschuss,noun,C1
ausschweigen,other,C2
ausschöpfen,other,C1
ausschütten,other,C1
ausschüttung,noun,C2
aussehen,noun,A2
aussehen,other,A2
aussehend,adjective,B2
aussenden,noun,C1
aussenden,other,C2
aussetzen,other,C1
aussetzung,noun,C2
aussicht,noun,A1
aussichtslosigkeit,noun,C2
aussichtspunkt,noun,B2
aussichtsreich,adjective,C1
aussichtsturm,noun,A1
aussortieren,other,C2
aussortiert,adjective,B2
aussparen,other,B2
aussparung,noun,C2
ausspielen,other,B2
ausspielung,noun,B2
ausspionieren,other,B2
aussprache,noun,A1
aussprechen,other,C2
ausspähen,other,B2
ausspülen,noun,A2
ausstand,noun,A2
ausstatten,other,B2
ausstattung,noun,C2
ausstauch,noun,B2
ausstechen,other,A2
ausstehen,other,C2
ausstehend,adjective,C1
aussteigen,noun,B1
aussteigen,other,A1
aussteiger,noun,C1
ausstellen,other,B1
aussteller,noun,B2
ausstellung,noun,A2
ausstellungsbesuch,noun,A1
ausstellungsbesuchen,noun,C2
ausstellungsbesucher,noun,C1
ausstellungschef,noun,C1
ausstellungseröffnung,noun,C1
ausstellungshalle,noun,C1
ausstellungshaus,noun,C1
ausstellungsort,noun,B2
ausstellungsraum,noun,B2
ausstellungsstand,noun,C2
ausstellungsstück,noun,B2
ausstellungsund,noun,B2
aussterben,noun,B2
aussterben,other,B2
aussterbend,adjective,B2
ausstieg,noun,C1
ausstiegs-szenario,noun,C2
ausstiegsgelegenheit,noun,B1
ausstoßen,other,C1
ausstrahlen,other,C1
ausstrahlung,noun,C1
aussuchen,other,B1
aussäen,other,C2
aussägen,other,B2
austausch,noun,C1
austauschbar,adjective,C2
austauschdienst,noun,C1
austauschen,other,B1
austauschforum,noun,C2
austauschprogramm,noun,C2
austauschsemester,noun,C1
austauschstudent,noun,B1
austellung,noun,B2
auster,noun,C2
austeritätspolitik,noun,C2
austesten,other,C2
austoben,other,C1
austragen,other,B2
austragungsort,noun,C2
australier,noun,C1
australisch,adjective,C1
austriazismus,noun,B2
austricksen,other,C2
ausverkauf,noun,C2
ausverkaufen,other,A2
auswahl,noun,A2
auswahlantworten,noun,B2
auswahlgespräch,noun,C1
auswahlkriterium,noun,C2
auswahlmöglichkeit,noun,B1
auswahlverfahren,noun,C2
auswanderer,noun,B1
auswandern,other,B2
auswanderung,noun,B1
auswanderungsland,noun,B1
auswanderungsplänen,noun,B2
auswanderungswillig,adjective,C2
auswechselbar,adjective,B2
auswechseln,other,B2
ausweg,noun,C2
ausweglos,adjective,C1
ausweichen,other,C2
ausweinen,other,B2
ausweis,noun,A2
ausweisen,other,C2
ausweis|ausweisen,noun,C2
ausweiten,other,B2
ausweitung,noun,C1
auswendig,adverb,B1
auswerten,other,B2
auswertung,noun,C2
auswiegen,other,B2
auswirken,other,C1
auswirkung,noun,C1
auswuchs,noun,B2
auswählen,other,A2
auswärtig,adjective,C2
auswärts,adverb,C2
auswärts,other,C2
auszahlen,other,B1
auszahlung,noun,A1
auszeichnen,other,B2
auszeichnung,noun,B1
auszeit,noun,B2
ausziehbar,adjective,A2
ausziehen,other,B1
auszubildende,noun,B1
auszug,noun,B2
auszuleiten,other,C1
auszuwechselnde,adjective,C1
auszählen,other,C1
ausüben,noun,C2
ausüben,other,C2
ausübens,noun,C2
ausübung,noun,B1
aut,other,B2
autark,adjective,C2
authentisch,adjective,C2
authentischer,noun,C2
authören,adjective,C1
autismus,noun,C1
autistisch,adjective,C1
auto,noun,A1
auto-karosserie,noun,B2
auto-salon,noun,B2
autoangebote,noun,A2
autoaufbruch,noun,C1
autobahn,noun,A2
autobahn-abfahrt,noun,A1
autobahnauffahrt,noun,A1
autobahnpolizei,noun,C2
autobahnraststätte,noun,A2
autobauer,noun,B2
autobiografie,noun,B2
autobiografisch,adjective,C2
autobiographisch,adjective,B2
autodiebstahl,noun,B2
autofahren,noun,C1
autofahrer,noun,B1
autofahrerin,noun,A2
autofahrt,noun,A2
autofarbe,noun,C1
autofernfahrt,noun,B1
autofirma,noun,B2
autoführerschein,noun,A1
autogen,adjective,A1
autogramm,noun,B1
autohaus,noun,A2
autohersteller,noun,B2
autohändler,noun,A2
autoindustrie,noun,A2
autokauf,noun,B1
automarke,noun,A2
automat,noun,B1
automatenfoto,noun,B2
automatikprogrammen,noun,B2
automatisch,adjective,B2
automatisieren,other,B2
automatisiert,adjective,C1
automatisierung,noun,B2
automatısch,other,B1
automechaniker,noun,A1
automechanikerin,noun,A1
automobil,noun,B2
automobil-ausstellung,noun,B2
automobilbau,noun,B2
automobilbranche,noun,B2
automobilhersteller,noun,B2
automobilindustrie,noun,B2
automobilklub,noun,B2
automobilkonzern,noun,B2
automobiltechnik,noun,B2
automobilwerk,noun,B2
autonom,adjective,C2
autonomie,noun,C2
autonomiegebiet,noun,B2
autonummer,noun,A1
autopanne,noun,B2
autor,noun,B2
autoradio,noun,C2
autoreifen,noun,B1
autorennen,noun,C2
autorin,noun,B1
autoritär,adjective,C2
autorität,noun,C2
autoritätsverlust,noun,C2
autosalon,noun,B2
autoscheibe,noun,C2
autoschlange,noun,A1
autoschlüssel,noun,A1
autostop,noun,A1
autostopp,noun,B1
autostunde,noun,B2
autoteil,noun,A2
autotür,noun,C1
autounfall,noun,A2
autourlauber,noun,A1
autourlaubern,noun,A1
autoverkehr,noun,C1
autovermietung,noun,A2
autowaschen,noun,C1
autowerkstatt,noun,A2
autozubehör,noun,A1
autozulassungspapiere,noun,B2
autsch,adjective,A2
auzutanken,other,B2
außen,adjective,C1
außen,adverb,B1
außen,noun,C1
außendienst,noun,C2
außenhandel,noun,C1
außenhaut,noun,C2
außenminister,noun,B2
außenministerium,noun,B2
außenpolitik,noun,B1
außenpolitisch,adjective,C2
außenpool,noun,B2
außenposten,noun,C2
außenraum,noun,B2
außenschicht,noun,B2
außenseiter,noun,C1
außenstehende,noun,C2
außentür,noun,B2
außenverteidiger,noun,B1
außenwelt,noun,C1
außer,adjective,B2
außer,conjunction,C2
außer,preposition,C1
außerdem,adjective,C2
außerdem,adverb,A2
außerdem,other,B2
außergerichtlich,adjective,C1
außergewöhnlich,adjective,C2
außergewöhnliche,adjective,C2
außergewöhnliche,noun,B1
außerhalb,adverb,A2
außerhalb,preposition,B2
außerordentlich,adjective,B2
außerplanetarischen,adjective,C1
außerstande,adverb,C2
avancieren,other,C2
avanciert,adjective,C1
avantgarde,noun,C1
avantgardekomponist,noun,C1
avantgardist,noun,C1
avatar,noun,B2
avenue,noun,A2
aversion,noun,C2
avoid,adjective,B2
award,noun,C2
awo,noun,C1
axt,noun,A2
ayaß,noun,C2
ayurveda-wohlfühl-tee,noun,C1
ayurvedisch,adjective,C1
azteke,noun,C2
azubi,noun,A1
b,adjective,A1
b,noun,B2
b,other,B2
b-la,noun,B2
b-u-c-h,noun,A1
b1,noun,A2
b11,noun,B2
b2b-netzwerk,noun,C2
b2b-netzwerks,noun,C2
b96a,noun,B2
ba-studiengang,noun,C1
ba-vorstand,noun,C2
babe,noun,A1
babs,adjective,A1
baby,noun,A1
baby-alter,noun,A2
babybetreuung,noun,C2
babyboom,noun,C2
babyboomer,noun,C2
babyexpo,noun,B2
babyface,noun,A1
babyjahr,noun,C1
babypause,noun,B1
babysache,noun,A2
babyschwimmen,noun,C1
babysitte,noun,A2
babysitten,adjective,B1
babysitter,noun,A2
babysitter-,noun,C1
babysitterin,noun,A1
babysocken,noun,A2
bacall,noun,A1
bach,noun,C2
bach-museum,noun,A2
bachelor,noun,B2
bachelor-arbeit,noun,C1
bachelor-ausbildung,noun,C2
bachelor-studiengang,noun,B2
bachelor-studiengänge,noun,B2
bachelorabschluss,noun,B1
bachelorstudiengang,noun,C1
bachelorstudiengängen,noun,C2
bachelorstudium,noun,B2
bachelorund,noun,B2
bachlauf,noun,C2
back-discounter,noun,B1
back-factory,noun,C2
backakademie,noun,C2
backblech,noun,A2
backen,other,A1
backens,noun,C2
backe|backen,noun,C2
backgammon,noun,B1
backgeschäft,noun,C2
backgroundsängerin,noun,B2
backin,noun,B2
backkunst,noun,C2
backkurs,noun,C2
backkursus,noun,C2
backkönigin,noun,B1
backkünste,noun,A2
backkünsten,noun,A2
backmischungen,noun,B2
backofen,noun,A1
backpulver,noun,B1
backshop,noun,C2
backstein,noun,B2
backsteinhaus,noun,C1
backteig,noun,B2
backware,noun,B2
backwarenabteilung,noun,B2
backwerk,noun,C2
bad,noun,A1
badeanzug,noun,A1
badegelegenheiten,noun,A1
badehandtuch,noun,B2
badehaus,noun,C2
badehose,noun,A1
badelatsche,noun,B1
bademäntel,noun,C1
bademütze,noun,A1
baden,other,A1
badend,adjective,C1
badesaison,noun,B2
badesee,noun,A2
badestrand,noun,B1
badetemperatur,noun,A2
badetuch,noun,C2
badeurlaub,noun,B1
badewanne,noun,A1
badewetter,noun,A1
badezimmer,noun,A1
badisch,adjective,C1
badminton,noun,B2
bafög,other,C2
bafög-amt,noun,A2
bagatellgrenze,noun,B2
bagger,noun,A2
baguette,noun,B1
bahbarossastraße,noun,A2
bahn,noun,A1
bahn-service-mitarbeiter,noun,C2
bahnbrechend,adjective,C2
bahncard,noun,A1
bahnchef,noun,B1
bahnen,other,A1
bahnfahrt,noun,A1
bahnhof,noun,A1
bahnhofscafé,noun,A1
bahnhofshalle,noun,B1
bahnhofsmission,noun,B1
bahnhofsplatz,noun,B1
bahnhofsschließfächer,noun,C2
bahnhofsstraße,noun,B2
bahnhofstr,noun,A2
bahnhofstrasse,noun,A2
bahnhofstraße,noun,C1
bahnhofsuhren,noun,B1
bahnhofsviertel,noun,B1
bahnlinie,noun,C2
bahnoder,noun,B2
bahnreise,noun,A1
bahnreisende,noun,B1
bahnschalter,noun,A1
bahnsteig,noun,A1
bahnticket,noun,C2
bahnunternehmen,noun,B2
bahnverkehr,noun,A2
bahn|bahnen,noun,C2
bahnübergang,noun,C2
bahre,noun,C2
baier,noun,A1
baihauses,noun,B2
bairisch,adjective,C1
bairische,noun,C1
baking,noun,C2
bakterienabtötenden,adjective,C2
bakterienzellen,noun,C2
bakterium,noun,C1
balalaikamusik,noun,C1
balance,noun,C1
balance-artisten,noun,B2
balancemotiv,noun,B1
balancieren,noun,B2
balancieren,other,B2
balancierstange,noun,B2
bald,adverb,A1
baldig,adjective,B1
baldrian,noun,A1
baldrianversion,noun,C2
balkan-halbinsel,noun,C2
balkan-pop,noun,B2
balkankrieg,noun,B1
balkanpop,noun,B2
balken,noun,C1
balkendiagramm,noun,C1
balkon,noun,A1
ball,noun,A1
ballade,noun,C1
ballast,noun,B2
ballaststoff,noun,C1
ballen,noun,C1
ballen,other,C1
ballerina,noun,B1
ballerten,adjective,B2
ballett,noun,B1
ballettoper,noun,B2
ballgefühl,noun,C2
ballin,noun,B2
ballkleidung,noun,A1
ballon,noun,A1
ballsaal,noun,C2
ballschlacht,noun,B2
ballspiel,noun,B2
ballung,noun,C1
ballungsgebiet,noun,C2
ballungszentrum,noun,C2
balters,noun,C1
baltisch,adjective,B2
balzsignale,noun,C2
bamberger,noun,A1
bammel,noun,B2
banal,adjective,C2
banananen-cocos-torte,noun,A2
banane,noun,A1
bananenpflanzen,noun,C2
bananenschale,noun,B2
band,noun,B1
bandbreite,noun,C1
bande,noun,C2
bandmitglied,noun,C1
bandnudel,noun,B2
bandscheibe,noun,C1
bandscheibenvorfall,noun,C1
bandtagebuch,noun,C1
bandwettbewerb,noun,B2
bange,adjective,C2
bangen,other,C1
bangladescher,noun,C2
banja,noun,A1
bank,noun,A2
bank-mitarbeiter,noun,C2
bankangestellte,noun,C1
bankchef,noun,C1
bankenskandal,noun,C1
bankenviertel,noun,C2
banker,noun,C1
bankgebäude,noun,A2
bankgeschäft,noun,B2
bankier,noun,C1
bankkarte,noun,C1
bankkonto,noun,C2
bankkredit,noun,C2
banklehre,noun,B2
banknachbar,noun,B2
bankreihe,noun,C2
bankrott,adjective,B2
bankräuber,noun,B2
bankstädten,noun,B1
banksystem,noun,C1
bankwesen,noun,C2
bankzentrale,noun,C2
banküberfall,noun,C1
banküberweisung,noun,A2
bann,noun,C1
bannkreis,noun,B2
bar,adjective,B1
bar,noun,A1
barauszahlung,noun,B2
barbarei,noun,C2
barbaren,noun,C1
barbesuch,noun,B2
barbiepuppen,noun,B1
barbusig,adjective,C2
barcelo,noun,B1
barcomi,noun,A2
barfuß,adjective,A1
bargeld,noun,B1
bargeldlos,adjective,B1
barinhaberin,noun,B1
barnaby,adjective,B1
barnaby,noun,B1
barnims,noun,B2
barock,adjective,A2
barock,noun,C2
baron,noun,C1
barren,noun,C2
barriere,noun,B2
barrierefrei,adjective,C2
barsch,adjective,B1
bart,noun,A1
bartsch,noun,C1
baseball,noun,A2
base|basis,noun,C2
basieren,other,C2
basierend,adjective,C2
basiert,adjective,B2
basilikum,noun,C2
basis,noun,B2
basis-nahrungsmittel,noun,B1
basisdatum,noun,C2
basisfunktionen,noun,B2
basiskenntnis,noun,B1
basisstoff,noun,C2
baskerville,noun,B1
basketball,noun,B2
basketballer,noun,C1
basler,adjective,B2
bass,adjective,C1
bass,noun,B2
bassenge,noun,C1
bassin,noun,C1
bassist,noun,B1
bast,other,A1
bastelangebot,noun,B1
basteln,other,A2
bastille,noun,C2
batic,noun,C1
batterie,noun,B1
bau,noun,B2
bauabschnitt,noun,B2
bauarbeit,noun,A2
bauarbeiter,noun,A1
bauart,noun,C2
bauauftrag,noun,C2
bauausstellung,noun,C1
baubehörde,noun,C2
baubranche,noun,B2
bauch,noun,A1
bauch-,other,A1
bauch-beine-po-gymnastik,noun,A2
bauchdeckenstraffung,noun,C2
bauchgegend,noun,A2
bauchig,adjective,B2
bauchlage,noun,C1
bauchschmerz,noun,A1
bauchspeicheldrüse,noun,C2
bauchtänzerin,noun,B1
bauchweh,noun,A2
baudelaire,noun,C1
baudenkmal,noun,B1
baudezernent,noun,C2
baudurchführung,noun,B2
bauen,noun,C2
bauen,other,B1
bauer,noun,C1
bauernfrühstück,noun,A2
bauerngemeinde,noun,B2
bauernhaus,noun,A2
bauernhof,noun,A2
bauernnaus,noun,A2
bauernregel,noun,C1
bauernschränke,noun,A1
bauernverband,noun,C1
bauersfrau,noun,A2
baufachleute,noun,B2
baufachwelt,noun,C1
baufirma,noun,B1
baugelände,noun,B2
baugesellschaft,noun,B2
baugewerbe,noun,B2
baugroßfix,noun,B2
bauhaus,noun,C2
bauhaus-architekt,noun,C2
bauhaus-künstler,noun,C2
bauhaus-mitglieder,noun,C2
bauhaus-schüler,noun,B2
bauhaus-universität,noun,B2
bauhaus-werkstätten,noun,C2
bauhausarchitektur,noun,B2
bauhausstil,noun,B2
bauhof,noun,B2
bauhütte,noun,C2
bauindustrie,noun,B2
bauingenieur,noun,B1
bauingenieurwesen,noun,C2
baujahr,noun,A1
baukasten,noun,C1
baukosten,noun,C2
baukran,noun,B2
baukunst,noun,B2
baulich,adjective,C1
baum,noun,A2
baum-hauses,noun,C2
baumangel,noun,C2
baumarchitektur,noun,C2
baumarkt,noun,A2
baumarktkette,noun,B2
baumaterial,noun,C2
baumbeschatteten,adjective,B2
baumbestanden,adjective,B1
baumblütenfest,noun,B1
baumeln,other,C1
baumhaus,noun,A1
baumhäusern,noun,B1
baumschmuck,noun,C1
baumschädling,noun,C1
baumstamm,noun,B1
baumwipfel,noun,C2
baumwolle,noun,B2
baumwollfasern,noun,B2
baumwollpflanze,noun,C1
baumwollstoff,noun,C2
bauprojekt,noun,C2
baureihe,noun,C2
bauschmerz,noun,A2
bauschutt,noun,C1
baustein,noun,C2
baustelle,noun,A2
baustellen,noun,B2
baustil,noun,B2
baustoff,noun,B2
baustruktur,noun,B2
bausubstanz,noun,B2
bausünde,noun,C2
bautechnik,noun,B2
bauteil,noun,B2
bautätigkeit,noun,C2
bauunternehmen,noun,A1
bauvertrag,noun,B1
bauvorhaben,noun,C2
bauwagen,noun,B2
bauweise,noun,C2
bauwerk,noun,C2
bauwerkserhaltung,noun,B2
bauwesen,noun,C1
bauwirtschaft,noun,C1
bauzeit,noun,A1
bayer,noun,B1
bayer-arzneichef,adjective,C1
bayer-chef,noun,C1
bayer-internetseite,noun,B1
bayerbosse,noun,C1
bayerin,noun,B1
bayerisch,adjective,B2
bayerisch,noun,A2
bayerisch-böhmischen,adjective,C1
bayerischen,adjective,B1
bayernkapitän,noun,C2
bayreuther,noun,B2
bayrisch,adjective,A1
bbedeutet,other,B2
bbw-wohnbau,noun,B2
bcg,noun,B1
beabsichtigen,other,C2
beabsichtigt,adjective,B2
beach,noun,C2
beachbar,noun,C2
beachten,noun,B1
beachten,other,B2
beachtend,adjective,C1
beachtenswert,adjective,C1
beachtest,other,C2
beachtet,adjective,C1
beachtlich,adjective,C2
beachtung,noun,B2
beachvolleyball,noun,C2
beamer,noun,B1
beamtenbeleidigung,noun,B1
beamtenbeleidigungen,noun,B1
beamtentum,noun,C2
beamter,noun,B1
beamtin,noun,B1
beanspruchen,other,C1
beantragen,other,C2
beantworten,other,B1
beantwortend,adjective,C2
bearbeiten,noun,B2
bearbeiten,other,C1
bearbeitend,adjective,B2
bearbeiter,noun,C1
bearbeitung,noun,C2
bearbeitungszeit,noun,B1
beat,noun,B2
beatbox-wettstreit,noun,C1
beatboxen,noun,C1
beatboxing,noun,C1
beatmusik,noun,C1
beaueme,noun,A2
beaufsichtigung,noun,B2
beauftragen,other,B2
beauftragt,adjective,C2
beauftragung,noun,B1
beaus,noun,B2
beautybehandlungen,noun,C2
beautyoder,adjective,C1
bebauen,other,C1
bebaut,adjective,B2
beben,noun,C1
becher,noun,A2
becherstapeln,noun,A2
bechler,noun,B2
becken,noun,B1
beckord,noun,A1
bedanken,noun,A1
bedanken,other,A2
bedarf,noun,C1
bedarfsorientiert,adjective,C2
bedauerlich,adjective,C1
bedauern,noun,C1
bedauern,other,B2
bedauernswert,adjective,B2
bedecken,other,B2
bedeckt,adjective,B2
bedenken,noun,C1
bedenken,other,B2
bedenkenlos,adjective,C1
bedenkenswert,adjective,C2
bedenklich,adjective,C2
bedenkzeit,noun,C2
bedeuten,other,B2
bedeutend,adjective,B2
bedeutende,noun,C2
bedeutet,adjective,C2
bedeutsam,adjective,C2
bedeutsamkeit,noun,C2
bedeutuet,adjective,C1
bedeutung,noun,B2
bedeutungsentwicklung,noun,C2
bedeutungskonsens,noun,C2
bedeutungslos,adjective,B2
bedeutungsnuancen,noun,B2
bedeutungsunterschiede,noun,B1
bedeutungsverlust,noun,C2
bedeutungsvoll,adjective,C1
bedienen,other,B1
bedienend,adjective,B2
bedienstete,noun,B2
bedienung,noun,A2
bedienungsanleitung,noun,C2
bedingen,other,C1
bedingt,adjective,C2
bedingung,noun,B2
bedingungslos,adjective,C2
bedingungssatz,noun,B1
bedrohen,other,B2
bedrohlich,adjective,C2
bedroht,adjective,C1
bedrohte,noun,C1
bedrohung,noun,C2
bedrohungsszenarien,noun,B2
bedrucken,other,C2
bedruckt,adjective,B2
bedrängen,other,B2
bedrängend,adjective,C2
bedrücken,other,B2
bedrückend,adjective,C2
bedudeln,other,C1
bedufter,adjective,C2
bedächtig,adjective,B1
bedüffnissen,noun,C1
bedürfen,other,C2
bedürfnis,noun,B2
bedürftig,adjective,B2
bedürftige,adjective,B2
bedürftige,noun,B2
beecher,noun,C2
beef,noun,A1
beeilen,other,A2
beeindrucken,other,C1
beeindruckend,adjective,C1
beeindruckt,adjective,B2
beeinflussbar,adjective,C2
beeinflussen,other,B2
beeinflussend,adjective,C2
beeinflusst,adjective,C2
beeinträchtigen,other,C2
beeinträchtigend,adjective,C1
beeinträchtigung,noun,C1
beenden,other,B1
beendet,adjective,B1
beendigung,noun,C1
beerdigen,other,B2
beerdigung,noun,B2
beere,noun,B2
beereneinkochen,noun,C1
beet,noun,A2
befahren,adjective,C2
befahren,other,B1
befallen,adjective,B2
befallen,other,B2
befassen,other,C1
befehl,noun,C1
befehlen,other,B2
befestigen,other,B2
befestigung,noun,B2
befinden,noun,A1
befinden,other,B2
befindlich,adjective,C2
befindlichkeit,noun,C1
beflügeln,other,C2
beflügelt,adjective,C2
befolgen,other,B2
befragen,other,B2
befrager,noun,B1
befragt,adjective,B2
befragte,noun,B2
befragtenin,noun,B2
befragung,noun,C2
befragungstechnik,noun,C2
befreien,other,C1
befreiend,adjective,C2
befreiung,noun,C1
befreiungsschlag,noun,C2
befreiungsübung,noun,C2
befremden,noun,B2
befremden,other,C1
befremdung,noun,C1
befreunden,other,B2
befreundet,adjective,B2
befriedigen,other,C2
befriedigend,adjective,C2
befriedigung,noun,C2
befristen,other,B2
befristet,adjective,A2
befristung,noun,B1
befruchten,other,C1
befruchtet,adjective,C1
befruchtung,noun,C1
befruchtungsfähige,adjective,C1
befund,noun,C2
befähigen,other,C2
befähigung,noun,C1
befördern,other,C2
befördert,adjective,C2
beförderung,noun,C2
beförderungsart,noun,B2
beförderungskosten,noun,B2
befürchten,other,B2
befürchtet,adjective,C1
befürchtung,noun,C2
befürchtungen,noun,B1
befürworten,other,B2
befürwortend,adjective,C1
befürworter,noun,C1
befürworterin,noun,B2
begabt,adjective,C2
begabtenförderung,noun,C2
begabtesten,adjective,C2
begabung,noun,C2
began,other,B2
begangen,adjective,B1
begeben,other,C2
begebenheit,noun,C2
begegnen,other,B2
begegnung,noun,B1
begegnungsmöglichkeit,noun,C1
begegnungsstätte,noun,A2
begehbar,adjective,B1
begehen,other,C1
begehren,other,C1
begehrt,adjective,B2
begehrtesten,adjective,B1
begeis,adjective,B2
begeistern,other,B1
begeistert,adjective,B2
begeisterte,noun,A2
begeisterung,noun,B1
begeisterungsfähig,adjective,B1
begierde,noun,C2
begießen,noun,B2
beginn,noun,C1
beginnen,noun,B2
beginnen,other,A1
beginnend,adjective,C1
beglaubigt,adjective,B1
beglaubigung,noun,B1
begleichen,other,C2
begleitbuch,noun,C1
begleiten,other,B1
begleitend,adjective,C2
begleiter,noun,B2
begleiterin,noun,B2
begleitet,adjective,C2
begleitkommentars,noun,C2
begleitmaterial,noun,B1
begleitung,noun,B1
begleitveranstaltung,noun,C1
beglücken,other,C1
beglücktes,adjective,C1
begnügen,other,B2
begonnen,adjective,C1
begraben,other,B2
begreifen,noun,A2
begreifen,other,C2
begrenzen,other,C1
begrenzt,adjective,B2
begriff,noun,C1
begräbnis,noun,C1
begrüfßungsgetränk,noun,B2
begründen,other,C2
begründer,noun,C2
begründet,adjective,C2
begründung,noun,C2
begrünen,other,C2
begrünt,adjective,C1
begrünung,noun,C2
begrüßen,other,A1
begrüßenswert,adjective,C1
begrüßung,noun,A1
begrüßungsgetränk,noun,B2
begrüßungsritual,noun,C2
beguckbar,adjective,C1
begutachten,other,C2
begutachter,noun,C2
begutachtet,adjective,C2
begünstigen,other,C2
begünstigte,noun,C1
behaftet,adjective,C2
behalten,other,B2
behandeln,other,B1
behandelnd,adjective,C2
behandelt,adjective,C1
behandlern,noun,B2
behandlung,noun,C2
behandlungsmethode,noun,C1
behandlungsraum,noun,C2
beharren,other,C1
beharrlich,adjective,B1
beharrlichkeit,noun,C1
beharrungskraft,noun,B1
behaupten,other,C2
behauptung,noun,C1
behausung,noun,C2
beheben,other,B2
behebung,noun,C1
beheimaten,other,C1
beheizen,other,B2
beheizung,noun,C1
behelfen,other,C1
beherbergen,other,C1
beherbergung,noun,B2
beherrschbar,adjective,C2
beherrschen,noun,B1
beherrschen,other,B2
beherrschend,adjective,C2
beherrscht,adjective,C2
beherrschung,noun,C2
behindern,other,C2
behindert,adjective,B1
behinderte,noun,B2
behindertenrechtskonvention,noun,C1
behindertenwerkstätte,noun,B2
behinderung,noun,C2
behn,other,A2
behne,other,C1
behringer,noun,B2
behutsam,adjective,C2
behäbig,adjective,C1
behälter,noun,C1
behörde,noun,C1
behördengang,noun,C2
behördenleiter,noun,C2
behütet,adjective,C2
bei,noun,B1
bei,other,B1
bei,preposition,A1
bei+die,preposition,A1
beibehalten,other,C1
beibehaltung,noun,C2
beibringen,other,B2
beichten,other,C2
beide,other,A2
beieinanderstanden,other,C1
beierl,noun,A2
beierls,noun,A2
beiersdorf,noun,C1
beifahrer,noun,B2
beifahrersitz,noun,C1
beifall,noun,C2
beifallssturm,noun,C2
beige,adjective,C2
beige,noun,A1
beige-schwarzen,adjective,B2
beigeben,other,C1
beigeschmack,noun,B2
beiheft,noun,B1
beihilfe,noun,C2
beil,noun,C2
beilage,noun,A2
beilegen,other,B2
beileid,noun,C2
beiliegend,adjective,B2
beiläufig,adjective,C1
beimessen,other,C1
bein,noun,A1
beinah,adverb,C2
beinahe,adverb,B2
beinahe,noun,C1
being,adjective,C1
beinhalten,other,B2
beinhart,adjective,C1
beinstellung,noun,C2
beinteil,noun,C2
beipackzettel,noun,C2
beirat,noun,C1
beisammen,adverb,C1
beisammen,other,A2
beisammensein,noun,C2
beiseite,adverb,B1
beiseite,other,B2
beisetzen,other,B1
beisl‘,adjective,A1
beispiel,noun,A2
beispielhaft,adjective,C1
beispielsweise,adverb,C1
beispielsätze,noun,C1
beispielweise,adjective,C2
beispielweise,adverb,C1
beistand,noun,C2
beistellbett,noun,C1
beitrag,noun,C1
beitragen,other,B2
beitragspflichtig,adjective,C2
beitreten,other,B1
beitritt,noun,C2
beiz,noun,A1
beize|beizen,noun,C2
beißen,other,B1
beißend,adjective,C2
beißwut,noun,C2
bejahen,other,C2
bekannt,adjective,A2
bekannte,noun,A1
bekanntenkreis,noun,B2
bekannterweisen,other,C1
bekanntheit,noun,B2
bekanntheitsgrad,noun,C2
bekanntlich,adverb,C1
bekanntmachung,noun,B2
bekanntschaft,noun,A2
bekennen,other,A2
bekennend,adjective,C2
bekennende,noun,B1
bekenntnis,noun,C1
beklagen,other,C1
bekleckern,other,C2
bekleiden,other,B2
bekleidung,noun,B2
bekleidungshinweis,noun,B2
beklemmend,adjective,C2
bekloppt,adjective,B2
bekmmt,other,B1
bekommen,other,A2
bekomrnen,other,B1
bekritzeln,other,C1
bekräftigen,other,B1
bekunden,other,C2
bekämpfen,other,C1
bekämpfung,noun,C2
bekämpfungsmittel,noun,C2
bekümmern,other,C1
bel,other,B1
belade,other,B1
beladen,adjective,C2
beladen,other,C2
belag,noun,A1
belagerung,noun,B2
belang,noun,B1
belangen,other,C2
belanglos,adjective,C1
belang|belangen,noun,C2
belastbar,adjective,B2
belastbarkeit,noun,B1
belasten,other,C2
belastet,adjective,C1
belastung,noun,C2
belastungsgrenze,noun,C1
belauern,other,B2
belaufen,other,C2
beleben,other,C2
belebt,adjective,B1
belecken,other,C1
beleg,noun,C1
belegen,other,B2
belegschaft,noun,C1
belegschaftsversammlung,noun,C1
belegt,adjective,B1
belehren,other,B1
belehrt,adjective,C1
belehrung,noun,C1
beleibt,adjective,C1
beleidigen,other,B1
beleidigend,adjective,C2
beleidigt,adjective,C1
beleidigung,noun,B1
belesen,adjective,C1
beleuchten,other,C2
beleuchtet,adjective,B2
beleuchtung,noun,C2
beleuchtungssystem,noun,C2
beleuchtungstechnik,noun,C1
belgier,noun,A1
belic,noun,B1
belichtungszeit,noun,C1
belieben,noun,C2
belieben,other,B1
beliebig,adjective,C2
beliebt,adjective,A2
beliebtesten,adjective,A2
beliebtestrn,adjective,C2
beliebtheit,noun,C1
beliebtheitsgrad,noun,C1
beliebtheitsskala,noun,B2
beliefern,other,B1
bellen,noun,A2
bellen,other,B1
belletristik,noun,C1
bellevueplatz,noun,B1
belohnen,other,B1
belohnung,noun,B1
belohnungschancen,noun,C1
belohnungssystem,noun,C1
belächeln,other,B2
belästigen,other,C2
belästigung,noun,B1
belüften,other,B2
belügen,other,C2
bemale,other,A1
bemalen,other,A1
bemalt,adjective,B1
bemalung,noun,C1
bemannt,adjective,C2
bemannte,adjective,C2
bemerkbar,adjective,C1
bemerken,other,C1
bemerkenswert,adjective,C1
bemerkenswert,noun,C2
bemerkung,noun,B2
bemessen,other,C2
bemitleiden,other,C2
bemsteinschnitzerei,noun,C2
bemsteinzimmers,noun,C2
bemängeln,other,B1
bemühen,noun,B2
bemühen,other,C1
bemühung,noun,C2
ben,adjective,B2
benachbart,adjective,B2
benachrichtigen,other,B1
benachteiligen,other,C1
benachteiligt,adjective,C2
benachteiligte,noun,C2
benachteiligung,noun,C2
benannt,adjective,C1
benefizprojekte,noun,B1
benehmen,noun,C1
benehmen,other,C2
beneiden,other,C2
beneidenswert,adjective,B1
benennen,other,A1
benennung,noun,C1
benimmregeln,noun,C2
benner,noun,C1
benommen,adjective,B2
benoten,other,C2
benotet,adjective,C2
benutzen,noun,C2
benutzen,other,A2
benutzer,noun,B1
benutzerfreundlichste,noun,C2
benutzt,adjective,A2
benutzung,noun,C2
benzin,noun,B1
benzin-motor,noun,B2
benzinkanister,noun,A1
benzinkosten,noun,A2
benzinmotor,noun,B1
benzinpreis,noun,C2
benötigen,other,C1
benötigt,adjective,C1
beobachten,other,C1
beobachter,noun,C1
beobachtet,adjective,C2
beobachtung,noun,C1
bepacken,other,A1
bepflanzen,noun,C1
bepflanzen,other,C2
bepflanzung,noun,C2
beplätschert,other,C2
bequem,adjective,A1
bequeme,noun,A2
bequemlichkeit,noun,C2
bequemlichkeitsbedürfnisse,noun,B2
beraten,other,A1
beratend,adjective,C1
berater,noun,C1
beraterin,noun,B2
beratung,noun,A2
beratungsabenden,noun,B1
beratungsagenturen,noun,B2
beratungsangebot,noun,A2
beratungsbedarf,noun,C1
beratungseinrichtung,noun,B2
beratungsexperte,noun,B2
beratungsfirma,noun,C1
beratungsgespräch,noun,A2
beratungsservice,noun,B1
beratungsstelle,noun,C1
beratungstätigkeit,noun,C1
beratungsunternehmen,noun,B2
berauben,other,C1
beraubt,adjective,B2
berben,noun,B2
berchtesgadener,noun,B1
berechnen,other,B2
berechnung,noun,C2
berechtigen,other,B2
berechtigt,adjective,C2
berechtigung,noun,C2
bereden,other,C1
bereich,adjective,B1
bereich,noun,B2
bereichern,other,C2
bereicherung,noun,C1
bereinigung,noun,C2
bereisen,other,A2
bereit,adjective,C2
bereit,other,B1
bereiten,other,B2
bereitest,noun,B1
bereitet,adjective,B2
bereitgestellt,adjective,B2
bereits,adverb,B2
bereitschaft,noun,C2
bereitschaftsdienst,noun,A1
bereitstehen,other,B2
bereitstellen,other,C1
bereitstellung,noun,C2
bereitwillig,adjective,C1
bereuen,other,B2
berg,noun,A1
bergab,adverb,C1
bergakademie,noun,B1
bergarbeiter,noun,B1
bergarbeitersiedlung,noun,B1
bergbahn,noun,A1
bergbau,noun,B1
bergbau-museum,noun,B1
bergbauernfamilie,noun,C1
bergblick,noun,B1
bergen,other,C2
bergfotograf,noun,B2
berggasse,noun,C1
berggebiet,noun,B2
berghotel,noun,B1
berghütte,noun,B1
bergig,adjective,B2
bergisch,adjective,A1
bergkette,noun,B1
bergkletterns,noun,B2
bergkräutertee,noun,A2
bergkäse,noun,A1
berglamm,noun,B1
bergland,noun,A2
bergleute,noun,C2
bergluft,noun,B2
bergmair,noun,A1
bergmann-immobilien,noun,A1
bergmannstraße,noun,A1
bergpark,noun,B2
bergregion,noun,C1
bergstraße,noun,C1
bergszenen,noun,B1
bergtour,noun,B1
bergund,noun,C1
bergungsarbeit,noun,C2
bergwacht,noun,C2
bergwandern,noun,B2
bergwelt,noun,A2
bergwerk,noun,B1
berg|bergen,noun,B1
bericht,noun,A2
berichten,other,B1
berichterstatter,noun,C1
berichterstattung,noun,C1
berichtswesens,noun,C2
berieselung,noun,C1
berlin,adjective,B1
berlin-exkursion,noun,A1
berlin-karte,noun,C1
berlin-köpenick,noun,A2
berlin-mitte,noun,A2
berlin-tegel,noun,C2
berlin-wedding,noun,A1
berlinale,noun,A1
berliner,adjective,B1
berliner,noun,A1
berlinerin,noun,B1
berlinisch,adjective,C2
berlinkarte,noun,A2
berlinkrise,noun,C1
bermudadreieck,noun,B2
berner,adjective,A1
bernsteinkabinett,noun,C2
bernsteinvertäfelungen,noun,C2
bernsteinvorkommen,noun,C2
bernsteinzimmer,noun,C2
bernsteinzimmerfahnder,noun,C2
bernsteinzimmerjägern,noun,C2
bernsteinzimmersucher,noun,C2
bertelsmann-stiftung,noun,C1
bertrand,noun,C2
beruf,noun,A1
berufen,other,C1
beruflich,adjective,B2
berufliche,adjective,B2
berufliche,noun,B2
berufsabschluss,noun,B1
berufsakademie,noun,B1
berufsalltag,noun,C2
berufsanfänger,noun,B2
berufsangebote,noun,B2
berufsarmee,noun,C2
berufsausbildung,noun,B1
berufsausbildungsstätte,noun,C1
berufsausübung,noun,C2
berufsbegleitend,adjective,C1
berufsberatung,noun,A2
berufsbeschreibung,noun,B1
berufsbezeichnung,noun,C2
berufsbezogen,adjective,B2
berufsbild,noun,C2
berufsbiografie,adjective,A2
berufsbiografie,noun,A2
berufsbiografien,noun,A2
berufschance,noun,B2
berufseinsteiger,noun,B2
berufseinstieg,noun,B2
berufsentscheidung,noun,B2
berufserfahrung,noun,B1
berufsfeld,noun,B1
berufsforschung,noun,C1
berufsgenossenschaft,noun,B1
berufsgruppe,noun,C2
berufskollege,noun,C1
berufskrankheit,noun,A1
berufslaufbahn,noun,C1
berufsleben,noun,B1
berufsmöglichkeit,noun,C1
berufsneid,noun,C1
berufsperspektive,noun,C2
berufspilot,noun,C2
berufsplan,noun,A2
berufsporträts_1,noun,B2
berufsporträts_2,noun,B2
berufspraktika,noun,A2
berufspraktisch,adjective,C1
berufspraxen,noun,C1
berufsrückkehrer,noun,B2
berufsrückkehrerin,noun,B2
berufsschule,noun,B1
berufssituationen,noun,B1
berufsstand,noun,B2
berufssteckbriefe,noun,B2
berufstätig,adjective,A2
berufstätige,noun,B2
berufstätigkeit,noun,B2
berufsumfeld,noun,B1
berufswahl,noun,B2
berufswechsler,noun,B2
berufsweg,noun,B2
berufswelt,noun,B2
berufswunsch,noun,C2
berufsziel,noun,B2
berufszweig,noun,C2
berufung,noun,C2
beruhen,other,C1
beruhige,noun,B2
beruhigen,other,B2
beruhigend,adjective,B2
beruhigt,adjective,C1
beruhigung,noun,C1
beruhigungsmittel,noun,B1
beruhigungssauger,noun,C1
beruhmte,adjective,B2
beruhmten,adjective,B2
beruwela,noun,C2
beruﬂich,other,B1
berüchtigt,adjective,B2
berücksichtigen,other,C2
berücksichtigung,noun,C2
berühmt,adjective,A2
berühmt-berüchtigt,adjective,C1
berühmte,noun,A2
berühmtheit,noun,B2
berühren,noun,C2
berühren,other,B2
berührend,adjective,B1
berührung,noun,C1
berührungsempfindliche,adjective,C1
berührungsfreie,adjective,C1
berührungshungrigen,adjective,C1
berührungsreize,noun,C1
bes,adjective,B2
besagen,other,B2
besagt,adjective,C2
besatzer,noun,C2
besatzung,noun,C2
besatzungsmacht,noun,C1
besatzungstruppe,noun,C2
besatzungszone,noun,C1
beschaffen,adjective,B2
beschaffen,other,C2
beschaffenheit,noun,C2
beschafiigtc,noun,C1
beschallen,other,C1
beschalltes,adjective,C1
beschallungstechnische,adjective,C1
beschaulich,adjective,B1
bescheid,noun,A2
bescheiden,adjective,A2
bescheiden,other,C1
bescheidenheit,noun,C1
bescheinen,other,C1
bescheinigen,other,C2
bescheinigung,noun,A2
bescheißen,other,C2
beschenken,other,C2
beschenkt,adjective,B2
bescheren,other,C2
bescherung,noun,A2
beschichtung,noun,C2
beschießen,other,C2
beschimpfen,other,B2
beschlagnahmen,other,C2
beschleichen,other,C2
beschleunigen,other,C2
beschleunigung,noun,B2
beschließen,other,B1
beschließend,adjective,C1
beschlossen,adjective,C1
beschluss,noun,C2
beschlussprotokoll,noun,C1
beschmutzen,other,A1
beschneiden,other,C2
beschreiben,noun,A1
beschreiben,other,A2
beschreibung,noun,C2
beschreiten,other,C2
beschrieben,adjective,C2
beschriften,other,B2
beschriftung,noun,B2
beschränken,other,C1
beschränkt,adjective,C2
beschränkung,noun,B2
beschuldigen,other,B1
beschwatzen,other,C1
beschwerde,noun,B2
beschwerdebrief,noun,B2
beschwerdemail,noun,B2
beschwerdemanagement,noun,B2
beschweren,other,A2
beschwerlich,adjective,C2
beschwingen,other,C1
beschwören,other,C1
beschwörung,noun,B2
beschädigen,other,B1
beschädigt,adjective,C2
beschädigung,noun,C1
beschäftigen,noun,C2
beschäftigen,other,B2
beschäftigte,noun,B2
beschäftigung,noun,C1
beschäftigungsmangel,noun,B1
beschäftigungsmöglichkeit,noun,C1
beschäftigungsperspektive,noun,C2
beschäftigungsverbotes,noun,B2
beschämen,other,C1
beschämend,adjective,B2
beschönigen,other,B2
beschützen,other,B2
beseelen,other,B2
besehen,other,B2
beseitigen,noun,B2
beseitigen,other,C2
beseitigung,noun,B2
besen,noun,A2
besenkammer,noun,B2
besenstangen,noun,B1
besetzen,other,B1
besetzt,adjective,C2
besetzung,noun,C2
besichtigen,other,A1
besichtigung,noun,A1
besichtigungstermin,noun,A2
besiedeln,other,B2
besiedelt,adjective,B2
besiegeln,other,C1
besiegen,other,C2
besinnen,other,C1
besinnung,noun,C2
besinnungslos,adjective,C2
besitz,noun,B1
besitzdenken,noun,C1
besitzen,noun,C2
besitzen,other,C2
besitzer,noun,A2
besitzerin,noun,B1
besitzten,adjective,A2
besitztum,noun,C2
besitztümern,noun,C2
besonder,adjective,A2
besondere,noun,B2
besonderheit,noun,B2
besonders,adverb,A2
besorgen,other,C1
besorgniserregend,adjective,B2
besorgt,adjective,C1
bespannt,adjective,C1
bespiel,noun,C1
bespielen,other,B2
bespitzeln,other,A2
bespitzelung,noun,C2
besprechen,noun,A1
besprechen,other,B1
besprechender,adjective,C1
besprechung,noun,A1
besprechungsbereichen,noun,C1
besprechungstermin,noun,A1
besprechungszimmer,noun,B2
besprenkeln,other,C2
besser,noun,C1
besserdurch,adverb,C1
bessere,noun,A2
bessern,other,B2
besserung,noun,A1
besserverdienend,adjective,C2
besserverdienende,noun,C1
besserwisser,noun,C1
besserwisserei,noun,C2
bestand,noun,C1
bestanden,adjective,B2
bestandsaufnahme,noun,C2
bestandteil,noun,C1
bestaunen,noun,B2
bestaunen,other,C2
beste,adjective,B2
beste,noun,A2
bestechen,other,C2
bestechend,adjective,B2
bestechlich,adjective,C2
bestechlichkeit,noun,C2
bestechung,noun,C2
bestechungsgeld,noun,C2
bestechungsskandal,noun,C2
besteck,noun,B1
besteckindustrie,noun,C1
bestehen,noun,C2
bestehen,other,B2
bestehend,adjective,C2
bestehende,noun,B2
bestehlen,other,C2
besteigen,other,C1
bestellbar,adjective,B2
bestellen,other,A2
bestellt,adjective,B2
bestellung,noun,A1
bestellvorgang,noun,B2
bestenfalls,adverb,B2
bestens,adverb,B2
besterfremdsprachiger,adjective,C1
bestform,noun,C1
bestgehütet,adjective,C1
bestie,noun,C1
bestimmen,other,C2
bestimmend,adjective,C2
bestimmt,adjective,C1
bestimmt,adverb,A1
bestimmte,noun,A2
bestimmtheit,noun,B2
bestimmung,noun,C2
bestimmungsgemäß,adjective,C2
bestmöglich,adjective,C2
bestrafen,other,C2
bestrafung,noun,B2
bestrahlen,other,C2
bestreben,noun,C2
bestrebt,adjective,C1
bestreichen,other,A2
bestreiten,other,C2
bestreitung,noun,C2
bestreuen,other,A1
bestrichener,adjective,B2
bests,noun,C1
bestseller,noun,B1
bestseller-autorin,noun,B1
bestseller-listen,noun,B1
bestsellerautor,noun,C2
bestsellerliste,noun,C1
bestsellerlisten,noun,C1
beständig,adjective,C2
beständigkeit,noun,C1
bestärken,other,C1
bestätigen,other,B2
bestätigung,noun,B1
bestäuben,other,B2
bestücken,other,C2
bestürzen,other,B2
bestürzt,adjective,B1
bestürzung,noun,C1
besuch,noun,A2
besuchen,other,A1
besucher,noun,A1
besucherandrang,noun,B2
besucherausweis,noun,B2
besuchererwartet,noun,C2
besuchergruppe,noun,B2
besucherin,noun,C2
besucherkarte,noun,A1
besucherlenkung,noun,B1
besuchermessen,noun,B2
besucherrekord,noun,C2
besucherzahl,noun,C1
besucherzelle,noun,B2
besuchsrecht,noun,C1
besuchsregelung,noun,C1
besuchszeit,noun,A2
besucht,adjective,C2
besuch|besuchen,noun,B2
besänftigend,adjective,C2
bet,other,B2
betablockern,noun,C2
betaendorphinen,noun,C2
betagt,adjective,C2
betankung,noun,C1
beteiligen,other,C1
beteiligt,adjective,C2
beteiligte,noun,C2
beteiligung,noun,C2
beten,other,A1
beteuern,other,C2
beton,noun,C2
betonbrücke,noun,C2
betonen,noun,B2
betonen,other,C1
betonung,noun,C1
betonwucherungen,noun,C2
betracht,noun,B2
betrachten,noun,C2
betrachten,other,C1
betrachtend,adjective,C1
betrachter,noun,C2
betrachtet,adjective,C1
betrachtung,noun,B2
betrachtungsweise,noun,C1
betrag,noun,C2
betragen,adjective,B2
betragen,noun,C2
betragen,other,B1
betragen|betrügen,other,C1
betreff,noun,A1
betreffen,other,C1
betreffend,adjective,B2
betreffende,noun,C2
betreiben,other,C1
betreiber,noun,C1
betreten,noun,C2
betreten,other,B1
betreuen,other,B2
betreuung,noun,B2
betreuungsangebot,noun,C1
betreuungseinrichtung,noun,B1
betreuungsform,noun,B1
betreuungsleistung,noun,B2
betreuungsmöglichkeit,noun,C2
betreuungsplatz,noun,B1
betreuungsstelle,noun,C1
betreuungssystem,noun,C1
betrieb,noun,B1
betrieben,adjective,B2
betrieblich,adjective,A2
betriebs-,other,C1
betriebsamkeit,noun,C1
betriebsausflug,noun,A2
betriebsberater,noun,C1
betriebsbesichtigung,noun,B2
betriebschor,noun,B1
betriebsfeier,noun,B1
betriebsfest,noun,C2
betriebsgebäude,noun,C1
betriebsgröße,noun,B1
betriebskindergarten,noun,B1
betriebsklima,noun,A2
betriebsmannschaft,noun,B1
betriebsrat,noun,C2
betriebsratsmitglied,noun,C1
betriebsratsraum,noun,B2
betriebsratsvorsitzende,noun,C1
betriebsratswahl,noun,A2
betriebsrestaurant,noun,A2
betriebsrundgang,noun,A2
betriebssprache,noun,C1
betriebssystem,noun,A1
betriebstätigkeit,noun,C2
betriebsvereinbarung,noun,B1
betriebsversammlung,noun,B1
betriebswirt,noun,C2
betriebswirtin,noun,A2
betriebswirtschaft,noun,A2
betriebswirtschaftler,noun,C2
betriebswirtschaftlich,adjective,C2
betriebswirtschaftlich-kaufmännischen,adjective,C1
betriebswirtschaftslehre,noun,B2
betriebszugehörigkeit,noun,A2
betriebszugehörigkeiten,noun,C1
betriebsärztin,noun,C1
betrinken,other,B1
betroffen,adjective,C1
betroffene,noun,C1
betrogen,adjective,B2
betrogene,noun,C2
betrug,noun,C2
betrugsmanöver,noun,C1
betrugsskandal,noun,B1
betrugsversuch,noun,C1
betrunken,adjective,B1
beträchtlich,adjective,C2
betrüben,other,C2
betrügen,other,C2
betrügende,adjective,C1
betrüger,noun,C1
betrügerisch,adjective,C1
bett,noun,A1
bettbezug,noun,C2
bettcouch,noun,A2
bettdecke,noun,A2
bettelheim,noun,C2
betten,other,C2
bettenburg,noun,C2
bettenhaus,noun,B2
bettflüchter,noun,B2
bettler,noun,B2
bettnachbar,noun,B1
bettnachbarin,noun,B1
bettwäsche,noun,B1
bettzeug,noun,B2
bett|betten,noun,B1
betätigen,other,C2
betätigung,noun,B2
betätigungsfeld,noun,C1
betäuben,other,B2
betäubung,noun,C2
betäubungsmittel,noun,B2
betäubungsmittelgesetz,noun,C2
betäubungsmittelrezept,noun,C2
betörend,adjective,C2
beugen,other,C1
beunruhigen,other,C2
beunruhigend,adjective,C2
beunruhigt,adjective,B2
beurteilen,other,B2
beurteilt,adjective,C2
beurteilung,noun,C2
beurteilungsgespräch,noun,C1
beuster,noun,C1
beute,noun,B1
beutekunst,noun,C2
beuten,other,C2
beverage-abteilung,noun,C1
bevor,conjunction,B2
bevor,other,B1
bevormundung,noun,B2
bevorstehen,other,C2
bevorstehend,adjective,C2
bevorzugen,other,B2
bevorzugt,adjective,C2
bevökerung,noun,C1
bevölkerung,noun,B2
bevölkerungsdichte,noun,C1
bevölkerungsdurchschnitt,noun,A2
bevölkerungsentwicklung,noun,C2
bevölkerungsforschern,noun,C1
bevölkerungsgruppe,noun,C2
bevölkerungsschutz,noun,C2
bevölkerungswachstum,noun,B2
bevölkerungszahl,noun,C1
bevölkerungzahl,noun,B2
bewachen,other,C1
bewacht,adjective,C1
bewachung,noun,B2
bewaffnen,other,B2
bewaffnet,adjective,B2
bewahren,other,C2
bewahrung,noun,C2
bewandern,other,C2
bewegen,other,B1
bewegend,adjective,B1
beweggrund,noun,B2
beweglich,adjective,B2
beweglichkeit,noun,B2
bewegt,adjective,C1
bewegung,noun,B2
bewegungs-,other,B2
bewegungsablauf,noun,C1
bewegungsarmut,noun,C1
bewegungsdrang,noun,C1
bewegungsform,noun,C2
bewegungsfreude,noun,C2
bewegungsmuffel,noun,B2
bewegungsprotokoll,adjective,A1
bewegungsspiel,noun,B1
bewegungssteuerung,noun,C1
bewegungstherapie,noun,C2
bewegungswissenschaftlerin,noun,C1
bewehren,other,B2
beweis,noun,C2
beweisen,other,C1
beweis|beweisen,noun,C1
bewerben,other,A2
bewerbende,noun,B1
bewerber,noun,B1
bewerberauswahl,noun,B2
bewerbercasting,noun,C2
bewerberin,noun,C1
bewerberinformationen,noun,B2
bewerbun,noun,B1
bewerbung,noun,A2
bewerbungsanschreiben,adjective,B1
bewerbungsbogen,noun,A2
bewerbungsbuch,noun,C1
bewerbungschreiben,noun,B2
bewerbungsfoto,noun,B2
bewerbungsfrist,noun,A2
bewerbungsgespräch,noun,C1
bewerbungsideen,noun,C2
bewerbungskommission,noun,C2
bewerbungsmappe,noun,B1
bewerbungsphase,noun,B1
bewerbungsportals,noun,B2
bewerbungsprozess,noun,C1
bewerbungsratgeber,noun,C1
bewerbungsrunde,noun,C2
bewerbungsschluss,noun,B2
bewerbungsschreiben,noun,B2
bewerbungsseminar,noun,C2
bewerbungssituation,noun,B1
bewerbungstipp,noun,B2
bewerbungsunterlage,noun,B1
bewerbungsverfahren,noun,B1
bewerfen,other,A2
bewerten,other,B2
bewertend,adjective,C1
bewertet,adjective,B2
bewertete,noun,B1
bewertung,noun,C1
bewertungsskala,noun,C2
bewilligen,other,C2
bewirken,other,C1
bewirtschaften,other,C2
bewohnen,other,C1
bewohner,noun,B1
bewohnerin,noun,B1
bewohnt,adjective,B2
bewunderer,noun,B2
bewundern,other,C1
bewusst,adjective,B2
bewusstlos,adjective,A2
bewusstmachen,noun,C2
bewusstmachung,noun,C1
bewusstsein,noun,C2
bewusstseinswandel,noun,C1
bewähren,other,C2
bewährt,adjective,C2
bewährungsstrafe,noun,C2
bewältigen,other,B2
bewältigung,noun,C1
bewältigungsverhalten,noun,C1
bewässern,other,C1
bewässerung,noun,C1
bewässerungssystem,noun,C1
bewölken,other,A2
bewölkt,adjective,A1
beyeler,noun,C1
beyerle,noun,B2
bez,noun,B2
bezahlbar,adjective,C2
bezahldiensten,noun,B2
bezahlen,noun,B1
bezahlen,other,A1
bezahlend,adjective,C2
bezahlens,noun,C1
bezahlfernsehen,noun,C1
bezahlt,adjective,B2
bezahlt-,other,B1
bezahlung,noun,B1
bezaubernd,adjective,A2
bezauberung,noun,C2
bezeichnen,other,C1
bezeichnet,adjective,C2
bezeichnung,noun,C1
beziehen,other,B2
beziehung,noun,B1
beziehungsaspekt,noun,C2
beziehungsform,noun,B2
beziehungskette,noun,B2
beziehungsnetz,noun,B2
beziehungspflege,noun,C2
beziehungsproblem,noun,B1
beziehungsroman,noun,B1
beziehungsschwierigkeiten,noun,C1
beziehungsumfeld,noun,B2
beziehungsweise,conjunction,C2
beziehungszeitalter,noun,C1
beziffern,other,C1
bezirk,noun,A1
bezogen,adjective,B2
bezug,noun,C1
bezugsmonate,noun,A2
bezugsperson,noun,C2
bezugspersonen,noun,C2
bezugspunkt,noun,C1
bezugsraum,noun,C2
bezugsstoffe,noun,C2
bezweifeln,other,C1
bezwingen,other,C1
bezüglich,adjective,C2
bezüglich,preposition,C2
beäugen,other,B2
bfd,noun,B2
bfr,noun,C1
bg,noun,B1
bi-prüfung,noun,B1
biafra-krieg,noun,B2
bial,adjective,B1
biathletin,noun,A1
bibel,noun,B2
bibelübersetzung,noun,B2
biber,noun,B2
bibliothek,noun,A2
bibliothekar,noun,B2
bibliothekarin,noun,C1
bibliotheks-,other,C1
bibliotheksbesuchs,noun,B2
bibliotheksgebäude,noun,B2
bibliothekskunde,noun,B1
biblisch,adjective,B2
bicom-handynummer,noun,B1
bidet,noun,A1
bidrahmen,noun,B2
bieder,adjective,C1
biederkeit,noun,C2
biedermeierliche,adjective,C2
biegen,noun,C1
biegen,other,B1
biegsam,adjective,C1
bielefeld-hauptbahnhof,noun,A1
bielefeld-sennestadt,noun,A1
biene,noun,B1
bienen,noun,B1
bienenhonig,noun,C1
bienenkunde,noun,B2
bienenstock,noun,B1
bienenvolk,noun,B2
bier,noun,A1
bierchen,noun,B1
bierdeckel,noun,B2
bierfassrolle,noun,B2
biergarten,noun,A1
biergartensaison,noun,B1
bierglas,noun,A2
biermarke,noun,B2
biersorte,noun,A2
biertradition,noun,B2
biertrinker,noun,C2
bierverbrauch,noun,C1
bierzelt,noun,B1
biet,noun,A1
bieten,noun,A2
bieten,other,A2
bieten|gebieten,other,C1
biid,noun,B2
biike,noun,B1
biikebrennen,noun,B1
biikefeuer,noun,B1
bik,noun,A1
biken,noun,A2
bikesharing,noun,B2
bikini,noun,A2
bikiniform,noun,B2
bikulturelle,adjective,B2
bilanz,noun,B2
bilanzbuchhalter,noun,B1
bilanzieren,other,C1
bilanzierung,noun,C2
bilanzmathematiker,noun,C2
bilateral,adjective,B1
bild,noun,A2
bild-zeitung,noun,B1
bildband,noun,B2
bildbearbeitung,noun,B1
bildbearbeitungsprogramm,noun,A2
bildbeitrag,noun,C1
bilddern,noun,B2
bilden,noun,B2
bilden,other,B1
bildend,adjective,C1
bildende,noun,C2
bilderbuch,noun,A2
bilderbuchwanderung,noun,C1
bilderfindung,noun,C1
bilderrahmen,noun,C2
bildersammlungen,noun,B2
bilderzauber,noun,C2
bildganzen,noun,C1
bildhaft,adjective,C2
bildhaftigkeit,noun,C2
bildhauer,noun,B2
bildhauerei,noun,C2
bildhauerin,noun,B2
bildhälfte,noun,B2
bildlich,adjective,C1
bildnerisch,adjective,C2
bildqualität,noun,A2
bildschirm,noun,B2
bildschirmarbeit,noun,C2
bildschirmtastatur,noun,A2
bildschön,adjective,B1
bildseite,noun,B2
bildtechnik,noun,C1
bildung,noun,B2
bildungsabschluss,noun,B2
bildungsangebot,noun,B1
bildungsbereich,noun,B2
bildungsbewusstsein,noun,C2
bildungsbürger,noun,C2
bildungsbürgerlich,adjective,C1
bildungsbürgertum,noun,C2
bildungschance,noun,B2
bildungseinrichtung,noun,B1
bildungselite,noun,C2
bildungserfolg,noun,B2
bildungserwartungen,noun,B2
bildungsfonds,noun,C2
bildungsforscher,noun,C2
bildungsforschern,noun,C2
bildungsfähig,adjective,C2
bildungsgrad,noun,C2
bildungskarriere,noun,B2
bildungskredit,noun,C2
bildungskredite,noun,C2
bildungsmacher,noun,B2
bildungsmalaise,noun,C2
bildungsmaßnahme,noun,B2
bildungsmesse,noun,B1
bildungsminister,noun,B2
bildungsministerin,noun,B2
bildungsnah,adjective,C2
bildungsniveau,noun,C2
bildungspartner,noun,B2
bildungspolitiker,noun,C1
bildungsprämie,noun,B2
bildungsscheck,noun,B2
bildungsschicht,noun,C2
bildungsstolze,adjective,C2
bildungsstrategen,noun,C2
bildungsstreiks,noun,C2
bildungssystem,noun,C2
bildungswillig,adjective,C2
bildzuschriften,noun,A2
bilingual,adjective,A1
billard,noun,C1
billett,noun,C2
billig,adjective,A1
billigen,other,C2
billigfleisch,noun,B2
billigflieger,noun,C2
billigfliegerei,noun,C2
billigflug,noun,B1
billiglohn,noun,B2
billiglohnland,noun,B2
billiglokale,noun,C2
billigpreis,noun,B1
billigunterkünfte,noun,C2
billion,noun,C2
bimbala,noun,C1
bin,noun,C2
bin.,other,B1
binationale,adjective,B1
bindegewebe,noun,B2
binden,other,B2
bindend,adjective,C2
bindung,noun,C2
bindungslosigkeit,noun,C1
bing,noun,B1
binge,noun,B1
binnbrot,noun,B2
binnen,preposition,C2
binnenbewirtschaftung,noun,C2
binnenland,noun,B2
binnenmarkt,noun,B1
binnenschifffahrt,noun,C2
binomischer,adjective,C2
binsenweisheit,noun,C1
bio-bauernhöfe,noun,B1
bio-baumwolle,noun,B1
bio-betriebe,noun,A2
bio-eiern,noun,B1
bio-esser,noun,C2
bio-gemüse,noun,A2
bio-hof,noun,A2
bio-hotel,noun,B1
bio-laden,noun,A2
bio-lebensmittel,noun,A2
bio-metzgerei,noun,B1
bio-produkt,noun,A2
bio-qualität,noun,A2
bio-richter,noun,C2
bio-sauna,noun,A2
bio-steak,noun,B2
bio-tonne,noun,C1
bio-weine,noun,A2
bioabfall,noun,B1
biobauer,noun,A1
biobauernhof,noun,C1
biobaumwolltaschen,noun,B2
biochemie,noun,C1
biochemisch,adjective,B1
biodiesel,noun,B2
biodiversität,noun,C1
bioecke,noun,C1
bioenergetisch,adjective,C2
bioenergie,noun,C1
biofilialunternehmen,noun,B2
biofuels,noun,C1
biogas,noun,C1
biogas-,other,C1
biogemüse,noun,A1
biografie,noun,A1
biografisch,adjective,B1
biographie,noun,A2
bioinformatiker,noun,C1
biokonsumenten,noun,C2
biokraftstoff,noun,C1
bioküche,noun,B1
biol,adjective,B2
bioladen,noun,C2
biolini-artikel,noun,C1
biologe,noun,C1
biologie,noun,A1
biologielehrer,noun,B2
biologin,noun,B1
biologisch,adjective,C2
biomarkt,noun,B2
biomasse,noun,C1
biomasse-,other,C1
biomasseoder,other,C1
biomoleküle,noun,C1
biomöbel,noun,B2
biomüll,noun,B1
bionik,noun,B2
biophilie,noun,C2
biophysik,noun,C1
biophysikalisch,adjective,C1
bioproben,noun,C1
bioprodukt,noun,C1
bioproduktion,noun,B2
bioreaktor,noun,C1
bioreaktor-fassade,noun,C1
bioreaktoren,noun,C1
biorhythmen,noun,C1
biorohstoffe,noun,B2
biosiegel,noun,C1
biosphäre,noun,C2
biosprit,noun,C1
biotechnik,noun,C1
biotechnologie,noun,C1
biotechnologies,noun,C1
biotechnologieunternehmen,noun,C1
biotop,noun,C2
biotreibstoff,noun,C1
bioware,noun,C1
birchermüesli,noun,B2
birke,noun,B2
birkensaft,noun,B2
birkensaftliebhaber,noun,B2
birkhähne,noun,C1
birne,noun,A1
birnenstückchen,noun,B2
biröl,noun,B2
bis,conjunction,A1
bis,noun,C1
bis,preposition,A1
bisher,adverb,C1
bisherig,adjective,C1
bislang,adverb,C2
bisschen,adverb,A1
bisschen,other,A1
bissfest,adjective,A1
bist,noun,C2
bistro,noun,A2
bisweilen,adverb,C2
bit,noun,C2
bitte,adverb,A1
bitte,noun,A1
bitte,other,A1
bitte-danke-walzer,noun,A1
bitten,other,A1
bittenden,noun,B1
bitter,adjective,C2
bitterböse,adjective,C2
bitterherbe,adjective,B1
bitterkeit,noun,C1
bittern,noun,C1
bitterschokolade,noun,B1
bitteschön,adjective,C1
bitte|bitten,noun,A1
biumen,noun,A1
biwak,noun,A2
bizarr,adjective,C2
biß,noun,A2
blablablasitzung,noun,C1
black,other,B2
blackout,noun,C2
blackpool,noun,B1
blamabel,adjective,C1
blamage,noun,C1
blamieren,other,B2
blasen,other,C1
blase|blasen,noun,B1
blasig,adjective,A1
blasinstrument,noun,C1
blasmusik,noun,C1
blass,adjective,A2
blatt,noun,A2
blattsalat,noun,B2
blatt|blättern,noun,A2
blau,adjective,A1
blau,noun,C1
blaubeere,noun,B1
blaue,noun,B1
blauer,adjective,B1
blaufilter,noun,C1
blaugrün,adjective,C1
blaulicht,noun,A1
blaulichweißen,adjective,C2
blaut,adjective,B1
blauäugig,adjective,B2
blech,noun,A2
blechschachtel,noun,B1
blechtrommel,noun,B2
blei,noun,B2
bleibe,noun,C1
bleiben,other,A1
bleibend,adjective,B2
bleibeperspektive,noun,C2
bleibe|bleiben,noun,B2
bleibtreu,noun,B1
bleich,adjective,B1
bleiche,noun,A1
bleistift,noun,A1
bleistiftzeichnung,noun,C2
blende,noun,C1
blenden,other,C2
blendend,adjective,C1
blender,noun,C1
bless,noun,B1
blick,noun,C1
blicken,other,C1
blickfeld,noun,B2
blickkontakt,noun,C1
blickzuwendung,noun,C1
blief,noun,A1
blind,adjective,B1
blinddarm,noun,C2
blindheit,noun,C2
blinken,other,B2
blinkend,adjective,C2
blinzeln,noun,C1
blitz,noun,B2
blitz-autovermietung,noun,A2
blitzartig,adjective,C1
blitzeinschlag,noun,C1
blitzeinschlags,noun,B2
blitzen,other,B2
blitzet,other,B1
blitzgerät,noun,C2
blitzgescheit,adjective,C2
blitzmagnet,noun,B2
blitzschlag,noun,C2
blitzschnell,adjective,C1
blitztempo,noun,C2
blob-arlchitektur,noun,B2
block,noun,B2
blockade,noun,C1
blockbuster,noun,C1
blockieren,noun,B2
blockieren,other,C1
blockiert,adjective,C1
blockschokolade,noun,B1
blockwartstrengen,adjective,C2
blog,noun,B2
blog-seiten,noun,B2
blogbeitrag,noun,C1
blogeintrag,noun,B2
blogger,noun,C1
bloggerin,noun,B2
blomen,noun,B1
blond,adjective,A2
blonde,noun,A1
blondine,noun,C1
bloomington,noun,C1
bloß,adjective,B1
blubberblasen,noun,C1
blubbern,other,B1
blue,noun,B2
blume,noun,A1
blumenbeet,noun,C2
blumendünger,noun,C1
blumenfeld,noun,B2
blumengeschäft,noun,B2
blumenkohl,noun,B2
blumenladen,noun,A1
blumenmotiv,noun,C2
blumenpott,noun,C2
blumenstillleben,noun,B1
blumenstrauß,noun,A2
blumenstraße,noun,A1
blumenwiese,noun,B1
bluse,noun,A1
blusenärmel,noun,B2
blut,noun,C2
blutdoping,noun,C1
blutdruck,noun,B2
blutdruckmessgerät,noun,A2
blutdrucksenkend,adjective,C1
blutegeln,noun,C2
bluten,other,A2
blutend,adjective,B1
blutgefäß,noun,C2
bluthochdruck,noun,B2
blutig,adjective,C2
blutkreislauf,noun,C2
blutsauger,noun,B2
blutspende,noun,B2
blutstrom,noun,C2
blutwert,noun,B2
blutwurst,noun,C1
blutzucker,noun,B2
blutzuckerspiegei,noun,B2
bläschen,noun,C2
blättchen,noun,B1
blättern,other,B2
blöchl,noun,C2
blöd,adjective,A2
blöde,noun,A1
blödelei,noun,C1
blödsinn,noun,C2
blühen,other,A1
blühend,adjective,B1
blühende,adjective,B1
blühten,other,B2
blümchen,noun,C2
blümchenmuster,noun,B1
blümlein,noun,B2
blüte,noun,C2
blütenrein,adjective,C2
blütenstaubzimmer,noun,B2
bmg,noun,C1
bmw,noun,A1
board,noun,B2
boarding-houses,noun,B1
boardwalk,noun,C1
bob,noun,A2
bobrowski,noun,B2
bocciaspiel,noun,A1
bocciaturnier,noun,A1
bochumer,adjective,B1
bock,noun,B2
boddenlandschaft,noun,B1
boden,noun,A2
bodenmais,noun,B2
bodenschatz,noun,C1
bodenstation,noun,C1
body-maß-index-diktatur,noun,C1
bodybuilder,noun,A1
bodybuilding,noun,A1
bodyguards,noun,A1
boerne,noun,C1
bogen,noun,B2
bogenhäusern,noun,C1
bogenschießen,noun,B2
bogenschütze,noun,C1
bohne,noun,A2
bohren,noun,B2
bohren,other,A2
bohrend,adjective,C2
bohrmaschine,noun,A2
bohème,noun,A1
bolschewistische,adjective,C2
bolzen,noun,B2
bombardement,noun,C2
bombardieren,other,B1
bombardiert,adjective,C2
bombardierung,noun,C2
bombe,noun,C1
bombenangriff,noun,C2
bombenkrieg,noun,C2
bombennacht,noun,C2
bombensicheres,adjective,C2
bomber,noun,C2
bomberpilot,noun,C2
bombe|bomben,noun,B1
bonbon,noun,C2
bond,noun,A2
bond-fan,noun,A2
bond-film,noun,A2
bonner,adjective,A1
bonus,noun,B1
bonuscard,noun,A1
bonusheft,noun,B1
bonusheftes,noun,B1
bonusleistungen,noun,B1
bonusprogramm,noun,B1
bonuszahlung,noun,C2
boom,noun,B1
boomen,other,B1
boomend,adjective,B2
boot,noun,B1
bootsfahrt,noun,B2
bootshaus,noun,A2
bootsrand,noun,C1
bootstour,noun,B1
bord,noun,C2
bordbar,adjective,A2
bordeaux,noun,C2
bordell,noun,C2
bordellbesuch,noun,C2
borg,noun,C1
borgen,other,C2
borgese,noun,B1
borgeses,noun,B1
bornholmer,noun,A2
borsigwerke,noun,C2
bosheit,noun,C2
boshi,noun,C1
boshis,noun,C1
boskop,noun,A2
bosnische,noun,B2
boss,noun,A2
botanik,noun,B1
bote,noun,C2
botenstoff,noun,C2
botmaster,noun,B2
botnetze,noun,B2
botschaft,noun,C1
botschafter,noun,B1
botschafterin,noun,B1
botschaftsflüchtling,noun,B2
boulette,noun,C2
boulevard,noun,A2
boulevard-presse,noun,C1
boulevardblatt,noun,A2
boulevardmagazin,noun,B2
boulevardzeitung,noun,B1
boulevardzeitungen,noun,B1
bounty,noun,C1
boutique,noun,A2
bowling,noun,C1
box,noun,B2
boxberg,noun,C1
boxen,other,B2
boxenstopp,noun,B2
boxer,noun,C1
boxer-shorts,noun,C2
boxerin,noun,B2
boxkampf,noun,C1
boxring,noun,B2
box|boxen,noun,B1
boys,noun,B2
bpe,noun,B2
bppphhh,noun,C2
br-radio-show,noun,B2
brache,noun,C2
brachfläche,noun,C1
brachflächen,noun,C1
brachial,adjective,C2
brachliegend,adjective,C2
brain,noun,A2
brain-comedy,noun,C2
brainstorming,noun,C2
brainstormt,adjective,C1
bramfeld,noun,B1
branche,noun,B2
branchenausflüge,noun,C1
branchenereignis,noun,B2
branchenkenntnisse,noun,B1
branchenkontakte,noun,B2
brand,noun,C2
brandaktuell,adjective,B2
brandenburger,noun,A1
brandenburgisch,adjective,A1
brandgefährlich,adjective,C2
brandneu,adjective,B2
brandshof,noun,B2
brandungswelle,noun,B1
brasilianer,noun,A2
brasilianerin,noun,B2
brasilianisch,adjective,A2
brass,noun,C1
bratapfel,noun,C1
braten,noun,C1
braten,other,A2
bratend,adjective,C2
bratensoße,noun,A2
bratkartoffel,noun,A1
bratlava,noun,A1
bratspezialitäten,noun,B1
bratwurst,noun,B1
bratwürsteln,noun,B1
brauch,noun,B2
brauchbar,adjective,B1
brauchen,noun,A2
brauchen,other,A1
brauchen|gebrauchen,other,B1
brauchtum,noun,B2
brauchwassererwärmung,noun,C1
brauerei,noun,B2
braun,adjective,A2
braun,noun,C1
braun-orange,adjective,A1
braunbär,noun,C1
braunbärin,noun,C1
braune,noun,B2
braungebrannt,adjective,B1
braungrünlichgraudreckig,adjective,C1
braunschweiger,adjective,B2
braunviehzüchter-verband,noun,B2
brause,noun,A1
brausen,other,C2
brausend,adjective,C1
braut,noun,B2
brautkleid,noun,A2
brautleute,noun,C2
brautpaar,noun,A2
brautstrauß,noun,A2
brav,adjective,A2
braven,noun,C2
break,noun,C1
breakup-text,noun,C2
brechen,noun,C1
brechen,other,B1
brechstange,noun,C1
bregenzer,adjective,A1
brehms,noun,C1
brei,noun,C1
breiig,adjective,C1
breit,adjective,C1
breit,other,A2
breitband-nahblick,noun,C1
breite,noun,C2
breiten,other,B2
breitengrad,noun,C1
breitgefächert,adjective,C2
breitmachen,other,C1
bremer,noun,C1
bremsen,other,C2
bremse|bremsen,noun,B2
bremslicht,noun,C1
brenin,noun,C2
brennbar,adjective,C1
brenndauer,noun,B2
brennen,other,A2
brennend,adjective,B2
brennholz,noun,B1
brennnessel,noun,C1
brennpunkt,noun,C1
brennpunktschule,noun,C1
brennst,other,B2
brennstoff,noun,B2
brennstoffzelle,noun,C1
brennzeit,noun,B2
brenzlig,adjective,C2
breton,noun,C2
bretonische,adjective,A1
bretonischen,adjective,A1
brett,noun,A2
brettchen,noun,C1
brettspiel,noun,B1
brewster,noun,A1
brezel,noun,C2
bridge,noun,C2
brief,noun,A1
briefchen,noun,A2
briefdienstleistungsunternehmen,noun,C1
briefgeheimnis,noun,B2
briefkasten,noun,A2
briefkastenschlüssel,noun,A2
briefkopf,noun,B1
briefmark,noun,C1
briefmarke,noun,A2
briefmarkensammlung,noun,A2
briefmonopol,noun,C1
briefpapier,noun,A2
brieftasche,noun,A2
brieftaube,noun,B1
brieftaubenzucht,noun,B1
briefträger,noun,A2
briefumschlag,noun,A2
briefverkehr,noun,C1
briefwahl,noun,A2
briefwechsel,noun,C1
briefzusteller,noun,C1
brightliner,noun,C2
brightliners,noun,C2
brillant,adjective,C1
brillante,noun,C1
brille,noun,A1
brillenglas,noun,C1
brillenglases,noun,C1
brillenmodelle,noun,A1
brillieren,other,B2
bringen,other,A1
bringend,adjective,C2
bringt,other,A2
brisant,adjective,C1
brite,noun,B2
britin,noun,C1
britisch,adjective,C1
brockelt,other,B2
brocken,noun,B1
brockhaus,noun,C1
brodeln,other,C2
brokkoli,noun,A1
brokkoliköpfe,noun,C2
brombeersoße,noun,B2
bromeis,noun,B2
bronchitis,noun,A1
bronze,noun,C2
bronzen,adjective,C2
bronzescheibe,noun,C2
bronzezeit,noun,C2
bronzezeitlich,adjective,C2
brosame,noun,C1
brosche,noun,B2
broschuren,noun,B2
broschüre,noun,C2
brot,noun,A1
brotaufstrich,noun,B2
brotberuf,noun,A2
brotfabrik,noun,B1
brothäuslein,noun,C2
brotkorb,noun,A2
brotland,noun,C2
brotlos,adjective,C1
brotrezepten,noun,C2
brotsorte,noun,C2
brotzeit,noun,A2
browser,noun,B2
bruch,noun,B1
bruchlandung,noun,C2
bruchstück,noun,C2
bruchteil,noun,C1
bruder,noun,A1
brummen,noun,B1
brummen,other,B2
brummend,adjective,C1
brummigen,adjective,A2
brunch,noun,C1
brunnen,noun,C2
brunnenhof,noun,C1
brunnthaler,noun,B1
brussig,noun,C1
brust,noun,C1
brust-,other,C1
brust-hals-bereich,noun,C1
brustverkleinerung,noun,C2
brutal,adjective,C2
brutalität,noun,C2
brutgebiet,noun,B2
brutpflege,noun,C2
brutto,adverb,A1
brutto,noun,C1
bruttoeinkommen,noun,C1
bruttoinlandsprodukt,noun,C1
bruttosozialprodukt,noun,B1
brutzeln,other,B2
bräuer,noun,A2
bräunlich-schwarzes,adjective,C1
bräutigam,noun,A2
brösel,noun,A1
brötchen,noun,A1
brücke,noun,A1
brücke-museum,noun,B2
brückenbau-ingenieur,noun,A2
brückenfahrten,noun,A1
brückenpreis,noun,A2
brückentag,noun,A2
brüder-grimm-museum,noun,B2
brüder-grimm-straße,noun,A2
brühe,noun,A1
brühendem,adjective,C1
brüllen,other,B1
brünett,adjective,B2
brüsseler,adjective,B1
brüsten,other,B2
brüten,noun,B2
brüten,other,C1
bspw,noun,C1
bub,noun,C1
buch,noun,A2
buchauswahl,noun,B2
buchautor,noun,C1
buchautorin,noun,C2
buchbar,adjective,C2
buchdruck,noun,B2
buchdrucker,noun,C1
buchdruckerin,noun,A2
buchdruckes,noun,C2
buche,noun,C2
buchen,adjective,B1
buchen,other,A1
buchenhagen,noun,B2
bucherfolge,noun,C2
buche|buchen,noun,B2
buchform,noun,B1
buchhalter,noun,B1
buchhalterin,noun,A1
buchhaltung,noun,B1
buchhaltungstrick,noun,C2
buchhandel,noun,B2
buchhandlung,noun,A2
buchhändler,noun,A1
buchhändlerin,noun,C1
buchhändlerlehre,noun,C1
buchkunst,noun,B2
buchladen,noun,B2
buchmarkt,noun,B2
buchmesse,noun,A2
buchpreis,noun,B2
buchprojekt,noun,C1
buchrezension,noun,C1
buchseite,noun,B2
buchstabe,noun,C1
buchstabenfolge,noun,C1
buchstabenwiederholungen,noun,C2
buchstabieren,noun,A1
buchstabieren,other,A1
buchstadt,noun,A2
bucht,noun,A2
buchtitel,noun,B2
buchung,noun,B1
buchungszahl,noun,C2
buchverkauf,noun,C2
buchverlag,noun,A2
buchveröffentlichung,noun,C2
buchwelten,noun,B2
buckel,noun,B2
buckelwal,noun,B1
bucovina,noun,B2
buddenbrooks,noun,A2
buddhismus,noun,B1
bude,noun,C1
budget,noun,C2
budgetobergrenze,noun,C1
budgetplanung,noun,C2
budgetverantwortliche,adjective,B2
bufdis,noun,B2
buffet,noun,A2
buffet-restaurant,noun,C2
buffetform,noun,C2
buggy,noun,A2
bugholz-sammlung,noun,B2
buhlan,noun,B2
buhlen,other,C2
buildering,noun,C2
building,noun,A1
bulgare,noun,B2
bulgarisch,adjective,B1
bulimie,noun,C2
bulle,noun,C2
bum,noun,A1
bummel,noun,A1
bummeln,noun,A1
bummeln,other,C2
bummle,other,B1
bund,noun,C2
bundesagentur,noun,B2
bundesamt,noun,C2
bundesanstalt,noun,C1
bundesarbeitsgemeinschaft,noun,B2
bundesarbeitsministerin,noun,B2
bundesausbildungsförderungsgesetz,noun,A2
bundesbahn,noun,A2
bundesbank,noun,A2
bundesbildungsministerien,noun,B2
bundesbildungsministerin,noun,B2
bundesbürger,noun,B2
bundesbürgerin,noun,A2
bundesdeutsch,adjective,B2
bundesdurchschnitt,noun,B2
bundesebene,noun,C2
bundesfamilienministerin,noun,C1
bundesfamilienministerium,noun,C1
bundesfreiwilligendienst,noun,B2
bundesgartenschau,noun,C1
bundesgebiet,noun,C2
bundesgerichtshof,noun,B2
bundesgeschäftsführer,noun,C2
bundeshauptstadt,noun,A1
bundeshaus,noun,B2
bundeshaushalt,noun,C1
bundesinstitut,noun,C1
bundesjustizministerin,noun,B2
bundeskanzler,noun,B1
bundeskanzleramt,noun,A1
bundeskanzlerin,noun,B1
bundeskriminalamt,noun,B2
bundesland,noun,A2
bundesliga,noun,B1
bundesministerien,noun,A2
bundesministerin,noun,B2
bundespartei,noun,C2
bundesplatz,noun,B2
bundespolizei,noun,B2
bundespräsident,noun,C1
bundespräsidentin,noun,C1
bundesprüfstelle,noun,B1
bundesrat,noun,C1
bundesregierung,noun,C2
bundesrepublik,noun,B2
bundesstaat,noun,C1
bundesstraße,noun,A1
bundestag,noun,B1
bundestagsabgeordnete,noun,B1
bundestagsfraktion,noun,B2
bundestagswahl,noun,C1
bundestagswahlkampf,noun,C2
bundesverband,noun,B2
bundesverbraucherministerin,noun,B2
bundesverdienstkreuz,noun,B1
bundesverfassung,noun,C2
bundesvorstand,noun,B1
bundeswehr,noun,A2
bundesweit,adjective,C1
bundeswirtschaftsministerium,noun,A2
bundesärztekammer,noun,C2
bundgröße,noun,B2
bungeejumping,noun,B2
bunt,adjective,A2
buntbarsch,noun,B1
bunte,noun,B1
buntem,adjective,C1
bunten,adjective,C1
buntstift,noun,A2
burg,noun,A1
burganlage,noun,B1
burgau,noun,C1
burgbesitzer,noun,C1
burgdame,noun,B2
burgdamen,noun,C2
burgdorf,noun,C1
burgenland,noun,B2
burgenvereinigung,noun,B1
burgfräulein,noun,C2
burgherr,noun,C2
burghöfe,noun,C2
burgtheater,noun,A1
burgtor,noun,A2
burn-out,noun,C1
burn-out-syndrom,noun,C1
burn-outs,noun,C1
buro,noun,B2
burschelmann,noun,C2
bus,noun,A1
busbahnhof,noun,A1
busbahnlinie,noun,B2
busch,noun,C1
buschtrommel,noun,C2
busfahrer,noun,A1
busfahrt,noun,A1
bushaltestelle,noun,C2
business,noun,B2
business-anzüge,noun,B2
business-class,noun,C2
business-consulting,noun,C2
business-english,noun,A2
business-etikette,noun,C1
business-look,noun,C2
business-school,noun,C1
business-wgs,noun,C1
businessmanager,noun,C1
businessplan,noun,A2
buslinie,noun,B1
bussi,noun,A2
bussystemen,noun,B2
busticket,noun,B1
busunternehmen,noun,A1
butan,noun,C1
butter,noun,A1
butterberg,noun,C2
butterbrot,noun,B1
butterkeks,noun,C1
butterkäse,noun,A1
buttner,noun,B2
button,noun,B1
bußgeld,noun,B2
bußgeldbescheid,noun,A2
bwl,noun,B2
bwl-student,noun,B2
bwl-studium,noun,C2
bye,adjective,B1
byte,noun,A1
bzw,other,C2
bäcker,noun,B1
bäckerakademie,noun,C2
bäckerei,noun,A1
bäckerhandwerk,noun,C2
bäckermeister,noun,C2
bänkchen,noun,C2
bär,noun,A1
bären-park,noun,B2
bären-parks,noun,B2
bärenbaby,noun,A2
bärengraben,noun,B2
bärenhunger,noun,A1
bärenjägern,noun,C1
bärenmanagements,noun,C1
bärentatze,noun,C1
bärin,noun,A2
bärlauchnudeln,noun,B2
bäuerin,noun,A2
bäuerlich,adjective,C2
bäurischen,adjective,C1
böhle,noun,B1
böhle,other,B1
böhmer,other,A1
böhmert,other,B2
böhmisch,adjective,B1
böller,noun,C1
bömmel,noun,B2
börse,noun,C2
börsengeschäft,noun,C1
börsenkurs,noun,C1
börsenmakler,noun,C1
börsenmitglied,noun,C2
börsennachricht,noun,C1
börsennotiertes,adjective,B2
börsenpanoramen,noun,C1
börsenverein,noun,A2
börsenwert,noun,C2
bös,adjective,B2
bösartig,adjective,C2
böse,adjective,A2
böse,noun,B2
bösen,adjective,B2
bösewichter,noun,C2
böswillig,adjective,C2
bötner,noun,B1
böttchergasse,noun,C1
bücher,other,A2
bücher-,other,C1
bücherbestellung,noun,B2
bücherei,noun,B1
bücherempfehlung,noun,C1
bücherempfehlungen,noun,B2
bücherfreude,noun,A1
bücherfreund,noun,A2
bücherfreundin,noun,A2
büchergeld,noun,C2
bücherkauf,noun,C1
bücherlesen,noun,A2
bücherlesens,noun,C2
büchernarr,noun,B2
bücherregal,noun,A1
bücherschau,noun,A2
bücherwurm,noun,B2
büchlein,noun,C1
büchse,noun,B2
bücken,other,C2
büfett,noun,B2
büffelei,noun,C2
büffeln,other,B2
bügel,noun,C2
bügelbrett,noun,B2
bügeleisen,noun,B2
bügelergebnis,noun,B2
bügeln,noun,B1
bügeln,other,A1
bügeltisch,noun,B2
bügel|bügeln,noun,C1
bügle,other,A1
bühne,noun,C1
bühnenkonzerte,noun,C1
bühnenkunst,noun,B2
bühnenprogramm,noun,C1
bühnenprogrammen,noun,C1
bühnenpräsenz,noun,C1
bühnentechnik,noun,B1
bündel,noun,B2
bündeln,other,C1
bündnertleisch,noun,B2
bündnis,noun,C1
bündniszugehörigkeit,noun,C1
bürde,noun,C2
bürger,noun,B1
bürger-,other,C1
bürgeramt,noun,A1
bürgerbüro,noun,A1
bürgerentscheide,noun,C2
bürgerfest,noun,B1
bürgerfreundlich,adjective,B1
bürgerhaus,noun,B2
bürgerin,noun,B1
bürgerinitiative,noun,C2
bürgerkrieg,noun,C2
bürgerlich,adjective,C2
bürgermeisten,noun,B1
bürgermeister,noun,B1
bürgermeisterin,noun,A2
bürgerpflicht,noun,C1
bürgerrecht,noun,B2
bürgerrechtsgruppe,noun,B2
bürgerschaft,noun,B2
bürgerschaftlich,adjective,C2
bürgerschaftlichem,adjective,C1
bürgerschaftliches,adjective,B2
bürgerschaftswahl,noun,C1
bürgerschichten,noun,B2
bürgerservice,noun,B1
bürgersinn,noun,B2
bürgersteig,noun,B1
bürgerstiftung,noun,A2
bürgertum,noun,C2
bürgerversammlung,noun,B1
büro,noun,A1
büro-mutti,noun,C1
büroalltag,noun,A2
büroambiente,noun,C1
büroangestellte,noun,B2
büroarbeit,noun,A1
büroartikels,noun,C2
bürofenster,noun,C1
bürogebäude,noun,A2
bürogestaltung,noun,C1
bürohausprojekte,noun,B2
bürokauffrau,noun,A2
bürokleidung,noun,B2
bürokommunikation,noun,B1
bürokomplex,noun,C2
bürokonzept,noun,C1
bürokonzepte,noun,C1
bürokram,noun,A2
bürokratie,noun,B1
bürokratie-wut,noun,C1
bürokratisch,adjective,C2
bürolandschaft,noun,C1
bürolandschaften,noun,C1
büromedium,noun,B1
büroorganisation,noun,C1
büroplätze,noun,C1
büroraum,noun,C2
büroraumgestaltung,noun,C1
büroschlaf,noun,B2
bürostuhl,noun,A2
bürotages,noun,C2
bürotür,noun,B1
bürowaben,noun,C2
bürozimmer,noun,C1
bürste,noun,B1
bürsten,other,C2
bürste|bürsten,noun,C2
büttner,noun,B2
büßen,other,C2
bıs,other,A1
c,adjective,A1
c,noun,A1
c,other,A1
c-linie,noun,C2
c02,noun,C1
c02-ausstoß,noun,B2
c02-emissionen,noun,C2
c1,noun,B2
c1-niveau,noun,C1
c2,noun,B2
ca,other,C2
cabrel,noun,A2
cabrio,noun,A2
cafe,noun,A1
cafe-ketten,noun,A1
cafeteria,noun,B1
cafeterien,noun,A2
cafre,adjective,A1
caft,noun,A2
café,noun,A1
cage-konzert,noun,C1
cage-orgel,noun,C1
cakes,noun,B2
cakes,other,A2
call-center,noun,A1
callcenter,noun,A1
callcenteragenten,noun,B1
callcenteragenturen,noun,B2
callcenterbereich,noun,B1
cameo,noun,B2
camera,noun,C1
camp,noun,C2
camp-spiegel,noun,C2
campagnonnage,noun,C1
campen,noun,B1
campendonk,noun,C2
camper,noun,A1
camping,noun,A1
campingkocher,noun,B1
campingküchen,noun,B1
campingplatz,noun,B2
campingstuhl,noun,A1
campus,noun,B2
campus-universität,noun,B2
canasta,other,B1
canaveral,adjective,C2
cannabis,noun,C1
canyon,noun,C2
cape,noun,C2
capilano,noun,C2
cappuccino,noun,A1
caravaning,noun,A2
card,noun,A2
cardiogeräten,noun,A2
careerconcept,noun,C2
carmen-kür,noun,C1
carpe,noun,B1
carsharing,noun,B1
carsharing-unternehmen,noun,C2
carson,noun,C2
casein,noun,B1
cashmere,noun,A1
casting,noun,C2
casting-kandidatin,noun,C1
casting-show,noun,C1
castingshow,noun,A1
castingshow-formaten,noun,C1
castingshows,noun,C2
casual,noun,B2
catawba-indianer,noun,B2
cate,adjective,A1
catering,noun,A2
cateringfirma,noun,B2
cateringservice,noun,B2
catterfeld,noun,A1
cceg,noun,C1
cd,noun,C1
cd-cover,noun,B1
cd-player,noun,A1
cd-rom,noun,A2
cd-sammlung,noun,B2
cd-spieler,noun,A2
cdplayer,noun,C2
cds,noun,A1
cdu-politikerin,noun,B2
cello,noun,C1
cellular,noun,C1
celsius,noun,C1
cent,noun,A1
centern,noun,C1
central,noun,C2
centre,noun,C1
ceremonies,adjective,C1
cerne,adjective,C1
cerne,noun,C1
cerne,other,C1
ch,adjective,A2
chalat,noun,B2
chamber,noun,C1
champagner,noun,B2
champagnersorten,noun,B2
champignon,noun,A1
champion,noun,A2
champions-league,noun,B1
champs-elysees,noun,A1
chance,noun,B1
chancengerechtigkeit,noun,B1
chancengleichheit,noun,C2
chandler,noun,C1
change,noun,A2
chanson,noun,B2
chaos,noun,C2
chaot,noun,B2
chaotisch,adjective,A1
charakter,noun,C1
charaktereigenschaft,noun,C2
charakterisieren,other,B2
charakterisierung,noun,B1
charakteristikum,noun,C2
charakteristisch,adjective,C2
charakteristische,noun,C1
charakterstark,adjective,B2
charakterzug,noun,C2
charcot,noun,C1
charite,noun,B2
charity-veranstaltung,noun,A1
charlottenburger,noun,B2
charmant,adjective,A2
charmante,adjective,B2
charme,noun,B2
charmeur,noun,C2
chart,noun,B1
chart-platz,noun,C2
charta,noun,C1
charterflug,noun,B2
charterreisender,noun,B2
chat,noun,B1
chat-angebote,noun,C2
chatforen,noun,C2
chatkommunikation,noun,C2
chatroom,noun,B1
chatroom-geplänkels,noun,B1
chatten,other,A2
chauffeur,noun,A1
chaussee,noun,C1
chauvinistisches,adjective,C2
che,other,B2
check,noun,C2
check-in,noun,A1
checke,noun,A2
checke,other,A1
checken,other,B2
checkliste,noun,B2
checkpoint,noun,C2
cheerleader,noun,A1
cheerleadern,noun,B2
cheeseburger,noun,B2
chef,noun,A1
chef-angestellten-verhältnis,noun,C1
chef-dating,noun,B1
chefanimateur,noun,B2
chefarzt,noun,C2
chefarztstelle,noun,A2
chefetage,noun,B2
chefin,noun,A1
chefkoch,noun,B2
chefliberaler,noun,C2
chefredakteur,noun,C2
chefredaktion,noun,A1
chefsache,noun,C2
chefsalat,noun,B2
chefsekretärin,noun,A1
chefsessel,noun,C1
chefsteward,noun,C1
cheftrainer,noun,C1
chemie,noun,C1
chemie-konzern,noun,B2
chemie-künstler,noun,B2
chemie-unternehmen,noun,B1
chemieanlage,noun,B2
chemiebaukasten,noun,C1
chemiefacharbeiter,noun,A1
chemieindustrie,noun,B2
chemienobelpreisträger,noun,C1
chemieprofessor,noun,B2
chemikalie,noun,C2
chemikalischem,adjective,B2
chemiker,noun,C2
chemisch,adjective,C1
chemnitzer,noun,C1
chemotherapie,noun,C1
chen,adjective,A2
chen,other,B2
chengdu,noun,B1
chenonceau,noun,C2
cher,other,C1
chic,adjective,C2
chiernsee,noun,A1
chiffre,noun,A1
chiffreliste,noun,C1
chiffreservice,noun,C1
chilehaus,noun,B2
chili,noun,A1
chili-schokolade,noun,A2
chilisoße,noun,A2
chillen,noun,A1
chinese,noun,C1
chinesisch,adjective,A1
chinesisch,noun,A1
chinesisch-amerikanisch,adjective,A1
chinesische,noun,C2
chip,noun,B1
chipkarte,noun,A2
chipsfirma,noun,A2
chirurg,noun,C1
chirurgenkongress,noun,C1
chirurgie,noun,C2
chirurgisch,adjective,C2
chocolat,noun,A2
choisser,noun,C1
cholera,noun,C2
choleriker,noun,C1
choleriker-chef,noun,C1
cholerisches,adjective,C1
cholesterin,noun,B2
cholesterinspiegel,noun,C2
cholesterinwert,noun,B2
chor,noun,A2
choreografen,noun,C1
choreografie,noun,C1
chorliteratur,noun,B1
christ,noun,A1
christbaum,noun,C2
christbaumkugel,noun,C2
christbaumsache,noun,C2
christentum,noun,C2
christkindlmarkt,noun,B2
christlich,adjective,C2
christofs,noun,B2
christoph,adjective,B2
christstollen,noun,B1
christus,noun,B2
chromosom,noun,C1
chromosomendefekte,noun,C1
chromosomenverteilung,noun,C1
chronisch,adjective,C2
chronologisch,adjective,B1
chts,noun,B2
ci,number,C2
ci-kind,noun,C2
ci-kindern,noun,C2
ci-kritischen,noun,C2
ci-träger,noun,C2
ciabatta,noun,C2
ciabatta-teig,noun,C2
ciao,interjection,A1
cifuentes,noun,B1
cine,noun,A2
circa,adverb,A1
circa-gewicht,noun,B2
circle,noun,C1
cis,noun,C2
city,noun,C2
city-,other,C2
city-express,noun,A1
city-kletterhalle,noun,B2
citylage,noun,C2
citysurfen,noun,B1
clara,noun,B1
class,noun,B2
claudia,noun,A1
clausbruch,noun,B2
clever,adjective,C2
cliffhanger,noun,B2
clip,noun,B2
clique,noun,A2
clou,noun,B1
clown,noun,A2
clowndoctor,noun,A2
clowndoctors,noun,A2
club,noun,A1
club-kleidung,noun,C2
clubbing,noun,B2
clubgast,noun,B1
clubhaus,noun,A1
clubkonzert,noun,C1
cm,noun,A2
cms-systeme,noun,B2
co,noun,B2
co-pilot,noun,B2
co2,noun,B1
co2-armen,noun,B2
co2-ausstoß,noun,B2
co2-emission,noun,C2
coach,noun,A2
coaching,noun,C2
coca-blätter,noun,C1
cochlea-implantat,noun,C2
cochlea-implantaten,noun,C2
cockpit,noun,B2
cocktail,noun,A1
cocktailbar,noun,A1
cocktailkleid,noun,B2
cocktailpause,noun,A1
code,noun,B2
codekarte,noun,B2
coffeeshop,noun,C1
coffice,noun,C1
cognac,noun,A1
cohousing-projekt,noun,B1
cohousing-siediung,noun,B1
coimbra,noun,A1
cola,noun,A1
colagetränken,noun,C1
collage,noun,C2
collatz,noun,C2
collection,noun,C1
college,noun,C2
collegium,noun,A1
coloman,adjective,B2
colombo-galle,other,C2
color,adjective,B1
come,noun,C1
comeback,noun,B2
comedy,noun,A1
comfort-hotel,noun,A1
comic,noun,A2
comic-reihe,noun,A2
comicfigur,noun,B2
comichelden,noun,B2
comicsprachliche,adjective,C2
comiczeitschrift,noun,C1
commerzbank,noun,A1
commune,adjective,C1
communications,noun,C1
community,noun,C2
communitys,noun,C1
compagnonnage,noun,C1
compartamos,noun,C2
computer,noun,A1
computer-design,noun,B2
computer-fachmann,noun,A2
computer-pools,noun,B2
computer-übungen,noun,B1
computeranimation,noun,A2
computerarbeit,noun,A1
computerarbeitsplatz,noun,B1
computerbedarfs,noun,C2
computerbereich,noun,B2
computerbild,noun,B1
computerbild-test,noun,B1
computerbildschirm,noun,C1
computerchip,noun,C1
computerecke,noun,C2
computerfirma,noun,A2
computerfreak,noun,C2
computergefahren,noun,B2
computergesteuert,adjective,C1
computerhilfe,noun,A2
computerkenntnis,noun,C2
computerkenntnissen,noun,C2
computerkurs,noun,B1
computermagazine,noun,B2
computernutzung,noun,C2
computerpiele,noun,B1
computerproblem,noun,A1
computerproblemen,noun,A1
computerprogramm,noun,A1
computerraum,noun,C2
computersimulation,noun,C1
computerspezialist,noun,A2
computerspiel,noun,B1
computerspielern,noun,C1
computerspielsucht,noun,C1
computerspielsüchtig,adjective,C1
computersymbole,noun,A2
computersystem,noun,B2
computerunternehmen,noun,B2
computervirus,noun,A2
computerwissenschaftlern,noun,C1
concepta,noun,C2
concierge,noun,C2
confiserie,noun,B1
confiserien,noun,B1
conféderation,noun,C1
confédération,noun,C1
conga,noun,C2
congress,noun,C2
congresshaus,noun,A2
connection,noun,C2
constellation-programm,noun,C2
construction,noun,C2
consultant,noun,C1
container,noun,B1
containern,noun,B2
containerschiff,noun,A1
containert,other,C1
containerterminal,noun,B1
contest,noun,A2
contra,adverb,B1
contra,noun,B1
controller,noun,B1
controlling,noun,C2
controlling-abteilung,noun,B2
conventions,noun,C1
cooking,noun,C1
cool,adjective,A1
cool,noun,B1
coolmax,adjective,B1
coolness,noun,C2
copan,other,C1
copilotin,noun,A1
copy-test,noun,C2
cornets,noun,B2
corps,noun,C1
corpus,noun,C1
cosi,noun,B1
cosplay,noun,C1
cosplay-treffen,noun,C1
cosplayer,noun,C1
cospudener,noun,C2
costume,noun,C1
couch,noun,B2
couchecke,noun,B1
couchsurfer,noun,C2
couchtisch,noun,A2
countdown,noun,C2
courage,noun,C2
cousin,noun,A1
cousine,noun,A1
covent,noun,C1
coversong,noun,A1
coworking,noun,C1
cpi,noun,C2
cradle,noun,C2
cradle,other,C2
crash,noun,C1
crash-kurs,noun,B2
creare,adjective,C2
credit-point-entzug,noun,C2
credo,noun,C2
creme,noun,A1
cremedose,noun,A1
cremesüppchen,noun,B2
cremetöpfen,noun,B2
cremig,adjective,B1
cremigkeit,noun,B2
cremten,adjective,A2
crescere,adjective,C2
crew,noun,C2
croate,adjective,B2
croissant,adjective,A2
croissant,noun,C2
croissant,other,B2
crossmedial,adjective,B1
crowdfunder,noun,C1
crowdfunding,noun,C1
crowdfunding-aktion,noun,C1
crowdfunding-plattform,noun,C1
cröbern,other,B1
cube,noun,A2
cuhls,noun,C1
culen,noun,A2
cup,noun,B2
curie,other,B2
curieuse,noun,B2
curriculum,noun,C2
curry,noun,C1
curry-gewürzmischungen,noun,C1
currybus,noun,A1
currysoße,noun,B1
currywurst,noun,A1
currywurst-imbiss,noun,C1
currywurstbude,noun,A1
currywurstexperten,noun,C1
cutter,noun,C1
cw,noun,C1
cyberkriminalität,noun,C1
cybermobbing,noun,C2
cybook,noun,B2
cytosin,noun,C2
d,adjective,C2
d,noun,A2
d,number,A2
d,other,C1
d-a-c-h,noun,C1
d-a-ch,noun,A1
d-a-ch-l,noun,A1
d-a-ch-ländern,noun,B1
d-mark,noun,C1
d-mark-schein,noun,C2
d.h,noun,B2
d.h.,conjunction,B2
d2,noun,C1
da,adverb,A1
da,conjunction,A1
da,noun,C2
da,other,A1
da-bin-ich,adjective,A2
daad-publikationsreihe,noun,C1
dabei,other,B1
dabeihaben,other,B1
dabeihat,other,B2
dabeihatte,other,B1
dabeisein,noun,C1
dableiben,other,C1
dach,noun,B1
dachboden,noun,A2
dachbodenlabor,noun,C1
dachdecker,noun,B2
dachen,other,A2
dacher,noun,C2
dachfenster,noun,C2
dachfirst,noun,B1
dachgeschosswohnung,noun,B2
dachorganisation,noun,C1
dachterrasse,noun,B1
dachverband,noun,B2
daddy,noun,A2
dadurch,adverb,C1
dadurch,other,B2
daf-lehrwerk,noun,B1
dafur,noun,B2
dafür,other,B1
dafürfindet,other,B2
dagegen,other,C1
dagegenwirken,adjective,C2
dagobert,adjective,B2
daheim,adverb,C1
daheimgeblieben,adjective,B1
daher,noun,B1
daher,other,B2
daherkommen,other,C2
dahernicht,adjective,C1
dahin,other,B1
dahinfließen,other,C2
dahingehend,adjective,C1
dahingeschrieben,other,C2
dahingleiten,noun,C2
dahingleitende,adjective,B2
dahinten,adverb,A2
dahinter,other,C2
dahinterstehen,other,B2
dahinterstehend,adjective,C1
dahinvegetieren,noun,C2
dahlem,noun,B2
dahlie,noun,B2
daimlerstraße,noun,A1
dalhousie,noun,B1
damalig,adjective,C2
damals,adverb,A2
dame,noun,B1
damen-konfektion,noun,C2
damenabteilung,noun,C2
damenkunstschule,noun,B1
damenmode,noun,B1
damenschneiderei,noun,B1
damentrios,noun,C1
damit,conjunction,A2
damit,noun,B1
damit,other,B2
damit-satz,noun,A2
damm,noun,A2
dampf,noun,B2
dampfbad,noun,B2
dampfend,adjective,B1
dampfkessel,noun,B2
dampfleitung,noun,C2
dampfmaschine,noun,B2
dampfmühle,noun,A2
dampfschiff,noun,B2
dampf|dämpfen,noun,C2
danach,noun,C2
danach,other,A1
dance-music,noun,B2
daneben,other,C1
danische,adjective,B1
dank,noun,A1
dank,preposition,B2
dankbar,adjective,B1
dankbarkeit,noun,C2
danke,noun,A2
danke,other,A1
danken,other,A1
dankend,adjective,C2
dankeschön,adjective,A1
dankeschön,noun,C2
dankschreiben,noun,C2
dann,adverb,A1
dannen,adjective,C1
danz,noun,C2
dar,other,C1
daran,other,B1
darauf,other,B1
darauffolgend,adjective,B2
daraufhin,other,C2
daraufkommen,other,B1
daraufzu,adverb,B1
daraus,other,B2
darbieten,other,B1
daren,other,A1
darfich,other,B2
dargestellt,adjective,C1
dargestellte,noun,C2
darin,other,B2
darjeeling,noun,A1
darlegen,other,C1
darlehen,noun,C2
darlehensgeschäfteund,noun,C1
darm,noun,C1
darmkrebs,noun,C1
darss,noun,B1
darstellen,other,B2
darstellend,adjective,C2
darsteller,noun,C2
darstellerisches,adjective,C1
darstellung,noun,C1
darstellungsweise,noun,C1
darum,noun,C2
darum,other,B1
darunter,adverb,B2
darunter,other,B2
darwins,adjective,C1
darß,other,B1
darüber,other,B1
darüberhinausgehende,adjective,B2
darüberlegt,other,C1
darüberstreuen,other,B1
das,noun,B1
dasein,noun,C2
dashiell,noun,C1
dasitzen,other,C1
dass,conjunction,A2
dass,noun,C2
dass,other,C2
dass-satz,noun,A2
dasselb,other,B1
dasselbe,other,B1
dastehen,other,C2
daswanis,noun,B2
database,noun,C1
date,noun,B2
date-abenteuer,noun,C2
datei,noun,B1
dateianhänge,noun,C2
datenadministration,noun,C2
datenbank,noun,A2
datenbank-kenntnisse,noun,C2
datenbank-programmiererin,noun,B1
datenbankpflege,noun,C2
datenbrille,noun,B1
datenmüll,noun,C1
datennirvana,noun,C2
datenpflege,noun,C2
datensammeln,noun,C1
datenschutz,noun,B2
datenschutzdiskussion,noun,C1
datenschutzproblem,noun,C1
datenschutzund,noun,C1
datensicherheit,noun,B2
datenumfang,noun,C2
datenverarbeitung,noun,C1
datenverkehr,noun,C1
datenverlust,noun,C2
datieren,other,B2
dating,noun,C1
dating-café,noun,B2
dating-dienste,noun,B2
dating-portale,noun,B1
dating-portalen,noun,B1
dativ,noun,A1
dativ-ergänzung,noun,B1
dato,adverb,C2
datsche,noun,B1
dattel,noun,C2
datum,noun,B2
datumsangabe,noun,B1
datumsvorschläge,noun,B2
dauer,noun,B2
daueralarm,noun,C1
daueraufenthaltsrecht,noun,C2
dauerausstellung,noun,B1
dauerbeanspruchung,noun,B2
dauerbeschallung,noun,C2
dauerbrenner,noun,C2
dauerdruck,noun,C2
dauerfahren,noun,B1
dauerfeuer,noun,C1
dauerfrost,noun,A2
dauergast,noun,B1
dauerhaft,adjective,C2
dauerhaftigkeit,noun,B2
dauerlob,noun,B1
dauern,other,A2
dauernd,adjective,A2
dauerstress,noun,C1
dauerweltrekord,noun,B2
dauerzustand,noun,B2
daumen,noun,B1
daumendicke,adjective,C2
daune,noun,C1
davon,other,B2
davonkommen,other,C1
davonlaufen,other,C2
davontragen,other,C2
davontreiben,other,B2
davontrug,other,C2
davor,other,C1
dawanda-gründerin,noun,B1
dazu,adverb,B2
dazu,other,B1
dazugeben,other,A1
dazugehörend,adjective,B2
dazugehörig,adjective,C1
dazugehörten,other,B2
dazugießen,other,A2
dazukommen,other,C2
dazulernen,other,B1
dazutun,other,A2
dazuzahlen,other,B1
dazwischen,noun,B2
dazwischen,other,C2
dazwischengedrängelt,other,B2
dazwischenkommen,other,B1
daß,noun,C2
dcs-ioo,noun,C1
ddr-bevölkerung,noun,B2
ddr-bürger,noun,B2
ddr-chef,noun,C1
ddr-erziehung,noun,C1
ddr-fernsehen,noun,B2
ddr-fluggesellschaft,noun,B1
ddr-flüchtling,noun,B2
ddr-führung,noun,B2
ddr-grenzpolizei,noun,B2
ddr-grenzsoldat,noun,B2
ddr-jeans,noun,C1
ddr-kind,noun,C1
ddr-kritiker,noun,C1
ddr-leben,noun,A2
ddr-motiven,noun,C1
ddr-museum,noun,C1
ddr-musik,noun,C1
ddr-musiktitel,noun,C1
ddr-politiker,noun,B2
ddr-produktion,noun,C1
ddr-regierung,noun,B1
ddr-rundfunk,noun,C2
ddr-staat,noun,C2
ddr-staatschef,noun,C1
ddr-staatsführung,noun,B2
ddr-symbol,noun,C1
ddr-symbolen,noun,C1
ddr-system,noun,B2
ddr-treuen,adjective,B2
ddr-typisch,adjective,C1
ddr-urlaubsländer,noun,B2
ddr-zeit,noun,B2
de-sig-ner,noun,C1
deal,noun,B2
debakel,noun,C1
debattanten,noun,C1
debatte,noun,C1
debattieren,other,C1
debitkarte,noun,B1
debüt,noun,B2
debütalbum,noun,B1
debütieren,other,B1
debütroman,noun,B2
deckblatt,noun,B1
deckchen,noun,B1
decke,noun,A2
deckel,noun,A1
decken,other,A2
deckend,adjective,C2
deckenholz,noun,C1
deckenlicht,noun,A2
decke|decken,noun,B1
decodieren,other,C1
deelwater,noun,C1
defekt,adjective,A2
defekt,noun,C1
defekte,noun,C2
definieren,other,C1
definierend,adjective,C2
definiert,adjective,C2
definition,noun,C1
definitiv,adjective,C1
defizit,noun,C2
defizitär,adjective,C2
deformiert,adjective,B2
deftig,adjective,C2
degen,noun,C2
degradieren,other,C1
dehnübung,noun,B1
deich,noun,C2
dein,other,A1
deine,adjective,A2
deinstallier,other,A1
dekade,noun,C2
dekadent,adjective,B2
dekadenz,noun,C2
deklarieren,other,B2
deklariert,adjective,C2
deklinieren,other,C1
dekolleté,noun,C2
dekollté,noun,C2
dekomkratische,noun,B1
dekonstruktivismus,noun,B2
dekorateur,noun,A2
dekoration,noun,B2
dekorationsbereich,noun,B2
dekorativ,adjective,B1
dekorieren,noun,A2
dekorieren,other,A1
dekoriert,adjective,C1
delegierte,noun,C1
delicti,noun,C1
delikat,adjective,C2
delikatesse,noun,B2
delikt,noun,C1
deliktbereich,noun,B2
deliktfelder,noun,B2
delitzsch,noun,A1
delphin,noun,A2
delta,noun,B2
deluxe,noun,B2
demagoge,noun,C2
demagogische,adjective,C2
dement,noun,B2
dementsprechend,adjective,C1
demenz,noun,C2
demenzerkrankungen,noun,C1
demgegenüber,other,C2
demir-cabut,noun,A2
demnach,other,C2
demnig,adjective,B1
demnächst,adverb,C2
demografiebedingt,adjective,C2
demografisch,adjective,C1
demografischer,adjective,C1
demokratie,noun,C2
demokratiefeindlich,adjective,B1
demokratisch,adjective,C2
demokratisierung,noun,B2
demonstrant,noun,B2
demonstration,noun,A2
demonstrationskino,noun,C1
demonstrationsrecht,noun,B2
demonstrativ,adjective,C1
demonstrativartikel,noun,A2
demonstrieren,other,A2
demontage,noun,C2
demontieren,other,C2
demotiviert,noun,B2
demut,noun,C2
demzufolge,other,B2
demütigen,other,B2
demütigend,adjective,C2
demütigung,noun,C1
den,adjective,B1
dene,noun,B1
denfolgenden,adjective,C1
dengler,noun,B1
denglisch,adjective,C2
denglisch,noun,B2
denim,noun,C2
denkapparat,noun,C2
denkaufgaben,noun,B1
denkbar,adjective,C2
denkbare,noun,C1
denkblockade,noun,C2
denken,noun,C1
denken,other,A2
denkend,adjective,B2
denken|gedenken,other,B1
denker,noun,C2
denkfaulen,adjective,C1
denkgeschwindigkeit,noun,C1
denkmal,noun,B2
denkmalpflege,noun,C1
denkmalschutz,noun,C2
denkmalstadt,noun,A1
denkmuster,noun,C2
denkprozess,noun,C2
denksport-übungen,noun,C2
denkstruktur,noun,C2
denkvermögen,noun,C2
denkweise,noun,C2
denn,adjective,C2
denn,adverb,A1
denn,conjunction,A1
denn,noun,C2
dennoch,adverb,B2
dentalhygiene,noun,C2
deo,noun,C2
deponie,noun,B1
deponieren,other,C2
depot,noun,C2
depression,noun,C2
depressionsforschern,noun,C1
depressiv,adjective,C2
deprimierend,adjective,B2
deprimiert,adjective,C2
dept,noun,A1
der,adjective,B1
der,noun,C2
derart,adverb,C1
derartig,adjective,C1
derb,adjective,C2
derentwillen,adverb,C2
dergleichen,other,C2
derjenig,other,C1
derjenige,other,C1
derjüngste,adjective,B2
derlei,other,C2
dermaleinst,adverb,C2
dermaßen,adverb,C2
derreiche,adjective,B2
derselb,other,B1
derselbe,other,C2
derwattwürmer,noun,B2
derweilen,adverb,B2
derzeit,adverb,C1
derzeitig,adjective,C1
derzukunft,noun,B1
deshalb,adjective,C1
deshalb,other,A2
design,noun,A2
design-ateliers,noun,A1
design-geschichte,noun,B2
design-philosophien,noun,B2
design-student,noun,B1
design-varianten,noun,B2
designer,noun,A1
designer-boutiquen,noun,A2
designer-brillen,adjective,A1
designer-brillen,noun,A1
designer-geschäften,noun,A2
designer-mode,noun,A1
designer-topausstattung,noun,C2
designerklassiker,noun,A2
designerläden,noun,B2
designermodell,noun,A1
designermöbel,noun,A2
designerstück,noun,B2
designfans,noun,A1
designmöbelhändler,noun,A2
designschulen,noun,B2
designt,other,B2
designtheoretiker,noun,C2
desillusionieren,other,B2
desillusioniert,adjective,C1
desinteresse,noun,C1
desinteressiert,adjective,C2
deskription,noun,C2
desktop-computern,noun,C2
desolat,adjective,C2
desorientierend,adjective,B2
despot,noun,C1
despotisch,adjective,C2
dessert,noun,A1
dessertes,noun,B2
dessertvariationen,noun,A1
destillation,noun,C1
desto,conjunction,B1
destruktion,noun,B2
destruktiv,adjective,B2
deswegen,other,B1
detail,noun,C1
detailangabe,noun,A2
detailfrage,noun,A2
detailinformation,noun,B1
detaillieren,other,C1
detailliert,adjective,B2
detaillierungsgrad,noun,C2
detailreich,adjective,C2
detailtreue,noun,C2
detailverstehen,noun,B2
detailwissen,noun,C2
detektiv,noun,C1
detektor,noun,C2
determinante,noun,C1
determinieren,other,C2
deuftschkurse,noun,A2
deut,noun,B2
deuten,other,B2
deutlich,adjective,B2
deutsch,adjective,A2
deutsch,noun,A1
deutsch-afrikanerin,noun,B2
deutsch-arabisch,noun,A2
deutsch-argentinische,adjective,A1
deutsch-arzt,noun,B2
deutsch-deutsch,adjective,A2
deutsch-diktat,noun,C2
deutsch-englisch,noun,B1
deutsch-englisch-austausch,noun,A2
deutsch-englisch-spanisch,noun,B1
deutsch-französisch,adjective,B1
deutsch-inder,noun,B2
deutsch-indisch,adjective,A2
deutsch-intensivkurse,adjective,A1
deutsch-niederländisch,adjective,B1
deutsch-skandinavisches,adjective,B1
deutsch-sorbische,noun,B2
deutsch-sprachkurs,noun,A1
deutsch-österreichisch,adjective,C2
deutschbuch,noun,A1
deutsche,adjective,C2
deutsche,noun,A1
deutscher,adjective,C1
deutsches,adjective,C2
deutscheste,adjective,B2
deutschkarriere,noun,B1
deutschkenntnis,noun,B1
deutschkurs,noun,A1
deutschlabd,noun,B2
deutschland,noun,B2
deutschland-,other,B2
deutschlandbild,noun,B2
deutschlandkarte,noun,A2
deutschlandradio,noun,B2
deutschlands,noun,C2
deutschlandspiel,noun,B1
deutschlandweit,adjective,C2
deutschlehrer,noun,A1
deutschlehrerin,noun,A1
deutschlernen,noun,A2
deutschlernende,noun,B2
deutschlernenden,noun,B2
deutschlernerin,noun,A2
deutschschweizer,noun,B2
deutschsprachig,adjective,B2
deutschstunde,noun,B1
deutschstämmig,adjective,A2
deutschtümelei,noun,C2
deutschunterricht,noun,A2
deutung,noun,C1
deutz-pharma,noun,C1
devise,noun,B2
dezember,noun,A1
dezent,adjective,B2
dezernat,noun,B1
dfb-kapitän,noun,B1
dfb-pokalsiegen,noun,A2
dfv,noun,B1
dhl-express,noun,B2
diabetes,noun,C1
diabetes-institut,noun,C1
diabetes-risiko,noun,C1
diabetikerschulung,noun,B1
diagnose,noun,C2
diagnose-,other,B2
diagnostik,noun,C1
diagnostizieren,other,C2
diagramm,noun,A1
diakonie,noun,B2
dialekt,noun,C1
dialekt-vermittlung,noun,C1
dialekt-wörterbücher,noun,C1
dialektale,adjective,B1
dialektik,noun,A2
dialektmerkmale,noun,B1
dialektologie,noun,C2
dialektsprechenden,adjective,C1
dialektsprecher,noun,C1
dialog,noun,A1
dialogisch,adjective,C2
diamant,noun,B2
diamantring,noun,C2
diametral,adjective,C2
diapositiv,noun,C1
diazetylmorphin,noun,C1
dicht,adjective,B2
dichte,noun,C2
dichten,other,A2
dichter,noun,B2
dichterisch,adjective,B2
dichterwettstreit,noun,B2
dichtung,noun,C2
dick,adjective,A2
dicke,noun,C1
dicke-freunde-picknick,noun,B1
dicki,noun,B1
dickköpfig,adjective,C1
did,adjective,B1
didaktik,noun,C1
didaktisch,adjective,B2
die,determiner,A1
die,noun,B2
die,other,A1
dieb,noun,A2
diebin,noun,A2
diebstahl,noun,B2
diedrichsen,other,C2
diejenig,other,C2
diejenige,other,C1
diejenigen,other,C1
diem,adjective,B1
dienatur,noun,B1
dienen,other,B2
diener,noun,C2
dienlich,adjective,B2
dienst,noun,A1
dienstag,noun,A1
dienstagabend,noun,A1
dienstagnachmittag,noun,C1
dienstags,adverb,B1
dienstagvormittag,noun,B1
dienstausweis,noun,B1
dienstbeginn,noun,B2
dienstbote,noun,C2
dienstfahrt,noun,C1
dienstfrei,adjective,B1
dienstleister,noun,B1
dienstleistung,noun,B2
dienstleistungsangebot,noun,B1
dienstleistungsbereich,noun,B1
dienstleistungsbetrieb,noun,C2
dienstleistungssektor,noun,C1
dienstleistungsunternehmen,noun,A2
dienstleistungszentrum,noun,B1
dienstlich,adjective,B2
dienstmädchen,noun,C1
dienstplan,noun,A1
dienstreise,noun,B1
dienstschluss,noun,B2
dienststelle,noun,A1
dienstvorschrift,noun,B2
dienstwagen,noun,C2
dienstzeit,noun,B2
dienstzugehörigkeit,noun,A2
dies,other,B2
diesbezüglich,adjective,C2
diese,noun,C2
diese,other,B2
diesel,noun,C2
diesel-auto,noun,B2
dieselb,other,C2
dieselbe,other,B2
dieselmotor,noun,C2
diesen,adjective,C1
dieser,adjective,C2
diesern,adjective,B2
dieses,adjective,B2
diesjährig,adjective,B2
diesmal,adverb,B2
diesseits,adverb,C1
diesseits,preposition,C2
dießen,noun,C1
differenz,noun,B2
differenzerfahrungen,noun,C1
differenzieren,other,C2
differenziert,adjective,C2
differenzierung,noun,B1
differenzierungsraum,noun,C1
differieren,other,C2
diffizile,noun,C2
diffizilere,adjective,C1
digedag,noun,B2
digedags,noun,C1
digital,adjective,B2
digitale,noun,B2
digitales,adjective,C1
digitalisieren,other,C1
digitalisiert,adjective,C2
digitalisierung,noun,B2
digitalkamera,noun,A1
digitaluhr,noun,C1
diktat,noun,C2
diktator,noun,C1
diktatur,noun,B1
diktaturcharakter,noun,C2
diktieren,other,C2
diktiergerät,noun,C1
diktum,noun,C2
dilemma,noun,C2
dilettantenaufdringlichkeiten,noun,C2
dillsamen,noun,C1
dimension,noun,C2
diminutiv,adjective,A2
din,adjective,A2
din-a4-seite,noun,B1
diner,noun,B2
ding,noun,B2
dingenihrem,noun,B1
dinner,noun,C1
dinoflagellaten,noun,C2
dinosaurier,noun,B1
dinosaurier-jäger,noun,C2
dioxin,noun,C1
dioxin-skandal,noun,B1
dioxinverseucht,adjective,B1
dipl,noun,C2
dipl.-betriebswirt,noun,C2
dipl.-psychologin,noun,B2
diplom,noun,B2
diplom-bauingenieur,noun,B2
diplom-ingenieurin,noun,C1
diplom-politologin,noun,C2
diplom-psychologin,noun,C2
diplom-sportlehrer,noun,B1
diplom-sportlehrerin,noun,C1
diplomarbeit,noun,C2
diplomat,noun,B1
diplomatisch,adjective,B2
diplomstudium,noun,C2
direkt,adjective,A2
direkt,noun,A1
direkteinstieg,noun,C1
direktfluges,noun,B1
direktheit,noun,A2
direktion,noun,C1
direktkontakt,noun,B1
direktmarketing,noun,B2
direktor,noun,C1
direktorin,noun,C1
direktorkeiler,noun,C2
dirigent,noun,B1
dirigieren,other,A1
dirndl,noun,B1
dirndlbluse,noun,B1
dirndlkleid,noun,B1
dirndlvarianten,noun,B1
disco,noun,A1
discoabend,noun,C1
discoparty,noun,B2
discounter,noun,C2
disharmonie,noun,B2
diskette,noun,C1
diskettenlaufwerk,noun,B1
disko,noun,C2
diskos,noun,B1
diskothek,noun,C2
diskreditieren,other,C2
diskrepanz,noun,C2
diskret,adjective,B2
diskretion,noun,B1
diskriminierung,noun,B2
diskriminierungsinstrument,noun,C2
diskurieren,other,B2
diskussion,noun,B2
diskussionsreiche,adjective,B2
diskussionsrunde,noun,A2
diskutieren,other,A2
diskutierend,adjective,C1
dislike,adjective,B1
display,noun,B1
dispo-zins,noun,C2
disqualifizieren,other,C1
dissen,noun,C2
dissertation,noun,C2
dissident,noun,C1
disskusionsforen,noun,B1
distanz,noun,B2
distanzieren,other,A2
distanziert,adjective,B2
distributionslösungen,noun,C2
disziplin,noun,C1
disziplinieren,other,C1
diszipliniert,adjective,B1
divers,adjective,C2
diverse,noun,C2
diversity,noun,C1
diversity-management-beraterin,noun,C1
diversitätsmanagement,noun,C2
diät,noun,B1
diätmethode,noun,C1
diätpillen,noun,C2
dj,noun,A1
dl,number,B2
dm,noun,B2
dm-drogeriemärkte,noun,B1
dm-ost,noun,C1
dm-west,noun,C1
dmc,noun,C1
dna-analyse,noun,B2
dobart,noun,A1
docere,adjective,C1
doch,adverb,A1
doch,conjunction,B2
doch,noun,C2
doctorandin,noun,C1
documenta,noun,C1
documenta-fieber,noun,B2
documenta-halle,noun,B2
dogge,noun,C2
doktor,noun,A1
doktorand,noun,C2
doktorandenstelle,noun,C1
doktorandin,noun,B2
doktorarbeit,noun,B1
doktortitel,noun,B2
doktrin,noun,C2
doku,noun,A2
doku-soaps,noun,C1
dokument,noun,B1
dokumentarfilm,noun,A2
dokumentarfilmproduzent,noun,C2
dokumentarisch,adjective,C2
dokumentation,noun,B1
dokumentationszentrum,noun,B2
dokumentieren,other,B2
dollar,noun,C2
dollar-kurs,noun,B1
dollarmotiv,noun,C2
dollinger,noun,B2
dolmetschens,noun,C2
dolmetscher,noun,B1
dom,noun,A2
dom-führung,noun,A2
dombaumeister,noun,C2
dominant,adjective,C2
dominanz,noun,C2
dominieren,other,C2
dominiert,adjective,C1
domino-spiel,noun,B2
domowina,noun,B2
domowina-verlag,noun,B2
dompteur,noun,B1
domroschen,noun,B2
domäne,noun,C2
domänenpächters,noun,B2
donau-aue,noun,B2
doneu,noun,B1
dongs,noun,B2
donner,noun,A1
donnern,other,B1
donnersmarcks,noun,C1
donnerstag,noun,A1
donnerstagabend,noun,A2
donnerstagmorgen,noun,A1
donnerstags,adverb,A2
donnerwetter,noun,B2
doof,adjective,C2
door,noun,B1
dopamin,noun,C2
dopen,other,C2
doper,noun,C2
doping,noun,C1
doping-todesopfer,noun,C1
dopingfall,noun,C1
dopingkontrolle,noun,C1
dopingliste,noun,C1
dopingmissbrauch,noun,C1
dopingmissbrauchs,noun,C1
dopingmittel,noun,B2
dopingopfern,noun,C1
doppel-flip,noun,C1
doppel-lutz,noun,C1
doppel-studiengänge,noun,C1
doppelbelastung,noun,C1
doppelbett,noun,A1
doppeldeutigkeit,noun,B2
doppelkappnahthose,noun,C1
doppelkonjuktionen,noun,B1
doppelkonjunktionen,noun,B1
doppelleben,noun,B1
doppeln,other,C1
doppelpack,noun,B2
doppelstich,noun,C1
doppelt,adjective,B2
doppelte,noun,B1
doppeltrend,noun,C1
doppelwandiger,adjective,C1
doppelzimmer,noun,B2
dorado,noun,C2
dorf,noun,A1
dorfbewohner,noun,B1
dorfcafé,noun,B1
dorfgasthaus,noun,B1
dorfgemeinschaft,noun,C2
dorfvorstände,noun,C1
dormenhecke,noun,B2
dorn,noun,C2
dornenhecke,noun,B2
dornier-27,noun,C1
dornröschen,noun,B2
dornstrauch,noun,C2
dort,adverb,A1
dorthin,adverb,C1
dortig,adjective,C2
dortmunder,noun,C1
dose,noun,A1
dosensuppe,noun,B2
dose|dosis,noun,B2
dosieren,other,B2
dosiert,adjective,C1
dosierung,noun,C2
dosierungsanleitung,noun,A2
dosis,noun,C1
dosse,noun,B2
dossier,noun,C1
dostojewski,noun,C1
dotieren,other,C2
dotter,noun,C1
dover,noun,B1
dover-calais,noun,C1
download,noun,A2
download-link,noun,B2
downloaden,other,B1
downloadens,noun,C2
downsyndrom,noun,C2
dozent,noun,B1
dozentin,noun,B1
dozierende,noun,C2
dpa-ehrenamtlich,adjective,B2
drachenboot,noun,B2
drachenritter,noun,C1
drachenvieh,noun,B2
drache|drachen,noun,C2
draht,noun,B2
drahtiger,adjective,C1
drahtkorb,noun,B1
drahtseil,noun,B2
dram-chips,noun,B1
drama,noun,B2
dramatiker,noun,B2
dramatisch,adjective,C1
dramaturgie,noun,B2
dramaturgin,noun,C2
dran,adverb,B1
dran,noun,C2
dran,other,B2
drang,noun,B2
drangsalieren,other,C2
drankommen,other,B1
dransetzen,other,B2
drapieren,noun,C1
drastisch,adjective,C2
drauf,other,B1
draufkommen,other,C1
drauflos,other,B2
draus,other,C1
draußen,adverb,A2
dreams,noun,B2
dreck,noun,C2
dreckig,adjective,B2
drecksack,noun,C2
dreeei,adjective,C2
drehachse,noun,C1
drehbuch,noun,B1
drehbuchautor,noun,B2
drehbuchautorin,noun,B1
drehbuchpreis,noun,B2
drehen,noun,C2
drehen,other,B1
drehort,noun,C2
drehpunkt,noun,B2
drehung,noun,C2
drehwurm,noun,C1
drei,adjective,C2
drei,noun,A2
drei,number,A1
drei-eltern-baby,noun,C1
drei-liter-gläsern,noun,B2
drei-minuten-auftritt,noun,C1
drei-sterne-koch,noun,B2
drei-sterne-kochs,noun,C2
dreidimensional,adjective,C1
dreieck,noun,B2
dreieinhalb,number,C2
dreierlei,other,C1
dreifach,adjective,C2
dreigliedrig,adjective,B1
dreigroschenoper,noun,C1
dreihundert,number,A2
dreijährig,adjective,B2
dreijährige,noun,C2
dreiländereck,noun,A2
dreimal,adjective,B2
dreimal,adverb,A1
dreimal,noun,B2
dreimonatig,adjective,B2
drein,adverb,B2
drein,other,C1
dreirad,noun,B1
dreirädrigen,adjective,B2
dreisprachig,adjective,B1
dreist,adjective,B2
dreistellig,adjective,C1
dreistigkeit,noun,C2
dreistöckig,adjective,C2
dreistündig,adjective,A2
dreitagebart,noun,C2
dreiundachtzig,number,B2
dreiunddreißig,number,A1
dreiviertel,noun,C2
dreiviertelfünf,noun,B2
dreizack,noun,C1
dreizehn,number,C1
dreizehnjährig,adjective,C2
dreizehnte,adjective,B2
dreißig,adjective,C1
dreißig,noun,C1
dreißig,number,A1
dreißigerjahren,noun,B2
dreißigjährig,adjective,B2
dreißigjährige,noun,C2
dreißigst,adjective,A2
dresdener,noun,C1
dresdner,noun,C1
dresdnerin,noun,A2
dreser,noun,C1
dress,noun,B2
dressing,noun,B2
dressurpferd,noun,B2
dressurreiten,noun,B2
drin,adverb,C1
drin,other,B2
dringen,other,B1
dringend,adjective,C2
dringende,noun,B2
dringen|drängen,other,B2
dringlich,adjective,C1
dringlichkeit,noun,B1
drink,noun,A2
drinnen,adverb,B2
drinstehen,other,C1
dritt,adjective,A1
drittbeliebteste,adjective,B2
dritte,noun,A2
dritte-welt-initiative,noun,B2
drittel,noun,B2
drittens,adverb,C2
drive,noun,C1
drive-by-downloads,noun,B2
drk-gelände,noun,B2
drk-ortsverein,noun,B2
droge,noun,C2
drogenbesitz,noun,B1
drogendealer,noun,C2
drogeneinfluss,noun,C2
drogenkartell,noun,C2
drogenmilieu,noun,C2
drogenszene,noun,C2
drogeriemarkt-kette,noun,B1
drohen,other,C2
drohend,adjective,C1
drohn,noun,B1
drohne,noun,B1
drohung,noun,C1
drollig,adjective,C2
droschke,noun,B2
drosselgasse,noun,A2
drosseln,other,B2
drr,adjective,A2
druck,noun,B2
druckauftrag,noun,B2
druckbuchstabe,noun,C2
drucken,other,A1
drucker,noun,A1
druckerei,noun,C2
druckerkreisen,noun,C2
druckerpapier,noun,A2
druckerpatrone,noun,B2
druckerzeugnis,noun,C2
druckgefühl,noun,A2
drucksituation,noun,C2
druckstelle,noun,B2
drucktafeln,noun,B2
drucktechnik,noun,B2
druckversion,noun,C1
drum,other,A2
drux,noun,B1
drängen,other,C2
drängend,adjective,C1
dröge,noun,C1
dröhnen,other,C2
drösser,noun,B2
drüben,adverb,C1
drüber,other,C1
drücken,other,B1
dschungel,noun,C2
dsds,noun,A1
dsl,noun,A2
dsl-anschluss,noun,A2
dt,noun,B2
dt-radio,noun,B2
du,noun,A2
du,other,A1
du,pronoun,A1
du-form,adjective,A1
du-form,noun,A1
dual,adjective,B1
dualismus,noun,C1
dubcek,adjective,B2
dubios,adjective,C2
duckface-bildern,noun,A1
dudeln,other,C1
duden,noun,C2
duell,noun,B2
duft,noun,B2
duften,other,C1
duftend,adjective,B1
duftmarketing,noun,C1
duftmeldern,noun,C2
duftmoleküle,noun,C2
duftmuster,noun,C2
duftspezialisten,noun,C1
duftstoff,noun,C2
duftstoffhersteller,noun,C2
duftsäulen,noun,C1
duftwolke,noun,C1
duineser,adjective,B2
duisburger,noun,A2
dulden|gedulden,other,C2
duldung,noun,A2
dumm,adjective,A2
dumme,noun,B2
dummerweise,adverb,C1
dummheit,noun,C2
dummkopf,noun,A2
dumont-kunstreiseführern,noun,C2
dumping-preis,noun,B2
dunkel,adjective,A2
dunkel,noun,C2
dunkel-bar,noun,B2
dunkel-restaurant,noun,B1
dunkelblau,adjective,A1
dunkelblau,noun,C1
dunkelblond,adjective,A2
dunkelgrün,adjective,A2
dunkelgrün,noun,B2
dunkelgrün-gelb,adjective,A1
dunkelhaarig,adjective,C1
dunkelheit,noun,C2
dunkeln,noun,A2
dunkeln,other,B1
dunkelrot,adjective,A1
dunkelrot,noun,A1
dunkelziffer,noun,C2
dunkle,adjective,C1
duo,noun,C2
duoder,noun,B2
duplikat,noun,C1
dupont,noun,C2
durch,adverb,C1
durch,noun,C2
durch,other,B2
durch,preposition,C1
durch+die,preposition,C1
durcharbeiten,other,B2
durchatmen,other,B1
durchaus,adverb,C2
durchaus,noun,C2
durchbeißen,other,C1
durchblick,noun,B1
durchbluten,other,B2
durchblutung,noun,B2
durchblättern,noun,B2
durchblättern,other,B2
durchbohren,other,B2
durchbrechen,other,C1
durchbrochen,adjective,C2
durchbruch,noun,B2
durchdacht,adjective,C2
durchdenken,other,B2
durchdringen,other,C2
durchdringend,adjective,C2
durchdringenden,adjective,C1
durcheinander,adverb,B1
durcheinander,noun,B1
durcheinander,other,B2
durchfahren,other,A2
durchfahren|durchführen,other,C1
durchfallen,other,C1
durchfallerkrankung,noun,C2
durchfluten,other,C1
durchforsten,other,C1
durchfragen,other,B2
durchführbar,adjective,C1
durchführen,other,B2
durchführend,adjective,C2
durchführung,noun,B1
durchgangsstraße,noun,C1
durchgefeierte,adjective,B2
durchgeführt,adjective,C2
durchgefürt,other,C2
durchgehen,other,B1
durchgehend,adjective,B1
durchgeknallt,adjective,C1
durchgesessen,adjective,B2
durchgestylte,adjective,C1
durchgreifen,other,C2
durchgreifend,adjective,C2
durchhalten,other,C1
durchhaltevermögen,noun,B2
durchhat,other,C2
durchkrankhaft,adjective,C2
durchkreuzen,other,C2
durchlaufen,other,C1
durchleben,other,C2
durchlesen,other,B2
durchleuchten,other,C2
durchleuchtet,adjective,C2
durchleuchtung,noun,B2
durchlässig,adjective,B2
durchlöchert,adjective,C1
durchmesser,noun,C1
durchmischen,other,B2
durchnässen,other,C1
durchnässt,adjective,B2
durchorganisieren,other,B2
durchqueren,other,A2
durchreise,noun,C2
durchringen,other,C2
durchsage,noun,A1
durchschaubar,adjective,C2
durchschauen,other,C1
durchschlafen,other,B1
durchschlafstörungen,noun,B2
durchschneiden,other,C1
durchschnitt,noun,B2
durchschnittlich,adjective,B2
durchschnitts-deutschen,noun,B2
durchschnittsalter,noun,B1
durchschnittsbürger,noun,B2
durchschnittsdeutsche,noun,B2
durchschnittsfrauen,noun,B2
durchschnittsgeschwindigkeit,noun,C1
durchschnittsgewicht,noun,C1
durchschnittsnote,noun,B2
durchschnittsstudent,noun,B2
durchschnittstemperatur,noun,C1
durchschnittswert,noun,A2
durchschwemmen,adjective,C2
durchschwimmung,noun,C1
durchsehen,other,C2
durchsetzen,noun,C2
durchsetzen,other,B1
durchsetzungsfähig,adjective,C1
durchsetzungsstark,adjective,C1
durchsetzungsvermögen,noun,C2
durchsicht,noun,C2
durchsichtig,adjective,C1
durchspielen,other,C2
durchsprechen,other,C1
durchsschnittlich,adjective,C2
durchstarten,other,B2
durchstehen,other,C2
durchstoßen,other,C1
durchstreifen,other,B1
durchströmen,other,C2
durchsuchen,other,B2
durchtrainiert,adjective,C1
durchwahl,noun,A2
durchweg,adverb,C1
durchwehen,other,C2
durchziehen,other,C2
durchzuführender,adjective,C1
duroplast,noun,B2
durst,noun,A1
dusche,noun,A2
duschen,other,A1
dusche|duschen,noun,B2
duschvorhang,noun,C2
dutzend,noun,C2
dutzenden,adjective,C1
duzen,noun,B2
duzen,other,B2
dvd,noun,A2
dvd-bibliothek,noun,B2
dvd-box,noun,A2
dvd-player,noun,C2
dvd-recorder,noun,A2
dvd-spieler,noun,C1
dyer,noun,B2
dynamik,noun,A1
dynamisch,adjective,C2
dynamoelektrischen,adjective,B2
dynamomaschinen,noun,B2
dz,noun,B1
dämlich,adjective,B2
dämmer,noun,B2
dämmerlicht,noun,C2
dämmmaterial,noun,C2
dämon,noun,C2
dämpfen,other,C2
däne,noun,B2
dänisch,adjective,B1
dätscher,noun,C2
döner-lokale,noun,A1
dörfchen,noun,B1
dörfleins,noun,A1
dösen,other,C1
dösend,adjective,C1
dümmliches,adjective,C1
düne,noun,C2
düngemittel,noun,C1
düngen,other,C1
dünger,noun,C1
düngung,noun,C1
dünkel,noun,C2
dünn,adjective,A1
dünne,noun,B1
dürfen,other,C1
dürfen,verb,A1
dürr,adjective,B1
dürre,noun,C1
dürrenmatt,noun,C2
dürreperiode,noun,B2
düs,adjective,B2
düsseldorfer,adjective,C1
düsseldorfer,noun,A2
düster,adjective,C2
e,adjective,B1
e,noun,B1
e,other,C1
e-bike,noun,B1
e-book,noun,B2
e-book-lesegerät,noun,B2
e-book-lesegeräte,noun,C2
e-book-reader,noun,A2
e-business,noun,C2
e-commerce,noun,C1
e-fellows,noun,A2
e-gitarre,noun,B2
e-laute,noun,A1
e-mail,noun,B1
e-mail-account,noun,C1
e-mail-adresse,noun,A1
e-mail-bewerbung,noun,B2
e-mail-flut,noun,B2
e-mail-kontakte,noun,B1
e-mail-lesen,noun,A2
e-mail-marketing-tools,noun,B2
e-mail-romane,noun,B1
e-mail-variante,noun,C1
e-mail-versand,noun,C1
e-mail-werbung,noun,C2
e-mailbewerbung,noun,A2
e-media-planung,noun,C1
e-reader,noun,C2
e-readern,noun,C2
e-tafeln,noun,C1
e5,noun,B2
eaawiiin,noun,A2
east,other,C1
eat,noun,B2
ebay-prinzip,noun,B2
ebay-verkauf,noun,B2
ebay-ware,noun,B2
ebbe,noun,B1
ebbelwoi,noun,A2
ebben,other,C1
ebel,adjective,A2
ebel,other,A2
eben,adjective,B2
eben,adverb,B1
eben,noun,A2
ebenbild,noun,C2
ebendas,adverb,B1
ebene,noun,C1
ebenerdig,adjective,B2
ebenfalls,adverb,C1
ebenso,adverb,C2
ebensolch,adjective,C2
eber,noun,C1
eberswald,noun,C1
ebk,noun,A1
ebola-virus,noun,C1
ec-karte,noun,A1
ec07,noun,A1
echo,noun,B2
echo-preise,noun,B1
echt,adjective,A1
echte,noun,C2
echten,adjective,C1
echtheit,noun,C2
echtzeit,noun,C1
eck,noun,B1
eckball,noun,B2
eckchen,noun,C1
eckcouch,noun,B2
eckdatum,noun,B1
ecke,noun,A1
ecker,noun,C1
eckig,adjective,B1
economy-klasse,noun,C1
ects-punkt,noun,B2
edel,adjective,B2
edelmann,noun,C1
edelmetall,noun,C2
edelstahl,noun,B2
edelstein,noun,B2
edelweiß,noun,A2
edisons,noun,B2
edition,noun,B2
editorial,noun,C2
edlen,adjective,C2
edv-kenntnis,noun,B2
edv-programm,noun,B1
edwardsons,noun,C1
eea-fachleute,noun,C1
efeu,noun,C1
effekt,noun,B2
effektiv,adjective,C2
effektivität,noun,C2
effizient,adjective,C2
effizienz,noun,B2
effizienzdruck,noun,C2
effizienzsitzung,noun,C1
efolgreich,noun,B2
efwas,adjective,C1
egal,adjective,A2
egalitär,adjective,C2
egger,noun,B1
ego,noun,C2
egoismen,noun,C2
egoismus,noun,C2
egoist,noun,B1
egoistisch,adjective,C1
eh,adverb,B2
ehe,conjunction,B2
ehe,noun,B2
ehe-ags,noun,B2
ehe-aus,noun,B2
ehefrau,noun,A2
ehefähigkeitszeugnis,noun,A2
ehegatte,noun,C2
ehegattin,noun,C2
ehegesetz,noun,B2
eheglück,noun,C2
ehehälfte,noun,B2
ehekursen,noun,C2
eheleute,noun,B2
ehelich,adjective,A2
ehemalig,adjective,B2
ehemalige,noun,A2
ehemals,adverb,C1
ehemann,noun,C1
ehemündigkeit,noun,B2
ehepaar,noun,A2
ehepartner,noun,C2
eher,adverb,B2
ehering,noun,C1
ehescheidung,noun,B2
eheschließung,noun,B1
ehesten,adjective,B1
eheuntauglich,adjective,C2
eheversprechen,noun,B2
ehevertrag,noun,B2
ehmmm,adjective,A1
ehrbar,adjective,C2
ehre,noun,C1
ehren,other,A2
ehrenamt,noun,B2
ehrenamtl,adjective,B2
ehrenamtlich,adjective,B2
ehrenamtliche,noun,C2
ehrenantlichen,adjective,C1
ehrenauszeichnung,noun,C2
ehrenbürger,noun,C2
ehrendoktorwürde,noun,B2
ehrengast,noun,C2
ehrenpreis,noun,C1
ehrenrunde,noun,C2
ehrentag,noun,B2
ehrenvoll,adjective,B2
ehrenvorsitzende,noun,B1
ehrenwertes,adjective,C1
ehrenwort,noun,C2
ehre|ehren,noun,C1
ehrgeiz,noun,C1
ehrgeizig,adjective,B2
ehrlich,adjective,A2
ehrlichkeit,noun,C1
ehrwürdig,adjective,C2
ei,noun,A1
ei,other,C1
ei-7und,noun,A1
eibe,noun,A2
eichel,noun,C1
eichendorff,noun,B2
eiche|eichen,noun,C2
eichhörnchen,noun,C1
eichner,noun,B1
eidechse,noun,C1
eidechsenaugen,noun,C1
eiderentenküken,noun,B2
eidgenosse,noun,C2
eidgenossenschaft,noun,B2
eiding,noun,A1
eierbecher,noun,B2
eierlegend,adjective,C1
eiern,other,A2
eiernudel,noun,B2
eiersahne,noun,A1
eierspeis,noun,B2
eierspeise,noun,B1
eierzange,noun,B2
eifer,noun,B2
eiferer,noun,C2
eifern,other,C1
eifersüchtig,adjective,B2
eiffelturms,noun,B1
eifrig,adjective,C1
eigelb,noun,B1
eigen,adjective,B1
eigenart,noun,B2
eigenartig,adjective,C2
eigenbedarf,noun,C1
eigene,noun,B1
eigenentscheidung,noun,C1
eigenenµ,adjective,B1
eigenfinanzierung,noun,C2
eigengesetzlichkeit,noun,C2
eigenheit,noun,B2
eigenhändig,adjective,C1
eigeninitiative,noun,B2
eigeninteresse,noun,C2
eigenleben,noun,C2
eigenlob,noun,C1
eigenmotivation,noun,B1
eigennutz,noun,C1
eigenproduktion,noun,B1
eigenregie,noun,C1
eigens,adverb,C2
eigenschaft,noun,C1
eigenschaften,noun,C2
eigensinnig,adjective,B2
eigenspott,noun,C2
eigenständig,adjective,C2
eigenständige,noun,B2
eigenständigkeit,noun,C2
eigentherapeutische,adjective,C2
eigentlich,adjective,C1
eigentlich,adverb,A2
eigentum,noun,C2
eigentumsdelikt,noun,B2
eigentumslosen,adjective,C2
eigentumswohnung,noun,C2
eigentümer,noun,C2
eigentümerquote,noun,B2
eigentümerverband,noun,C2
eigentümlich,adjective,C2
eigenverantwortlich,adjective,C2
eigenverantwortlichkeit,noun,B2
eigenverantwortung,noun,B1
eigenvermarktung,noun,C1
eigenwahrnehmung,noun,C2
eignen,other,B1
eigner,noun,C2
eignisse,noun,B2
eignung,noun,C2
eignungs-,other,C1
eignungstest,noun,C1
eile,noun,B1
eilen,other,B2
eilfertig,adjective,C1
eilig,adjective,B1
eiltempi,noun,B1
eilzug,noun,B1
eimer,noun,A2
ein,adjective,C2
ein,noun,B2
ein,other,A1
ein-,other,C1
ein-parteien-diktatur,noun,B1
ein-personen-haushalt,noun,B1
ein-wandererland,noun,B1
einander,other,B1
einarbeiten,other,B1
einarbeitung,noun,B1
einarbeitungszeit,noun,C1
einatmen,other,B2
einbahnstraße,noun,C2
einbau,noun,B1
einbauen,other,B2
einbauküche,noun,A1
einbehalten,other,B2
einberechnen,other,C2
einberufen,other,C1
einbetten,other,C1
einbettung,noun,C2
einbeziehen,other,C1
einbeziehung,noun,C2
einbezug,noun,C1
einbilden,other,C2
einbildung,noun,C2
einbinden,other,C1
einbindung,noun,C2
einblick,noun,B2
einbrechen,other,C1
einbrecher,noun,C1
einbringen,noun,C1
einbringen,other,B2
einbruch,noun,C2
einbruchsort,noun,B1
einbürgerungstest,noun,B1
eincremen,adjective,B2
eindeutig,adjective,C2
eindimensional,adjective,C1
eindringen,other,C1
eindringlich,adjective,C1
eindringling,noun,B2
eindruck,noun,B2
eindrucksvoll,adjective,C2
eindämmung,noun,B2
eine,adjective,C2
eine,determiner,A1
eine,noun,C2
eine,other,B2
eineiig,adjective,B2
eineinhalb,number,C2
einemmal,noun,C1
einen,adjective,C1
einen,noun,C2
einen,other,B2
einengung,noun,C2
einer,adjective,C2
einer,noun,B2
einer-pasch,noun,B2
einerfestgelegten,adjective,B2
einerlei,noun,B2
einerseits,adverb,C1
einerstelle,noun,B2
eines,adjective,C1
eineüberlebenschance,noun,B2
einfach,adjective,A2
einfach,adverb,B1
einfach,noun,B1
einfach-fahrkarte,noun,C2
einfachen,adjective,C1
einfachere,adjective,C1
einfachheit,noun,B2
einfahren,other,C2
einfahrt,noun,C2
einfall,noun,C1
einfallen,other,B1
einfallend,adjective,C1
einfallslosigkeit,noun,C2
einfallsreich,adjective,C2
einfallsreichtum,noun,C2
einfamilienhaus,noun,A2
einfangen,other,B2
einfarbig,adjective,B1
einfassen,other,C2
einfinden,other,C1
einfließen,other,C2
einfluss,noun,B2
einflussbereich,noun,C2
einflussfaktor,noun,C1
einflussreich,adjective,C1
einflussreichten,adjective,C1
einflößend,adjective,C1
einfordern,other,C1
einfuhr,noun,B2
einfädeln,other,C2
einfärbung,noun,C1
einfügen,noun,A2
einfügen,other,C2
einfühlungsvermögen,noun,B2
einführen,other,B2
einführung,noun,C1
eingabe,noun,A1
eingang,noun,B1
eingangs,preposition,C2
eingangsbereich,noun,C1
eingangsbestätigung,noun,B2
eingangshalle,noun,C2
eingangstor,noun,B1
eingangstür,noun,A1
eingebaut,adjective,B2
eingebauten,noun,B2
eingeben,other,B1
eingebildet,adjective,C1
eingeborene,noun,C2
eingebundenseins,noun,C2
eingecremt,other,B1
eingefahren,adjective,C1
eingefleischt,adjective,C1
eingeführt,adjective,B1
eingegangen,adjective,B2
eingehalten,adjective,B1
eingehen,other,B2
eingehend,adjective,C1
eingelagert,adjective,C2
eingelegt,adjective,B2
eingereicht,adjective,C2
eingerichtet,adjective,C2
eingescannten,adjective,C2
eingeschaltet,adjective,C2
eingeschlagen,adjective,C2
eingeschleppt,adjective,C1
eingeschlossen,adjective,C2
eingeschneit,adjective,C1
eingeschränkt,adjective,C2
eingesessen,adjective,C2
eingesetzt,adjective,C1
eingesperrt,adjective,B1
eingespielt,adjective,C1
eingestehen,other,B2
eingestellt,adjective,C2
eingestellte,noun,C1
eingestrahlten,adjective,C1
eingetaucht,adjective,B2
eingetragen,adjective,A2
eingetrocknet,adjective,B2
eingeölt,adjective,C1
eingeübt,adjective,C1
eingleichzeitiges,adjective,B2
eingliedern,other,B2
eingliederung,noun,C2
eingravieren,other,C2
eingreifen,noun,C1
eingreifen,other,C2
eingrenzen,other,B2
eingriff,noun,C2
eingruppieren,other,C1
eingruppierung,noun,C2
eingängig,adjective,C1
einhaken,other,B1
einhalt,noun,C2
einhalten,noun,C2
einhalten,other,B2
einhaltung,noun,C2
einheimisch,adjective,C1
einheimische,noun,B2
einheit,noun,B1
einheitlich,adjective,B2
einheitsgedanken,noun,B2
einheitslook,noun,B2
einheitssound,noun,C1
einheitsstimmung,noun,C2
einhellig,adjective,C1
einher,adverb,C2
einher,other,C2
einhergehen,other,C1
einholen,other,B2
einhundert,number,C2
einhundertjährig,adjective,C1
einig,adjective,B2
einige,other,B2
einigen,other,B1
einigermaßen,adverb,C2
einigkeit,noun,C1
einigung,noun,C2
einigungsprozess,noun,C2
einjagen,other,C1
einjährig,adjective,B1
einkalkulieren,other,C2
einkapseln,other,C1
einkapselte,other,C1
einkassieren,other,A2
einkauf,noun,A2
einkaufen,noun,A2
einkaufen,other,A1
einkaufsbummel,noun,A2
einkaufsdialoge,noun,A2
einkaufskorb,noun,C1
einkaufsliste,noun,A2
einkaufsmeile,noun,A2
einkaufsmöglichkeit,noun,B2
einkaufspassage,noun,C1
einkaufsstraße,noun,A2
einkaufssumme,noun,C1
einkaufstasche,noun,C1
einkaufstypen,noun,A2
einkaufstüte,noun,A2
einkaufswagen,noun,A2
einkaufszentrum,noun,A2
einkaufszettel,noun,A2
einkehren,other,B1
einklagbar,adjective,C2
einklagen,other,C2
einklang,noun,C1
einkleiden,other,B1
einkommen,noun,C1
einkommensabhängig,adjective,C2
einkommensbescheinigung,noun,B2
einkommenshierarchie,noun,B1
einkommensnachweis,noun,B2
einkommensschere,noun,C1
einkommensteuer,noun,B1
einkäufer,noun,C2
einladen,other,A1
einladend,adjective,C2
einladung,noun,A1
einladungskarte,noun,C2
einlage,noun,C1
einlager,noun,C2
einlagern,other,C2
einlass,noun,A1
einlassen,other,B1
einlaufen,other,C2
einldaung,noun,B2
einleben,other,B2
einlegen,other,C2
einleiten,other,B2
einleitung,noun,B1
einleitungs-,other,B2
einlenken,noun,B2
einlesen,other,C2
einleuchtend,adjective,B1
einlieferung,noun,C1
einliegerwohnung,noun,A2
einloggen,other,A2
einlösen,other,C1
einmal,adverb,A2
einmal,noun,A1
einmalaufwendungen,noun,C2
einmaleins,noun,C2
einmalig,adjective,B2
einmalige,noun,B2
einmarsch,noun,B1
einmischen,other,C2
einmischung,noun,C2
einmonatig,adjective,B2
einnahme,noun,C1
einnahmequelle,noun,C2
einnahmeverlust,noun,C1
einnehmen,noun,C2
einnehmen,other,C2
einnisten,other,B2
einordnen,other,B2
einordnung,noun,C2
einpacken,noun,C1
einpacken,other,A2
einparken,noun,C1
einparken,other,C1
einparkhelfer,noun,C1
einpersonenhaushalt,noun,B1
einpflanzen,other,C2
einplanen,other,B2
einprogrammieren,other,C1
einprägen,other,C1
einrechnen,other,C2
einrechnungen,noun,B1
einreden,other,C1
einreiben,other,A1
einreichen,noun,B1
einreichen,other,B2
einreise,noun,B2
einreisebestimmung,noun,B1
einreisen,other,B2
einrichten,noun,A2
einrichten,other,A2
einrichtung,noun,C2
einrichtungsberater,noun,B2
einrichtungsberaterin,noun,A2
einrichtungsgegenstand,noun,C2
einrichtungshaus,noun,B2
einräumen,other,C2
eins,noun,C2
eins,number,A1
eins-zu-eins,noun,C2
eins-zu-eins-konzept,noun,C2
eins-zu-einsverhältnis,noun,C2
eins-zueins-lösung,noun,C2
einsam,adjective,B1
einsam-am-schreibtisch-sitzer,noun,B2
einsame,adjective,C1
einsamkeit,noun,C2
einsammeln,other,C1
einsatz,noun,C1
einsatzbereich,noun,C1
einsatzbereit,adjective,B2
einsatzbereitschaft,noun,B1
einsatzgebiet,noun,B2
einsatzmöglichkeit,noun,C1
einsatzort,noun,C1
einsatzstelle,noun,B2
einschafen,other,B2
einschalten,other,A2
einschaltquote,noun,B2
einscheren,other,B2
einschlafen,noun,C1
einschlafen,other,B1
einschlafstörung,noun,B2
einschlagen,other,C2
einschließen,other,B2
einschließlich,preposition,C2
einschläfernd,adjective,B2
einschlägig,adjective,C2
einschmeicheln,other,C2
einschmelzen,other,B2
einschneidend,adjective,C2
einschnitt,noun,C2
einschreiben,noun,B1
einschreiben,other,C2
einschreibst,other,C2
einschränken,other,B2
einschränkung,noun,C1
einschulen,other,C2
einschulung,noun,C2
einschulungsgeschenk,noun,B2
einschwören,other,C2
einschätzen,other,B2
einschätzung,noun,C1
einschüchternd,adjective,C1
einschüchterung,noun,C2
einsehen,noun,C2
einsehen,other,C2
einseitig,adjective,C1
einsendung,noun,B2
einserkastl,noun,B1
einsetzbar,adjective,B2
einsetzen,noun,C1
einsetzen,other,C2
einshoch6,adjective,C1
einshoch6,other,C1
einsicht,noun,C2
einsilbig,adjective,B2
einspannen,other,C2
einsparen,other,C1
einsparung,noun,A2
einspeicherung,noun,C2
einspeisen,other,C1
einsperren,other,B1
einspielen,noun,C1
einsprachig,adjective,B2
einsprachigen,adjective,B2
einspringen,other,C2
einspritzen,other,B2
einspruch,noun,B1
einst,adverb,C2
einstecken,other,B2
einsteigen,noun,A2
einsteigen,other,A1
einsteiger,noun,B2
einstein,noun,A1
einstein-zitat,noun,C2
einsteinturm,noun,B2
einstellbar,adjective,B2
einstellen,other,C1
einstellung,noun,B2
einstellungschance,noun,B2
einstellungstermin,noun,B2
einstens,noun,C1
einstieg,noun,B1
einstiegsgehalt,noun,A1
einstiegsjob,noun,C1
einstiegsthema,noun,B2
einstig,adjective,C2
einstimmen,other,B1
einstimmig,adjective,B1
einstimmigkeit,noun,B1
einstimmung,noun,C2
einstudieren,other,B2
einstufen,other,C2
einstufung,noun,B2
einstufungstest,noun,A2
einstweilig,adjective,C2
einstürmen,other,C1
einstürzen,other,B2
einstürzend,adjective,C2
eintagsfliege,noun,C2
eintauchen,noun,B2
eintauchen,other,B2
eintauschen,other,B2
eintausend,number,A1
einteilen,other,C1
einteilung,noun,C2
eintippen,other,C1
eintopf,noun,C2
eintopfbegriff,noun,C2
eintrag,noun,C1
eintragen,other,B1
eintragung,noun,B1
eintreffen,noun,C2
eintreffen,other,B2
eintreffend,adjective,C1
eintreiben,other,C2
eintreibung,noun,C2
eintreten,noun,C1
eintreten,other,C1
eintretend,adjective,C2
eintritt,noun,A1
eintrittsdatums,noun,C2
eintrittsermäßigung,noun,A2
eintrittskarte,noun,A2
eintrittstermin,noun,B1
eintrittswahrscheinlichkeit,noun,C1
eintrittszeitpunkts,noun,B1
einträglich,adjective,C1
eintägig,adjective,B2
eintönig,adjective,C1
einunddreißigste,adjective,A1
einundzwanzig,number,A1
einvernehmen,noun,A2
einvernehmlich,adjective,C1
einverstanden,adjective,A2
einverstehen,other,C1
einverständnis,noun,B2
einwand,noun,B1
einwanderer,noun,A2
einwandererfamilie,noun,B1
einwandern,other,B2
einwanderung,noun,B1
einwanderungsgesetz,noun,B2
einwanderungsland,noun,C2
einwandfrei,adjective,B2
einwegwindel,noun,C1
einweichen,other,A2
einweihen,other,B2
einweihung,noun,A2
einweihungsfeier,noun,B1
einweihungsparty,noun,A2
einweisen,other,C1
einwerfen,other,B2
einwilligung,noun,A2
einwilligungsfähigkeit,noun,C2
einwirken,other,C2
einwohner,noun,A1
einwohnerin,noun,B1
einwohnermeldeamt,noun,A1
einwohnerstark,adjective,C1
einwohnerzahl,noun,C1
einwurf,noun,B2
einzahlen,other,A1
einzahlung,noun,A1
einzelanfertigung,noun,B2
einzelangeboten,noun,C2
einzelberatung,noun,B2
einzelbüro,noun,C1
einzeldosis,noun,A2
einzeldüften,noun,C2
einzelfahrkarte,noun,A1
einzelfall,noun,C2
einzelgeschichte,noun,C2
einzelgewinns,noun,B1
einzelgänger,noun,C2
einzelhandel,noun,B2
einzelhaus,noun,C2
einzelheit,noun,B1
einzelinterview,noun,C1
einzelkind,noun,C2
einzelkämpfer,noun,B2
einzelleistung,noun,C1
einzeller,noun,C2
einzelmotiven,noun,C1
einzeln,adjective,C1
einzelne,noun,C2
einzelperson,noun,C2
einzelquelle,noun,C2
einzelstück,noun,B1
einzelteil,noun,C1
einzeltisch,noun,C1
einzeltischen,noun,C1
einzeltraining,noun,B1
einzelverbindungsnachweis,noun,B1
einzelwesen,noun,C1
einzelwettkampf,noun,B2
einzelzimmer,noun,B1
einziehen,other,B1
einzig,adjective,C2
einzigartig,adjective,C1
einzigartige,noun,B2
einzigartigkeit,noun,C2
einzigartigsten,adjective,B2
einzige,noun,C2
einzuführend,adjective,C1
einzug,noun,C2
einzugs-,other,B2
einzugsparty,noun,A1
einzwängen,other,C1
einﬂuss,noun,B1
eis,noun,A1
eisbach,noun,B1
eisbecher,noun,A2
eisbein,noun,B1
eisberg,noun,C1
eisbär,noun,C1
eischnee,noun,A2
eisen,noun,B2
eisenbahn,noun,B1
eisenbahnlinie,noun,C1
eisenbahnmuseum,noun,A1
eisenbahnschiene,noun,B1
eisenbahnstunden,noun,C1
eisenbahnverband,noun,C2
eisenindustrie,noun,B2
eisentür,noun,A2
eisern,adjective,C1
eiserne,noun,B1
eisernen,noun,B1
eisfach,noun,B2
eisfläche,noun,B2
eisglätte,noun,A2
eishockey,noun,B1
eisig,adjective,A2
eiskalt,adjective,C2
eiskasten,noun,B1
eisklettern,noun,B2
eiskristallmolekül,noun,C2
eiskunstlaufkarriere,noun,C1
eiskunstlauftraining,noun,C1
eiskunstläufer,noun,B2
eiskunstläuferin,noun,C1
eislaufen,noun,A1
eisler,noun,C1
eismaschinenfabrikant,noun,C1
eismeer,noun,B1
eisschild,noun,C1
eissorte,noun,A2
eistee,noun,A1
eiswarndienst,noun,C1
eiswarndienstes,noun,C1
eiszeit,noun,C1
eiszeitlich,adjective,C1
eitel,adjective,A2
eitelkeit,noun,C1
eitern,other,A1
eiternabende,noun,A2
eitrig,adjective,C2
eiweiß,noun,B1
eiweißbaustein,noun,C2
eiweißstoff,noun,C2
eizelle,noun,C1
ei|eiern,noun,B1
ejne,other,B2
ek,adjective,B2
ekel,noun,C2
ekelhaft,adjective,C1
ekelig,adjective,B1
ekeln,other,C1
ekg-protokoll,noun,B1
eklat,noun,C2
eklatant,adjective,C2
eklig,adjective,A2
eklige,noun,C2
ekliptik,noun,C1
ekstase,noun,C2
ekursion,noun,A1
el,adjective,B2
elan,noun,C2
elastisch,adjective,C1
elbmündung,noun,B2
elbphilharmonie,noun,B1
elbrus,noun,B2
elbterrassen,noun,C2
elbwiesen,noun,C2
elefant,noun,A1
elefantendame,noun,B2
elegant,adjective,A1
elegant-look,noun,A2
eleganz,noun,C2
elegie,noun,B2
elektrik,noun,A1
elektriker,noun,A2
elektrisch,adjective,C1
elektrisieren,other,C2
elektrizität,noun,C2
elektrizitätswerk,noun,C2
elektroauto,noun,B1
elektrode,noun,C2
elektrodynamik,noun,B2
elektrofachgeschäft,noun,B2
elektrofahrzeug,noun,B1
elektrogerät,noun,B2
elektroherd,noun,A2
elektroingenieur,noun,C2
elektroinstallateur,noun,A2
elektrolokomotive,noun,B2
elektromagnetisch,adjective,C1
elektromarkt,noun,A2
elektromechaniker,noun,B2
elektromobilität,noun,B1
elektromotor,noun,B1
elektromusikszene,noun,C2
elektronenmikroskop,noun,C2
elektronik,noun,B1
elektroniker,noun,C2
elektronikfirma,noun,A1
elektronikiietiieurin,noun,A1
elektronikladen,noun,B1
elektronisch,adjective,B2
elektrotechnik,noun,B2
elektrotechnik-firma,noun,C1
elektrotechnisch,adjective,B2
elektrovelo,noun,B1
elektrovelos,adjective,B1
elektrovelos,noun,B1
element,noun,B2
elementar,adjective,C1
elementar,noun,B1
elend,adjective,C1
elend,noun,B2
elf,number,A1
elfchen,noun,C1
elfenbein,noun,C1
elfenbein-instruments,noun,C1
elfenbeinflöte,noun,C1
elfenbeinküste,noun,B2
elfjährig,adjective,B1
elfjährige,noun,C1
elfmeter,noun,B1
elft,adjective,A1
elisabethplatz,noun,A1
elite,noun,C2
elite-highschool,noun,B2
elitegefühl,noun,C2
eliteschule,noun,C2
elitär,adjective,C2
elle,noun,C1
ellenbogen,noun,C1
ellenbogen-ländern,noun,B1
ellenlang,adjective,C2
ellipsenförmigen,adjective,C1
eloquent,adjective,C2
elster,noun,B2
eltem,noun,C2
elterlich,adjective,C2
elterminitiativen,noun,A2
eltern,noun,A2
eltern-kind-beziehung,noun,C1
elternabend,noun,A1
elternbeirat,noun,A2
elternbeziehungen,noun,C1
elterngeld,noun,A2
elterngeldes,noun,A2
elternhaus,noun,C2
elterninitiative,noun,A2
elternmitarbeit,noun,C1
elternpaar,noun,C1
elternsprechtage,noun,A2
elternteil,noun,B1
elterntelefon,noun,A2
elternversammlung,noun,B1
elternzeit,noun,A2
elßholzstraße,noun,A1
email,noun,A2
emanzipationsniveau,noun,C1
emanzipatorisch,adjective,C2
emanzipiert,adjective,C2
embl,noun,C1
embl-mitarbeitern,noun,C1
emblem,noun,C2
emblematische,adjective,C2
emblematischen,adjective,C2
embryo,noun,C2
embryonenschutzgesetz,noun,C1
emigrant,noun,B1
emigration,noun,C2
emigrieren,other,C2
eminem,adjective,A2
emission,noun,C1
emissionswert,noun,C2
emma-laden,noun,C2
emmas,noun,C2
emmi,adjective,B1
emmis,adjective,B1
emoticons,noun,C2
emotion,noun,B2
emotional,adjective,C1
emotionalität,noun,C2
emotionsforscher,noun,C2
emotionsfreien,adjective,C1
emotionsgetesteten,adjective,C2
emotionsmodell,noun,C2
emotionspsychologie,adjective,C2
empathie,noun,C2
empathisches,adjective,C2
empfang,noun,C1
empfangen,noun,C1
empfangen,other,B2
empfangsbereich,noun,C2
empfangschef,noun,C1
empfangsgebäude,noun,B2
empfangsgerät,noun,C2
empfangsraum,noun,B1
empfangssekretärin,noun,C1
empfangsspule,noun,C2
empfehlen,other,B1
empfehlenswert,adjective,C2
empfehlung,noun,C1
empfinden,noun,C2
empfinden,other,C1
empfindlich,adjective,C1
empfindung,noun,C2
empfindungswörter,noun,B2
empfindungswörtern,noun,B2
empfohlen,adjective,A2
empfunden,adjective,C2
empfänger,noun,C2
empfänglich,adjective,C2
empire,noun,B2
empirisch,adjective,C2
empor,other,B2
empören,other,C1
empört,adjective,C2
empörung,noun,C2
emser,noun,B2
emulative,adjective,C2
en,adjective,B1
en,other,C1
enabling,noun,C1
enatur,noun,A2
end,other,C2
ende,noun,A2
endeffekt,noun,C2
enden,other,A2
endend,adjective,B2
ende|enden,noun,C1
endfassung,noun,C1
endgerät,noun,C2
endgültig,adjective,C1
endhaltestelle,noun,B1
endlauf,noun,C2
endlich,adverb,A1
endlichkeit,noun,C1
endlos,adjective,C2
endmark,noun,C1
endorphine,noun,C2
endorphinen,noun,B2
endpunkt,noun,B2
endspiel,noun,A2
endspurt,noun,C2
endstation,noun,C2
endung,noun,B1
endungslose,adjective,C2
endverbraucher,noun,C1
endzeitstimmung,noun,C2
endziel,noun,C2
energetisch,adjective,C1
energie,noun,C1
energieaufwandes,noun,C1
energiebedarf,noun,C2
energiebranche,noun,B1
energiebündel,noun,C2
energieeinsparung,noun,C1
energiefrage,noun,C1
energiegewinnung,noun,B2
energieimpuls,noun,B1
energiekonzern,noun,B1
energiekosten,noun,B2
energielieferant,noun,C1
energiemanagement,noun,C1
energiemenge,noun,C1
energiepflanze,noun,C1
energiepflanzenanbau,noun,C1
energiepolitik,noun,B1
energieproblem,noun,C1
energieproduktion,noun,B1
energiequelle,noun,C1
energiereserve,noun,C1
energierohstoff,noun,C1
energiesparen,noun,B1
energiesparend,adjective,B1
energiesparendste,adjective,B2
energiesparlampe,noun,B1
energiesparmaßnahme,noun,C1
energiesparprojekt,noun,C1
energiesparverordnungen,noun,C2
energietechnik,noun,C1
energieträger,noun,C1
energieumsatz,noun,C2
energieverbrauch,noun,C1
energiewende,noun,C1
energiewert,noun,B2
energiezentrale,noun,C1
energisch,adjective,C1
enfant,noun,C2
eng,adjective,B1
engadin,noun,B1
engagement,noun,B2
engagement-atlas,noun,B2
engagieren,other,B1
engagiert,adjective,C2
engagierte,noun,C1
enge,noun,C2
engel,noun,B1
engelshaar,noun,C2
engen,other,C2
engineer,noun,B2
engineering-projekten,noun,B2
engl,other,C1
englisch,adjective,C1
englisch,noun,A1
englisch-deutsch,noun,B1
englische,adjective,B2
englische,noun,C1
englischkenntnis,noun,C2
englischkurs,noun,A2
englischlehrerin,noun,B2
englischsprachig,adjective,C1
englischunterricht,noun,B2
englischvokabeln,noun,C1
engländer,noun,C1
engländerin,noun,C1
engmaschiges,adjective,C1
engpass,noun,B2
enkel,noun,A2
enkelin,noun,C2
enkelkind,noun,A1
enorm,adjective,C1
enscheidung,noun,C1
ensemble,noun,A1
ent,adjective,B2
ent,other,B2
ent-lein,adjective,B2
entbehren,other,C2
entbinden,other,C2
entbindungsstation,noun,B1
entdecken,noun,C2
entdecken,other,C2
entdecker,noun,C2
entdeckerfreude,noun,C2
entdeckergeist,noun,C2
entdeckt,adjective,C2
entdeckung,noun,C1
entdeckungslust,noun,B1
entdeckungsreise,noun,B2
entdeckungsreisende,noun,B1
entdeckungstour,noun,B1
entdeckungswahrscheinlichkeit,noun,C2
entdoppeln,other,B2
ente,noun,B1
enteisen,other,B2
entenkeule,noun,B2
entern,other,C2
entertainer,noun,A1
entfachen,other,C2
entfacht,adjective,C2
entfallen,other,C1
entfalten,other,C2
entfaltung,noun,B2
entfernen,noun,C1
entfernen,other,C1
entfernt,adjective,B1
entfernung,noun,C1
entfesseln,other,C1
entfetten,other,C2
entfettete,adjective,C1
entfliehen,other,C2
entfremden,other,B2
entfremdung,noun,B2
entführen,other,B2
entführung,noun,C2
entgegen,other,C1
entgegen,preposition,C2
entgegenbringen,other,C1
entgegengesetzt,adjective,C2
entgegengezirpt,other,C1
entgegenhalten,other,C2
entgegenkommen,other,B2
entgegennehmen,other,B1
entgegensetzen,other,C2
entgegenstehen,other,C1
entgegenstellen,other,C2
entgegensteuern,other,C1
entgegentreten,other,C2
entgegenwirken,other,C2
entgegnen,other,C2
entgehen,other,C2
entgelt,noun,A2
entgrenzung,noun,B2
enthaarten,adjective,C2
enthalten,adjective,C2
enthalten,noun,B2
enthalten,other,B1
enthaupten,other,C2
enthusiast,noun,C1
enthüllen,other,C1
enthüllung,noun,C2
entkernen,other,C2
entkernung,noun,C2
entkommen,other,C2
entkräften,other,C2
entladen,other,C2
entlang,adjective,B2
entlang,adverb,B2
entlang,other,B1
entlang,preposition,B1
entlangrollen,other,B2
entlarven,other,C2
entlassen,adjective,B1
entlassen,other,B2
entlassung,noun,B2
entlassungswelle,noun,C1
entlasten,other,C1
entlastung,noun,B2
entlaufen,adjective,B2
entlaufen,other,B2
entlegen,adjective,C2
entlohnungssysteme,noun,B2
entmachten,other,B2
entmutigen,other,C1
entmystifizierung,noun,C2
entnehmen,other,B2
entnervt,adjective,B2
entpuppen,other,C1
entrichten,other,B2
enträtseln,other,C2
entrümpeln,other,B2
ents,noun,B2
entsandte,noun,B2
entscheiden,other,B1
entscheidend,adjective,C1
entscheidenen,adjective,B2
entscheidung,noun,C2
entscheidungsfindung,noun,C2
entscheidungsfrage,noun,C1
entscheidungsfragen,adjective,C1
entscheidungsfreude,noun,C1
entscheidungshilfe,noun,B1
entscheidungsorgan,noun,C1
entscheidungsproblem,noun,C1
entscheidungsprozess,noun,B1
entscheidungsstau,noun,C1
entscheidungsstärke,noun,C2
entscheidungsträger,noun,C2
entscheidungsweg,noun,C2
entschieden,adjective,C1
entschlacken,other,C1
entschlafen,other,C1
entschleunigen,other,C1
entschleunigt,other,B2
entschleunigte,adjective,C2
entschleunigung,noun,B2
entschließen,other,B1
entschlossen,adjective,B1
entschluss,noun,C1
entschlüpfen,other,C2
entschlüsseln,other,B2
entschlüsselung,noun,C2
entschuldigen,noun,A1
entschuldigen,other,A1
entschuldigung,noun,A1
entschädigung,noun,B2
entschädigungslos,adjective,B1
entsenden,noun,C2
entsetzen,noun,B2
entsetzen,other,C1
entsetzlich,adjective,C2
entsetzlichem,adjective,B2
entsetzt,adjective,C2
entsorgen,other,B2
entsorgung,noun,C2
entspannen,noun,A2
entspannen,other,A2
entspannend,adjective,C2
entspannt,adjective,A2
entspannung,noun,B2
entspannungsmusik,noun,A2
entspannungstechnik,noun,B2
entspannungstraining,noun,C1
entspannungsübung,noun,C1
entsperren,other,C1
entspiegelte,adjective,C1
entspinnen,other,C1
entsprechen,other,B2
entsprechend,adjective,C2
entsprechung,noun,C2
entspringen,other,C2
entstammen,other,C1
entstanden,adjective,C2
entstehen,noun,C1
entstehen,other,C1
entstehend,adjective,B2
entstehung,noun,C1
entstehungsphasen,noun,C1
entstehungszeit,noun,B1
entstehungszeitraum,noun,B2
entstellen,other,C2
enttarnen,other,C2
enttä,adjective,B2
enttäuschen,other,B2
enttäuschend,adjective,C1
enttäuscht,adjective,C1
enttäuschung,noun,C1
entweder,conjunction,B1
entwedereinschlapphut,noun,B2
entweichen,other,C2
entwenden,other,B2
entwerfen,noun,B2
entwerfen,other,C2
entwickeln,other,B2
entwickelt,adjective,C2
entwickl,noun,B2
entwickler,noun,B2
entwicklerteam,noun,C1
entwicklung,noun,B2
entwicklungsabteilung,noun,B1
entwicklungsaufgabe,noun,C2
entwicklungsbedarf,noun,C1
entwicklungsbiologe,noun,C1
entwicklungschance,noun,B2
entwicklungsdienstleistungen,noun,C1
entwicklungsfähig,adjective,B1
entwicklungsgeschichtlich,adjective,C2
entwicklungsgeschichtlicher,adjective,C2
entwicklungshelferin,noun,C2
entwicklungshilfe,noun,C2
entwicklungshilfe-institution,noun,C2
entwicklungsland,noun,C1
entwicklungsperspektive,noun,B2
entwicklungsplan,noun,B2
entwicklungsprozess,noun,B2
entwicklungspsychologen,noun,C2
entwicklungspsychologie,noun,C1
entwicklungspsychologin,noun,C2
entwicklungspsychologischen,adjective,C1
entwicklungsschub,noun,C1
entwicklungssprung,noun,C1
entwicklungsstufe,noun,C2
entwischen,other,C1
entworfen,adjective,C1
entwurf,noun,B2
entwurzeln,other,B1
entwurzelt,adjective,C2
entwöhnen,other,C1
entzaubern,other,C2
entzauberung,noun,C2
entziehen,other,C2
entziffern,other,C2
entzug,noun,C2
entzugssymptomen,noun,C2
entzwei,adverb,C1
entzweien,other,C2
entzückend,adjective,A2
entzünden,other,B2
entzündung,noun,C2
entzündungsfördernden,adjective,C2
environmental,noun,B1
enzym,noun,C2
epidemie,noun,C2
epilog,noun,C1
episch,adjective,C1
episode,noun,C2
episodenhaft,adjective,C2
episodisch,adjective,C2
epizentrum,noun,B2
epo,noun,C1
epoche,noun,C2
epochenunterricht,noun,C2
eppendorfer,noun,B1
eq,noun,C1
eqs,noun,C1
equipment,noun,C2
er,adjective,A2
er,noun,C1
er,pronoun,A1
er-,other,C1
erachten,noun,B2
erachten,other,B2
erarbeiten,other,B2
erarbeitung,noun,B2
erasmus-programme,noun,B2
erbanlage,noun,C2
erbanspruch,noun,C1
erbauen,other,B2
erbaut,adjective,C2
erbbausteine,noun,C1
erbe,noun,C2
erben,other,C2
erbeuten,other,B2
erbe|erben,noun,C2
erbgut,noun,C2
erbgutanalyse,noun,C2
erbinformation,noun,C2
erbkrankheit,noun,C1
erblich,adjective,B2
erblicken,other,C2
erbracht,adjective,C2
erbrechen,noun,C2
erbrechen,other,B2
erbringen,other,C2
erbringend,adjective,C1
erbse,noun,C2
erbsengeneration,noun,C2
erbstück,noun,B2
erbsubstanz,noun,C2
erbärmlich,adjective,C2
erdachse,noun,C1
erdacht,adjective,C2
erdanziehung,noun,C1
erdanziehungskraft,noun,C2
erdapfel,noun,A2
erdatmosphäre,noun,C1
erdbeben,noun,C1
erdbebenreichsten,adjective,C2
erdbeere,noun,B1
erdbeereis,noun,A2
erdbevölkerung,noun,B2
erdbewegung,noun,A2
erdboden,noun,C2
erde,noun,B1
erden,other,B2
erdenklich,adjective,C1
erdenkliche,noun,B2
erde|erden,noun,C2
erdgas,noun,C1
erdgas-autos,noun,C1
erdgasnetz,noun,C1
erdgeschoss,noun,A2
erdgeschosswohnung,noun,A2
erdkruste,noun,C1
erdkugel,noun,C2
erdkunde,noun,A2
erdnah,adjective,C2
erdnuss,noun,A2
erdnussöl,noun,A1
erdoberfläche,noun,C1
erdreich,noun,B2
erdrutsch,noun,B1
erdrückend,adjective,C2
erdsatellit,noun,C2
erdumlaufbahn,noun,C2
erdwärme,noun,C1
erdäpfelsalat,noun,A1
erdöl,noun,C1
erdölprodukt,noun,C1
erdöltropf,noun,C1
erdölvorrat,noun,B2
ereignen,other,C2
ereignis,noun,C1
ereilen,other,C2
erfahren,adjective,C2
erfahren,other,B1
erfahrung,noun,B1
erfahrungsaustausch,noun,B1
erfahrungsbericht,noun,B1
erfahrungsgemäß,adjective,C2
erfahrungsmustern,noun,C1
erfahrungsschatz,noun,C2
erfahrungswert,noun,C1
erfahrungswissen,noun,C1
erfassen,other,C1
erfassung,noun,C2
erfinden,other,C1
erfinder,noun,B2
erfinderin,noun,C1
erfinderisch,adjective,C1
erfinderladen,noun,A1
erfindung,noun,C1
erfindungsreich,adjective,C1
erfolg,noun,B2
erfolgen,other,C2
erfolgereiche,adjective,B2
erfolglos,adjective,B2
erfolgreich,adjective,B1
erfolgreich,noun,B2
erfolgreichentests,noun,C1
erfolgs-,other,C1
erfolgs-geschichten,noun,B1
erfolgsabhängig,adjective,C2
erfolgsaussicht,noun,C2
erfolgsbeteiligung,noun,B2
erfolgsdruck,noun,C1
erfolgserlebnis,noun,B2
erfolgsfaktor,noun,C1
erfolgsformel,noun,C1
erfolgsgeschichte,noun,C2
erfolgskontrolle,noun,C2
erfolgsmeldung,noun,C1
erfolgsmodell,noun,C1
erfolgsorientiert,adjective,C1
erfolgsorientierung,noun,A2
erfolgsquote,noun,C2
erfolgsregeln,noun,C1
erfolgsschlager,noun,C2
erfolgssendungen,noun,B2
erfolgszahl,noun,C1
erfolgszug,noun,C2
erfolgt,adjective,C2
erforderlich,adjective,C2
erfordern,other,C1
erfordernis,noun,C2
erfordert,adjective,C2
erforschen,noun,C1
erforschen,other,C1
erforscht,adjective,C1
erforschung,noun,C2
erfragen,other,A1
erfreuen,other,C1
erfreulich,adjective,B2
erfrischen,other,B1
erfrischend,adjective,C2
erfrischung,noun,A2
erfrischungsgetränk,noun,B2
erfrischungspausen,noun,C2
erfunden,adjective,C1
erfundene,noun,C2
erfurter,adjective,A2
erfüllen,other,B2
erfüllend,adjective,C1
erfüllt,adjective,C1
erfüllung,noun,B1
ergattern,other,C1
ergeben,adjective,B2
ergeben,other,C1
ergebms,noun,B1
ergebnis,noun,B2
ergebnisorientiert,adjective,C1
ergebnisorientiertes,adjective,C2
ergebnisorientierung,noun,C1
ergebnisprotokoll,noun,C2
ergebnisseder,noun,B2
ergehen,other,C2
ergo,adverb,C2
ergonomie,noun,A2
ergotherapeutische,adjective,B1
ergrauen,other,C1
ergreifen,other,B2
ergründen,other,C1
ergänzen,other,B1
ergänzung,noun,B1
ergänzungsstudium,noun,C2
erhaben,adjective,C2
erhabene,noun,C2
erhabenheit,noun,C2
erhalt,noun,C2
erhalten,adjective,C2
erhalten,noun,C2
erhalten,other,B2
erhaltung,noun,B2
erheben,other,C2
erheblich,adjective,C1
erhebung,noun,C2
erhitzen,other,A2
erhitzt,adjective,C1
erhoben,adjective,C2
erhoffen,other,C2
erhofft,adjective,B1
erholen,noun,B1
erholen,other,B1
erholen‚,other,B1
erholsam,adjective,A2
erholung,noun,A2
erholungsfunktion,noun,B2
erholungsphase,noun,C1
erhältlich,adjective,B2
erhärten,other,B1
erhöhen,noun,B2
erhöhen,other,B2
erhöht,adjective,C1
erhöhung,noun,C1
erich-honecker-doubles,noun,C1
erika,noun,B1
erin,noun,B1
erinnern,noun,C1
erinnern,other,A2
erinnernd,adjective,C1
erinnerung,noun,C1
erinnerungsforscher,noun,C1
erinnerungsfoto,noun,B1
erinnerungsgemeinschaften,noun,C2
erinnerungslücke,noun,B2
erinnerungsmustern,noun,C1
erinnerungsregionen,noun,C1
erinnerungsspur,noun,C2
erinnerungsvermögen,noun,C2
erkalten,other,B2
erkaltungstipps,noun,B2
erkaufen,other,C2
erkauft,adjective,C2
erkennbar,adjective,B2
erkennen,noun,A2
erkennen,other,C1
erkennend,adjective,C1
erkenntnis,noun,C1
erkenntnisfähigkeit,noun,C1
erkenntnisgewinn,noun,C2
erklimmen,other,C2
erklingen,other,C1
erklärbar,adjective,C2
erklären,noun,A2
erklären,other,B1
erklärend,adjective,A2
erklärlich,adjective,C2
erklärung,noun,C1
erklärungsversuch,noun,B2
erkranken,other,C1
erkrankt,adjective,C2
erkrankte,noun,C2
erkrankung,noun,C1
erkunden,other,B2
erkundigen,other,B1
erkundigung,noun,C2
erkundung,noun,C2
erkundungstour,noun,C2
erkälten,other,A1
erkältet,adjective,C1
erkältung,noun,A1
erkältungsviren,noun,C1
erkämpfen,other,C2
erlangen,other,B2
erlangung,noun,C2
erlass,noun,C2
erlassen,other,C1
erlauben,noun,B1
erlauben,other,A2
erlaubnis,noun,B2
erlaubt,adjective,A1
erlaubterweise,adjective,C1
erlaucht,adjective,C1
erlebbar,adjective,C2
erleben,noun,C2
erleben,other,A2
erlebnis,noun,B2
erlebnisbad,noun,A2
erlebnisbericht,noun,A2
erlebnisort,noun,A2
erlebnispark,noun,B1
erlebnisreich,adjective,B1
erlebnisreiches,adjective,C1
erlebnisreise,noun,B2
erlebniswelt,noun,C1
erlebniszentrums,noun,B2
erlebt,adjective,C1
erlebte,noun,C2
erledigen,other,B1
erledigt,adjective,C1
erledigte,noun,B1
erledigung,noun,C2
erlegen,other,C1
erlegt,adjective,B2
erleichtern,other,C2
erleichtert,adjective,C1
erleichterung,noun,B1
erleiden,other,C1
erlernbar,adjective,C2
erlernen,noun,B2
erlernen,other,B2
erlernt,adjective,B2
erlesen,adjective,C1
erleuchten,other,B2
erleuchtet,adjective,C2
erleuchtung,noun,C2
erliegen,noun,B2
erliegen,other,C1
erläutern,other,C1
erläuterung,noun,C2
erlös,noun,C2
erlöschen,other,C2
erlösung,noun,C1
erlös|erlösen,noun,C2
ermahnung,noun,B2
ermessen,noun,A2
ermitteln,other,C2
ermittelnd,adjective,C2
ermittler,noun,B2
ermittlertyp,noun,B2
ermittlung,noun,B2
ermittlungsgeschwindigkeit,noun,B2
ermittlungsverfahren,noun,C2
ermoglichen,other,C2
ermorden,other,B1
ermordet,adjective,C2
ermordung,noun,B2
ermuntern,other,C1
ermunterung,noun,C1
ermutigen,other,B1
ermäßigen,other,C2
ermäßigung,noun,A2
ermöglichen,other,B2
ermüdend,adjective,C1
ermüdung,noun,C1
ernannt,adjective,C2
ernennen,other,B1
ernennung,noun,C1
erneuerbar,adjective,C1
erneuerbaren-anteil,noun,C1
erneuern,other,C1
erneuerung,noun,C2
erneut,adjective,C1
erniedrigen,other,C1
ernnern,other,A2
ernst,adjective,B1
ernst,noun,B2
ernst,other,B1
ernst-ludwig-kirchner,noun,B1
ernst-moritzarndt-gymnasiums,noun,B2
ernstfall,noun,C1
ernsthaft,adjective,C1
ernsthaftigkeit,noun,C2
ernte,noun,B2
ernteeinsatz,noun,C1
erntefest,noun,B1
erntehelfer,noun,C1
ernten,other,A2
ernähren,other,B2
ernährung,noun,B1
ernährungsakademie,noun,C1
ernährungsberater,noun,C1
ernährungsberaterin,noun,B1
ernährungsberatung,noun,C2
ernährungsberichte,noun,B2
ernährungsexperte,noun,B2
ernährungsforschung,noun,B2
ernährungsgewohnheit,noun,C2
ernährungslehre,noun,C1
ernährungsministerium,noun,B2
ernährungsmärchen,noun,B2
ernährungspläne,noun,C1
ernährungsproblem,noun,C1
ernährungspsychologe,noun,C2
ernährungspsychologen,noun,C2
ernährungsstil,noun,C1
ernährungsstrategien,noun,C2
ernährungsstylisten,noun,C2
ernährungstyp,noun,C2
ernährungstyps,noun,C2
ernährungsumstellung,noun,A2
ernährungsverhalten,noun,B1
ernährungsweise,noun,B2
ernährungsweisheiten,noun,B2
ernährungswissenschaft,noun,B2
ernährungswissenschaftler,noun,C1
ernüchternd,adjective,B2
ernüchterung,noun,B1
eroberer,noun,C2
erobern,other,C1
erobert,adjective,C2
eroberung,noun,C2
erodierender,adjective,C2
erotik,noun,B2
erpressen,other,B2
erpresser,noun,B2
erpresst,adjective,B2
erpressung,noun,C2
erpressungsfall,noun,B2
erproben,other,C2
erprobungsphase,noun,C2
erquickenden,adjective,C1
erquicklicher,adjective,C1
erraten,other,A2
errechnen,other,C2
erregen,other,C2
erreger,noun,C2
erregt,adjective,C2
erregung,noun,C1
erregungszustand,noun,C1
erreichbar,adjective,B1
erreichbarkeit,noun,B2
erreichen,noun,C2
erreichen,other,B2
erreicht,adjective,B2
erreichung,noun,C1
errettung,noun,C1
errichten,other,C2
errichtet,adjective,B2
errichtung,noun,C2
errinerungen,noun,C1
erringen,other,C1
erritzt,other,C1
errungenschaft,noun,C2
erröten,other,C1
errührungskonzepte,noun,B2
ersatz,noun,C1
ersatz-speed,noun,C2
ersatzglieder,noun,C1
ersatzmotor,noun,B2
ersatzprodukt,noun,B2
ersatzspieler,noun,B2
ersatzstoff,noun,C2
ersatzteil,noun,C2
ersatzteilversorgung,noun,C2
ersatztube,noun,B1
ersatzweise,adjective,C1
ersaufen,other,C2
erschaffen,other,C2
erschafft,adjective,C1
erschaffung,noun,B2
erschauern,noun,C1
erscheinen,noun,B1
erscheinen,other,B2
erscheinend,adjective,C2
erscheinung,noun,C2
erscheinungsbild,noun,C2
erschienen,adjective,B2
erschlagen,other,C2
erschleichen,other,C2
erschleichung,noun,B2
erschließen,other,C1
erschließung,noun,C1
erschnüffeln,other,C2
erschrecken,other,B1
erschreckend,adjective,C2
erschreckt,adjective,B2
erschweren,other,C1
erschwindeln,other,C2
erschwinglich,adjective,C2
erschöpfen,other,C1
erschöpft,adjective,B1
erschöpfung,noun,C2
erschüttern,other,C2
erschüttert,adjective,C2
ersehnt,adjective,C2
ersetzen,other,C1
ersetzend,adjective,C2
ersichtlich,adjective,C1
ersinnen,other,B2
ersparen,other,C2
erspähen,other,C1
erssten,adjective,C1
erst,adjective,A2
erst,adverb,A1
erst,noun,C2
erstarkend,adjective,C2
erstarren,other,C2
erstarrt,adjective,B2
erstatten,other,C2
erstattung,noun,B1
erstaunen,noun,C1
erstaunen,other,B2
erstaunlich,adjective,C2
erstaunliche,noun,B2
erstaunlicherweise,adverb,C2
erstaunlichste,noun,C1
erstaunt,adjective,B1
erstausbildung,noun,B2
erstdann,adverb,B2
erste,adjective,B2
erste,noun,A2
erste-hilfe-ausrüstung,noun,C2
erste-hilfe-kurs,noun,B1
ersteigen,other,C1
ersteigern,other,B2
erstellen,noun,C1
erstellen,other,C1
erstellt,adjective,C2
erstellung,noun,B1
erstenhalbjahreszeugnis,noun,C2
erstenmal,noun,B2
erstens,adverb,A2
erstere,other,C2
erstgeborene,noun,C2
erstgut,adjective,C2
ersticken,other,C2
erstklassig,adjective,B2
erstkontakt,noun,C2
erstmal,adverb,C1
erstmalig,adjective,C1
erstmals,adverb,C2
erstrebenswert,adjective,C2
erstrebenswerte,noun,B2
erstrecken,other,B2
erstsemester,noun,C1
erstsemester-student,noun,B2
erstsprache,noun,C2
ertappen,other,C1
ertastbare,adjective,C2
ertasten,other,C1
erteilen,other,C2
erteilt,adjective,A1
erteilung,noun,B2
ertrag,noun,C2
ertragbar,adjective,C2
ertragen,other,C2
ertrinken,noun,B1
ertrinken,other,C1
erträglich,adjective,C1
erträglichkeit,noun,C2
erträumen,other,B1
erträumtes,noun,C2
ertönen,other,C2
erw,noun,C2
erwachen,other,B2
erwachsen,adjective,B1
erwachsen,other,B1
erwachsend,adjective,B1
erwachsene,noun,A2
erwachsenen,adjective,B2
erwachsenenalter,noun,C1
erwachsenenbildung,noun,B1
erwachsenengruppe,noun,C2
erwachsenenliteratur,noun,C2
erwachsenenspiel,noun,B1
erwachsensein,noun,C1
erwachsenwerden,noun,C2
erwandern,other,C1
erwartbar,adjective,C2
erwarten,other,B1
erwartend,adjective,C1
erwartet,adjective,C2
erwartung,noun,B2
erwartungsgemäß,adjective,B2
erwartungshaltung,noun,C2
erwecken,other,C1
erweisen,other,C1
erweitern,other,B2
erweitert,adjective,B2
erweiterte,adjective,C1
erweiterte,noun,C1
erweiterung,noun,C1
erwerb,noun,C1
erwerben,other,B2
erwerber,noun,C2
erwerbsarbeit,noun,B2
erwerbsfähige,noun,B2
erwerbslosigkeit,noun,C2
erwerbstätige,noun,C1
erwerbstätigkeit,noun,B1
erwerbsunfähigkeit,noun,C1
erwidern,other,B2
erwiesen,adjective,C1
erwirtschaften,other,C1
erwirtschaftet,adjective,C2
erwischen,other,C1
erworben,adjective,B2
erwägung,noun,C2
erwähnen,other,B2
erwähnt,adjective,C2
erwähnung,noun,C1
erwärmen,other,B2
erwärmend,adjective,B2
erwärmens,noun,B2
erwärmung,noun,B1
erwünscht,adjective,A2
erzbischof,noun,B2
erzeugen,other,C1
erzeuger,noun,C1
erzeugnis,noun,B2
erzeugt,adjective,B2
erzeugung,noun,C1
erzgebirge,noun,C1
erzgebirgische,adjective,C1
erziehen,noun,B1
erziehen,other,B2
erziehend,adjective,C2
erzieher,noun,B1
erzieherin,noun,B1
erzieherisch,adjective,C2
erziehung,noun,C1
erziehungnerufen,noun,B2
erziehungsarbeit,noun,B1
erziehungsberechtigt,adjective,B1
erziehungsberechtigte,noun,C2
erziehungsbuch,noun,C2
erziehungsbücher,noun,C1
erziehungsexperte,noun,C1
erziehungsfrage,noun,B2
erziehungskunst,noun,C2
erziehungsmethode,noun,B1
erziehungsminister,noun,B1
erziehungsministerium,noun,B2
erziehungsproblem,noun,A2
erziehungsratgebern,noun,C1
erziehungswissenschaftler,noun,B2
erziehungszeit,noun,C1
erzielbar,adjective,C1
erzielen,other,C1
erzielt,adjective,C2
erzwingen,other,B2
erzwungen,adjective,C2
erzähl,other,C1
erzählband,noun,B1
erzählen,noun,C2
erzählen,other,A1
erzähler,noun,C1
erzählerin,noun,B1
erzählerisch,adjective,B2
erzählformen,noun,C2
erzählforscher,noun,C2
erzählsammlung,noun,B2
erzählschichten,noun,C2
erzählstimme,noun,C1
erzählstruktur,noun,C1
erzählt,adjective,C2
erzählung,noun,C1
erzürnt,adjective,C2
eröffnen,other,B1
eröffnet,adjective,B2
eröffnung,noun,C2
eröffnungsansprache,noun,B2
eröffnungsrede,noun,C1
eröffnungsspiel,noun,C1
eröffnungsveranstaltung,noun,C1
erörtern,other,C2
erörterung,noun,C1
es,adjective,B2
es,noun,A1
es,pronoun,A1
esc,noun,A2
eseine,adjective,B2
esel,noun,A2
eselsbrücke,noun,C1
eselsohr,noun,B1
eskalieren,other,C1
eskapade,noun,C1
esoterisch,adjective,C1
espanol,noun,A1
espresso,noun,B1
espresso-maschine,noun,C1
espressomaschine,noun,B1
esprit,noun,C2
ess,adjective,C1
ess-stile,noun,C2
essay,noun,C2
essayist,noun,B2
essbar,adjective,B1
essbare,noun,C2
essbesteck,noun,C1
essbestecks,noun,C1
essen,adjective,B2
essen,noun,A1
essen,other,A1
essener,adjective,C2
essener,noun,C2
essensangebote,noun,C1
essenseinladung,noun,B1
essensgewohnheit,noun,A2
essenskasse,noun,C1
essenspause,noun,C2
essensrest,noun,A1
essenszeit,noun,A1
essentiell,adjective,C1
essenz,noun,C2
essgerät,noun,C1
essgeräte,noun,C1
essgewohnheit,noun,A2
essig,noun,C1
essigbrauerei,noun,B2
essigmarinade,noun,C1
esskultur,noun,C1
esslöffel,noun,A1
esssitten,noun,C1
essstäbchen,noun,A2
essstörung,noun,B2
esstisch,noun,A1
esstyp,noun,C2
essverhalten,noun,C1
essvorlieben,noun,A2
esswerkzeug,noun,C1
esszeiten,noun,C1
esszimmer,noun,A1
establishment,noun,C2
este,noun,B2
estnisch,adjective,A1
estragon,noun,A1
etablieren,other,C2
etabliert,adjective,C2
etage,noun,A1
etappe,noun,A1
etappenziel,noun,C1
etat,noun,C2
etc.,adverb,B2
ethanol,noun,C1
ethical,adjective,B2
ethik,noun,C2
ethikfragen,noun,C1
ethikkodexen,noun,C2
ethiktest,noun,C2
ethisch,adjective,C2
ethnisch,adjective,B2
ethnologe,noun,B1
ethnologin,noun,C2
ethologie,noun,C1
etikett,noun,B2
etikette,noun,C2
etikettenschwindel,noun,C1
etikettierung,noun,C1
etikett|etikette,noun,C1
etliche,other,C2
ettenhubers,noun,B1
etw,noun,C1
etwa,adverb,B2
etwas,adverb,A1
etwas,noun,A2
etwas,other,A1
etymologisch,adjective,C2
eu,noun,B1
eu-bürger,noun,B2
eu-durchschnitt,noun,B2
eu-durchschnitts,noun,B2
eu-generaldirektion,noun,B1
eu-klimapolitik,noun,B1
eu-kommissar,noun,B2
eu-kommission,noun,B1
eu-land,noun,B1
eu-ministerrat,noun,B1
eu-osterweiterung,noun,B2
eu-politik,noun,B1
eu-programm,noun,B1
eu-programms,noun,B2
eu-staat,noun,B1
eu-verbraucherkommissar,noun,B1
eu-verordnung,noun,B2
eu-verordnungen,noun,B1
eu-weit,adjective,A1
euer,other,A1
eule,noun,B2
eulen,noun,B2
eulen-typen,adjective,B2
euphemismus,noun,C2
euphorie,noun,C2
euphorisch,adjective,C2
euphorisierende,adjective,C2
eupolos,other,C1
eur,noun,A1
euraum,noun,B1
euregio,adverb,A1
euregio,noun,A1
euregio-projekt,noun,A1
euro,noun,A1
euro-kurses,noun,B1
euro-notruf,noun,A1
euro-region,noun,A1
eurode,adjective,B1
eurokrise,noun,C2
europa,noun,C2
europa-hauptstadt,noun,B2
europa-idealismus,noun,C2
europa-reise,noun,A1
europa-universität,noun,C1
europablumen,noun,B1
europacup-sieger,noun,A2
europaischen,adjective,B2
europaischen,noun,A1
europameister,noun,B2
europameisterin,noun,A2
europameisterschaft,noun,C1
europapokal,noun,A2
europarat,noun,C2
europarc-programm,noun,B2
europaroman,noun,B2
europastadt,noun,B1
europatreffen,noun,C1
europatreffens,noun,C1
europaweit,adjective,B1
europaweiteroder,adjective,C1
europawoche,noun,B1
europeers-programm,noun,B1
europäer,noun,B1
europäisch,adjective,B1
europäischen,adjective,B2
euros,adjective,A1
euroschein,noun,C2
euroscheine,noun,A1
eurostat,noun,B2
eurotunnel,noun,B1
eurovision,noun,A2
eurozone,noun,B1
euthanasieopfer,noun,B1
eva-infarkt,noun,C1
evaluation,noun,C2
event,noun,B2
event-managerinnen,noun,A1
eventagentur,noun,C2
eventmanagerin,noun,C2
eventmarketing,noun,B2
eventualität,noun,C2
eventuell,adjective,C2
evis,adjective,B1
evis,noun,B1
evolution,noun,C2
evolutionsbedingter,adjective,C2
evolutionsbiologe,noun,C2
evolutionsbiologisch,adjective,C2
evolutionsgeschichte,noun,C2
evolutionspsychologen,noun,C1
evolutionstheorie,noun,C1
evolutionär,adjective,C2
ewaldstraße,noun,B2
ewig,adjective,B2
ewigkeit,noun,C1
ex-außendienstler,noun,A2
ex-beziehungen,noun,B2
ex-literaturstudentin,noun,C1
ex-mann,noun,C2
ex-möbelpacker,noun,A1
exakt,adjective,C1
examen,noun,B2
examensnote,noun,C1
examensvorbereitung,noun,B2
excel-tabelle,noun,C1
excellence,noun,B2
excursionen,noun,B2
exekutivrat,noun,C1
exempel,noun,C2
exemplar,noun,B2
exerzitium,noun,C1
exfrau,noun,C1
exgatte,noun,B2
exil,noun,B1
existent,adjective,C1
existentiell,adjective,C2
existenz,noun,C2
existenzangst,noun,C1
existenzbedrohend,adjective,C2
existenzgefährdung,noun,B2
existenzgrundlage,noun,B2
existenzgründer,noun,B1
existenzkampf,noun,C1
existenzminimum,noun,C1
existenzproblem,noun,C2
existieren,other,C1
existierend,adjective,C2
existiert,adjective,B2
exklusiv,adjective,C2
exklusiv-domäne,noun,C2
exklusive,preposition,C2
exklusivstory,noun,B2
exkurs,noun,B1
exkursion,noun,A1
exkursionsprogramm,noun,A1
exmatrikulation,noun,B2
exmitarbeiter,noun,B2
exodus,noun,C2
exomars,noun,C2
exorbitant,adjective,B1
exot,noun,B2
exotik,noun,B2
exotisch,adjective,B1
exotisch,noun,C1
expandieren,other,B2
expandierend,adjective,C2
expansion,noun,C2
expedition,noun,B1
expeditionen,noun,B2
experiment,noun,C1
experimentalfilm,noun,C1
experimentell,adjective,C2
experimentieren,noun,C2
experimentieren,other,B1
experimentierkursen,noun,B2
experimentierlabors,noun,B2
experte,noun,B2
experten,noun,B1
experten-know-how,noun,C2
expertenaussage,noun,B2
expertengruppe,noun,B2
expertenrat,noun,C1
expertenschätzung,noun,C2
expertenteam,noun,B1
expertin,noun,B1
explizit,adjective,C2
explodieren,other,C1
explosion,noun,C2
explosiv,adjective,C1
expo,noun,B1
export,noun,A1
exportabteilung,noun,A2
exportfirma,noun,B2
exportieren,other,B1
exportkauffrau,noun,A2
exportprodukt,noun,B1
exportverbot,noun,B1
exposé,noun,C1
exposés,noun,C2
expr,noun,B2
expressbranche,noun,B2
expressfracht,noun,B2
expression-gruppe,noun,C1
expressionismus,noun,B2
expressionistisch,adjective,B2
expressionistisches,adjective,C1
expressiv,adjective,C2
extern,adjective,B2
externenprüfung,noun,B1
extra,adjective,A1
extra,noun,C2
extra-ballaststoffen,noun,B2
extra-gebühren,noun,B2
extra-service,noun,A2
extrabreite,adjective,B2
extrakt,noun,C1
extrastunde,noun,C2
extravagant,adjective,A2
extrem,adjective,C2
extrem,noun,C1
extrem-veganer,noun,B2
extrembeispielen,noun,C1
extrembügeln,adjective,B2
extrembügeln,noun,B2
extreme,noun,C1
extremfall,noun,C2
extremismus,noun,C2
extremjobber,adjective,C1
extremjobber,noun,C1
extremjobbern,noun,C1
extremjobbing,noun,C1
extremsituation,noun,C1
extremsport,noun,B2
extremsportart,noun,B2
extremsportarten,noun,B2
extremtelefonierer,noun,C2
extremwetter,noun,C1
extrovertiert,adjective,C1
exzellent,adjective,C1
exzellenzwettbewerb,noun,B2
exzentriker,noun,B1
exzentrisch,adjective,C2
exzessiv,adjective,C1
eıner,adjective,B2
f,adjective,B2
f,noun,B2
f8,noun,B1
fa,other,B2
fabel,noun,C2
fabelhaft,adjective,A2
fabelland,noun,C2
fabrik,noun,C2
fabrikanlage,noun,B1
fabrikant,noun,C2
fabrikarbeiter,noun,C2
fabrikationsgeheimnisse,noun,B1
fabrikgebäude,noun,C1
fabrikhof,noun,C1
fabrikmäßig,adjective,B2
face,noun,C2
facebook,noun,C2
facebook-chat,noun,C2
facebook-eintrag,noun,B1
facebook-fans,noun,B1
facebook-gründer,noun,B1
facebook-mitarbeitern,noun,B2
facebook-nutzer,noun,B2
facebook-nutzung,noun,B2
facebook-posts,noun,C1
facette,noun,C2
facettenreichsten,adjective,C2
fach,noun,C1
fachabitur,noun,B1
fachabteilung,noun,B2
fachanwalt,noun,C2
fachanwåltin,noun,B2
facharbeiter,noun,B2
fachartikels,noun,C2
facharzt,noun,C2
facharztstelle,noun,A2
fachausdruck,noun,C1
fachbegriff,noun,C1
fachbereich,noun,C2
fachbetrieb,noun,B1
fachbuch,noun,B2
fachen,other,B2
facher,noun,C1
fachgebiet,noun,B1
fachgerecht,adjective,C2
fachgeschäft,noun,A2
fachhochschulabschluss,noun,B2
fachhochschule,noun,B1
fachhochschulreife,noun,C2
fachhochschüler,noun,C2
fachidiot,noun,C2
fachinformatiker,noun,B1
fachinformationsangebote,noun,B2
fachintern,adjective,C2
fachjargon,noun,C2
fachkenntnis,noun,C2
fachkompetenz,noun,C1
fachkonferenz,noun,B1
fachkongress,noun,C2
fachkraft,noun,C2
fachkreis,noun,C1
fachkräftelücke,noun,C2
fachkräftemangel,noun,C2
fachkundig,adjective,C1
fachlehrer,noun,C1
fachleute,noun,C2
fachlich,adjective,C1
fachliche,adjective,C1
fachliche,noun,C1
fachliteratur,noun,C2
fachmagazin,noun,B2
fachmann,noun,C2
fachmesse,noun,B2
fachoberschule,noun,B1
fachpersonal,noun,C2
fachpraxen,noun,C2
fachpresse,noun,C2
fachqualifikationen,noun,B1
fachratgeber,noun,C1
fachrichtung,noun,C2
fachschule,noun,B1
fachsprache,noun,C1
fachtexte,noun,B1
fachtexten,noun,B1
fachthema,noun,C1
fachunterricht,noun,C1
fachverkäufer,noun,B2
fachverkäuferin,noun,B2
fachwelt,noun,C1
fachwerkhaus,noun,A1
fachwissen,noun,C1
fachzeitschrift,noun,C2
fach|fächer,noun,C2
fachärztin,noun,C2
fachöffentlichkeit,noun,B2
facility,noun,B1
fackelzug,noun,C2
facto,noun,C2
fade,adjective,B2
faden,noun,C1
fadenkreuz,noun,C2
fahnden,other,C2
fahndung,noun,C1
fahndungserfolg,noun,C2
fahne,noun,C2
fahnenappell,noun,C1
fahr,noun,A1
fahr'n,other,C1
fahr-stil,noun,B1
fahrattraktion,noun,C2
fahrausweis,noun,A2
fahrbahn,noun,A2
fahrdienst,noun,C1
fahren,noun,C1
fahren,other,A1
fahrend,adjective,C1
fahren|führen,other,C1
fahrer,noun,A1
fahrerin,noun,A2
fahrerkasse,noun,A2
fahrerlaubnissen,noun,B2
fahrgast,noun,A1
fahrgeld,noun,B2
fahrgemeinschaft,noun,A1
fahrgestell,noun,C1
fahrig,adjective,C1
fahrkarte,noun,A1
fahrkarten-automat,noun,C1
fahrkartenausgabe,noun,C1
fahrkartenautomat,noun,A1
fahrkartenkauf,noun,B1
fahrkartenschalter,noun,B2
fahrkomfort,noun,C1
fahrlehrer,noun,B1
fahrlässig,adjective,C2
fahrminute,noun,C2
fahrplan,noun,A1
fahrpreiserhöhung,noun,C2
fahrprüfung,noun,B2
fahrrad,noun,A1
fahrrad-handschuhe,noun,A1
fahrrad-rikscha,noun,A1
fahrrader,noun,B1
fahrradfahren,noun,A2
fahrradfahrer,noun,B2
fahrradfreund,noun,B2
fahrradfreundlich,adjective,B1
fahrradfreundlichste,adjective,B1
fahrradfreundlichsten,adjective,B1
fahrradgeschäft,noun,B2
fahrradkeller,noun,A1
fahrradnähe,noun,B2
fahrradpause,noun,A1
fahrradsachen,noun,A1
fahrradschuppen,noun,B1
fahrradsportart,noun,B1
fahrradstadt,noun,A1
fahrradstellplatz,noun,C2
fahrradstraße,noun,B1
fahrradtour,noun,A1
fahrradtransport,noun,C2
fahrradunfall,noun,B2
fahrradweg,noun,B2
fahrradwerk,noun,A2
fahrradwerkstatt,noun,C1
fahrschein,noun,C2
fahrscheinautomat,noun,C2
fahrscheinkontrolleur,noun,B1
fahrschule,noun,A1
fahrservice,noun,A2
fahrstuhl,noun,A2
fahrstuhlvorrichtung,noun,B1
fahrstunde,noun,C2
fahrt,noun,A1
fahrtraining,noun,B2
fahrtweg,noun,A2
fahrzeit,noun,B2
fahrzeug,noun,A2
fahrzeug-design,noun,B2
fahrzeugklasse,noun,A2
fahrzeugmotorisierung,noun,C1
fahrzeugpapier,noun,B1
faible,noun,C2
fair,adjective,B2
fairness,noun,C1
fakt,noun,C2
faktenlastige,adjective,B2
faktenwissen,noun,C1
faktor,noun,C2
faktum,noun,C2
fakultativ,adjective,C1
falkenhütte,noun,B1
falkensee,noun,A1
fall,noun,A2
falle,noun,B2
fallen,other,A2
fallend,adjective,C1
fallen|fällen,other,A2
fallen|gefallen,other,A2
falls,conjunction,B1
falls,noun,C2
fallschirm,noun,B2
fallschirmjäger,noun,C2
fallschirmspringen,noun,B2
fallschirmspringer,noun,B2
fallschirmspringerin,noun,A2
fallschirmsprunglizenz,noun,B2
fallstudie,noun,C2
fall|fällen,noun,C2
falsch,adjective,B1
falsche,adjective,C2
falsche,noun,B2
falsche-hoffnung-syndrom,noun,C1
falschen,adjective,B1
falschheit,noun,C2
faltbaren,adjective,C1
faltenfreie,adjective,C2
falter,noun,C2
falte|falten,noun,B1
faltig,adjective,B1
fame,noun,A2
familie,noun,A1
familiefest,adjective,A1
familien-nomaden,noun,B2
familienalbum,noun,B1
familienalltag,noun,B1
familienangehörige,noun,C2
familienarbeit,noun,C1
familienaufstellung,noun,C1
familienaufstellungen,noun,C1
familienband,noun,C2
familienbericht,noun,B1
familienbesuch,noun,B2
familienbetrieb,noun,A2
familienbezeichnungen,adjective,A1
familienbild,noun,C2
familienbäckerei,noun,A2
familienchronik,noun,C2
familiendinge,noun,B1
familiendokumenten,noun,B1
familiendrama,noun,A1
familienfeier,noun,B1
familienfest,noun,A1
familienforscher,noun,C2
familienfoto,noun,A1
familienfreundlich,adjective,B1
familienfreundlichkeit,noun,B1
familiengericht,noun,C2
familiengeschehen,noun,C2
familiengeschichte,noun,C2
familiengesundheit,noun,C1
familienglück,noun,A1
familiengründung,noun,B2
familienhilfs,noun,B2
familienhilfswerk,noun,B2
familienhotel,noun,B2
familienkonstellation,noun,C2
familienkreis,noun,C1
familienlandschaft,noun,B2
familienleben,noun,C1
familienmensch,noun,B1
familienministerin,noun,C1
familienmitglied,noun,C2
familienmodelle,noun,A2
familienname,noun,A1
familienoberhaupt,noun,C2
familienpackung,noun,C2
familienpension,noun,B2
familienphase,noun,B1
familienpolitik,noun,B1
familienporträtaufnahmen,noun,C1
familienprogrammen,noun,A2
familienrichter,noun,B2
familienrolle,noun,B2
familienschmuck,noun,B2
familiensendung,noun,A2
familiensoziologen,noun,B2
familienspaß,noun,C2
familienstand,noun,B1
familienstruktur,noun,C2
familiensuite,noun,C1
familientherapeutisch,adjective,C1
familientreffen,noun,B2
familienunterhalt,noun,B2
familienunternehmen,noun,B1
familienverband,noun,C1
familienverhältnis,noun,C2
familienversicherung,noun,B1
familienwert,noun,C1
familienwirklichkeit,noun,C2
familienzeit,noun,C2
familienzentrum,noun,C1
familienzusammenführung,noun,C2
familiär,adjective,C1
familiäre,noun,B1
famille,noun,A1
famllien,noun,B1
fan,noun,B1
fan,other,B1
fan-artikel,noun,B1
fan-meile,noun,A2
fanartikel,noun,A2
fanatisch,adjective,C1
fanclub,noun,C1
fang,noun,C1
fangbemühungen,noun,C1
fangen,other,A2
fanmeile,noun,B1
fanseiten,noun,B2
fanta,noun,A1
fantasie,noun,C1
fantasiefigur,noun,B2
fantasielos,adjective,B2
fantasiename,noun,B2
fantasiereichen,adjective,A2
fantasiertes,noun,C2
fantasievoll,adjective,C1
fantasiewelt,noun,C2
fantasiewelten,noun,B2
fantasiewesen,noun,A2
fantastisch,adjective,A1
fantastische,noun,C2
fantasy,noun,B1
fantasy-geschichten,noun,C1
fantasyspiele,noun,B1
farbberatung,noun,A2
farbe,noun,A1
farbechtes,adjective,C1
farbeffekt,noun,B1
farbeindruck,noun,C1
farbempfehlung,noun,B2
farbenfroh,adjective,A2
farbenindustrie,noun,C1
farbenlehre,noun,C1
farbenproduktion,noun,C1
farbenpsychologie,noun,C1
farbensehen,noun,C1
farbfehlsichtigkeit,noun,C1
farbfernseher,noun,A2
farbfilm,noun,C1
farbfilter,noun,C1
farbfoto,noun,C1
farbfotografie,noun,C1
farbgemälde,noun,C1
farbig,adjective,C1
farblich,adjective,C2
farblos,adjective,A1
farbname,noun,C1
farbpalette,noun,B2
farbpsychologie,noun,C1
farbpsychologisch,adjective,C1
farbrezeptoren,noun,C1
farbsehen,noun,C1
farbsehens,noun,C1
farbspektrum,noun,C1
farbstift,noun,B2
farbstoff,noun,B2
farbton,noun,C2
farbtopf,noun,C1
farbtupfer,noun,C2
farbunterschieden,noun,C1
farbvariante,noun,C2
farbwahrnehmung,noun,C1
farbwahrnehmungen,noun,C1
farbwirkung,noun,C1
farm,noun,B2
farmer,noun,B1
farmsystems,noun,B1
farmville,noun,C1
fasching,noun,A1
faseln,other,C1
faser,noun,C1
fashion,noun,B2
fasnacht,noun,A1
fasnet,noun,A2
faso,noun,B2
fass,noun,C1
fassade,noun,C1
fassen,noun,C2
fassen,other,B1
fassung,noun,C2
fassungslos,adjective,B2
fast,adverb,A2
fast,noun,C2
fast-akademiker,noun,C2
fast-armlänge,noun,B1
fast-food-kette,noun,C2
fast-food-liebhaber,noun,C2
fast-food-restaurant,noun,C2
fast-food-trend,noun,C1
fast-gleichklang,noun,C2
fasten,other,B1
fastensonntag,noun,A2
fastenzeit,noun,A2
fastfood,noun,B2
fastfood-branche,noun,B2
fastnacht,noun,A1
faszination,noun,C2
faszinieren,other,A2
faszinierend,adjective,B2
fasziniert,adjective,C1
fatal,adjective,C2
fatalismus,noun,C2
fauchen,other,B1
faul,adjective,A1
faulenze,other,B1
faulenzen,noun,C1
faulenzen,other,B2
faulenzertum,noun,B2
faulenzten,adjective,C1
faulerer,adjective,C2
faulheit,noun,C2
faulstich,noun,C1
faultier,noun,A2
fauna,noun,C2
faust,noun,C1
faust-,other,B2
faustdick,adjective,C1
fauxpas,noun,C1
favorisieren,other,B2
favorit,noun,B1
fax,noun,C2
faxanschluss,noun,B2
faxe,noun,A1
faxen,other,B2
faxgerät,noun,C1
fazit,noun,B1
faßbinder,noun,B2
fbi-agentin,noun,B1
feature,noun,B2
febr,noun,A1
febronie,noun,C1
februar,noun,A1
fechten,other,C2
federer,noun,A1
federführung,noun,C2
federgewicht,noun,B2
federleicht,adjective,B2
federvieh,noun,B2
feder|federn,noun,B2
fedex,noun,C1
fee,noun,B2
feedback,noun,A1
fegen,noun,B1
fegen,other,B1
fehl,noun,C1
fehl,other,C2
fehlanzeige,noun,C1
fehlbesetzung,noun,C2
fehldiagnose,noun,C2
fehleinschätzung,noun,C1
fehlen,noun,C2
fehlen,other,A2
fehlend,adjective,C2
fehlende,noun,A2
fehlentscheidung,noun,C2
fehlentwicklung,noun,C1
fehler,noun,B1
fehleranalyse,noun,C2
fehlerbehebung,noun,C2
fehlerfrei,adjective,B2
fehlerhaft,adjective,C1
fehlerlos,adjective,B2
fehlermeldung,noun,B2
fehlfunktion,noun,C1
fehlinterpretation,noun,C2
fehlkalkulation,noun,C1
fehlschlag,noun,C2
fehlschluss,noun,C2
fehlstellung,noun,C1
fehltag,noun,C1
fehltritt,noun,C2
fehlurteil,noun,C2
fehlverhalten,noun,C2
feier,noun,A1
feierabend,noun,A1
feierabendbier,noun,C2
feierabendruh,noun,C2
feierlagen,noun,B1
feierlaune,noun,B1
feierlich,adjective,C2
feierlichkeit,noun,B1
feierlichste,adjective,C1
feiern,other,A1
feiernabend,noun,C2
feierplattform,noun,B1
feiertag,noun,A2
feiertags-,other,B2
feiertagsarbeit,noun,A2
feier|feiern,noun,A2
feige,noun,B2
feigenblatt,noun,C2
feigling,noun,B2
feilen,other,B2
feile|feilen,noun,B2
fein,adjective,C1
feind,noun,C2
feindesabwehr,noun,C2
feindinnen,noun,C2
feindlich,adjective,C2
feindlicher,adjective,B1
feindselig,adjective,C1
feindseligkeit,noun,B1
feine,noun,B1
feingefühl,noun,C1
feingewebt,adjective,B2
feinheit,noun,C2
feininger,noun,B2
feinkostläden,noun,C2
feins,adjective,C2
feinsandige,adjective,C2
feinschmecker,noun,B2
feinschmecker-restaurant,noun,C2
feinstaub,noun,C1
feinstaubbelastung,noun,C1
feinste,noun,C1
feld,noun,B1
feldarbeit,noun,C1
feldarzt,noun,C2
feldhaus,noun,B2
feldhausener,noun,B2
feldmessen,noun,C2
feldrand,noun,B2
feldtheorie,noun,B2
felge,noun,A2
fell,noun,B2
fellmers,noun,C1
fellx,adjective,A2
fels,noun,B2
felsen,noun,B1
felsenriffe,noun,B1
felsformation,noun,B2
felskünstler,noun,B2
felsvorsprung,noun,C2
feminin,adjective,A2
feminine,noun,C1
fen,adjective,A1
fenchel,noun,B2
feng-shui-gärten,noun,B2
fenster,adjective,B1
fenster,noun,A1
fenster-theater,noun,B2
fensterbranche,noun,C2
fensterbrett,noun,B1
fensterglas,noun,C2
fensterindustrie,noun,C2
fensterladen,noun,A2
fensterlos,adjective,C2
fensterplatz,noun,A1
fensterputzen,noun,B2
fensterputzer,noun,A1
fensterrahmen,noun,C1
fergo,noun,A1
ferien,noun,A1
ferienangebot,noun,B1
ferienclub,noun,B1
feriendorf,noun,C2
feriendorf-see,noun,C2
feriengrüße,noun,B2
ferienhaus,noun,B1
ferienhotel,noun,B2
ferienlager,noun,B1
ferienort,noun,B1
ferienpark,noun,B2
ferienquartier,noun,B1
ferienregion,noun,B1
ferienregionl,noun,B1
ferienreise,noun,C2
ferientag,noun,C2
ferientermin,noun,A1
ferienwohnung,noun,A1
ferienzeit,noun,C1
ferligten,other,B2
fern,adjective,B1
fern,other,A1
fern,preposition,C1
fernab,adverb,C2
fernbedienung,noun,A2
fernbeziehung,noun,B1
fernbeziehungen,noun,B2
ferne,noun,C2
fernfahrer,noun,B2
fernglas,noun,B1
fernhalten,other,C1
fernhandels,noun,B2
fernkommunikation,noun,C2
fernlehrgang,noun,B1
fernliebe,noun,B2
fernlieben,noun,B2
fernmeldegeheimnis,noun,B2
fernost,noun,C2
fernpendler,noun,B2
fernreise,noun,B1
fernreisetätigkeit,noun,C2
fernscher,noun,A1
fernseh-moderatorin,noun,C2
fernseh-profis,noun,C2
fernseh-studio,noun,C2
fernsehabend,noun,B1
fernsehanbieter,noun,A2
fernsehangebote,noun,C2
fernsehapparat,noun,A1
fernsehbild,noun,C2
fernsehdiskussion,noun,C1
fernsehempfänger,noun,A2
fernsehen,noun,A2
fernsehen,other,A2
fernseher,noun,A1
fernsehfigur,noun,C2
fernsehfiktionen,noun,C2
fernsehfilm,noun,A1
fernsehgattungen,noun,C2
fernsehgerät,noun,A2
fernsehgesellschaft,noun,B1
fernsehgucken,noun,C1
fernsehjournalistin,noun,B1
fernsehkarriere,noun,B2
fernsehkommissare,noun,B2
fernsehkonsum,noun,C1
fernsehkrimi,noun,B2
fernsehköchen,noun,B1
fernsehleute,noun,A2
fernsehmacher,noun,B2
fernsehmechaniker,noun,B1
fernsehmoderator,noun,A2
fernsehnachricht,noun,C1
fernsehnation,noun,C2
fernsehpreis,noun,C1
fernsehproduktion,noun,A1
fernsehproduzent,noun,B1
fernsehprogramm,noun,A2
fernsehpräsenz,noun,A2
fernsehpublikum,noun,A2
fernsehquote,noun,B2
fernsehschauspielerin,noun,B2
fernsehsender,noun,C1
fernsehsendung,noun,A2
fernsehserie,noun,C2
fernsehsessel,noun,B2
fernsehsoziologen,adjective,C2
fernsehspiel,noun,B2
fernsehstube,noun,A2
fernsehtechniker,noun,B1
fernsehturm,noun,A1
fernsehuniversität,noun,B2
fernsehverhalten,noun,B2
fernsehzeitung,noun,A2
fernsehzuschauer,noun,B2
fernshehen,noun,A2
fernsprechgerät,noun,B2
fernsprechnetz,noun,C2
fernstudium,noun,A2
fernuniversität,noun,B2
fernverkehr,noun,B1
fernweh,noun,C2
ferrari-fahrer,noun,C1
ferres-momente,noun,C1
ferse,noun,B1
fertig,adjective,A1
fertig,other,B1
fertigen,other,B1
fertiggericht,noun,B1
fertiggerichtvarianten,noun,B2
fertigkeit,noun,B2
fertigpizza,noun,C2
fertigprodukt,noun,B2
fertigschnitzel,noun,C1
fertigstellen,other,B2
fertigstellung,noun,B2
fertigung,noun,C1
fertigungsländern,noun,C2
fertigware,noun,C1
ferüg,adjective,C1
feser,noun,A1
fessel,noun,C1
fesseln,other,C2
fesselnd,adjective,C1
fest,adjective,B2
fest,noun,A2
fest,other,C1
festanstellung,noun,B1
festesse,noun,A1
festgefügt,adjective,C1
festgehalt,noun,C2
festgelegt,adjective,C1
festgenommene,noun,C2
festgeschrieben,adjective,C2
festhalten,other,C1
festigen,other,C2
festigung,noun,C2
festival,noun,A2
festival-look,noun,B2
festivalauftritte,noun,C1
festland,noun,B1
festlegen,other,B1
festlich,adjective,A2
festliche,noun,A2
festlichkeit,noun,B2
festmenü,noun,B2
festmenüs,noun,B2
festnehmen,other,C1
festnetz,noun,C2
festnetzanschluss,noun,A2
festnetzapparat,noun,B1
festplatte,noun,C2
festpreis,noun,A2
festschnallen,other,C2
festschreiben,other,C2
festsetzen,other,B2
festspiel,noun,B2
festsspiele,noun,B1
feststehen,other,C1
feststellen,other,C1
feststellung,noun,C1
festtag,noun,C2
festtagsstimmung,noun,C1
festtagstracht,noun,B2
festumzug,noun,B1
festung,noun,C1
festwiese,noun,B1
festzelt,noun,A2
festzuhalten,noun,C2
fetischcharakter,noun,C1
fett,adjective,A1
fett,noun,B1
fettabsaugen,noun,C2
fettarm,adjective,B1
fettfleck,noun,B1
fettfrei,adjective,C1
fetthaltig,adjective,C1
fetthaltiges,noun,C1
fettig,adjective,B2
fettig-heißen,adjective,C2
fettorientierten,adjective,C1
fettpolster,noun,C1
fettspeicher,noun,C1
fettsäure,noun,B2
fettverbrenner,noun,C1
fettwerten,noun,C1
feucht,adjective,A2
feuchtigkeit,noun,C2
feuer,noun,A2
feuerholz,noun,B2
feuerleiter,noun,A2
feuerlöscher,noun,C2
feuern,other,C1
feuersturm,noun,C2
feuert,noun,C1
feuerwehr,noun,A2
feuerwehrfrau,noun,B1
feuerwehrleute,noun,B2
feuerwehrmann,noun,A1
feuerwerk,noun,A2
feuerzangenbowle,noun,C1
feuerzeichen,noun,B1
feuerzeug,noun,A1
feuilleton,noun,C2
feuilletonist,noun,B2
fever,noun,C2
fhs,noun,B1
fiakerkutscher,noun,A2
fichte,noun,C1
fieber,noun,A1
fieberhaft,adjective,C2
fieberthermometer,noun,B2
fielding,noun,C2
fieng,other,C2
fiepen,other,C1
fietze,other,B2
fifth,noun,A2
figur,noun,C1
figuren,noun,B2
figurenstudie,noun,C1
fiktion,noun,C2
fiktionale,adjective,C2
fiktionaler,adjective,C2
fiktiv,adjective,C2
fiktive,noun,C2
filiale,noun,A2
filialleiter,noun,B2
filialleiterin,noun,B2
filigran,adjective,C2
film,noun,A2
film-produktionen,noun,C2
film-schauspieler,noun,A1
film-stationen,noun,B1
film-wochenende,noun,B2
filmabend,noun,B2
filmabspieler,noun,C1
filmbeitrag,noun,B2
filmbeschreibungen,noun,A2
filmbild,noun,B2
filmcrew,noun,B1
filmemacher,noun,A2
filmen,other,B1
filmfan,noun,A1
filmfestival,noun,A2
filmfragment,noun,C2
filmgeschäft,noun,C2
filmgesellschaft,noun,B1
filmhochschule,noun,B1
filmkritikerin,noun,B2
filmkultur,noun,C1
filmmagazin,noun,A2
filmmuseum,noun,A1
filmpreis,noun,B1
filmproduktion,noun,B1
filmproduktionsgesellschaft,noun,C1
filmregisseur,noun,C1
filmreif,adjective,B2
filmrolle,noun,C1
filmschauspieler,noun,B1
filmsequenz,noun,B2
filmstar,noun,A1
filmstorys,noun,B2
filmstudio,noun,C1
filmsynchronisation,noun,C1
filmszene,noun,C1
filmteam,noun,A2
filmtip,noun,A2
filmund,noun,A1
filmverbrechens,noun,C2
filmvorlage,noun,B2
filmwelt,noun,A2
filteranlage,noun,B2
filtern,other,C1
filtertüte,noun,A2
filterung,noun,C2
filzmoos,noun,B2
filzmooser,noun,B2
filztasche,noun,B2
final,adjective,C1
finale,noun,B2
finalist,noun,C1
finanz,noun,B1
finanzamt,noun,C2
finanzbeamte,noun,B2
finanzbedarf,noun,B1
finanzberater,noun,B2
finanzblase,noun,C2
finanzbuchhaltung,noun,B1
finanzdienstleister,noun,C1
finanzexperte,noun,C2
finanzexpertin,noun,C2
finanziell,adjective,C1
finanzielle,noun,B2
finanzier,noun,C2
finanzierbar,adjective,C2
finanzieren,other,A2
finanzierer,noun,C1
finanziert,adjective,C2
finanzierung,noun,C2
finanzierungsinstitut,noun,C1
finanzierungslage,noun,C2
finanzierungsmodell,noun,B1
finanzierungsmöglichkeit,noun,C1
finanzierungsplan,noun,C2
finanzierungsproblem,noun,B1
finanzierungsprogramm,noun,C2
finanzierungsverhandlung,noun,B2
finanzinstitut,noun,A2
finanzirung,noun,C2
finanzjongleuren,noun,C2
finanzkrise,noun,C2
finanzlage,noun,C2
finanzmarkt,noun,C2
finanzmaßnahme,noun,C2
finanzminister,noun,B1
finanzpolitik,noun,B1
finanzsenator,noun,B1
finanzstark,adjective,B1
finanzsystem,noun,C1
finanzvorstand,noun,B2
finanzwelt,noun,B1
finanzwesen,noun,C2
finanzwesenund,noun,C2
finanzwissenschaftler,noun,C2
finanzzentrum,noun,B1
finde,adjective,B1
finde,other,B1
finden,noun,B1
finden,other,A1
findend,adjective,C1
finder,noun,C2
finderlohn,noun,C2
findet,adjective,B1
findig,adjective,C1
findung,noun,B2
finger,noun,B2
fingerabdruck,noun,A2
fingerspiel,noun,C1
fingerspitze,noun,C1
fingerspitzen-staaten,noun,B1
fingerspitzengefühl,noun,C2
fingervariante,noun,C1
fingiert,adjective,C2
finit,adjective,B2
finkaufen,noun,A2
finne,noun,B2
finnisch,adjective,C2
finnischkurs,noun,A2
finns,noun,B1
fins,adjective,B2
finster,adjective,C2
firlefanz,noun,B1
firma,noun,A1
firmament,noun,C2
firmanamen,noun,B2
firmen-homepage,noun,B2
firmen-organigramm,noun,B1
firmenauflösungen,noun,C2
firmenblogs,noun,B2
firmenboss,noun,C1
firmenbudget,noun,C1
firmenchef,noun,A2
firmendrucker,noun,B2
firmeneigen,adjective,C1
firmenevent,noun,B2
firmenfeier,noun,B2
firmengeheimnis,noun,C2
firmengeld,noun,C1
firmengeschichte,noun,C2
firmengruppe,noun,C1
firmengründer,noun,B2
firmengründung,noun,A2
firmeninhaber,noun,C2
firmenjubiläum,noun,C1
firmenkultur,noun,B2
firmenkunde,noun,C1
firmenleitung,noun,B2
firmennachweis,noun,C2
firmenname,noun,A2
firmenparkplatz,noun,B1
firmenrechnern,noun,C1
firmenschublade,noun,C2
firmensitz,noun,C1
firmensprecher,noun,C1
firmenvertreter,noun,B2
firmenverzeichnis,noun,C1
firmenzentrale,noun,C1
firmunterricht,noun,B1
first,noun,B2
first,other,C1
first-class,noun,C2
first-class-hotellerie,noun,C2
fisch,noun,A1
fischart,noun,B2
fischaufzucht,noun,B1
fischbestand,noun,B2
fischbuffet,noun,A1
fischen,other,C1
fischer,noun,C1
fischerboot,noun,C1
fischereimeisterin,noun,A1
fischerin,noun,A1
fischermütze,noun,C1
fischernetz,noun,C2
fischfarm,noun,B2
fischfilet,noun,A2
fischgericht,noun,A1
fischkutter,noun,B2
fischmarkt,noun,B1
fischotter,noun,B2
fischrestaurant,noun,C1
fischschwarm,noun,C1
fischstäbchen,noun,A2
fischsuppe,noun,B1
fischverkäuferin,noun,B1
fisch|fischen,noun,C2
fish-spa,noun,B1
fit,adjective,A2
fitness,noun,A1
fitness-center,noun,B2
fitness-centers,noun,C2
fitness-nation,noun,C1
fitness-studio,noun,A1
fitness-trainerin,noun,B2
fitness-umfrage,noun,A1
fitnessangebot,noun,B1
fitnessangebote,noun,B1
fitnessangeboten,noun,B1
fitnessbereich,noun,A2
fitnesscenter,noun,B2
fitnesskorb,noun,B1
fitnesslehrerin,noun,B2
fitnesspanorama,noun,B2
fitnessplan,noun,A2
fitnessprogramm,noun,B2
fitnessraum,noun,B1
fitnessstudio,noun,A1
fitnesstraining,noun,B2
fitten,other,B2
fitter,adjective,A2
fiume,noun,B2
five,noun,C1
fix,adjective,C1
fixieren,other,C2
fixiert,adjective,C2
fixierung,noun,C1
flach,adjective,A2
flach,other,A2
flachbild-tv,noun,C2
flachbildschirm,noun,B2
flachbädschirm,noun,B2
flacherer,adjective,C2
flachsen,other,C2
flackern,other,C2
flackernd,adjective,B1
fladenbrot,noun,B2
flagge,noun,B1
flagshipstore,noun,A1
flair,noun,C1
flake,noun,B1
flamenco-abend,noun,C1
flamenco-konzert,noun,C1
flamenco-könig,noun,C1
flamme,noun,C2
flanieren,noun,B2
flanke,noun,C2
flasche,noun,A2
flaschenhals,noun,C1
flaschenpost,noun,A1
flaschnerei,noun,B1
flash,noun,B2
flashmob,noun,B2
flat,noun,A2
flatrate,noun,C2
flattern,other,C1
flauschig,adjective,B2
flechten,other,B2
flechtheim,noun,C2
fleck,noun,B1
flecken,noun,A2
fleckenmittel,noun,C1
fleckig,adjective,B1
fledermaus,noun,C2
fleer,noun,B2
flehen,other,C1
fleisch,noun,A1
fleischbrühe,noun,A1
fleischbällchen,noun,B2
fleischdebatte,noun,B2
fleischer,noun,C2
fleischerei,noun,B2
fleischessern,noun,B2
fleischextrakt,noun,B2
fleischfabrikant,noun,B2
fleischfetzen,noun,C1
fleischlos,adjective,C2
fleischmahlzeiten,noun,C2
fleischpreises,noun,C1
fleischproduktion,noun,C1
fleischsorte,noun,C2
fleischtopf,noun,B1
fleischverarbeiter,noun,C1
fleischverweigerer,noun,B2
fleischverzicht,noun,B2
fleischware,noun,B2
fleiß,noun,C2
fleißig,adjective,A1
flensburger,noun,B1
flexetarier,noun,B2
flexibel,adjective,B1
flexibilität,noun,B2
flexible,noun,A2
flexitarier,noun,B2
flexitariern,noun,B2
flickschuster,noun,C1
flickschusters,noun,C1
fliederfarbenem,adjective,B2
fliege,noun,B2
fliegen,other,A1
fliegend,adjective,B2
fliegenpilz,noun,C1
flieger,noun,B1
fliege|fliegen,noun,B2
fliehen,other,A2
fliese|fliesen,noun,B2
fließband,noun,C2
fließbandfabrik,noun,C2
fließbandprodukten,noun,C1
fließen,other,C1
fließend,adjective,B2
flimmerkiste,noun,A2
flimmern,noun,C2
flimmern,other,B2
flink,adjective,C1
flinte,noun,C1
flips,other,B2
flirt,noun,C2
flirten,other,B2
flirtratgeber,noun,C2
flirtratgebern,noun,C2
flirttrainer,noun,B2
flitterwoche,noun,A2
floh,noun,B2
floh-falle,noun,B2
flohmarkt,noun,A1
floors,noun,B2
flop,noun,C2
flora,noun,C2
florenz-,other,B2
florierend,adjective,C2
florist,noun,C2
floskel,noun,A2
floskelhaft,adjective,C1
flott,adjective,C1
flotte,noun,B2
flow,noun,C2
floß,noun,C2
floßbesatzungen,noun,C2
floßfahrt,noun,B1
floßleben,noun,C2
floßreise,noun,C2
fluch,noun,C2
fluchen,noun,A2
fluchen,other,A2
fluchend,adjective,B1
flucht,noun,C1
fluchtaktion,noun,B2
fluchttunnel,noun,B2
fluchtversuch,noun,B2
fluchtweg,noun,B2
flug,noun,B2
flugangst,noun,B2
flugasche,noun,C2
flugausfall,noun,B2
flugausfälle,noun,B2
flugbegleiter,noun,A2
flugbegleiterin,noun,A2
flugbereich,noun,C2
flugbestätigung,noun,B1
flugblatt,noun,C1
flugdistanz,noun,B2
flugeinsatzpläne,noun,C2
flugemissionen,noun,C1
fluggast,noun,B2
fluggastrechte,noun,B2
fluggesellschaft,noun,B2
flughafen,noun,A1
flughafen-cafe,noun,A1
flughafenangestellter,noun,B2
flughafengebühr,noun,B2
flughafensprecher,noun,B2
flughofen,noun,B2
flugkapitän,noun,A1
flugkörper,noun,C2
fluglehrer,noun,C2
fluglärm,noun,A2
flugmanöver,noun,C1
flugmaschine,noun,B2
flugmeilen,noun,B2
flugplatz,noun,A2
flugreise,noun,C1
flugsicherheitsbeauftragte,noun,B1
flugstrecke,noun,B2
flugstunde,noun,C2
flugticket,noun,A1
flugumbuchungen,noun,B2
flugverbot,noun,B1
flugverkehr,noun,B2
flugverspätung,noun,B2
flugzeit,noun,A1
flugzeug,noun,A1
flugzeugabsturz,noun,C1
flugzeugbau,noun,B2
flugzeughavarien,noun,C1
flugzeugkabine,noun,C1
flugzeugmechaniker,noun,A2
flugzeugsitzbank,noun,C2
flugzeugtrolley,noun,A2
flugzeugtrolleys,noun,A2
flugzeugtyp,noun,B2
flugzulage,noun,A1
fluide,adjective,C2
flur,noun,A1
flushing,noun,C2
fluss,noun,A1
flussabwärts,adverb,C2
flussig,adjective,B2
flusslandschaft,noun,B2
flusstal,noun,A2
flut,noun,C1
flutkatastrophe,noun,C1
flutwelle,noun,C2
flyer,noun,B1
fläche,noun,C1
flächendeckend,adjective,C1
flöte,noun,C1
flötenspieler,noun,C1
flüchten,other,A2
flüchtend,adjective,B1
flüchtende,noun,C2
flüchtig,adjective,A2
flüchtigkeitsfehler,noun,B1
flüchtling,noun,C2
flüchtlingsamt,noun,A2
flüchtlingskind,noun,A2
flüchtlingsstrom,noun,C1
flügel,noun,C2
flüsschen,noun,B2
flüssig,adjective,C1
flüssigkeit,noun,B2
flüssigkeitsdampf,noun,C2
flüssigkeitsleitung,noun,C2
flüstern,other,C2
flüsterst,other,C1
focus-herausgeber,noun,C2
fogelvreien,noun,C1
fokus,noun,A1
fokussieren,other,C2
fokussiert,adjective,C2
fokussierung,noun,C1
fokussierungslinse,noun,C1
folge,noun,C1
folgeerkrankung,noun,C1
folgejahr,noun,B1
folgemonats,noun,A2
folgen,other,B1
folgend,adjective,B1
folgende,noun,B2
folgendermaßen,adverb,C1
folgenlos,adjective,C2
folgenreich,adjective,C2
folgenschwer,adjective,C2
folgerichtig,adjective,C2
folgetag,noun,B2
folgezeit,noun,C2
folglich,adverb,B2
folgsame,noun,C2
folie,noun,B1
folklore,noun,B2
folkloreabend,noun,C2
folkloristisch,adjective,B2
folkwang,noun,C2
folkwang-hochschule,noun,C1
folter,noun,C2
fom,noun,C1
fondation,adjective,C1
fondation,noun,C1
fonds,noun,C2
fondue,noun,A1
fontes,noun,B1
food,noun,C1
foodie-trend,noun,B1
foodies,adjective,B1
foodies,noun,B1
foodsharing-plattform,noun,C1
football,noun,B2
footprint,noun,C1
foppen,other,C1
for,other,C1
ford,noun,C2
ford-werk,noun,C2
fordern,other,B2
forderung,noun,C2
forelle,noun,B2
forensisch,adjective,B2
forgas,noun,C1
form,noun,B2
formal,adjective,A1
formalität,noun,B1
formalkram,noun,B2
format,noun,C1
formel,noun,C2
formel-1-fahrern,noun,B2
formel-1-rennen,noun,B2
formel-1-weltmeister,noun,B2
formell,adjective,C2
formelleren,adjective,B2
formen,other,C1
formgerechter,adjective,C2
formieren,other,C2
formierung,noun,C2
formlosigkeit,noun,C2
formreinheit,noun,B2
formsache,noun,C2
formschön,adjective,B2
formular,noun,A1
formulare,noun,B2
formularwesen,noun,B2
formulieren,noun,C1
formulieren,other,B2
formulierend,adjective,C1
formulierung,noun,B2
formwahrung,noun,C2
forsa-umfrage,noun,B1
forsch,adjective,B2
forschen,noun,B2
forschen,other,C2
forschend,adjective,C2
forscher,noun,C1
forscheraussagen,noun,C1
forscherboot,noun,C2
forscherehepaar,noun,C1
forschergeist,noun,C2
forschergruppe,noun,C2
forscherin,noun,C1
forscherinnenkarriere,noun,C1
forschersprache,noun,C2
forscherteam,noun,B2
forscherwelt,noun,B2
forschung,noun,C1
forschungs-,other,C1
forschungsabteilung,noun,C1
forschungsarbeit,noun,C2
forschungsaufenthalt,noun,B1
forschungsbibliothek,noun,B2
forschungseinrichtung,noun,B2
forschungseisbrecher,noun,C2
forschungsergebnis,noun,C1
forschungsgegenstand,noun,C1
forschungsgruppe,noun,C2
forschungsinstitut,noun,C1
forschungslabor,noun,B1
forschungsmeinung,noun,C2
forschungsprojekt,noun,C1
forschungsreise,noun,B1
forschungsreisende,noun,B1
forschungsrichtung,noun,C1
forschungsroutine,noun,B2
forschungsstation,noun,C2
forschungsteam,noun,B2
forschungsverbandes,noun,C1
forschungszentren,noun,C1
forsthaus,noun,C1
forstwirt,noun,B1
forstwirtinnen,noun,B1
forstwirtschaft,noun,C2
forstwissenschaften,noun,B2
fort,adverb,C2
fort,noun,B2
fort,other,C1
fortan,adverb,C1
fortbestand,noun,C1
fortbestehen,other,C2
fortbilden,other,A2
fortbildung,noun,A2
fortbildungsmöglichkeit,noun,C1
fortführen,other,C2
fortführung,noun,C2
fortgang,noun,C1
fortgeschritten,adjective,C2
fortgeschrittene,noun,A2
fortpflanzung,noun,C2
fortschreitend,adjective,C2
fortschritt,noun,C1
fortschrittsgläubiges,adjective,C2
fortsetzen,other,A2
fortsetzung,noun,C1
fortsetzungsarten,noun,C2
fortsetzungsformen,noun,C2
fortsetzungsgeschichte,noun,B2
fortwährend,adjective,C2
forum,noun,C1
forumsbeitrag,noun,B1
forumsbeiträge,noun,B2
forumsdiskussion,noun,B2
forßmann,noun,C1
fossil,adjective,B1
fossilienmuseum,noun,A1
foto,noun,A1
fotoalbum,noun,A1
fotoamateur,noun,A2
fotoapparat,noun,A1
fotoarchiv,noun,A1
fotoaufnahme,noun,B2
fotoausrüstung,noun,C1
fotoausstellung,noun,B2
fotobeitrag,noun,B2
fotobeitrage,noun,B2
fotoeffekts,noun,B2
fotograf,noun,C1
fotografie,noun,C1
fotografie-geschichte,noun,C1
fotografiekurs,noun,A2
fotografieren,noun,A1
fotografieren,other,A1
fotografiert,adjective,C1
fotografierte,noun,C1
fotografiestudium,noun,C1
fotografin,noun,A2
fotografisch,adjective,C1
fotohandelskette,noun,C1
fotoideen,noun,B2
fotokaufmann,noun,C2
fotokopie,noun,B2
fotokopierer,noun,C1
fotokurs,noun,B2
fotokünstler,noun,C1
fotolabor,noun,A1
fotomodell,noun,A2
fotomontage,noun,C1
fotomotiv,noun,C1
fotopionier,noun,C1
fotoprojekt,noun,B2
fotoprojekts,noun,B2
fotorunde,noun,B1
fotosammlungen,noun,B2
fotosensor,noun,C1
fotoshooting,noun,B2
fotostammtisch,noun,B1
fotostudio,noun,B2
fototermin,noun,B2
foul,noun,B2
foundation,noun,B2
foxterrier,noun,B1
foyer,noun,C1
fracht,noun,C2
frage,noun,A1
fragebogen,noun,C1
fragen,other,A1
fragend,adjective,B1
fragesatz,noun,C1
fragestellung,noun,C1
fragetechniken,noun,B1
fragewort,noun,A2
fragewörter,adjective,A1
fragewörter,noun,A1
fragezeichen,noun,C1
fragil,adjective,C2
fraglich,adjective,C1
fragment,noun,C1
fragwürdig,adjective,C2
fraktionssitzung,noun,C1
framm,noun,C2
francisco,noun,B2
franke,noun,C2
frankfurter,adjective,B1
frankfurter,noun,A2
frankfurterin,noun,A2
frankieren,other,C1
frankreich,adjective,B2
frankreich,noun,A2
frankreich-urlauber,noun,A1
franziskaner,noun,B1
franziskanerkloster,noun,A2
franzose,noun,A1
französin,noun,B1
französisch,adjective,B1
französisch,noun,A1
französisch-kurse,noun,A2
französische,noun,B2
französischkenntnis,noun,B2
französischkurs,noun,B1
französischsprachig,adjective,B2
fratzscher,noun,C1
frau,noun,A1
frauchen,noun,B1
frauchens,adjective,B1
frauen,noun,C2
frauen-ausflug,noun,A1
frauen-fitnessstudio,noun,A2
frauen-nationalmannschaft,noun,A1
frauenanteil,noun,C1
frauenarzt,noun,C1
frauenbeauftragte,noun,C1
frauenberatungsstelle,noun,A2
frauenberuf,noun,A1
frauenbild,noun,C1
frauenfeld,noun,A2
frauenfußball,noun,A2
frauenfußball-nationalmannschaft,noun,A2
frauenförderung,noun,B2
frauengesundheitsbericht,noun,C1
fraueninitiative,noun,B2
frauenkirche,noun,A1
frauenklamotte,noun,A2
frauenkleidung,noun,C1
frauenliebhaber,noun,B1
frauenmagazin,noun,B1
frauenmannschaft,noun,B2
frauennotruf,noun,A2
frauenquote,noun,B2
frauensache,noun,B2
frauensport,noun,A2
frauenthema,noun,B2
frauentyp,noun,C2
frauenwahlrecht,noun,B1
frauenwesen,noun,C1
frauenzeitschrift,noun,B2
fraunhofer-entwicklungen,noun,B2
fraunhofer-gesellschaft,noun,B2
fraunhofer-institut,noun,B2
fraunhofers,adjective,B2
freak,noun,C1
frech,adjective,B2
frechheit,noun,B1
freddy,adjective,A1
freddy-quinn-fanclubs,noun,B2
free,noun,B2
free-solo-klettern,noun,B2
freeclimbing,noun,B2
freeclimbings,noun,B2
freekickerz,adjective,C1
freekickerz,noun,C1
frei,adjective,A1
frei,other,A1
freibad,noun,A2
freiberg,noun,C1
freiberuflich,adjective,B2
freiburg,noun,C1
freiburger,adjective,B1
freie,noun,B2
freifläche,noun,C2
freigabe,noun,C1
freigeben,other,C2
freigebigkeit,noun,C2
freigegeben,adjective,A2
freihalten,other,B2
freihandbereichs,noun,B2
freiheit,noun,A1
freiheitlich-demokratisch,adjective,C2
freiheitsstrafe,noun,C2
freiherr,noun,C1
freihändig,adjective,B2
freikaufen,other,C2
freiklettern,noun,B2
freilandmuseum,noun,B2
freilassen,other,B2
freilassung,noun,B2
freilegen,other,C2
freilich,adverb,C2
freilichtmuseum,noun,B2
freiluftbereich,noun,C2
freiluftkunstausstellung,noun,B2
freiraum,noun,C2
freischalten,other,C2
freischwinger-stuhl,noun,C2
freisetzen,adjective,B2
freisetzen,other,C1
freisprechanlage,noun,C1
freisprechen,other,C1
freistaat,noun,C1
freistellen,other,C2
freistoß,noun,B2
freitag,noun,A1
freitagabend,noun,A1
freitagmittag,noun,A1
freitagmorgen,noun,B1
freitagnachmittag,noun,A2
freitags,adverb,A2
freitagvormittag,noun,A1
freiwillig,adjective,B2
freiwillige,noun,B2
freiwilligen,adjective,C2
freiwilligenagenturen,noun,C1
freiwilligenarbeit,noun,B2
freiwilligendienst,noun,C1
freiwilligentätigkeit,noun,B2
freiwillirendienste,noun,C1
freiwillisendienst,noun,C1
freizeit,noun,A1
freizeitaktivität,noun,A1
freizeitangebot,noun,C1
freizeitanlage,noun,B1
freizeitbad,noun,B2
freizeitbeschäftigung,noun,B2
freizeitbroschüre,noun,B2
freizeitforschung,noun,B2
freizeitgeschehen,noun,C2
freizeitgesellschaft,noun,B2
freizeitkleidung,noun,B2
freizeitkleidung+,adjective,B2
freizeitkonto,noun,A2
freizeitland,noun,A2
freizeitmöglichkeit,noun,B2
freizeitorganisationen,noun,B2
freizeitoutfit,noun,C1
freizeitpark,noun,C2
freizeitprogramm,noun,A2
freizeitschatzsucher,noun,C2
freizeitsport,noun,C1
freizeitsportler,noun,C1
freizeittätigkeit,noun,B1
freizeitverein,noun,B2
freizeitvergnügen,noun,B2
freizeitverhalten,noun,B2
freizeitzentren,noun,A2
freizugig,adjective,B2
freizügig,adjective,B2
freizügigkeit,noun,C2
fremd,adjective,B1
fremd,other,C1
fremde,noun,B2
fremdfinanzierung,noun,C1
fremdheit,noun,B1
fremdkapital,noun,C1
fremdleistung,noun,B2
fremdsprache,noun,B2
fremdsprachenkennt-nisse,noun,A1
fremdsprachenkenntnis,noun,C2
fremdsprachenkorrespondent,noun,B1
fremdsprachenlernen,noun,B2
fremdsprachenlernens,noun,B2
fremdsprachensekretär,noun,B1
fremdsprachenunterricht,noun,C2
fremdsprachenvermittlung,noun,B2
fremdsprachig,adjective,B1
fremdunternehmen,noun,C2
fremdwahrnehmung,noun,C2
fremdwort,noun,C2
french,noun,C2
frendlichen,adjective,B2
frenetisch,adjective,C2
frequenz,noun,C2
fressen,noun,C1
fressen,other,B1
fressfeind,noun,C2
frettchenhaft,adjective,C1
freude,noun,B2
freudenfeier,noun,B1
freudenfest,noun,C2
freudenschreien,noun,C2
freudenträne,noun,C1
freudig,adjective,C2
freudlos,adjective,C2
freudvolles,adjective,C1
freuen,other,A2
freund,noun,A1
freunde,noun,B1
freunde-finder,noun,B1
freunde-finder-seite,noun,B1
freundefinder,noun,B1
freundesgruppen,noun,C2
freundeskreis,noun,B1
freundin,noun,A1
freundl,noun,B2
freundlich,adjective,A2
freundlicherweise,adverb,C1
freundlichkeit,noun,B2
freundlichste,noun,C1
freundschaft,noun,A2
freundschaftlich,adjective,B2
freundschaftsbezeigungen,noun,C2
freundschaftsgeschichte,noun,A2
freundschaftskonzepte,noun,B2
freundschaftsspiel,noun,A2
friede,noun,C2
frieden,noun,C2
friedensarbeit,noun,B1
friedensbewegung,noun,C1
friedensgebet,noun,B2
friedensinitiative,noun,B2
friedenskämpfer,noun,C2
friedensnobelpreis,noun,C2
friedensperiode,noun,B1
friedenspreis,noun,B2
friedenspreise,noun,C2
friedenssicherung,noun,C2
friedfertig,adjective,B2
friedfertigkeit,noun,B2
friedhof,noun,A2
friedlich,adjective,C1
friedrich,adjective,C1
friedrich-ebert-gymnasium,noun,B1
friedrich-schiller-gymnasium,noun,A1
friedrich-schiller-universität,noun,A1
friedrich-straße,noun,A1
friedrichshafen,noun,A2
friedrichstaße,noun,B2
friedrichstraße,noun,A1
friend,adjective,C1
friendlich,adjective,B2
friends,noun,C2
frieren,other,B2
frieren|gefrieren,other,A2
friesisch,adjective,B1
frikadelle,noun,A2
frisbee,noun,B1
frisch,adjective,A1
frische,noun,A1
frische-korb,noun,B1
frischeschub,noun,C1
frischgebacken,adjective,C2
frischgefertigten,adjective,B2
frischling,noun,C1
frischs,noun,C1
frischwasser,noun,B2
friseur,noun,A1
friseurin,noun,A1
friseursalon,noun,B1
friseurteam,noun,B1
friseuse,noun,C2
frisiere,other,B1
frisieren,other,C2
frist,noun,C2
fristeinhaltung,noun,C2
fristgerecht,adjective,C2
fristlos,adjective,B2
frisur,noun,A2
frisör,noun,A1
frisörin,noun,A2
frisörsalon,noun,A1
frites,adjective,A1
frites,noun,A2
fritten-bude,noun,B2
froh,adjective,A2
frohe,adjective,B1
frohliche,adjective,B2
frohnatur,noun,C1
frohsinn,noun,C2
front,noun,C2
frontallappen,noun,C1
frontbericht,noun,C1
frontdienst,noun,C2
frontstadt,noun,C2
fronturlaub,noun,C1
frontwagenpaar,noun,C2
frosch,noun,B2
frost,noun,B1
frostig,adjective,B2
frostschaden,noun,C1
frostschutzmittel,noun,C1
frotteehandtuch,noun,B2
frottieren,other,C1
frucht,noun,B2
fruchtaroma,noun,C2
fruchtbarkeitssymbol,noun,C1
fruchtcocktail,noun,A1
fruchteis,noun,A2
fruchtfliege,noun,C1
fruchtgummihersteller,noun,B2
fruchtig,adjective,B2
fruchtlos,adjective,C2
fruchtsaft,noun,B2
fruchtsaftkonzentraten,noun,B2
fruchtwein,noun,C1
fruhstück,noun,B1
frust,noun,C1
frustessen,noun,C2
frustesser,noun,C2
frustesserund,noun,C2
frustration,noun,C2
frustrieren,other,C2
frustriert,adjective,C1
frutaner,noun,B2
frutarier,noun,B2
frutariern,noun,B2
frutti,noun,B2
fränkisch,adjective,B2
fränkische,noun,C1
fräreschacke,noun,A2
fräulein,noun,C1
fröhlich,adjective,A2
fröhlichkeit,noun,B1
frösteln,other,C1
früchtekompott,noun,A1
früchtetee,noun,A1
früh,adjective,A1
früh,noun,B1
frühaufsteher,noun,A1
frühbucherpreis,noun,B2
frühbucherrabatt,noun,B2
frühdienst,noun,A1
früher,adjective,A2
früher,adverb,A2
frühere,noun,C1
früherkennung,noun,B1
frühert,other,C1
frühestens,adverb,C2
frühestmöglich,adjective,C2
frühförderung,noun,C1
frühgeschichte,noun,C2
frühgeschichtlich,adjective,C2
frühjahr,noun,B2
frühjahrs-aktion,noun,A1
frühjahrschecks,noun,B1
frühjahrsprogramm,noun,B1
frühkindlich,adjective,C2
frühling,noun,A1
frühlingsluft,noun,B1
frühlingstag,noun,B1
frühmesse,noun,B1
frühmorgens,adverb,A1
frührente,noun,B1
frührentner,noun,C1
frührentnerin,noun,A1
frühschicht,noun,B2
frühsommer,noun,C2
frühstack,noun,A1
frühstunde,noun,C1
frühstück,noun,A1
frühstücken,other,A1
frühstücksbrot,noun,B2
frühstücksbrötchen,noun,C2
frühstücksbuffet,noun,B1
frühstücksbüffet,noun,B2
frühstückspause,noun,B2
frühstücksraum,noun,A1
frühstücksservice,noun,B1
frühstückstisch,noun,B1
frühstückstyp,noun,C1
frühwarnsystem,noun,C1
frühwarnung,noun,C1
frühzeitig,adjective,C1
fuchs,noun,A1
fuchs-gewürze,noun,B2
fuchsen,other,C1
fuentes,noun,A1
fugger'schen,adjective,C1
fugger-lilie,noun,C1
fuggerei,noun,B1
fuggern,noun,C1
fuhrt,other,B2
fuhrung,noun,B2
fuhrwerk,noun,C2
full-service-werbeagentur,noun,C2
fun-sport,noun,C2
fun-sportart,noun,B2
fund,noun,C2
fundament,noun,C2
fundamental,adjective,C1
fundamt,noun,C2
fundbüro,noun,A2
fundieren,other,B1
fundiert,adjective,C1
fundstück,noun,C2
fundund,noun,A2
fundus,noun,C2
fungieren,other,C2
funk,noun,C1
funkausstellung,noun,B2
funke,noun,B2
funkeln,noun,C1
funkeln,other,A2
funkelndsten,adjective,C2
funken,noun,C2
funken,other,C2
funken-abbrennen,noun,A2
funken-fest,noun,A2
funkenfest,noun,A2
funkenflug,noun,C2
funknetz,noun,B1
funksignal,noun,C2
funktion,noun,C2
funktional,adjective,A2
funktionalismus,noun,B2
funktionalität,noun,C2
funktionell,adjective,B2
funktionieren,other,A1
funktionierend,adjective,C1
funktionierte,adjective,B1
funktionsbauten,noun,C2
funktionsfähig,adjective,C1
funktionstüchtig,adjective,C1
funktionsweise,noun,C2
funkuhr,noun,A2
funpark,noun,C2
fur,adjective,B2
fur,other,B2
furcht,noun,C1
furchtabr,adjective,B1
furchtbar,adjective,A2
furchtbare,noun,C1
furchtlos,adjective,C2
furios,adjective,B1
furore,noun,C1
fusion,noun,C1
fusionieren,other,C1
fussball-lied,noun,B1
futscher,noun,C1
futter,noun,C1
futtert,adjective,C1
futur,noun,B1
fuß,noun,A1
fußabdruck,noun,C1
fußbad,noun,C1
fußball,noun,A1
fußball-bund,noun,B2
fußball-champions-league,noun,C2
fußball-club,noun,A2
fußball-dirndl,noun,B1
fußball-drama,noun,B1
fußball-fieber,noun,C2
fußball-profi,noun,A2
fußball-t-shirt,noun,B1
fußball-team,noun,B1
fußball-weltmeisterschaft,noun,B1
fußball-weltverband,noun,B2
fußballbegeistert,adjective,B2
fußballbund,noun,B2
fußballclub,noun,A2
fußballer,noun,A2
fußballereignissen,noun,B1
fußballerin,noun,A2
fußballfan,noun,A1
fußballfilm,noun,B1
fußballgeschichte,noun,B1
fußballlied,noun,B1
fußballmannschaft,noun,C2
fußballmatch,noun,C1
fußballmeisterschaft,noun,B2
fußballnationalmannschaft,noun,A2
fußballplatz,noun,C2
fußballprominenten,noun,C2
fußballregel,noun,B2
fußballschauen,noun,B1
fußballseite,noun,B1
fußballspiel,noun,A2
fußballspieler,noun,C1
fußballspielerin,noun,A2
fußballspiel|fußballspielen,noun,C2
fußballsport,noun,C2
fußballstadien,noun,C2
fußballstadion,noun,B1
fußballstar,noun,C1
fußballtor,noun,B1
fußballtraining,noun,B1
fußballtricks,noun,C1
fußballverband,noun,B2
fußballverein,noun,A2
fußballweltmeisterschaft,noun,A2
fußballwörter,noun,B1
fußballähnliche,adjective,B2
fußbewegungen,noun,C1
fußboden,noun,C1
fußbodenbelag,noun,B2
fußbodenfliese,noun,C2
fußen,other,B2
fußgelenk,noun,C1
fußgänger,noun,A2
fußgängerbrücke,noun,B1
fußgängerfreundlich,adjective,B1
fußgängerin,noun,A1
fußgängerweg,noun,A2
fußgängerzone,noun,B1
fußmarsch,noun,C2
fußmatte,noun,A2
fußpflege,noun,A1
fußsohle,noun,C1
fußstößen,noun,B2
fußtechnik,noun,B2
fußtransportverpackung,noun,C2
fußweg,noun,A1
fächergruppe,noun,B2
fächern,other,B2
fächerwahl,noun,B2
fächerübergreifend,adjective,B2
fähig,adjective,C2
fähigkeit,noun,B2
fähnchen,noun,B1
fähre,noun,A2
fährmann,noun,B1
fährschiff,noun,B1
fällen,other,B2
fällig,adjective,B2
fälligkeit,noun,C1
fällt,other,C2
fälschen,noun,C2
fälschen,other,C2
fälscher,noun,B1
fälscherbande,noun,C2
fälscherei,noun,C2
fälschlich,adjective,C1
fälschlicherweise,adverb,B2
fälschung,noun,C2
färbemethode,noun,B2
färben,other,B1
färber,noun,C2
färberkamille,noun,C1
färbung,noun,B1
färöer,noun,A1
fäulnis,noun,C2
föderal,adjective,C1
föderativ,adjective,C2
föhn,noun,A2
föhnst,other,A2
föhnt,other,A2
fön,noun,C2
förde,noun,B1
förderbank,noun,C2
förderbedarf,noun,C1
förderbetrag,noun,C2
förderer,noun,C1
förderhöchstbetrag,noun,C2
förderkosten,noun,C1
förderlehrer,noun,B1
förderlehrerin,noun,B1
förderlich,adjective,C1
fördermaximum,noun,C1
fördermaßnahme,noun,B2
fördermittel,noun,B2
fördermöglichkeit,noun,C2
fördern,noun,C2
fördern,other,C1
förderrate,noun,C1
förderung,noun,C2
förderungsdauer,noun,C2
förderungshöchstdauer,noun,C2
förderungshöchstsatz,noun,C2
förderunterricht,noun,B1
förderverein,noun,B2
förmlich,adjective,B2
förster,noun,B2
försterei,noun,C1
försterin,noun,C1
fügen,other,B2
fügung,noun,C1
fühlbar,adjective,C1
fühlen,noun,C2
fühlen,other,A2
führe,noun,C2
führen,other,B2
führend,adjective,B2
führer,noun,C1
führerschein,noun,A1
führerscheinbesitzer,noun,A2
führerscheinklasse,noun,A1
führerscheinprüfung,noun,A2
führung,noun,B2
führungsebene,noun,C2
führungserfahrung,noun,C2
führungsetage,noun,B2
führungskraft,noun,C2
führungskrise,noun,C2
führungskräfte-nachwuchses,noun,C1
führungspersönlichkeit,noun,C2
führungsposition,noun,C2
führungspotenzial,noun,C1
führungsqualität,noun,C2
führungsrolle,noun,C2
führungsstil,noun,C1
führungsstärke,noun,C2
führungsverantwortung,noun,C2
führungswechsel,noun,C2
führungszeugnis,noun,B2
fülle,noun,C2
füllen,other,A2
füller,noun,A1
fülligen,adjective,C2
fülliger,adjective,C1
füllsel,noun,C1
füllstoff,noun,C2
füllwort,noun,C2
fündig,adjective,B2
fünf,noun,B1
fünf,number,A1
fünf-personen-haushaltes,noun,B1
fünf-sterne-haus,noun,C1
fünfeinhalb,number,C1
fünfer-team,noun,B2
fünferreihe,noun,C2
fünffach,adjective,C1
fünfjahrplan,noun,C1
fünfjährig,adjective,B1
fünfjährige,noun,A2
fünfkampf,noun,C1
fünfmal,adverb,B2
fünfstündig,adjective,B1
fünft,adjective,A2
fünfte,noun,C2
fünftel,noun,B2
fünftens,adverb,C2
fünfundsechzig,number,C1
fünfwöchig,adjective,C2
fünfzehn,number,B2
fünfzehnhundert,number,A1
fünfzehnjährig,adjective,C2
fünfzig,adjective,C2
fünfzig,number,A2
fünfziger,noun,B2
fünfzigerjahre,noun,B1
fünfzigeuroschein,noun,A1
fünt,adjective,B2
für,noun,C2
für,preposition,A2
für+die,preposition,A2
fürchten,other,B2
fürchterlich,adjective,B2
füreinander,adverb,B1
fürsorge,noun,B2
fürsorglich,adjective,C2
fürst,noun,B2
fürstenhof,noun,C1
fürstenrieder,noun,B1
fürstentum,noun,B2
fürstin,noun,B2
fürstlich,adjective,C1
füttern,other,A1
fütterung,noun,B1
füüünf,noun,C2
fındet,noun,A1
g,noun,A1
g2,noun,B2
gabe,noun,C1
gabel,noun,B1
gabelgebrauch,noun,C1
gabelstapler,noun,C1
gack-gack,noun,A1
gackern,other,C2
gade,noun,A2
gadget,noun,A1
gag,noun,B2
gagarin,noun,C2
gage,noun,C2
gala,noun,C2
galapagos-insel,noun,B2
galaxie,noun,C2
galaxsyst,noun,A1
galeone,noun,C2
galerie,noun,A2
galerie-café,noun,B1
galerieleitung,noun,C1
galerist,noun,C2
gallasch,noun,A2
galle,noun,A1
galliers,noun,C1
gallup,noun,C2
galoppieren,other,C1
galvanisch,adjective,B2
gamble,noun,C2
game,noun,A2
games,adjective,B1
gamm,noun,A2
gammelei,noun,C2
gammelklamotten,noun,A2
gammersbach,noun,A1
gane,adjective,A1
ganes,noun,C1
gang,adjective,B2
gang,noun,B1
gangnam,adjective,C2
gangnam-style,noun,C2
gangnam-viertel,noun,C2
gangsta-rap,noun,C2
gangster,noun,C2
gangsterkino,noun,B2
ganove,noun,B2
gans,noun,A2
ganz,adjective,A2
ganz,adverb,A1
ganz,noun,B2
ganze,noun,B2
ganzheitlich,adjective,C2
ganzkörpertätowierung,noun,C2
ganztagesbetreuung,noun,B1
ganztags,adverb,C1
ganztagsbetreuung,noun,C1
ganztagsplatz,noun,B1
ganztägig,adjective,B1
gar,adjective,C1
gar,adverb,A2
garage,noun,A2
garagentor,noun,A2
garagenwagen,noun,A1
garant,noun,C2
garantie,noun,A2
garantieren,other,B1
garantiert,adjective,C2
garde,noun,C1
gardening,noun,C1
gardeningt,noun,C1
garderobe,noun,A2
garderobier,noun,B1
garderobiere,noun,B1
gardine,noun,A2
gardinenstange,noun,B1
garen,other,B2
garmischpartenkirchen,noun,B1
garn,noun,B2
garnicht,other,C1
garnieren,other,C1
garnierin,noun,B2
garsten,noun,C1
garstig,adjective,C1
garten,noun,A1
garten-accessoires,noun,C2
gartenanlage,noun,C2
gartenarbeit,noun,A1
gartenausstellung,noun,C2
gartenbau,noun,A1
gartenbeschäftigungen,noun,A2
gartenbranche,noun,B2
gartencafé,noun,A2
gartenfest,noun,B1
gartenfreundin,noun,A1
gartengerät,noun,C2
gartengestaltung,noun,B1
gartenhaus,noun,B2
gartenkolonie,noun,B1
gartenlandschaft,noun,C2
gartenparadies,noun,B1
gartenpartys,noun,B1
gartenpizza,noun,A2
gartentischchen,noun,B1
gartenzaun,noun,C2
gartenzwerg,noun,A2
gartenzwerg-urteil,noun,B2
gartenzwergfrau,noun,A2
gartenzwergmann,noun,A2
garve,noun,A1
gas,noun,C2
gas,other,C2
gasbeleuchtung,noun,C2
gasbetrieben,adjective,C2
gasdicht,adjective,C2
gaskammer,noun,C2
gaskocher,noun,A1
gaslicht,noun,C2
gasmotorenfabrik,noun,B2
gasometern,noun,C2
gasse,noun,C2
gassi,noun,B1
gassners,noun,B2
gast,noun,A1
gastarbeiter,noun,B1
gastbeitrag,noun,B2
gasteig,noun,C1
gastfamilie,noun,A1
gastfreundlich,adjective,A1
gastfreundschaft,noun,C1
gastgeber,noun,B1
gastgeberin,noun,B1
gastgeschenk,noun,B1
gastgewerbe,noun,C1
gasthaus,noun,A2
gasthof,noun,B1
gastland,noun,C2
gastlichkeit,noun,B1
gastraum,noun,B2
gastrednerin,noun,B1
gastrolle,noun,B2
gastronom,noun,B2
gastronomie,noun,C2
gastronomiebranche,noun,B2
gastronomisch,adjective,B1
gaststube,noun,C1
gaststätte,noun,A2
gaststättengewerbe,noun,C1
gastwirt,noun,B2
gastwirtin,noun,C1
gastwissenschaftler,noun,B2
gate,noun,B2
gattung,noun,C2
gaubwürdige,adjective,B1
gaudi,noun,C2
gauguin,noun,C1
gaukeln,other,C1
gault-millau,adjective,B2
gaultier,noun,A1
gaumen,noun,B2
gaumenfreude,noun,C1
gaumenfreundlichen,adjective,C1
gaumensegel,noun,C2
gazelle,noun,B1
gds-kenntnisse,noun,C2
gea-läden,noun,B1
geachtet,adjective,B1
gealtert,adjective,B2
gearbeitet,adjective,B1
geartet,adjective,C2
gebacken,adjective,B1
gebannt,adjective,B2
gebastelt,adjective,B2
gebaut,adjective,C1
geben,noun,B2
geben,other,A1
geber,noun,B2
geberland,noun,C1
gebet,noun,C2
gebiet,noun,B2
gebieten,other,C2
gebilde,noun,C2
gebildet,adjective,C2
gebildetem,adjective,A2
gebildetere,adjective,B2
gebirge,noun,A2
gebirgsdorf,noun,C1
gebirgslandschaft,noun,B2
geblieben,adjective,C2
gebläse,noun,C1
geblümt,adjective,B1
gebogen,adjective,C1
geboren,adjective,C2
geborene,noun,C1
geborgen,adjective,A2
geborgenheit,noun,B2
gebot,noun,C2
gebracht,adjective,B2
gebrannt,adjective,C1
gebraten,adjective,B1
gebrauch,noun,C2
gebrauchen,other,C1
gebrauchenden,adjective,C2
gebrauchsanleitung,noun,A2
gebrauchsanweisung,noun,B1
gebrauchsgegenstand,noun,C2
gebrauchsgut,noun,C1
gebrauchsmusterschutz,noun,C1
gebraucht,adjective,A2
gebrauchtwagen,noun,A2
gebrauchtwagenmarkt,noun,A2
gebrautes,adjective,B2
gebrochen,adjective,C2
gebräuchlich,adjective,B2
gebrüder,noun,C2
gebucht,adjective,C2
gebunden,adjective,C2
geburt,noun,A2
geburtenrate,noun,C2
geburtenregister,noun,B1
geburtenschwach,adjective,C2
geburtenstark,adjective,C2
geburtenzahl,noun,B2
geburtsdatum,noun,B2
geburtshaus,noun,A2
geburtsjahr,noun,C2
geburtsland,noun,C2
geburtsname,noun,B2
geburtsort,noun,B1
geburtsstadt,noun,B1
geburtsstunde,noun,B2
geburtsstätte,noun,B2
geburtstag,noun,A1
geburtstagkind,noun,A1
geburtstagsanzeigen,noun,A1
geburtstagsfeier,noun,A2
geburtstagsfest,noun,A1
geburtstagsgeschenk,noun,C2
geburtstagskaffee,noun,A1
geburtstagskarte,noun,A1
geburtstagskerze,noun,A1
geburtstagskind,noun,A1
geburtstagsnacht,noun,B1
geburtstagsparty,noun,A1
geburtstagstorte,noun,A1
geburtsurkunde,noun,A2
geburtszeichen,noun,C1
geburtszeit,noun,B1
gebäck,noun,B1
gebärde,noun,C2
gebärden,other,C2
gebärdendolmetscherinnen,noun,C2
gebärdensprachdolmetschern,noun,C2
gebärdensprache,noun,C2
gebären,other,A1
gebäude,noun,B2
gebäudebestand,noun,B2
gebäudeentwürfen,noun,B2
gebäudehüllen,noun,B2
gebäudekern,noun,B2
gebäudekomplexe,noun,C2
gebäudesanierung,noun,B2
gebückt,adjective,C2
gebühr,noun,C2
gebühreneinzugszentrale,noun,B1
gebührenpflichtig,adjective,B1
gebürtig,adjective,B2
gebüsch,noun,C1
gechichte,noun,C2
gechillt,other,A1
gedacht,adjective,C2
gedanke,noun,B1
gedankenaustausch,noun,C1
gedankengang,noun,C1
gedankenkraft,noun,C1
gedankenlos,adjective,C1
gedankenspiel,noun,B1
gedankensplitter,noun,C1
gedankensprung,noun,C2
gedankenversunken,adjective,C1
gedankenwelt,noun,C1
gedanklich,adjective,C2
gedeckt,adjective,C2
gedeihen,other,C2
gedenken,noun,A2
gedenkfeier,noun,C2
gedenkhalle,noun,B1
gedenkort,noun,B1
gedenkstätte,noun,C2
gedenkstättenbesuchen,noun,C2
gedenkstättenhopping,noun,C2
gedicht,noun,C1
gedichtband,noun,C2
gedichte,noun,C2
gedownloadet,adjective,C2
gedrechselt,adjective,C1
gedruckt,adjective,C2
gedruckte,noun,C2
gedudel,noun,C1
geduld,noun,B1
geduldig,adjective,A2
gedächtnis,noun,C1
gedächtnis-papst,noun,C2
gedächtnisformen,noun,C2
gedächtnisforscher,noun,C2
gedächtnisgenie,noun,A2
gedächtnisinhalt,noun,C2
gedächtniskraft,noun,C2
gedächtniskünstler,noun,C2
gedächtnisleistung,noun,C2
gedächtnismeister,noun,B2
gedächtnisprobleme,noun,C2
gedächtnissportler,noun,B2
gedächtnisstütze,noun,C2
gedächtnistrainer,noun,C2
gedächtnistraining,noun,A2
gedächtnistyp,noun,C1
gedächtnisweltrekorde,noun,B2
gedämpft,adjective,B2
geehrt,adjective,A1
geeignet,adjective,B2
geerntetes,adjective,C1
gefahr,noun,C1
gefahrenabwehr,noun,C1
gefahrenabwehrreaktion,noun,C1
gefahrenherd,noun,B2
gefahrensituation,noun,C1
gefahrensport,noun,B2
gefahrenstelle,noun,C2
gefahrenund,noun,C2
gefallcn,other,B1
gefallem,adjective,B2
gefallen,noun,C1
gefallen,other,A1
gefangen,other,A1
gefecht,noun,C2
gefedert,adjective,B1
gefeiert,adjective,B1
gefertigt,adjective,C1
gefieder,noun,B2
gefiltert,adjective,B1
gefischt,adjective,C2
gefleckt,adjective,C1
geflunker,noun,C1
geflügel,noun,A2
geflügelgerichte,noun,B2
geflügelt,adjective,B2
geflügelwurst,noun,C1
gefohren,other,A1
gefolgschaft,noun,C2
gefolgt,adjective,B2
gefordert,adjective,B1
geformt,adjective,B2
gefragt,adjective,B2
gefrieren,other,B2
gefroren,adjective,C1
gefunden,adjective,C2
gefunkelt,other,A2
gefächert,adjective,C2
gefährden,other,C2
gefährdet,adjective,C1
gefährdung,noun,C1
gefährlich,adjective,B2
gefährlichkeit,noun,C1
gefährt,noun,C1
gefälle,noun,C1
gefälligkeit,noun,C2
gefälligst,adjective,C1
gefällt,noun,B1
gefälscht,adjective,C2
gefängnis,noun,B2
gefängnis-feeling,noun,B2
gefängnisbett,noun,B2
gefängnisfrühstück,noun,B2
gefängnisstrafe,noun,C2
gefärbt,adjective,B2
gefäß,noun,C1
gefäßkrankheit,noun,B2
gefördert,adjective,C2
gefüge,noun,C2
gefühl,noun,B2
gefühllos,adjective,B1
gefühlsbekundungen,noun,C2
gefühlsbetont,adjective,C2
gefühlsbezogen,adjective,C2
gefühlsbezogene,adjective,B2
gefühlskalt,adjective,C2
gefühlslage,noun,C2
gefühlsleben,noun,C2
gefühlsmäßig,adjective,B2
gefühlsreaktion,noun,C2
gefühlsregung,noun,C2
gefühlswelt,noun,C1
gefühlszustand,noun,C1
gefühlt,adjective,C2
gefühlvoll,adjective,B1
geführt,adjective,C2
gefüllt,adjective,C1
gefülsreaktionen,noun,C1
gefürchtet,adjective,B1
gefüttert,adjective,C1
gegang,other,B2
gegangen,adjective,C2
gegartel,noun,C2
gegeben,adjective,C2
gegebenenfalls,adverb,C2
gegebenheit,noun,C2
gegen,adjective,C1
gegen,other,B1
gegen,preposition,B1
gegenangriff,noun,B2
gegenanzeige,noun,A2
gegenargument,noun,C1
gegenbeispiel,noun,C2
gegenbewegung,noun,C2
gegend,noun,B2
gegeneinander,adverb,C2
gegeneinander,other,B2
gegeneinladung,noun,B1
gegenentwurf,noun,C2
gegenfahrbahn,noun,B2
gegengewicht,noun,C2
gegengift,noun,C1
gegengleichem,adjective,B2
gegengrund,noun,B2
gegenleistung,noun,C2
gegenliebe,noun,C2
gegenmaßnahme,noun,C2
gegenposition,noun,B2
gegenreformation,noun,C1
gegensatz,noun,C1
gegenseitig,adjective,B1
gegenseitigkeit,noun,A2
gegenspieler,noun,C2
gegenstand,noun,C2
gegenstandslos,adjective,C1
gegensteuern,other,C1
gegenstimme,noun,C1
gegenständlich,adjective,B2
gegenstück,noun,C2
gegensätzlich,adjective,C1
gegenteil,noun,C2
gegenteilig,adjective,C2
gegenveranstaltung,noun,B2
gegenverkehr,noun,C1
gegenvorschlag,noun,B1
gegenwart,noun,B2
gegenwartskunst,noun,C2
gegenwartsliteratur,noun,B1
gegenwartsorientierter,adjective,C1
gegenwartssprache,noun,C2
gegenwehr,noun,C1
gegenwind,noun,C1
gegenwärtig,adjective,B2
gegenzu,noun,C1
gegenzug,noun,C2
gegenüber,adverb,A2
gegenüber,noun,C2
gegenüber,other,C2
gegenüber,preposition,B2
gegenüberliegend,adjective,C1
gegenübersitzen,other,B2
gegenüberstellen,other,B2
geglaubt,adjective,B2
gegliedert,adjective,C2
geglückt,adjective,C1
gegner,noun,C2
gegnerin,noun,B2
gegnerisch,adjective,B2
gegrillt,adjective,B1
gegründet,adjective,B2
geh,adjective,C1
geh'n,noun,A2
gehaben,other,C1
gehackt,adjective,A1
gehalt,noun,A2
gehalten,adjective,C2
gehaltsabrechnung,noun,C1
gehaltsempfängers,noun,C1
gehaltserhöhung,noun,A1
gehaltssteigerung,noun,B2
gehaltsvorstellung,noun,C2
gehandelt,adjective,B2
gehbehinderte,adjective,B1
gehbehinderung,noun,A2
gehege,noun,C1
gehegt,adjective,C1
geheim,adjective,B2
geheimcode,noun,C2
geheimdienst,noun,C2
geheimdienstpraktik,noun,C2
geheimhaltung,noun,C2
geheimnis,noun,C1
geheimnisumwoben,adjective,B2
geheimnisvoll,adjective,B2
geheimrezept,noun,B1
geheimschrift,noun,B2
geheimschriften,noun,B2
geheimsprache,noun,A2
geheimtip,noun,B2
geheimzahl,noun,A1
geheiß,noun,C2
gehen,adjective,B2
gehen,noun,B1
gehen,other,A1
gehend,adjective,C2
gehilfe,noun,C2
gehirn,noun,C1
gehirnaktivität,noun,C2
gehirnaktivitäten,noun,C2
gehirnareale,noun,C2
gehirnerschütterung,noun,C2
gehirnhälfte,noun,C1
gehirnjogging,noun,C2
gehirnleistung,noun,C1
gehirnstoffwechsel,noun,C2
gehirntraining,noun,C2
gehirntumor,noun,C1
gehirntätigkeit,noun,C2
gehirnverletzung,noun,C2
gehminute,noun,B1
gehoben,adjective,B2
gehorchen,other,C2
gehorsam,adjective,C2
gehorsam,noun,C2
gehre,noun,A2
gehst,other,B1
gehsteig,noun,C1
gehstock,noun,B1
gehupe,noun,B2
gehweg,noun,A2
gehäkelt,adjective,B1
gehäuft,adjective,C2
gehäuse,noun,B2
gehör,noun,C1
gehören,other,A2
gehörend,adjective,B1
gehören|hören,other,C2
gehörig,adjective,C1
gehörlos,adjective,C2
gehörlose,noun,C2
gehörlosenlehrern,noun,C2
gehörlosenseelsorgern,noun,C2
gehörlosigkeit,noun,C2
gehörsinn,noun,B2
gehört,adjective,C2
gehört-,other,C2
gehörte,noun,B2
gehörtet,adjective,C2
gehörtzu,adverb,B2
geige,noun,B1
geigenbauer,noun,C1
geigerin,noun,B1
geil,adjective,C1
geil,noun,B1
geisel,noun,C2
geiselhaft,noun,C2
geiser,noun,B2
geist,noun,C2
geistalschule,noun,B1
geisterhaft,adjective,C1
geisterhand,noun,C1
geistern,other,C2
geisternetze,noun,C2
geistesabwesend,adjective,C2
geistesblitz,noun,C1
geistesgegenwärtig,adjective,C1
geisteshaltung,noun,B1
geisteskraft,noun,C1
geisteskranke,noun,B2
geisteskrankheit,noun,C2
geistesmacht,noun,C2
geistesverwirrtes,adjective,C2
geisteswissenschaft,noun,C2
geisteswissenschaftlich,adjective,B2
geistig,adjective,C1
geistlich,adjective,B1
geistreich,adjective,B1
geiz,noun,C1
geizig,adjective,A2
geißel,noun,C2
geißenpeter,noun,A2
geißlein,noun,C2
geißlein‘,noun,B2
gekachelt,adjective,C2
gekaufen,other,B2
gekauft,adjective,C2
gekauﬂ,other,B1
gekennzeichnet,adjective,C2
gekleidet,adjective,C1
geklont,adjective,C1
gekocht,adjective,A2
gekommen,adjective,C2
gekonnt,adjective,C2
gekreische,noun,C2
gekrümmt,adjective,C1
gekurt,other,C1
gekünstelt,adjective,B2
gelangen,other,B2
gelangen|gelingen,other,C1
gelangen|langen,other,C1
gelassen,adjective,C1
gelassenheit,noun,B2
gelatine,noun,B2
gelaunt,adjective,B1
gelb,adjective,A1
gelb,noun,C1
gelbgrün,adjective,C1
gelbgrünfilter,noun,C1
geld,noun,A1
geld-,other,C2
geldangelegenheit,noun,B2
geldaufwand,noun,C2
geldautomat,noun,A1
geldbetrag,noun,B2
geldbeutel,noun,B2
geldbörse,noun,A2
gelddruckmaschine,noun,C2
geldfreies,adjective,C1
geldfälschen,noun,C2
geldfälscher,noun,C2
geldförderungen,noun,C2
geldgeber,noun,C2
geldgeschäft,noun,B2
geldgierig,adjective,C1
geldliche,adjective,C1
geldmangel,noun,C1
geldmenge,noun,B2
geldnot,noun,C2
geldpolitik,noun,B1
geldproblem,noun,B1
geldprämie,noun,B1
geldschein,noun,C1
geldsorge,noun,B2
geldspende,noun,C2
geldstrafe,noun,B1
geldstreik,noun,C1
geldsumme,noun,B2
geldsystem,noun,C2
geldtransfer,noun,C2
geldtransporter,noun,B1
geldtransporter-fahrer,noun,B1
geldverdienen,noun,B2
geldverleiher,noun,C2
geldverschwender,noun,C2
geldverschwendung,noun,C1
geldwert,noun,C2
geldwesen,noun,C1
geldübergabe,noun,B2
geldüberweisung,noun,B2
gelebt,adjective,B1
gelegen,adjective,C2
gelegenheit,noun,B1
gelegenheitsjob,noun,C1
gelegenheitskorruption,noun,C2
gelegenheitssurfer,noun,A2
gelegentlich,adjective,B2
gelehrsamkeit,noun,C2
gelehrt,adjective,C2
gelehrte,noun,C2
geleistet,adjective,C2
geleit,noun,B1
geleiten|leiten,other,B2
geleitet,adjective,C2
gelenk,noun,C1
gelenkig,adjective,B2
gelenkproblem,noun,B2
gelenkschmerz,noun,C1
gelenkt,adjective,B2
gelernt,adjective,C2
gelernte,noun,A2
gelesen,adjective,C1
geliebt,adjective,B2
geliebte,noun,C1
geliefert,adjective,B1
geliehen,adjective,C2
gelingen,noun,C1
gelingen,other,B2
gelingend,adjective,B2
gelkissen,noun,B2
gell,interjection,A2
gell,noun,A2
geloben|loben,other,B2
gelotologen,noun,C1
gelotologie,noun,B1
gelten,other,B2
geltend,adjective,B2
geltung,noun,C2
gelungen,adjective,C1
gelungene,adjective,B2
gelächter,noun,C1
gelähmt,adjective,C1
gelände,noun,C1
geländer,noun,C1
geländewagen,noun,C2
geläufig,adjective,C1
gelübde,noun,C1
gelüftet,adjective,C1
gemacht,adjective,C1
gemahlen,adjective,C1
gemein,adjective,C1
gemeinde,noun,C2
gemeindearbeit,noun,B2
gemeindeebene,noun,C2
gemeindegebiet,noun,B1
gemeindehaus,noun,B1
gemeinderätin,noun,A1
gemeindesaal,noun,A2
gemeindeverwaltung,noun,B2
gemeingeist,noun,B2
gemeinhin,adverb,C2
gemeinnützig,adjective,C1
gemeinplatz,noun,C2
gemeinsam,adjective,B1
gemeinsame,noun,C2
gemeinsamkeit,noun,B2
gemeinschaft,noun,B1
gemeinschaftlich,adjective,C2
gemeinschaftlichkeit,noun,C2
gemeinschaftsaufgabe,noun,C1
gemeinschaftsdusche,noun,B2
gemeinschaftserlebnis,noun,C1
gemeinschaftsformen,noun,C1
gemeinschaftsgarten,noun,B1
gemeinschaftsgefühl,noun,C1
gemeinschaftsgut,noun,C2
gemeinschaftsgärten,noun,B1
gemeinschaftskasse,noun,C1
gemeinschaftskurs,noun,C1
gemeinschaftsküche,noun,B1
gemeinschaftsleben,noun,C2
gemeinschaftsraum,noun,B1
gemeinschaftsterrasse,noun,B2
gemeinschaftsverband,noun,C1
gemeinschaftsverbände,noun,C1
gemeinsinn,noun,B2
gemeint,adjective,C2
gemeinte,noun,C2
gemeinwohl,noun,C1
gemeldet,adjective,C2
gememschafts-wohnort,noun,B1
gemetzel,noun,C1
gemietet,adjective,C1
gemini-programm,noun,C2
gemisch,noun,C2
gemischt,adjective,B1
gemocht,adjective,A2
gemse,noun,B2
gemurmel,noun,B2
gemustert,adjective,C2
gemächlich,adjective,B1
gemäht,adjective,C2
gemälde,noun,B2
gemäldegruppe,noun,C1
gemälderaub,noun,B2
gemäß,adjective,C2
gemäß,preposition,C2
gemäßigt,adjective,B2
gemüse,noun,A1
gemüseanbau,noun,C1
gemüseanbaus,noun,B2
gemüsebauer,noun,C1
gemüsebeet,noun,C2
gemüsebereich,noun,B2
gemüsebett,noun,A1
gemüsebrühe,noun,A2
gemüseeinzelhandel,noun,C1
gemüsefirma,noun,B2
gemüsegarten,noun,A2
gemüsegeschäft,noun,B2
gemüsekammer,noun,B2
gemüseladen,noun,A1
gemüseorchester,noun,B2
gemüsescheiben,noun,A1
gemüsesorte,noun,B2
gemüsesuppe,noun,A1
gemüt,adjective,A2
gemüt,noun,C1
gemütlich,adjective,A2
gemütliche,noun,A2
gemütlichkeit,noun,B1
gemütsbewegung,noun,C1
gemütskrank,adjective,B2
gemütskranke,noun,B2
gemütszuständen,noun,C2
gen,noun,C1
genannt,adjective,C2
genau,adjective,A1
genauigkeit,noun,B2
genauso,adverb,A2
gendarm,noun,C2
gendarmenmarkt,noun,A1
gene-expression-analyse,noun,C1
genehmigen,other,B2
genehmigung,noun,B1
geneigt,adjective,C1
general,noun,C2
generalisieren,other,C2
generalprobe,noun,B1
generalsekretär,noun,B2
generalstabsmäßig,adjective,C1
generalversammlung,noun,C2
generation,noun,B1
generationen-komödie,noun,B1
generationengerechtigkeit,noun,C1
generationenwohnprojekte,noun,B2
generationenzusammenhalt,noun,C1
generationenübergreifend,adjective,B1
generator,noun,C1
generell,adjective,C1
generieren,other,C2
generös,adjective,C2
genetik,noun,C2
genetisch,adjective,C1
genfer,adjective,B2
genforschung,noun,C2
genial,adjective,A2
genie,noun,B2
genießbar,adjective,B2
genießbarkeit,noun,C2
genießen,noun,B2
genießen,other,A2
genießer,noun,C2
genießer-nudeln,noun,B2
genitiv,noun,B1
genitiv-s,noun,A1
genmanipuliert,adjective,C1
genomics,noun,C1
genommen,adjective,C2
genormt,adjective,C2
genossenschaft,noun,C1
genossenschaftsanteil,noun,C1
genozid,noun,C2
genre,noun,C1
gent,noun,A1
gentechnik,noun,C2
gentechniker,noun,C1
gentechnisch,adjective,C1
gentechnologie,noun,C2
genug,adverb,A2
genugtuung,noun,C2
genunterschiede,noun,C2
genuss,noun,B1
genussmittel,noun,C1
genussstadt,noun,A2
genutzt,adjective,C1
genörgel,noun,A2
genügen,other,B1
genügend,adjective,C2
genügt,adjective,C1
genüsslich,adjective,C2
geografie,noun,B1
geografisch,adjective,A1
geografisch-geschichtliche,adjective,C2
geographic,noun,A2
geographisch,adjective,C2
geologie,noun,B1
geometrisch,adjective,B2
georg-büchner-preis,noun,C1
georgenstraße,noun,B2
geozentrische,adjective,B2
gepaalt,adjective,C2
gepack,noun,B2
gepanzert,adjective,B2
gepard,noun,C1
gepflegt,adjective,A2
gepflogenheit,noun,B2
gepiercte,adjective,C2
geplagt,adjective,B2
geplant,adjective,B2
geplante,adjective,B2
geplatzt,adjective,B2
gepolstert,adjective,A2
gepriesen,adjective,B2
gepräch,noun,B2
geprägt,adjective,C2
geprüfte,noun,B2
gepunktet,adjective,A2
geputzt,adjective,B1
gepäck,noun,A1
gepäckablage,noun,C2
gepäckabteil,noun,B2
gepäckband,noun,A1
gepäckfach,noun,B1
gepäcknetz,noun,B2
gepäckstück,noun,B1
gepäckwagen,noun,B2
gequatsche,noun,C1
gerade,adjective,C1
gerade,adverb,A2
gerade,noun,C1
gerade,other,A1
gerade-aus,noun,A1
geradeaus,adverb,A1
geradeso,adverb,B1
geradestehen,other,C2
geradezu,adverb,C2
geranie,noun,B1
gerappel,adjective,C2
gerastert,adjective,C1
geraten,adjective,B1
geraten,other,B2
geratend,adjective,C2
geraubt,adjective,C2
gerausch,noun,A2
gerber,noun,C2
gerbergasse,noun,B2
gerbstoff,noun,C1
gerecht,adjective,C1
gerechte,noun,C1
gerechtfertigt,adjective,C2
gerechtigkeit,noun,C2
gerechtigkeitssinn,noun,A2
gerede,noun,C2
geregelt,adjective,C2
gereizt,adjective,C1
gericht,noun,B1
gerichtlich,adjective,C2
gerichtshof,noun,B1
gerichtsmediziner,noun,C1
gerichtsprozess,noun,B2
gerichtsreportage,noun,B1
gerichtsshow,noun,B2
gerichtsverfahren,noun,B1
gerichtsverhandlung,noun,C2
gerieben,adjective,A2
gering,adjective,C1
geringere,noun,C2
geringfügig,adjective,B1
geringfügig,noun,C1
geringste,noun,B2
geringverdiener,noun,C1
german,noun,B1
germanisch,adjective,C1
germanistik,noun,B2
germanistikstudium,noun,B2
germanistin,noun,B1
germanwings,noun,A1
gern,adverb,A1
gerne,adverb,A1
gerst,other,C2
geruch,noun,C1
geruchsempfindungen,noun,C2
geruchskompositionen,noun,C1
geruchsrezeptoren,noun,C1
geruchssinn,noun,C1
geruchsstoffe,noun,C2
geruchsverbesserer,noun,C2
geruchsvorstellung,noun,C2
geruchswahrnehmung,noun,C2
gerufen,adjective,B2
gerundet,adjective,B2
gerät,noun,B1
gerätebeschreibungen,noun,B2
geräteschuppen,noun,C2
gerätetests,noun,C1
geräuchert,adjective,C1
geräumig,adjective,C2
geräusch,noun,B1
geräuschlos,adjective,C1
geröstet,adjective,B2
gerücht,noun,C2
gerührt,adjective,C1
gerümpel,noun,B2
gerüst,noun,C2
gesagte,noun,C1
gesagtes,noun,C1
gesammelt,adjective,C1
gesamt,adjective,B2
gesamt-geschäftsführer,noun,C2
gesamtarbeitszeit,noun,B2
gesamtauflage,noun,B1
gesamtbelastung,noun,B2
gesamtbevölkerung,noun,C2
gesamtdeutsch,adjective,B1
gesamteindruck,noun,C1
gesamtentwicklung,noun,C2
gesamtfällen,noun,B2
gesamtgesellschaftlich,adjective,C2
gesamtheit,noun,C1
gesamtinterpretation,noun,C1
gesamtkulturszene,noun,C1
gesamtkunstwerk,noun,B2
gesamtleistung,noun,C1
gesamtlöschen,noun,B2
gesamtphänomen,noun,C2
gesamtpreis,noun,B2
gesamtpunktzahl,noun,B2
gesamtschaden,noun,C2
gesamtschule,noun,A2
gesamtschüler,noun,B1
gesamtverantwortlich,adjective,C2
gesamtvolumen,noun,B2
gesamtwert,noun,C2
gesamtwiederholung,noun,B2
gesamtwirtschaftlich,adjective,C1
gesamtzahl,noun,C2
gesandt,adjective,C1
gesang,noun,C1
gesangbuch,noun,C2
gesangsausbildung,noun,B2
gesangseinlage,noun,B2
gesangsgruppe,noun,C1
gesangskunst,noun,C2
gesangsstudium,noun,B2
gesangsunterricht,noun,B1
gesangsverein,noun,C2
geschafft,adjective,C2
geschehen,noun,C2
geschehen,other,B2
geschehensablauf,noun,C2
geschehnis,noun,C2
gescheite,noun,B2
gescheitert,adjective,C1
geschenk,noun,A1
geschenk-,other,C1
geschenk-päckchen,noun,A2
geschenkartikel,noun,A1
geschenkband,noun,B2
geschenke,noun,A2
geschenkidee,noun,A2
geschenkpapier,noun,A2
geschichte,noun,B1
geschichtenerzählen,noun,C2
geschichtenreigen,noun,C2
geschichtlich,adjective,C2
geschichts,noun,C1
geschichtsbuch,noun,B1
geschichtskenntnis,noun,C2
geschichtslektion,noun,A2
geschichtspreis,noun,C2
geschichtsstudent,noun,B2
geschichtsunterricht,noun,C2
geschichtswissenschaft,noun,B2
geschick,noun,B1
geschicklichkeit,noun,B1
geschickt,adjective,C2
geschieden,adjective,A1
geschildert,adjective,C2
geschirr,noun,A1
geschirrspüler,noun,A1
geschlecht,noun,C1
geschlechtergerechten,adjective,C1
geschlechterquote,noun,C1
geschlechterrolle,noun,C1
geschlechterzugehörigkeit,noun,C2
geschlechtsspezifisch,adjective,C1
geschlechtsspeziische,adjective,B2
geschlechtsunterschied,noun,C2
geschlechtszugehörigkeit,noun,C2
geschlossen,adjective,C1
geschlossenwurden,other,B2
geschmack,noun,A2
geschmacklich,adjective,C2
geschmacklos,adjective,C2
geschmacklosigkeit,noun,B2
geschmacksbotschaft,noun,C1
geschmacksempfindung,noun,C1
geschmackserlebnis,noun,B2
geschmacksknospe,noun,C1
geschmacksrichtung,noun,C1
geschmackssache,noun,A2
geschmackssinn,noun,C1
geschmacksstoff,noun,B2
geschmacksvariante,noun,C2
geschmacksverbesserer,noun,B1
geschmacksverstärker,noun,C1
geschmackvoll,adjective,B2
geschmackvollem,adjective,B2
geschmeide,noun,B1
geschmeidig,adjective,B2
geschmolzen,adjective,A2
geschmäckern,noun,C1
geschmückt,adjective,B1
geschnatter,noun,B1
geschnetzelten,noun,A1
geschnetzeltes,noun,A1
geschnitten,adjective,C2
geschnitzt,adjective,C1
gescholten,adjective,C2
geschoss,noun,B2
geschrei,noun,C1
geschreibsel,noun,C2
geschrieben,adjective,C2
geschriebene,noun,C1
geschweige,adverb,C1
geschwimme,noun,C1
geschwind,adjective,C1
geschwindigkeit,noun,B1
geschwindigkeitsbegrenzung,noun,B2
geschwindigkeitsbeschränkung,noun,B1
geschwindigkeitsrekordhalter,noun,C1
geschwindigkeitsthese,noun,C2
geschwister,noun,A2
geschwisterbeziehung,noun,C2
geschwisterkind,noun,C2
geschwungen,adjective,B2
geschwätz,noun,B1
geschädigte,noun,C2
geschäft,noun,A1
geschäftlich,adjective,B2
geschäfts-e-mails,noun,B1
geschäftsabonnenten,noun,C1
geschäftsalltag,noun,C1
geschäftsbedingung,noun,C2
geschäftsbericht,noun,B2
geschäftsbetrieb,noun,C2
geschäftsbeziehung,noun,B2
geschäftsbrief,noun,B2
geschäftsentscheidung,noun,B1
geschäftserfolg,noun,C2
geschäftserfolgs,noun,C2
geschäftseröffnung,noun,B1
geschäftsesse,noun,B1
geschäftsevent,noun,C2
geschäftsfeld,noun,B2
geschäftsfrage,noun,B2
geschäftsfrau,noun,A1
geschäftsführer,noun,B1
geschäftsführerin,noun,B2
geschäftsführung,noun,C2
geschäftsgebaren,noun,C1
geschäftsidee,noun,B1
geschäftsinteresse,noun,C2
geschäftsjahr,noun,B1
geschäftskontakt,noun,A2
geschäftskunde,noun,C2
geschäftsleben,noun,B2
geschäftsleistung,noun,A2
geschäftsleitung,noun,C1
geschäftsleute,noun,B2
geschäftsmann,noun,C1
geschäftsmodell,noun,B2
geschäftsmäßig,adjective,C1
geschäftspartner,noun,A1
geschäftsplan,noun,A2
geschäftspolitik,noun,C1
geschäftspost,noun,B2
geschäftsraum,noun,B1
geschäftsreise,noun,A1
geschäftsspezifische,adjective,B2
geschäftsstrategie,noun,C1
geschäftstüchtig,adjective,B2
geschäftsverhandlung,noun,B2
geschäftsvorgang,noun,B2
geschäftsvorgangs,noun,B2
geschäftszeit,noun,C1
geschätzt,adjective,C2
geschöpf,noun,C2
geschützt,adjective,C2
gesehe,other,A1
gesehenwerden,noun,C1
geselle,noun,C1
gesellen,other,C2
gesellenbrief,noun,C1
gesellenprüfung,noun,C2
gesellenreise,noun,C1
gesellenzunft,noun,C1
gesellig,adjective,C2
geselligkeit,noun,B2
gesellschaft,noun,C1
gesellschaften,noun,C2
gesellschafter,noun,C1
gesellschaftlich,adjective,B2
gesellschaftlich-politisch,adjective,C2
gesellschafts-,other,C1
gesellschaftskreis,noun,B2
gesellschaftskritik,noun,B2
gesellschaftsordnung,noun,B1
gesellschaftsschicht,noun,C1
gesellschaftsspiel,noun,B1
gesellschaftsstruktur,noun,C2
gesellschaftstanz,noun,B1
gesellschaftsteil,noun,C2
gesellschaftsvertrag,noun,C2
gesellschaftsverändernd,adjective,C1
gesetz,noun,C1
gesetzbuch,noun,B2
gesetzesflut,noun,C1
gesetzesinitiative,noun,C2
gesetzeslücke,noun,C1
gesetzesreform,noun,B2
gesetzesänderung,noun,C2
gesetzgeber,noun,C2
gesetzgebung,noun,C1
gesetzlich,adjective,C2
gesetzmäßigkeit,noun,C2
gesichert,adjective,C1
gesicht,noun,B1
gesichtchen,noun,C1
gesichtsausdruck,noun,C1
gesichtsblind,adjective,B1
gesichtserkennungssystem,noun,C1
gesichtsfalte,noun,B2
gesichtsfeld,noun,C1
gesichtsmuskel,noun,B1
gesichtsprofile,noun,C1
gesichtspunkt,noun,B2
gesichtsstruktur,noun,C1
gesichtszug,noun,C1
gesinnt,adjective,B2
gesinnte,noun,C2
gesinnung,noun,C2
gesinnungsanstalt,noun,C2
gesinnungsethisch,adjective,C2
gesnieft,other,C2
gesondert,adjective,C2
gespannt,adjective,B1
gespanntheit,noun,C2
gespeichert,adjective,C2
gespendet,adjective,B2
gespenstisch,adjective,C1
gesperrt,adjective,B1
gespielt,adjective,B2
gesponsert,adjective,C1
gesprach,noun,B2
gesprengt,adjective,B1
gesprochen,adjective,C2
gespräch,noun,B1
gesprächsarbeit,noun,C1
gesprächsbeginns,noun,A2
gesprächsbereitschaft,noun,C2
gesprächseinstieg,noun,B1
gesprächseinstiege,noun,B1
gesprächsergebnis,noun,C1
gesprächsform,noun,A2
gesprächsklima,noun,B1
gesprächskreis,noun,C2
gesprächsnotiz,noun,C2
gesprächspartner,noun,B2
gesprächspartnerin,noun,B2
gesprächspunkten,noun,B2
gesprächsrunde,noun,C2
gesprächssorte,noun,A2
gesprächstermin,noun,B2
gesprächsthema,noun,A1
gesprächstraining,noun,A2
gesprächsverhalten,noun,B1
gesprächszeit,noun,B1
gespür,noun,B2
gessel,noun,C2
gessner,noun,C1
gestalt,noun,C2
gestalten,other,B2
gestalter,noun,B1
gestalterisch,adjective,C2
gestaltet,adjective,C2
gestaltung,noun,B2
gestaltungsfreiheit,noun,B2
gestaltungslust,noun,B1
gestaltungsspielraum,noun,C1
gestaltungswille,noun,C1
gestalt|gestalten,noun,C2
gestank,noun,C2
gestapo,noun,B2
gestartet,adjective,C2
gestatten,other,C2
gestatten|statten,other,C2
geste,noun,C2
gestehen,other,B2
gestehen|stehen,other,A2
gesteigert,adjective,C2
gesteinsstaub,noun,C1
gestell,noun,A1
gestellt,adjective,C2
gestensprache,noun,C2
gester,noun,A1
gestern,adverb,A1
gestern,noun,A2
gestiegen,adjective,C2
gestik,noun,C1
gestikulieren,noun,C2
gestikulieren,other,C2
gestikulierend,adjective,B2
gestochen,adjective,C2
gestohlen,adjective,C2
gestrauchelt,adjective,C1
gestreckt,adjective,B2
gestreift,adjective,C2
gestresst,adjective,B1
gestresster,adjective,B2
gestrichen,adjective,B1
gestrickt,adjective,B1
gestrig,adjective,C1
gestylt,adjective,B2
geständnis,noun,C1
gestärkt,adjective,B1
gestört,adjective,C1
gesuch,noun,C1
gesucht,adjective,B2
gesuchte,noun,C1
gesuhlt,other,C1
gesumm,noun,B2
gesund,adjective,A1
gesund,other,A2
gesundbleiben,noun,B2
gesunde,noun,B1
gesundesser,noun,C2
gesundessern,noun,C2
gesundheidsbader,noun,B2
gesundheit,noun,B2
gesundheitlich,adjective,B2
gesundheits-,other,A1
gesundheitsamt,noun,C1
gesundheitsbar,noun,A2
gesundheitsbeeinträchtigung,noun,C2
gesundheitsbelastend,adjective,C2
gesundheitsberuf,noun,B1
gesundheitsbetten,noun,B2
gesundheitsbewusst,adjective,B2
gesundheitsbomben,noun,C1
gesundheitschancen,noun,B2
gesundheitsdatum,noun,C1
gesundheitsfaktor,noun,C1
gesundheitsfrage,noun,C2
gesundheitsfördernd,adjective,B2
gesundheitsförderndes,adjective,B1
gesundheitsförderung,noun,C2
gesundheitsgefahr,noun,C1
gesundheitsgefährdung,noun,C1
gesundheitshandeln,noun,C1
gesundheitskonzepte,noun,C1
gesundheitsmagazin,noun,C2
gesundheitsmanagement,noun,B1
gesundheitsministerin,noun,B2
gesundheitsniveaus,noun,C1
gesundheitsorganisation,noun,C1
gesundheitspflege,noun,A1
gesundheitspflegerin,noun,A1
gesundheitsproblem,noun,A1
gesundheitsreform,noun,B2
gesundheitsschuhherstellers,noun,C1
gesundheitsschädigendund,adjective,C2
gesundheitsschädlich,adjective,C2
gesundheitsstandards,noun,C1
gesundheitsstatus,noun,C1
gesundheitssystem,noun,C1
gesundheitssystemen,noun,C1
gesundheitstracking,noun,C1
gesundheitsverhalten,noun,C2
gesundheitsversorgung,noun,B2
gesundheitsverträglichkeit,noun,C2
gesundheitsvorsorge,noun,C2
gesundheitsvorsorgeprogramme,noun,B1
gesundheitswert,noun,B2
gesundheitswesen,noun,C2
gesundheitszentrale,noun,B1
gesundheitszentrum,noun,B1
gesundheitszustand,noun,C1
gesunken,adjective,B2
gesüßt,adjective,B1
gesüßtes,adjective,B2
getan,adjective,C1
getarnt,adjective,C2
geteilt,adjective,A2
getestet,adjective,C1
gethmann,noun,C2
getier,noun,C1
getragen,adjective,C1
getrauen,other,C1
getrauen|trauen,other,A2
getrei,noun,B2
getreide,noun,B2
getreideprodukt,noun,A2
getreidesorte,noun,C1
getrennt,adjective,A2
getreu,adjective,C1
getreulich,adverb,C1
getriebe,noun,B2
getrieben,adjective,C1
getrocknet,adjective,B2
getroffen,adjective,C1
getrost,adverb,C2
getrotten,other,B2
geträller,noun,C1
getränk,noun,A1
getränkebuffet,noun,B1
getränkekarte,noun,A1
getränkemarkt,noun,B1
getränkeverpackung,noun,A2
getümmel,noun,B2
gevvinnen,other,B1
gewachsen,adjective,B2
gewagt,adjective,B2
gewahren|wahren,other,C2
gewalt,noun,C2
gewaltakt,noun,C2
gewaltanwendung,noun,C1
gewaltbereit,adjective,C2
gewaltbereitschaft,noun,C2
gewaltfrei,adjective,A2
gewaltherrschaft,noun,B2
gewaltig,adjective,C2
gewaltige,noun,B1
gewaltparolen,noun,B2
gewaltsam,adjective,C2
gewaltspiel,noun,B1
gewalttat,noun,C1
gewalttätig,adjective,C2
gewaltverbrechen,noun,C2
gewaltvoll,adjective,B1
gewaltübergriffen,noun,B2
gewandhaus,noun,A1
gewandhausorchester,noun,A2
gewandt,adjective,C2
gewaschen,adjective,B2
gewebe,noun,C2
gewebeprobe,noun,C2
gewerbe,noun,C2
gewerbeausstellung,noun,B2
gewerbegebiet,noun,C1
gewerberaum,noun,B2
gewerblich,adjective,B2
gewerkschaft,noun,C2
gewerkschafts-tarif,noun,B1
gewerkschaftsbund,noun,C2
gewicht,noun,B1
gewichten,other,C1
gewichtheben,noun,B2
gewichtig,adjective,C1
gewichtsabnahme,noun,C1
gewichtsanteil,noun,B2
gewichtsklasse,noun,B2
gewichtskontrolle,noun,C1
gewichtstabellen,noun,C1
gewidmet,adjective,C2
gewillt,adjective,C2
gewinn,noun,B2
gewinnbeteiligung,noun,C1
gewinnbringend,adjective,C2
gewinnbringendste,adjective,B2
gewinnen,other,A2
gewinner,noun,A2
gewinnerbetreuer,noun,B1
gewinnler,noun,C1
gewinnrechnung,noun,C2
gewinnspiel,noun,B2
gewinnträchtig,adjective,C1
gewinnung,noun,C1
gewirr,noun,B1
gewiss,adjective,C1
gewissen,noun,B1
gewissenhaft,adjective,B1
gewissenhaftigkeit,noun,C2
gewissenlosem,adjective,C2
gewissensbiss,noun,C1
gewissensfrage,noun,B2
gewissermaßen,adverb,C1
gewissheit,noun,B1
gewitter,noun,A2
gewitterwolke,noun,C2
gewohnheit,noun,B2
gewohnheitsrecht,noun,C2
gewohnt,adjective,B2
gewollt,adjective,B1
gewonnen,adjective,C2
gewonnen.‘,adjective,C1
geworden,adjective,B1
gewundenes,adjective,C1
gewusste,adjective,C2
gewächs,noun,B1
gewächshaus,noun,B1
gewählt,adjective,C1
gewähren,other,C2
gewähren|währen,other,C1
gewährleisten,other,C2
gewährleistung,noun,C2
gewässer,noun,C2
gewöhnen,other,B1
gewöhnlich,adjective,C1
gewöhnliche,noun,C1
gewöhnung,noun,C1
gewöhnungsfaktor,noun,C1
gewölbesystem,noun,C2
gewünscht,adjective,C1
gewürfelt,adjective,C1
gewürz,noun,C1
gewürzanbieter,noun,B2
gewürzeinsatz,noun,C1
gewürzgeschäft,noun,B2
gewürzgurke,noun,A1
gewürzhandel,noun,C1
gewürzhersteller,noun,B2
gewürzkrämer,noun,C1
gewürznelke,noun,C2
gewürzpulver,noun,C2
gewürzspezialist,noun,B2
gewürzt,adjective,B2
gezackt,adjective,C2
gezahlt,adjective,B2
gezappt,other,B2
gezeigt,adjective,C1
gezeit,noun,C1
gezielt,adjective,C2
gezogen,adjective,B1
geäußert,adjective,C2
geöffnet,adjective,A1
geübt,adjective,B2
ghetto,noun,C2
giant,noun,C2
giardinazürich,noun,B2
gibs,noun,C2
gibt,other,B1
gibtes,adjective,B2
gibt‘s,other,B1
giebel,noun,A2
gieng,other,C2
giengen,other,C2
gier,noun,C2
gierig,adjective,C2
gießen,other,A1
gießkanne,noun,B2
gift,noun,C1
giftgrün,adjective,C2
giftig,adjective,C1
giftigen,noun,C1
giftmüll,noun,B2
giftmüllskandal,noun,B1
giftstoff,noun,C2
gift|giften,noun,B2
gigabyte-festplatte,noun,A1
gigantisch,adjective,C1
gigawatt,noun,C1
gillmeister,noun,B2
ginder,noun,A2
gipfel,noun,B1
gipfelglück,noun,B2
gipfeltreffen,noun,B2
gips,noun,B1
gipsbein,noun,A1
gipsfuß,noun,C1
giraffenbabys,noun,B1
girls,noun,B2
girokonto,noun,A1
girtler,noun,C1
gitarre,noun,A1
gitarrist,noun,B1
gitterfenster,noun,B2
giuoco,noun,B2
gl,noun,C1
glace,noun,A2
glamour,noun,B2
glamourös,adjective,C1
glanz,noun,C2
glanzpunkt,noun,C1
glanzschicht,noun,B2
glanzvoll,adjective,B1
glas,noun,A1
glas,other,A1
glas-oder,noun,C1
glasbläserstadt,noun,C1
glasbreite,noun,C2
glaschemikerin,noun,C1
glasdach,noun,C1
glaseinsatz,noun,B2
glaselement,noun,C1
glaserlehre,noun,B2
glasfaserkabel,noun,C1
glasfasernetzen,noun,C1
glasfassade,noun,C1
glasgefäß,noun,C1
glasgefäßes,noun,C1
glasglocke,noun,B1
glashaus,noun,C1
glashöhe,noun,C2
glashütte,noun,B2
glasig,adjective,C1
glasklar,adjective,C1
glaskugel,noun,B1
glaskuppel,noun,A1
glaskörper,noun,C1
glasplatte,noun,A2
glasscheibe,noun,B2
glasscherbe,noun,B1
glasstein,noun,B2
glastechniker,noun,C1
glastür,noun,C1
glaswerk,noun,C1
glaswolle,noun,C1
glaswürfel,noun,C1
glatt,adjective,A2
glattauer,noun,B1
glatteis,noun,A2
glatze,noun,C2
glaube,noun,C2
glauben,other,A1
glaubensbekenntnis,noun,C1
glaubensgrund,noun,B2
glaubenskrieg,noun,C2
glaubhaft,adjective,B2
glaubwürdig,adjective,C2
glaubwürdigkeit,noun,C2
glauser,noun,C1
gleich,adjective,A1
gleich,other,B1
gleich,preposition,A2
gleichaltrig,adjective,C2
gleichaltrige,noun,C2
gleichartig,adjective,B2
gleichbedeutend,adjective,C1
gleichbehandlungsgesetz,noun,B1
gleichberechtigt,adjective,B1
gleichberechtigung,noun,C2
gleichbleibend,adjective,C2
gleiche,noun,B2
gleichen,other,C1
gleichermaßen,adverb,C1
gleichfalls,adverb,C2
gleichgeschlechtlich,adjective,A2
gleichgesinnte,noun,C1
gleichgestimmt,adjective,B2
gleichgewicht,noun,C2
gleichgewichtsgefühl,noun,B2
gleichgültig,adjective,C2
gleichgültigkeit,noun,C1
gleichheit,noun,C2
gleichheitsprinzip,noun,C2
gleichklang,noun,C2
gleichkommen,other,C2
gleichlange,noun,C1
gleichmacherei,noun,C1
gleichmäßig,adjective,C1
gleichmütig,adjective,C1
gleichnamig,adjective,C1
gleichrangig,adjective,C2
gleichsam,adjective,C2
gleichschaltung,noun,C1
gleichsetzen,other,C1
gleichsetzung,noun,C2
gleichstand,noun,C2
gleichstellen,other,C2
gleichstellung,noun,B1
gleichstellungsgesetz,noun,B2
gleichung,noun,C2
gleichwohl,adverb,C1
gleichzeitig,adjective,A2
gleichzeitigkeit,noun,B2
gleichzeitigkeitswahn,noun,C1
gleis,noun,B1
gleiten,other,C2
gleitschirmfliegen,noun,B2
gleitschirmfliegerin,noun,B2
gleitzeit,noun,A1
glelchzeitig,adjective,B1
gletscher,noun,B1
glick,noun,B1
glied,noun,B2
gliedern,other,B2
gliederung,noun,C1
gliederungspunkt,noun,C1
gliederungsvorschlag,noun,C1
gliedmaß,noun,C1
glied|gliedern,noun,C2
glitschig,adjective,C2
glitzern,other,C1
glitzernde,noun,C2
global,adjective,C1
global-,noun,B2
globalesischen,adjective,C2
globalisierer,noun,B2
globalisiert,adjective,B2
globalisiert,other,C1
globalisierung,noun,C1
globalisierungsschub,noun,C1
globalpolitischen,adjective,C1
globalverstehen,noun,B2
globe-tours,noun,A1
globuli,noun,C2
globulus,noun,C1
globus,noun,B1
glocke,noun,B2
glockenbachviertel,noun,B2
glockenschlag,noun,B2
glockig,adjective,B2
glogs,noun,C1
glogster,noun,C1
gloria,noun,C1
gloria-kino,noun,B2
gloss,noun,B2
glossar,noun,C2
glosse,noun,C1
glotze,noun,C2
glotzen,noun,C2
glucklich,adjective,B2
gluten-freier,adjective,C1
glutenfrei,adjective,B1
glänzen,other,B2
glänzend,adjective,C2
gläschen,noun,C1
gläsern,adjective,C1
gläsernen,adjective,B2
glätten,other,B2
gläubig,adjective,B2
gläubiger,noun,C2
glöckchen,noun,B1
glûcklich,adjective,B2
glück,noun,A1
glücke,noun,C1
glücken,other,C1
glücklich,adjective,A1
glücklicherweise,adverb,B2
glücksbegriff,noun,C1
glücksbringer,noun,B1
glücksempfinden,noun,C1
glücksfall,noun,A2
glücksforscher,noun,C1
glücksforschung,noun,C1
glücksfähigkeit,noun,C1
glücksgefühl,noun,C2
glückshormon,noun,B1
glücksjunge,noun,C1
glückskind,noun,C1
glücksmoment,noun,B1
glücksniveau,noun,C1
glückspilz,noun,A2
glückssache,noun,C2
glücksspiel,noun,B2
glücksspielautomat,noun,C1
glücksstadt,noun,B1
glückstadt,noun,A1
glückstadt-süd,noun,A1
glückstadtbau,noun,A1
glückstee,noun,B2
glückwunsch,noun,A1
glückwunschkarte,noun,A2
glückwunschschreiben,noun,C1
glühbirne,noun,B1
glühbirnenfirmen,noun,B2
glühen,other,C1
glühlampe,noun,C2
glühwein,noun,C1
gmbh,noun,B2
gmeiner,other,C1
gmundener,adjective,B1
gnade,noun,B2
gnadenlos,adjective,C2
gnu,noun,C1
gnädig,adjective,B1
go,other,C2
goethe-institut,noun,A1
goethe-universität,noun,A2
goethehaus,noun,A2
goethehauses,noun,B2
goetheplatz,noun,A2
goetheschule,noun,A2
goethestraße,noun,A1
gohelp,noun,B2
gold,noun,C2
goldau,noun,A2
goldauflagen,noun,C2
goldbarren,noun,C2
goldberge,noun,A2
goldbraun,adjective,A2
goldbär,noun,B2
goldbären,noun,B2
golden,adjective,B2
goldene,noun,B1
goldenen,adjective,C2
goldfarbene,adjective,B2
goldfisch,noun,B2
goldglänzendes,adjective,C1
goldgrab,noun,C2
goldgräberstimmung,noun,C2
goldkettchen,noun,C1
goldkette,noun,C2
goldmann,noun,C2
goldmedaille,noun,A2
goldmedaillengewinner,noun,C1
goldmünze,noun,C1
goldnen,noun,B2
goldnes,adjective,B1
goldschatz,noun,C2
goldsymbolen,noun,C2
goldtreppchen,noun,C1
golf,noun,A1
golfball,noun,C1
golfplatz,noun,A2
golfschläger,noun,B1
goltzstraße,noun,A1
gondel,noun,B1
gong,noun,C1
googeln,adjective,B1
googeln,noun,C2
googeln,other,B1
google,adjective,B1
google-autos,noun,C1
google-übersetzer,noun,C1
gopfridschtotz,noun,A2
gordimer,noun,C1
gorilla,noun,A1
gorski,noun,B1
gospel,noun,B1
goteach,other,B2
gothic-bewegung,noun,C2
gott,noun,C2
gottesacker,noun,C1
gottesdienst,noun,C1
gottesgeschenk,noun,C2
gottgegeben,adjective,C1
gottlob,adverb,B2
gottlob,noun,B1
gouda,noun,B2
gourmet,noun,C2
gourmetrestaurant,noun,C2
gourmettyp,noun,C2
gouverneur,noun,A1
gps-satelliten,noun,C2
graal-müritzer,noun,C1
graat,noun,C1
grab,noun,A2
graben,other,C2
grabesgraue,adjective,C2
grabräuber,noun,C2
grabung,noun,C2
grad,adjective,A2
grad,noun,C1
gradmesserfür,noun,C1
graduierende,adjective,B1
graduierung,noun,A1
graf,noun,B2
graffito,noun,B2
grafik,noun,B1
grafik-design,noun,C2
grafik-software,noun,C2
grafikdateien,noun,C2
grafikdesign,noun,C2
grafikdesigner,noun,C2
grafikdesignstudium,noun,B2
grafiker,noun,B2
grafikerin,noun,A2
grafisch,adjective,B1
grafittiresistenten,adjective,C2
grailing,noun,B2
grameen,adjective,C2
grameen,noun,C2
grameen-bank,noun,C2
gramm,noun,A1
grammatik,noun,A1
grammatikalisch,adjective,B1
grammatikkenntnisse,noun,B1
grammatikregel,noun,C2
grammatiktabelle,noun,B1
grammatikübungen,noun,B1
grammatisch,adjective,C2
grammatisierung,noun,C2
grammofon,noun,B2
grammophon,noun,C1
granat|granate,noun,C2
grand,noun,C2
grand-hotel,noun,B2
grandios,adjective,C2
graphologen,noun,C2
grappa,noun,B2
gras,noun,C1
grasdach,noun,C2
grasgrün,adjective,C1
grashalm,noun,B2
graswurzel,noun,C2
grat,noun,C1
gratifikationskrise,noun,C1
gratifikationskrisen,noun,C1
gratis,adjective,A2
gratisprodukte,noun,B2
grats,noun,C2
gratulieren,noun,C2
gratulieren,other,A1
gratwanderung,noun,C2
grau,adjective,A2
grau,noun,C1
graublau,adjective,A2
graubund,noun,B1
graubunden,noun,B2
graue,noun,B1
grauen,noun,B2
grauen,other,B2
graumäusig,adjective,C2
grausam,adjective,C2
grausamkeit,noun,C2
grausamkeiten,noun,C2
grausen,other,C2
grausig,adjective,C2
grauslich,adjective,B2
grauzone,noun,C2
gravitation,noun,B2
grazie,noun,C1
greenhorn,noun,C1
greenpeace-mitglied,noun,B1
greenpeaceaktivist,noun,C2
greifbar,adjective,C2
greifen,other,C1
greifend,adjective,C1
greis,noun,C1
greisin,noun,C1
grell,adjective,C1
grellbunt,adjective,B2
gremium,noun,C1
grenoble,noun,C1
grenzanlage,noun,B1
grenzbahnhof,noun,B1
grenzbildung,noun,B1
grenze,noun,B1
grenzen,other,C2
grenzenfrei,adjective,C2
grenzenlos,adjective,C2
grenzerfahrung,noun,C2
grenzgang,noun,C2
grenzgebiet,noun,A2
grenzkontrolle,noun,B2
grenzpolizei,noun,B2
grenzsoldat,noun,C2
grenzstadt,noun,B1
grenzstreifen,noun,B1
grenzstreitigkeit,noun,B2
grenzwache,noun,B2
grenzwert,noun,C2
grenzöffnung,noun,B1
grenzübergang,noun,A2
grenzübergreifend,adjective,C2
grenzüberschreitend,adjective,C1
grenzübertritt,noun,C1
gretchenzopf,noun,C2
grieche,noun,B1
griechisch,adjective,C1
griechisch-orthodox,adjective,C2
griechisch-römisch,adjective,C1
griechische,noun,C1
griff,noun,B2
griffbereit,adjective,B1
grill,noun,A1
grillabend,noun,A1
grillen,noun,B1
grillen,other,A1
grille|grillen,noun,A2
grillfest,noun,B1
grillkorb,noun,B1
grillmeister,noun,B2
grillparty,noun,A1
grillplatte,noun,B1
grillplatz,noun,B1
grillspezialität,noun,B1
grimassieren,noun,C1
grimassieren,other,C1
grimm,noun,B2
grimm'schen,noun,C2
grimme-preis,noun,B1
grimmig,adjective,C2
grimmmut,noun,B2
grimmschen,noun,C2
grinsen,noun,B1
grinsend,adjective,C2
grippe,noun,A2
grippewelle,noun,C1
grips-theater,noun,A1
grob,adjective,C1
grobheit,noun,A2
groll,noun,B2
groningen,noun,B2
gros,noun,C2
groß,adjective,A2
großanlage,noun,C1
großartig,adjective,B1
großartige,noun,C2
großauftrag,noun,B2
großbank,noun,B1
großbildschirm,noun,B2
großbuchstabe,noun,B2
großbäckerei,noun,A1
große,adjective,B1
große,noun,B2
großeltern,noun,A1
großer,adjective,C1
großereignis,noun,B2
großfaltigen,adjective,C1
großfamilie,noun,A1
großflächig,adjective,C1
großformatig,adjective,B2
großglockncr,noun,A2
großglockner-hochalpenstraße,noun,A2
großglockner-straße,noun,A2
großgrundbesitzer,noun,C2
großhandel,noun,C1
großherzoglich-sächsischen,adjective,C2
großhirnrinde,noun,B2
großküche,noun,B1
großleinwand,noun,B2
großmacht,noun,C2
großmama,noun,C1
großmutter,noun,A1
großmutters,noun,B1
großneumarkt,noun,A1
großneunmarkt,noun,C1
großpapa,noun,C1
großraum,noun,C2
großraumbüro,noun,C1
großräumig,adjective,C2
großschreiben,other,B2
großstadt,noun,B1
großstadt-fan,noun,A2
großstadtgebiete,noun,B1
großstadthektik,noun,B1
großstadtkind,noun,B1
großstadtpalais,noun,B1
großstadtplatz,noun,B1
großstadtsingle,noun,B2
großstadttauglich,adjective,C2
großstadtvergleich,noun,B2
großstädter,noun,C1
großtante,noun,C1
großte,adjective,B2
großtechnologie,noun,C1
großteil,noun,C2
großteils,adverb,B2
großten,adjective,B2
großunternehmen,noun,B2
großvater,noun,A1
großveranstaltung,noun,B1
großverbraucher,noun,B2
großziehen,other,C1
großzügig,adjective,C2
großzügigkeit,noun,A2
grube,noun,B1
grubenbesitzer,noun,C2
grund,noun,B2
grund-präsident,noun,C2
grundabkommen,noun,B1
grundaussage,noun,C2
grundausstattung,noun,C2
grundbaustein,noun,C2
grundbedarf,noun,C2
grundbedürfnis,noun,C2
grundbesitz,noun,B1
grundbestandteil,noun,C2
grundehrlich,adjective,C2
grundeinkommen,noun,B1
grunden,noun,B1
grundfitness,noun,B2
grundform,noun,B2
grundgehalt,noun,B1
grundgesetz,noun,C2
grundhaltung,noun,C1
grundidee,noun,B2
grundimpulse,noun,C2
grundkenntnis,noun,B2
grundkurs,noun,A2
grundlage,noun,B2
grundlageeiner,noun,C1
grundlagenforschung,noun,C1
grundlagenwissens,noun,C2
grundlegend,adjective,C2
grundlos,adjective,C2
grundmauer,noun,C2
grundmuster,noun,C1
grundnahrungsmittel,noun,B1
grundordnung,noun,C2
grundorientierung,noun,B2
grundprinzip,noun,B2
grundproblem,noun,C1
grundrechenart,noun,C1
grundrecht,noun,B2
grundregel,noun,C2
grundriss,noun,B2
grundsatz,noun,C1
grundsatzfrage,noun,B1
grundschulabsolvent,noun,B2
grundschulalter,noun,C2
grundschule,noun,A2
grundschulkind,noun,C2
grundschulklasse,noun,B2
grundschullehrer,noun,C1
grundschullehrerin,noun,B2
grundschüler,noun,C1
grundstein,noun,B2
grundstimmung,noun,C1
grundstock,noun,C2
grundstuck,noun,B2
grundstudium,noun,C1
grundständig,adjective,C2
grundstück,noun,A2
grundstückspreis,noun,A2
grundstücksverkehrsgenehmigungszuständigkeitsübertragungsverordnung,noun,C1
grundsätzlich,adjective,B2
grundtechnik,noun,B1
grundund,noun,B2
grundvoraussetzung,noun,C1
grundwasser,noun,C1
grundwasserverschmutzung,noun,B2
grundwert,noun,C2
grunerstraße,noun,A1
grunstein,noun,C2
gruppe,noun,B2
gruppenaktivität,noun,B2
gruppenarbeit,noun,B1
gruppenbild,noun,C1
gruppendiskussion,noun,C1
gruppenentscheidungen,noun,B2
gruppenführung,noun,A2
gruppengroßen,noun,A2
gruppenmeinung,noun,B2
gruppenmenschen,noun,C1
gruppenpreis,noun,C2
gruppenreise,noun,A1
gruppentisch,noun,C1
gruppenunterricht,noun,B1
gruppenwettkampf,noun,B2
gruppenzelten,noun,B2
gruppierung,noun,C2
gruseln,other,C1
gruß,noun,A1
grußformel,noun,B1
grußkarte,noun,A2
grußwort,noun,B1
gruß|grüßen,noun,A2
grzimeks,adjective,C1
grâser,adjective,A1
grämlich,adjective,A2
gräser-kamm,noun,B1
grässlich,adjective,B2
gröbste,noun,C2
gröden,noun,B2
grönländische,adjective,C1
größe,noun,A1
größen-labels,noun,C2
größenwahn,noun,C2
größere,adjective,C2
größte,noun,B2
größtenteils,adverb,C1
grûße,noun,A1
grübeln,noun,C1
grübeln,other,B2
grüezi,noun,A1
grün,adjective,A2
grün,noun,C1
grünanlage,noun,B2
grünbrücke,noun,B1
gründen,other,B1
gründer,noun,B1
gründerin,noun,B1
gründervater,noun,B2
gründlich,adjective,C1
gründstein,noun,A2
gründung,noun,B2
gründungsmanifest,noun,B2
gründungsverantwortung,noun,C2
grüne,adjective,B1
grüne,noun,B1
grüneburgpark,noun,A2
grünempfindlichen,adjective,C1
grünen,adjective,C2
grüner,adjective,B2
grüneres,adjective,C1
grünfläche,noun,C2
grüngebiet,noun,C2
grünkohl,noun,A1
grünlich,adjective,C1
grünpflanze,noun,C1
grünphase,noun,C2
grünsilbern,adjective,C1
grünstichig,adjective,C1
grünzeug,noun,C1
grütze,noun,B2
grüß,adjective,C1
grüßen,other,A1
gsg-männer,noun,C2
gsm-standard,noun,C1
guanin,other,C2
gucken,noun,A2
gucken,other,A2
guen,adjective,A1
guericke,noun,C1
guerilla,noun,C1
guerilla-begrünung,noun,C2
guerilla-effekt,noun,B2
guerilla-gardening,adjective,C1
guerilla-gardening,noun,C1
guerilla-gärtner,noun,C1
guerilla-marketing,noun,B2
guerilla-stricken,noun,B1
guggenheim,noun,B2
guide,noun,B1
guidebooks,noun,C2
guinessbuch,noun,C1
guinness-buch,noun,C2
guinnessbuch,noun,C1
gulasch,noun,A1
gulaschsuppe,noun,A1
gulden,noun,C1
gummi,noun,C1
gummiartikel,noun,C1
gummiband,noun,B2
gummibaum,noun,C1
gummibärchen,noun,A1
gummibärehen,noun,A1
gummihandschuh,noun,C2
gummilook,noun,B2
gummischlauch,noun,C1
gummischlauchs,noun,C1
gummischuhsohlen,noun,C2
gummistiefel,noun,A1
gunst,noun,C2
gurgeln,other,C1
gurke,noun,B1
gurkenbude,noun,B2
gurkenkräutergarten,noun,B2
gurkenkönig,noun,A2
gurkenmaske,noun,B2
gurkenradweg,noun,B2
gurkensalat,noun,B1
gurkenwürfel,noun,A1
gurren,noun,C1
gurtbögen,noun,C2
guru,noun,C1
guss,noun,C1
gut,adjective,A1
gut,noun,C2
gutachten,noun,C2
gutachter,noun,C2
gutbürgerlich,adjective,B2
gute,adjective,A1
gute,noun,A1
guten,adjective,B2
guten,noun,A1
gutenachtgeschichte,noun,A2
gutenachtkuss,noun,C1
gutenberg-bibel,noun,A2
gutenberg-universität,noun,C1
guter,adjective,B1
guthaben,noun,C1
gutheißen,other,C2
gutmachen,other,B2
gutmütig,adjective,C2
gutschein,noun,A2
gutschreiben,other,A2
gutschrift,noun,B1
gutshaus,noun,B1
gutshof,noun,B1
guttun,other,C1
gutverdienende,noun,C1
gymnase,noun,B1
gymnasial,adjective,B2
gymnasiallehrer,noun,C2
gymnasiast,noun,B1
gymnasiastin,noun,B2
gymnasium,noun,B2
gymnastik,noun,A1
gymnastiksaal,noun,C1
gymnastikübung,noun,A1
gymnastisch,adjective,C1
gypsy,noun,C1
gähnen,other,B2
gähnend,adjective,C2
gängig,adjective,C2
gänsebraten,noun,B1
gänsehaut,noun,C1
gänzlich,adjective,B2
gärtchen,noun,B1
gärtner,noun,C1
gärtner-guerilla,noun,A2
gärtnerei,noun,B2
gärtnern,noun,A2
gärtnerweg,noun,C1
gärtner|gärtnern,noun,C1
gäste-toilette,noun,A1
gäste-wc,noun,A1
gästebuch,noun,B1
gästezimmer,noun,B2
gäßchen,noun,C1
gênes,adjective,C2
gönen,noun,A2
gönnen,noun,C1
gönnen,other,B2
görres-ohde,noun,C1
göthe,noun,C1
göttin,noun,C1
göttlich,adjective,C2
götze,noun,C2
güllener,noun,B1
gültig,adjective,B1
gültigkeit,noun,C2
gültigkeitstag,noun,A2
günde,noun,A2
güngörs,adjective,A1
günstig,adjective,A1
gürtel,noun,C2
güte,noun,C1
gütertransport,noun,C2
gütig,adjective,C1
gütlich,adjective,C2
h,noun,A1
h-laute,noun,A1
h5,noun,A1
ha,noun,B1
ha-ha-haben,other,A1
haar,noun,A2
haarausfall,noun,A1
haarbandes,noun,B2
haarbänder,noun,B2
haarfarbe,noun,C2
haargel,noun,C2
haarklein,adjective,C1
haarscharf,adjective,A1
haarschnitt,noun,C1
haarshampoo,noun,B1
haarstylisten,noun,C1
hab,noun,B1
hab'n,noun,C1
hab'n,other,B1
habe,noun,C2
haben,noun,B1
haben,other,A1
habilitieren,other,C1
habitus,noun,C2
habsburgern,noun,C1
hab‘,other,B2
hach,noun,C2
hacken,other,A2
hacker,noun,B2
hackerangriffe,noun,B2
hackerattacke,noun,A2
hackesche,noun,A1
hackfleisch,noun,C1
haderlap,noun,B1
hadza-junge,noun,A2
hafen,noun,A1
hafencity,noun,B1
hafengeburtstag,noun,B1
hafengebühr,noun,B2
hafenkrankenhaus,noun,A1
hafenstadt,noun,B1
hafer,noun,B2
haft,noun,C1
haftbar,adjective,B2
haften,other,B2
haftpflicht,noun,C1
haftpflichtpolice,noun,C1
haftstrafe,noun,B1
haftung,noun,C2
haftungsrisiko,noun,C1
hagel,noun,C2
hagenbuch,noun,B2
haha,interjection,A1
hahen,other,A1
hahn,noun,C1
hai,noun,B2
haifisch,noun,C1
haifischattacke,noun,C1
hajime,noun,B2
haken,noun,A1
haken,other,B2
halb,adjective,A1
halbdunkel,adjective,C1
halber,preposition,C2
halberstadter,noun,C1
halbfinale,noun,B1
halbformell,adjective,B2
halbformelle,adjective,B2
halbglatze,noun,C2
halbgott,noun,C1
halbherzig,adjective,C1
halbieren,other,C1
halbierung,noun,C2
halbinsel,noun,C2
halbjahr,noun,B2
halblaut,adjective,C1
halbleiter,noun,C1
halbmond,noun,B2
halbpension,noun,C2
halbsatz,noun,C2
halbstarke,noun,C2
halbstündig,adjective,C1
halbtags,adverb,A2
halbtagsplatz,noun,B1
halbtägig,adjective,C2
halbwegs,adverb,C2
halbwüchsig,adjective,C2
halbzehn,number,C1
halbzeit,noun,B2
halde,noun,B2
hall,noun,C2
halle,noun,A2
hallen,other,C1
hallenbad,noun,A2
hallenfußballfeldes,noun,B2
hallenschwimmbad,noun,B2
hallentraining,noun,B2
halliga,noun,B1
hallo,interjection,A1
hallo,noun,A1
halluzination,noun,C2
hallöchen,noun,C1
halm,noun,B2
hals,noun,A1
hals-,other,A1
hals-nasen-ohren-arzt,noun,A1
halskette,noun,A2
halsschlaufe,noun,B2
halsschmerz,noun,A1
halstuch,noun,C1
halsweh,noun,C2
halt,adverb,B2
halt,noun,C2
halt,other,C2
haltbar,adjective,C1
haltbarkeit,noun,C1
haltebedingungen,noun,C2
halten,other,B1
halterung,noun,B2
haltestelle,noun,A1
haltlos,adjective,C2
haltung,noun,C2
haltungsschaden,noun,B2
halt|halten,noun,B2
hambur,noun,B2
hamburg-hauptbahnhof,noun,B2
hamburgeppendorf,noun,C1
hamburger,adjective,A1
hamburger,noun,A1
hamburger-restaurant,noun,A2
hamburgerin,noun,C1
hammelswade,noun,C2
hammer,noun,B1
hammerexamen,noun,B2
hamster,noun,A1
hand,noun,A2
hand-augen-koordination,noun,A2
handarbeit,noun,B1
handarbeitsbegeisterte,noun,B1
handarbeitsbücher,noun,C1
handarbeitskreis,noun,B1
handarbeitsunternehmen,noun,C1
handball,noun,A2
handbewegung,noun,C1
handbuch,noun,B1
handeigenen,adjective,C1
handeisunternehmen,noun,B2
handel,noun,B1
handeln,noun,C2
handeln,other,C1
handelnd,adjective,C2
handelsakademie,noun,B1
handelsbeschränkung,noun,B2
handelsbeziehung,noun,B2
handelsfamilie,noun,C1
handelsgeschehen,noun,C2
handelsgeschäft,noun,C1
handelsgesellschaft,noun,C1
handelsgewerbe,noun,C1
handelshaus,noun,B1
handelskammer,noun,B2
handelsleute,noun,C1
handelsrecht,noun,A2
handelsregister,noun,A2
handelsschiff,noun,C2
handelsschule,noun,A1
handelsstadt,noun,B1
handelsunternehmen,noun,C1
handelsvertreter,noun,A2
handelsware,noun,B1
handelsweg,noun,C1
handelswegenetz,noun,C1
handelszentrum,noun,C2
handelsüblich,adjective,B2
handersatz,noun,C1
handfest,adjective,C1
handfläche,noun,B2
handgefertigt,adjective,C2
handgelenk,noun,C1
handgelenk-kulturen,noun,B1
handgemacht,adjective,B1
handgemachte,noun,B1
handgepäck,noun,B2
handgeschnitzt,adjective,C2
handgeschrieben,adjective,B1
handgreiflich,adjective,C1
handgriff,noun,C2
handhaben,other,C2
handhabten,other,C1
handkoffer,noun,B2
handkuss,noun,C1
handlich,adjective,B2
handloegten,noun,B2
handlung,noun,C2
handlungsanweisung,noun,C1
handlungsbedarf,noun,B2
handlungselement,noun,C2
handlungsfähig,adjective,B1
handlungsmöglichkeit,noun,C1
handlungsspielraum,noun,C1
handlungsstrang,noun,C1
handlungstendenzen,noun,C2
handlungsweise,noun,C2
handout,noun,C1
handouts,noun,B1
handprothese,noun,C1
handprothesen,noun,C1
handschlag,noun,C2
handschrift,noun,B2
handschriftlich,adjective,B1
handschuh,noun,A1
handspiel,noun,B2
handstand,noun,A2
handtasche,noun,A2
handteller,noun,C1
handtuch,noun,A2
handtuchhalter,noun,B2
handvoll,noun,B2
handwerk,noun,B2
handwerker,noun,B2
handwerker-expressdienst,noun,B1
handwerkerin,noun,B2
handwerkerinnen,noun,B2
handwerkermarkt,noun,B1
handwerkerrechnung,noun,C1
handwerklich,adjective,B1
handwerksarbeit,noun,C1
handwerksausbildung,noun,B2
handwerksberuf,noun,B2
handwerksbetrieb,noun,C2
handwerksbursche,noun,B1
handwerksbäckereien,noun,C2
handwerksgeselle,noun,C1
handwerkskammer,noun,C2
handwerkskunst,noun,C1
handwerksleben,noun,C1
handwerksleistung,noun,B2
handwerksmeister,noun,C2
handwerkstradition,noun,C1
handy,noun,A1
handy-akku,noun,B1
handy-akkus,noun,A1
handy-display,noun,B2
handy-fasten,noun,B1
handy-games,noun,C1
handy-generation,noun,B1
handy-nummer,noun,A1
handy-weitwerfer,noun,B2
handy-weitwurf,noun,B2
handybenutzung,noun,C1
handyfreien,adjective,B2
handygespräche,noun,A2
handykonsum,noun,C1
handymanie,noun,C1
handynummer,noun,A1
handynutzung,noun,B2
handysucht,noun,C1
handytelefonbuch,noun,B1
handyverbot,noun,B2
handyvertrag,noun,B2
handywerfer,noun,B2
handzeichnung,noun,C1
hangenden,adjective,B2
hanglage,noun,C2
hangt,other,B2
hannoveraner,noun,C1
hans,noun,B1
hanseaten,noun,B1
hansestadt,noun,B1
hanswurst,noun,C1
hantel,noun,A1
hantels,noun,B2
hantieren,other,B2
happen,noun,B1
happenings,noun,C1
happiness,noun,C1
happy,adjective,C1
haptische,adjective,A2
haptischer,adjective,A2
har,other,B1
harbour,noun,C1
hardcore-vegetarier,noun,B2
hardrock-konzert,noun,B2
hardware,noun,C1
harenkrankenhaus,noun,A1
haribo,noun,B2
harmlos,adjective,C1
harmonie,noun,B2
harmoniebedürfnis,noun,B2
harmonisch,adjective,C1
harmonisieren,other,B1
harmonisierung,noun,B1
harmonisierungssitzung,noun,C1
harry-potter-fieber,noun,B2
harry-potter-film,noun,B2
harsch,adjective,C1
hart,adjective,A1
hartgekocht,adjective,B1
hartnäckig,adjective,C2
hartnäckigkeit,noun,C1
harz,noun,B1
harzer,adjective,B1
hase,noun,A2
hase-bergen,noun,C1
hasenberg,noun,A1
hashtag,noun,C2
hass,noun,C1
hassen,other,B1
hast,noun,A1
hasta,adjective,A1
hasten,other,C1
hastig,adjective,B2
hat,other,C1
hatt,noun,B2
haube,noun,B2
haubhalte,noun,A1
hauchen,noun,A1
hauen,other,C1
hauenschild,noun,A1
haufe,noun,B2
haufenweise,adverb,C2
haufig,adjective,B2
haufiku,noun,A1
hauflku,noun,A1
haupt-,other,B2
hauptargument,noun,B2
hauptast,noun,B2
hauptattraktion,noun,B1
hauptaufgabe,noun,C1
hauptaussage,noun,B1
hauptaussagen,noun,B2
hauptbahn-hof,noun,A1
hauptbahnhof,noun,A1
hauptbereich,noun,C1
hauptberuf,noun,B2
hauptberuflich,adjective,A2
hauptbestandteil,noun,B1
hauptcharakter,noun,C1
hauptdarsteller,noun,A2
hauptdisziplin,noun,B2
hauptfaktor,noun,C1
hauptfigur,noun,C2
hauptfriedhof,noun,C2
hauptgang,noun,B2
hauptgericht,noun,A2
hauptgeschäft,noun,B1
hauptgeschäftsführer,noun,C2
hauptgrund,noun,C1
hauptgründefür,noun,B2
haupthaus,noun,B1
hauptheld,noun,C1
hauptinformationen,noun,C1
hauptkommissar,noun,B2
hauptlabor,noun,C1
hauptlebensmittelladen,noun,C1
hauptmahlzeit,noun,A1
hauptmann,noun,B2
hauptmieter,noun,C1
hauptmotiv,noun,B2
hauptnachricht,noun,C1
hauptorgane,noun,C1
hauptperson,noun,B1
hauptplatz,noun,A1
hauptproblem,noun,C2
hauptpunkt,noun,B1
hauptraum,noun,B2
hauptreiz,noun,C2
hauptrolle,noun,A2
hauptsache,noun,A2
hauptsaison,noun,B2
hauptsatz,noun,B2
hauptschalter,noun,A2
hauptschulabschluss,noun,A2
hauptschule,noun,B2
hauptschullehrer,noun,B2
hauptschüler,noun,A2
hauptsicherung,noun,A2
hauptsitz,noun,B2
hauptspeise,noun,A1
hauptstadt,noun,A1
hauptstraße,noun,C1
hauptstudienrichtung,noun,B2
hauptsystemen,noun,C1
hauptsächlich,adjective,B2
hauptteil,noun,C1
hauptthema,noun,C2
hauptursache,noun,C2
hauptverkehrsader,noun,A2
hauptverkehrsstraße,noun,B1
hauptvorstand,noun,C2
hauptwerk,noun,B1
hauptziel,noun,B2
hauptzutaten,noun,C1
hauptäste,noun,B2
hauptübel,noun,B2
hauruck,noun,C2
haus,noun,A1
haus,other,A1
hausanzug,noun,B1
hausarbeit,noun,C1
hausarrest,noun,A2
hausarzt,noun,A2
hausarzts,noun,B2
hausaufgabe,noun,A1
hausbar,noun,B1
hausbau,noun,C1
hausbesitzer,noun,C2
hausbesuch,noun,C2
hausbewohner,noun,A2
hausboot,noun,A1
hauschild,noun,B1
hausdach,noun,A1
hauseigen,adjective,C1
hauseinweihungsparty,noun,A1
hausen,noun,B1
hausen,other,C2
hausetagen,noun,C1
hausfest,noun,A2
hausflur,noun,A1
hausfrau,noun,A1
hausgemacht,adjective,C1
hausgemachtes,noun,C2
hausgemeinschaft,noun,B1
haushalt,noun,A1
haushaltsbudget,noun,C2
haushaltseinkommen,noun,B2
haushaltsführung,noun,C2
haushaltsgerät,noun,A1
haushaltsgeräteindustrie,noun,B2
haushaltshilfe,noun,C1
haushaltskasse,noun,A2
haushaltsnah,adjective,C1
haushaltsutensil,noun,B1
haushoch,adjective,C2
haushälterin,noun,C1
hausieren,other,C2
hauskauf,noun,C2
hauslehrer,noun,C2
hausmann,noun,B2
hausmannsart,noun,A1
hausmannskost,noun,B2
hausmannsrolle,noun,B2
hausmark,noun,B1
hausmeister,noun,B1
hausmeisterin,noun,A2
hausmeistertätigkeiten,noun,B1
hausmittel,noun,B2
hausmusik,noun,C1
hausmärchen,noun,C2
hausmüll,noun,B1
hausmütterchen,noun,C2
hausnummer,noun,A1
hausordnung,noun,B2
hausparty,noun,A2
hausrat,noun,C2
hausschlüssel,noun,A2
hausschuh,noun,A2
haustausch,noun,B1
haustier,noun,A2
haustiere,adjective,B1
haustür,noun,B1
hausverbot,noun,B2
hausverwaltung,noun,B2
hausvogteiplatz,noun,C2
hauswand,noun,C2
hauswirtschafterin,noun,B2
haut,noun,C1
hautarzt,noun,A2
hautaufhellung,noun,B2
hautausschlag,noun,A2
hautcreme,noun,A1
haute-couture-schauen,noun,C2
hauteng,adjective,B2
hauterkrankung,noun,C1
hautfarbe,noun,B2
hautfarbenen,adjective,B2
hautfreundliches,adjective,B2
hautkrebsrisiko,noun,C1
hautnah,adjective,C1
hautoberfläche,noun,C1
hautpflegemittel,noun,C1
hautschuppe,noun,C1
hautton,noun,B2
hauttyps,noun,B2
hautwiderstand,noun,C1
haußmann,noun,C1
havarieren,other,B2
have,adjective,C1
have,noun,C1
have,other,B1
hawai,noun,A2
hayden,noun,B2
hdl,noun,B1
he,noun,C1
headset,noun,C2
health,noun,C1
health-food-junkie,noun,C2
heartchor,noun,A2
heaven,noun,B1
heavy,noun,B1
hebamme,noun,A2
hebel,noun,C2
heben,other,A1
hebräisch,adjective,B1
hecht,noun,C1
hecke,noun,C2
heckenschere,noun,C1
heer,noun,C2
heerstr,noun,A2
hefe,noun,A1
hefeteig,noun,B2
heft,noun,A1
heften,other,B1
heftig,adjective,C1
heftversand,noun,B1
hege,noun,B2
hegen,noun,B2
hegen,other,C2
hehler,noun,C2
heide,noun,B1
heidebauern,noun,B1
heideblütenfest,noun,B1
heidecker,noun,B2
heidekönigin,noun,B1
heidelberger,adjective,B2
heidnisch,adjective,B1
heifst,other,A2
heifßst,other,A1
heikel,adjective,C2
heil,adjective,C1
heil,noun,C1
heile,noun,B2
heile-welt-schlager,noun,C1
heilen,noun,A1
heilen,other,C2
heilend,adjective,C2
heilig,adjective,B2
heiligabend,noun,A2
heilige,noun,A2
heiligenblut,noun,A2
heilkraut,noun,A1
heilkunde,noun,C1
heilmethode,noun,B2
heilmittel,noun,C2
heilpflanze,noun,C1
heilpraktiker,noun,B1
heilpraktikerin,noun,C2
heilsam,adjective,C2
heilsbringer,noun,C2
heilschlafs,noun,B2
heilung,noun,C2
heilungsprozess,noun,C2
heilwasser,noun,C1
heilwirkung,noun,C2
heim,noun,B1
heim,other,C1
heimat,noun,A2
heimatgefühl,noun,C1
heimathafen,noun,C2
heimatkunde,noun,C1
heimatland,noun,B2
heimatlichkeit,noun,C1
heimatlos,adjective,C1
heimatort,noun,C1
heimatsprache,noun,B1
heimatstadt,noun,A1
heimatverbundenheit,noun,A2
heimatverein,noun,B2
heimatverlust,noun,C1
heimcomputer,noun,A1
heimdal,noun,A2
heimelig,adjective,B2
heimfahrt,noun,B1
heimflug,noun,B2
heimführungen,noun,C2
heimgehen,other,B2
heimgekehrt,adjective,C1
heimisch,adjective,C1
heimlich,adjective,A2
heimlichkeit,noun,C2
heimtextilie,noun,B2
heimtrainer,noun,B1
heimverlangen,other,B2
heimvolkshochschule,noun,B1
heimweg,noun,A2
heimweh,noun,A2
heimwerk,noun,B2
heimwerkernotdienst,noun,B2
heimwärts,adverb,B1
heine-schule,noun,C1
heinrich,noun,C1
heinrich-heine-universität,noun,C1
heirat,noun,A2
heiraten,other,A2
heiratsantrag,noun,C2
heiratsanzeige,noun,C2
heiratslizenz,noun,C2
heiratsmärkte,noun,C2
heiratsmärkten,noun,C2
heiratsschwindelei,noun,C2
heirat|heiraten,noun,B1
heireaten,adjective,A2
heiser,adjective,C1
heiserkeit,noun,C1
heisig,noun,B2
heit,noun,B1
heiter,adjective,A2
heiterkeit,noun,C1
heizen,noun,B1
heizen,other,C1
heizenergie,noun,C1
heizkosten,noun,B2
heizkraftwerk,noun,C1
heizplatte,noun,B2
heizung,noun,A2
heizungsableser,noun,A2
heizungsablesung,noun,A1
heizungsanlage,noun,C2
heizungsinstallateur,noun,B1
heizungskosten,noun,A2
heizungstechnik,noun,B1
heizöl,noun,B2
heiß,adjective,A1
heißblütig,adjective,C1
heiße,adjective,B2
heiße,noun,A2
heißen,other,A1
heißst,adjective,A1
hektar,noun,C1
hektik,noun,B2
hektisch,adjective,A2
held,noun,B1
helden,noun,C2
heldenhaft,adjective,C2
heldentat,noun,C1
heldin,noun,B1
helfen,noun,B2
helfen,other,A1
helfende,noun,B1
helfer,noun,B2
helferin,noun,B2
helikopter,noun,B1
heliozentrisch,adjective,B2
hell,adjective,A1
hellblau,adjective,A1
hellblau,noun,C1
hellen,other,A1
hellerlichten,adjective,C2
hellet,other,C2
hellgelb,adjective,A2
hellgrau,adjective,B2
hellgrün,adjective,A2
hellhörig,adjective,C1
helligkeit,noun,C2
helm,noun,A2
helmholtzplatz,noun,A1
help,noun,B2
helvetisch,adjective,B2
hemd,noun,A1
hemdkragen,noun,B1
hemisphäre,noun,C2
hemmen,other,C2
hemmschwelle,noun,C1
hemmung,noun,B2
hemmungslos,adjective,C2
hempel,noun,C2
henkel,noun,C1
henn-memmesheimer,noun,C2
her,adverb,B1
her,other,C2
herab,other,C2
herabgekommene,adjective,C1
herabsenkung,noun,C2
herabsetzen,other,C2
herabsetzung,noun,C2
herabsteigen,other,C1
herabwürdigend,adjective,C1
heran,other,C1
heranführen,other,C2
herangehensweise,noun,B2
herankommen,other,C2
heranreifen,other,C2
heranschaffen,other,C1
heranstürmend,adjective,B1
heranwachsen,other,C1
heranwachsend,adjective,B1
heranwachsende,noun,C2
heranziehen,other,B2
herauf,other,B1
heraufdrücken,noun,B2
heraufdämmern,noun,C2
heraufdämmern,other,C2
heraufgedrückt,other,B2
heraufsetzung,noun,C1
heraufziehen,other,B1
heraus,adverb,C2
heraus,other,C1
herausarbeiten,other,C2
herausbekommen,other,C1
herausbilden,other,B2
herausbringen,other,C1
herausdekliniert,other,C1
herausdrücken,other,B2
herausfiltern,other,B2
herausfinden,noun,C2
herausfinden,other,C1
herausfordern,other,C2
herausfordernd,adjective,C2
herausforderung,noun,B2
herausgeben,other,B2
herausgeber,noun,C2
herausgeberin,noun,C1
herausgebracht,adjective,C2
herausgeputzt,adjective,C1
herausheben,other,B2
herausholen,other,C2
herausklagen,other,C2
herauskommen,other,C1
herausquellend,adjective,C2
herausragend,adjective,B2
herausreden,other,C1
herausreißen,other,C2
herausspringen,other,C2
herausstellen,other,C2
herausziehen,other,B1
herauszuschnuppern,other,C2
herauszustrecken,other,C2
herb,adjective,C2
herbeiführen,other,C1
herbeireden,other,C1
herbeischaffen,other,C1
herbeizaubern,other,C1
herbeizulocken,other,C2
herberge,noun,B2
herbergsverzeichnisse,noun,B2
herbizid,noun,C1
herbst,noun,A1
herbstferien,noun,A1
herbstlich,adjective,A2
herbstmode,noun,A1
herbstnachmittag,noun,C1
herbstsemester,noun,B2
herbststurm,noun,B2
herbsttag,noun,B2
herbstwind,noun,B2
herbstwinde,noun,B1
herbstwoche,noun,B2
herd,noun,A1
herder-gymnasium,noun,A2
herder-gymnasiums,noun,A2
herder-institut,noun,C2
herdhelden,noun,B1
herd|herde,noun,A1
herein,noun,C1
herein,other,A2
hereinkommen,other,A2
hereinlassen,other,A2
hereinlegen,other,C1
hereinrollende,adjective,C1
herfahren,other,B2
hergeben,other,C2
hergestellt,adjective,B2
herhatte,other,B2
hering,noun,B2
herkommen,other,A2
herkunft,noun,B1
herkunftsfamilie,noun,C1
herkunftsland,noun,C1
herkunftsort,noun,C1
herkunftssprache,noun,A2
herkömmlich,adjective,C1
herlaufen,other,B1
herliche,adjective,A2
hernach,adverb,C2
hernehmen,other,B2
herniedersieht,other,B2
heroin,noun,C1
heroisch,adjective,C1
heroismus,noun,C2
herr,noun,A1
herrchen,noun,C2
herreißen,other,B2
herren,noun,C2
herrenabteilung,noun,A1
herrenausstatter,noun,B2
herrengasse,noun,A2
herrenhaus,noun,B2
herreninsel,noun,A2
herrenjahr,noun,C1
herrenkleidung,noun,A2
herrenlos,adjective,B2
herrenmode,noun,A2
herrennen,other,B2
herrenschneiderei,noun,B1
herrenunterhose,noun,C2
herrichten,other,C1
herrisch,adjective,C2
herrlich,adjective,A1
herrndorf,noun,C2
herrnhuter,noun,C1
herrnleben,noun,B1
herrschaft,noun,C2
herrschaftsgebiet,noun,B2
herrschaftsmittel,noun,C2
herrschen,other,B2
herrschend,adjective,C1
herrscher,noun,B2
herrscherhaus,noun,C1
herrschersitze,noun,C2
herrühren,other,C1
herstellen,noun,C1
herstellen,other,B2
hersteller,noun,B2
herstellergarantie,noun,B2
herstellung,noun,B2
herstellungskette,noun,B2
herstellungsprozess,noun,C2
herstoßen,noun,C2
hert,other,C1
hertie-stiftung,noun,C1
herum,other,B1
herumdrehen,other,B2
herumfahren|herumführen,other,C1
herumfragen,other,C2
herumgeballert,adjective,A2
herumirrt,other,C1
herumkommen,other,C1
herumlaufen,other,B2
herumliegen,other,B1
herumlümmelnde,adjective,C2
herumoperieren,other,C2
herumreichen,other,B1
herumreisen,other,C1
herumreißen,other,C1
herumschlagen,other,C2
herumschleppen,other,C2
herumschwimmen,other,C2
herumsitzen,noun,C2
herumsitzen,other,C1
herumsprechen,other,B2
herumspringen,other,B2
herumstehen,other,C1
herumsurfen,noun,A2
herumtragen,other,C1
herumtreiben,other,B2
herumtreiber,noun,C2
herumzappelten,other,C2
herunter,adjective,A2
herunter,other,B2
herunterbalancieren,other,B2
herunterdrücken,other,B2
heruntergekommen,adjective,C2
herunterkommen,other,B2
herunterkurbeln,other,C2
herunterladen,other,B2
herunterlassen,other,C2
herunterpurzeln,other,C2
heruntersetzen,other,B2
herunterstürzen,other,C2
herunterziehen,other,B2
hervor,other,C1
hervorbringen,other,C2
hervorgehen,other,C2
hervorgerufen,adjective,C1
hervorgestoßen,adjective,B2
hervorheben,other,B2
hervorragend,adjective,C2
hervorrufen,other,C2
hervortun,other,C2
herz,noun,B1
herz-institut,noun,C1
herz-kreislauf-erkrankung,noun,C1
herz-kreislauf-system,noun,B2
herz-rhythmus-störung,noun,C2
herz-und,noun,C1
herzaktivität,noun,C1
herzallerliebste,noun,C2
herzanfall,noun,B1
herzattacke,noun,B1
herzbaracke,noun,B1
herzbeschwerde,noun,C1
herzblut,noun,B2
herzchen,noun,A2
herzenslust,noun,C2
herzenswunsch,noun,B1
herzenswärme,noun,B2
herzenswünsche-mitarbeiter,noun,B1
herzerkrankung,noun,A2
herzform,noun,B2
herzfrequenz,noun,B2
herzgesunde,adjective,B2
herzhaft,adjective,C1
herzinfarkt,noun,C1
herzinfarktrisiko,noun,B2
herzinfarktverdacht,noun,C1
herzkammer,noun,C1
herzkatheteruntersuchung,noun,C1
herzklopfen,noun,C2
herzkrankheit,noun,A2
herzlich,adjective,A1
herzliche,noun,C1
herzlichkeit,noun,B1
herzogin-anna-amalia-bibliothek,noun,C2
herzogin-annaamalia-bibliothek,noun,B2
herzproblem,noun,C1
herzrasen,noun,C2
herzrhythmusstörung,noun,C2
herzschlag,noun,C2
herzschutz,noun,B1
herzsprung,noun,B2
herzstich‘,noun,C1
herzstück,noun,C2
herztod,noun,B1
herzu,adverb,C1
herüber,other,B2
hesse,noun,B2
hessisch,adjective,B2
heterosexuelle,noun,C2
hetzen,other,B2
hetzschrift,noun,C2
heu,noun,B1
heuen,other,B2
heuern,other,C2
heulclubs,noun,A2
heulen,noun,A2
heulen,other,C2
heumilch,noun,B1
heumilch-kühe,noun,B1
heute,adjective,A2
heute,adverb,A1
heute,noun,A1
heute-journal,noun,C2
heutejournal,noun,C1
heuten,noun,B1
heutig,adjective,C2
heutzutage,adverb,C1
hexe,noun,C2
hexenbrennen,noun,B2
hexenfeuer,noun,B2
hexenkessel,noun,B2
hexenkostüme,noun,C2
hexenmeister,noun,C2
hexenschuss,noun,A2
hexe|hexen,noun,C2
hey,adjective,C1
hey,noun,A1
hhmm,noun,A1
hhörte,other,B2
hi,adjective,A1
hi,other,A1
hi-hi-hin,other,A1
hier,adjective,B2
hier,adverb,A1
hier,noun,A1
hierarchie,noun,B2
hierarchieebene,noun,B2
hierarchiestufe,noun,C1
hierarchisch,adjective,B2
hierarchischem,adjective,C2
hierauf,other,B1
hierbei,other,C2
hieressen,noun,C1
hierfehlt,other,B2
hierfür,noun,C1
hierfür,other,B2
hierher,adverb,B1
hierher,other,A2
hierherkommen,other,B2
hierhin,other,B1
hierholzer,noun,C1
hierlassen,other,A2
hiermit,other,B1
hierunter,other,B2
hierzu,other,B2
hierzulande,adverb,B2
hiesig,adjective,C2
hifi-anlage,noun,B1
high,noun,C2
high-tech,adjective,A1
highlight,noun,C2
highspeed-prozessor,noun,B2
hightech,noun,C1
hil,adjective,A2
hilfe,noun,B1
hilfebedürftig,adjective,B2
hilferuf,noun,A2
hilfestellung,noun,C1
hilfeunterricht,other,B2
hilfiker,noun,B1
hilflos,adjective,C1
hilflosigkeit,noun,C1
hilfreich,adjective,B2
hilfs-,other,C1
hilfsbedürftig,adjective,C1
hilfsbedürftigte,noun,A2
hilfsbereit,adjective,C2
hilfsbereitschaft,noun,C1
hilfsdisziplin,noun,C1
hilfskonstruktion,noun,B2
hilfskraft,noun,C1
hilfsmittel,noun,C2
hilfsmitteln,noun,B2
hilfsorganisation,noun,B2
hilfsverben,noun,B2
hiller,noun,C2
himmel,noun,A1
himmelbett,noun,C2
himmelblau,adjective,C1
himmelblau,noun,C1
himmelfahrt,noun,A2
himmeln,other,C1
himmelserscheinung,noun,C1
himmelskörper,noun,C2
himmelsrichtung,noun,B1
himmelsscheibe,noun,C2
himmelsstürmer,noun,C2
himmlisch,adjective,B1
hin,adverb,C1
hin,other,A2
hin-,other,B2
hinab,other,C2
hinabtauchen,other,B1
hinarbeiten,other,B2
hinauf,adverb,C2
hinauf,other,B2
hinauffahren,other,A2
hinaufgehen,other,A2
hinaufsteigen,other,C2
hinauftrage,other,C1
hinaufund,noun,B2
hinaufzuerziehen,noun,C2
hinaus,adverb,B2
hinaus,other,B1
hinausdrängen,other,C1
hinausgehen,other,B2
hinausgehend,adjective,B2
hinausgeworfen,adjective,C1
hinausposaunen,other,C1
hinausreichen,other,C2
hinausschieben,other,B1
hinauswachsen,other,B1
hinauswerfen,other,C1
hinauswill,other,C1
hinauszubegleiten,other,C1
hinauszuerziehen,other,C2
hinbekommen,other,C2
hinblick,noun,C1
hinbringen,other,C2
hindern,other,C1
hindernis,noun,C1
hindeuten,other,B2
hindi,noun,B2
hinduismus,noun,B1
hindurch,other,C1
hinein,adverb,B2
hinein,other,B1
hineingebären,other,C1
hineininterpretieren,other,C2
hineinleben,other,C1
hineinpacken,other,C2
hineinschnuppern,other,C1
hineinstopfen,other,B1
hineinversetzen,other,C1
hineinwachsen,other,C1
hinfahren,other,A1
hinfahrt,noun,A2
hinfallen,other,B1
hinflug,noun,B2
hinfällig,adjective,C1
hinfügen,other,C1
hinführen,other,B1
hingabe,noun,C1
hingeben,other,C2
hingegen,adverb,C1
hingehen,other,C2
hingucken,other,C1
hingucker,noun,B2
hinhalten,other,B2
hinhören,other,C2
hini,noun,C1
hinken,other,C2
hinkommen,other,C1
hinkriegen,other,C2
hinlegen,other,A2
hinnehmbar,adjective,C2
hinnehmen,other,B1
hinnerks,noun,C1
hinreißen,other,C2
hinreißend,adjective,C2
hinrichten,other,C2
hinschauen,noun,C1
hinschauen,other,C2
hinschmeißen,other,C2
hinsehen,noun,C2
hinsehen,other,B2
hinsetzen,other,C1
hinsicht,noun,B2
hinsichtlich,preposition,C2
hinstellen,other,C1
hinstoßen,other,C2
hinten,adverb,A1
hinter,adjective,A2
hinter,noun,C2
hinter,other,B2
hinter,preposition,A2
hinter+die,preposition,C1
hinterbein,noun,B2
hintereinander,adverb,B1
hinterfrage,noun,C2
hinterfragen,other,C2
hinterfragendem,adjective,C2
hintergehen,other,C1
hintergrund,noun,C1
hintergrundinformation,noun,B1
hintergrundmusik,noun,C2
hintergrundwissen,noun,C2
hinterhaus,noun,C1
hinterher,adverb,B1
hinterher,other,B1
hinterherlaufen,other,B1
hinterherrennen,other,C2
hinterhersehen,other,B1
hinterhof,noun,C2
hinterhofatelier,noun,C2
hinterhofgrau,noun,C2
hinterimmer,noun,B2
hinterlassen,other,C1
hinterlaß,adjective,C1
hinterrücks,adverb,A2
hinterrücks,noun,C1
hinterschlucken,adjective,C1
hinterteil,noun,C1
hintertreffen,noun,C1
hintertür,noun,C1
hintertürchen,noun,C2
hinterziehen,other,C2
hinunter,adverb,A2
hinunter,other,A2
hinuntergehen,other,B2
hinunterlassen,other,C2
hinunterrutschen,other,C2
hinweg,adverb,B2
hinweg,other,B1
hinweglügen,other,C2
hinwegsehen,other,C2
hinwegziehen,other,C1
hinweis,noun,B1
hinweisen,other,B2
hinweisschild,noun,B2
hinwendung,noun,C2
hinwerfen,other,C1
hinxton,noun,C1
hinzel,noun,B1
hinziehen,other,B2
hinzu,adverb,B2
hinzu,other,B1
hinzudenken,other,C2
hinzufügen,noun,C1
hinzufügen,other,C2
hinzukommen,noun,C1
hinzukommen,other,B2
hinzuziehen,other,C1
hinzuziehung,noun,C1
hinüber,adverb,A2
hinüber,other,B1
hinübergeklettert,other,C1
hip,adjective,B2
hip-hop,noun,C2
hip-hop-fest,noun,A2
hip-hop-kultur,noun,C2
hip-hopkultur,noun,C1
hippe,noun,C2
hippen,adjective,C1
hippie,noun,C2
hippie-veranstaltung,noun,B2
hippiefestivals,noun,C2
hippocampus,noun,C2
hirmblutung,noun,B2
hirn,noun,C1
hirnareale,noun,C1
hirnbereichen,noun,C1
hirnblutung,noun,B2
hirnforscher,noun,B1
hirnforschern,noun,B1
hirnforschung,noun,B1
hirnleistung,noun,C1
hirnpartie,noun,C2
hirnregion,noun,C2
hirnscans,noun,C1
hirnschaden,noun,C2
hirnschäden,noun,B2
hirnstrom,noun,C2
hirnstruktur,noun,C2
hirnteil,noun,C1
hiromis,adjective,A1
hirsch,noun,A2
hirsch-apotheke,noun,A2
hirschhausen,noun,C1
hirt,noun,C1
hirte,noun,C2
hirtenflöten,noun,C1
hist,noun,C2
historiale,noun,C2
historiker,noun,C2
historikerin,noun,C1
historisch,adjective,B2
historizität,noun,C2
history-award,noun,C2
hit,noun,A1
hitgeschäft,noun,C1
hitlergruß,noun,C2
hitliste,noun,C2
hitze,noun,A2
hitzebedingte,adjective,C1
hitzefrei,adjective,B2
hitzeopfer,noun,C1
hitzeperiode,noun,A2
hitzepflaster,noun,C2
hitzesommer,noun,C1
hitzestress,noun,C1
hitzewelle,noun,C1
hitzig,adjective,B2
hiv-projekte,noun,A1
hm,other,A1
hmm,interjection,A2
hmmm,noun,B2
hob-center,noun,C2
hobby,noun,A1
hobby-archäologe,noun,C2
hobby-buddhisten,adjective,C1
hobby-dj,noun,B2
hobby-fotografin,noun,A1
hobby-schneiderinnen,noun,B1
hobbyausstattung,noun,C2
hobbybastler,noun,C1
hobbyfotograf,noun,C1
hobbygärtner,noun,C1
hobbygärtnerei,noun,C1
hobbykicker,noun,B1
hobbykoch,noun,B2
hobbyläufer,noun,C2
hobbymannschaft,noun,B1
hobbymarathonläufer,noun,C2
hobbymusiker,noun,B2
hobbyschatzsuche,noun,C2
hobmeier,noun,B1
hoch,adjective,B2
hoch,noun,A2
hoch,other,A1
hoch-sprache,noun,C2
hochachtung,noun,B2
hochaktuell,adjective,C1
hochalp,noun,B2
hocharbeiten,other,C2
hochbegabt,adjective,C2
hochbegabt,other,C2
hochbegabte,noun,C2
hochbegabtenförderung,noun,C2
hochbegabung,noun,C2
hochdeutsch,adjective,B2
hochdeutsch,noun,C1
hochdeutsche,noun,B2
hochdruckeinfluss,noun,C1
hochdruckgebiet,noun,A2
hochdruckregister,noun,C1
hochebene,noun,C2
hocheffektiv,adjective,C1
hocherfreut,adjective,C1
hochfrequenzlagen,noun,C2
hochgebirgs,noun,B2
hochgehen,other,C1
hochgiftig,adjective,B1
hochglanzbroschüre,noun,B2
hochgradig,adjective,C2
hochhaus,noun,A1
hochhauser,noun,A2
hochheben,other,B1
hochintelligent,adjective,C2
hochkarätig,adjective,C1
hochkomplex,adjective,C1
hochkonjunktur,noun,C1
hochkrempeln,other,B1
hochkunst,noun,C1
hochleistungsgeräte,noun,C1
hochleistungssport,noun,B2
hochmodern,adjective,B1
hochmodern,other,C1
hochmoor,noun,B1
hochprozent'gen,adjective,C2
hochpumpten,other,C1
hochqualifiziert,adjective,C2
hochrangig,adjective,C2
hochrechnung,noun,C1
hochrädriges,adjective,C1
hochrüsten,other,C2
hochschieben,other,B2
hochschulabschluss,noun,B1
hochschulabsolvent,noun,C1
hochschulabsolventin,noun,C1
hochschule,noun,B2
hochschullehrer,noun,B1
hochschulreife,noun,B2
hochschulrektorenkonferenz,noun,C1
hochschulsport,noun,B2
hochschulstudium,noun,A2
hochschulwechsel,noun,B2
hochschwangre,adjective,C2
hochschwarzwald-kreis,noun,A2
hochseil,noun,B2
hochseilartist,noun,B2
hochsommer,noun,C1
hochspannung,noun,B2
hochsprache,noun,C2
hochspringe,other,C1
hochstapler,noun,B2
hochstecken,other,B2
hochstilisieren,other,C2
hochstr,noun,A2
hochtechnisiert,adjective,C2
hochtechnologie,noun,B2
hochtreiben,other,C2
hochwasser,noun,B2
hochwerfen,noun,C1
hochwertig,adjective,B2
hochzeit,noun,A2
hochzeits-suite,noun,B2
hochzeitsagentur,noun,B1
hochzeitsfeier,noun,A2
hochzeitsgast,noun,C2
hochzeitskurse,noun,B1
hochzeitspaar,noun,A2
hochzeitsplanerin,noun,A2
hochzeitsreise,noun,A2
hochzeitstag,noun,A1
hochzeitstorte,noun,B2
hochzeitsvideo,noun,B2
hocke,noun,C1
hockey,noun,C2
hockeymannschaft,noun,B1
hodengewebe,noun,C1
hof,noun,A1
hof-korbmacher,noun,C1
hofanlagen,noun,B2
hofbräuhaus,noun,A1
hofburg,noun,A2
hoffen,other,A2
hoffentlich,adjective,B1
hoffentlich,adverb,A1
hoffnung,noun,A2
hoffnungsmärkte,noun,C2
hoffnungsschimmer,noun,C2
hofgarten,noun,A1
hofgasse,noun,A2
hofgelände,noun,A2
hofieren,other,B1
hofjuwelier,noun,C1
hofkirche,noun,C1
hofladen,noun,A2
hoflieferant,noun,B2
hofmeister,noun,C2
hofnarr,noun,C1
hofoper,noun,B1
hofschauspieler,noun,C1
hofschauspielers,noun,C1
hofstaat,noun,C1
hohe,noun,C1
hohen,adjective,C2
hohenheimer,noun,C1
hohensyburg,noun,A1
hohl,adjective,B1
hohle,noun,B2
hohnlachen,noun,C1
hol,noun,C1
holding,noun,C1
holen,other,A1
holluschek,noun,B1
hollywoodklassikern,noun,C2
hollywoodstar,noun,B1
holländer,noun,C2
holländisch,adjective,C2
holocaust,noun,C2
holofernes,noun,B1
holprig,adjective,C1
holts,noun,C1
holz,noun,A2
holz-haus,noun,A2
holzabteilung,noun,B2
holzarbeit,noun,B1
holzarbeitern,noun,C2
holzbau,noun,B2
holzbearbeitungsprodukte,noun,C2
holzbedarf,noun,C2
holzbrücke,noun,C1
holzgau,noun,B2
holzgriff,noun,C1
holzhaus,noun,A1
holzhausenstraße,noun,A1
holzkirche,noun,B2
holzkohle,noun,A2
holzkreuz,noun,A2
holzleiter,noun,B1
holzlöffel,noun,C1
holzmarkt,noun,A2
holzpalisade,noun,C1
holzplatte,noun,B2
holzpyramide,noun,C1
holzqualitäten,noun,C1
holzregal,noun,A2
holzrekonstruktion,noun,C1
holzruder,noun,B1
holzschuh,noun,C1
holzschutzmittel,noun,C1
holzsteg,noun,B1
holzstock,noun,B2
holzstuhl,noun,C1
holztisch,noun,A2
holztür,noun,B2
holzuntersuchungen,noun,C1
holzvertäfelung,noun,C2
holzwachstum,noun,C1
holzweg,noun,C1
holzwerkstatt,noun,C1
holzwolle,noun,A2
home,noun,C1
home-office,noun,C2
homeoffice,noun,B1
homepage,noun,B1
homes,noun,C1
homeschooling,noun,C2
hommage,noun,B2
homo,adjective,C2
homo,noun,C2
homogenisierungssitzung,noun,C1
homosexualität,noun,B2
homosexuelle,noun,B1
homöopathie,noun,C2
homöopathisch,adjective,C2
hongkonger,noun,B2
honig,noun,A1
honorar,noun,A2
honorarkraft,noun,B2
honorarprofessur,noun,B2
honorieren,other,C1
honweg,noun,C1
hooligan,noun,C2
hooligan-identität,noun,C2
hooliganismus,noun,C2
hooper,noun,B1
hopen,noun,A2
hopfen,noun,C1
hoppeln,adjective,B2
hopper-ticket,noun,B1
hopping,noun,A1
horizont,noun,C1
horizontal,adjective,C2
hormon,noun,C2
hormonartige,adjective,C2
hormonhaushalt,noun,C2
horn,noun,C1
horngriffen,noun,C1
hornhaut,noun,C1
horoskop,noun,C1
horrend,adjective,C2
horror,noun,B2
horrorfilm,noun,A1
horrorgeschichte,noun,B2
hort,noun,C2
horten,other,C2
hose,noun,A1
hosenanzug,noun,A2
hosentasche,noun,A2
hospital,noun,C2
hospitation,noun,B2
host,noun,C1
hostel,noun,A2
hot,noun,B2
hotel,noun,A1
hotel-,other,C1
hotel-geschichte,noun,B2
hotel-ralleys,noun,B2
hotel-restaurant,noun,B2
hotel-restaurants,noun,B2
hotel-team,noun,C2
hotelabholern,noun,B2
hoteladresse,noun,B1
hotelanlage,noun,C2
hotelbar,noun,C2
hotelberrieb,noun,B1
hotelberufen,noun,C1
hotelchef,noun,A1
hoteleigen,adjective,B2
hotelfachfrau,noun,C2
hotelfachleute,noun,C1
hotelfachmann,noun,C2
hotelfachschule,noun,A2
hotelgast,noun,B2
hotelgebäude,noun,C2
hotelgeschäft,noun,C2
hotelgewerbe,noun,C1
hotelhalle,noun,B2
hotelhandtuch,noun,B2
hotelkauffrau,noun,C2
hotelkaufleute,noun,C1
hotelkaufleuten,noun,C1
hotelkette,noun,B2
hotelküche,noun,A2
hotellerie,noun,C1
hotelmarkt,noun,B2
hotelmeister,noun,C1
hotelmeisterin,noun,C1
hotelmeisterinnen,noun,C1
hotelmitarbeitern,noun,C1
hotelorganisation,noun,C1
hotelpool,noun,C1
hotelrestaurant,noun,B2
hotelzimmer,noun,A1
hotelübernachtung,noun,B2
hotpants,noun,C2
hotspot,noun,A2
hsv-profi,noun,C2
hubschrauber,noun,C1
huch,interjection,A2
huchting,noun,C1
huflattich,noun,C1
hugenotte,noun,C2
huhn,noun,A1
huld,noun,B2
human-,other,C1
humanistisch,adjective,C1
humanitär,adjective,C2
humanitäre,adjective,C2
humanmedizin,noun,C2
humanoide,adjective,C1
humboldt-universität,noun,B1
hummer,noun,C1
humor,noun,C1
humor-diät,noun,C1
humorlos,adjective,B1
humorv,noun,B2
humorvoll,adjective,B1
humpeln,other,C1
hund,noun,A1
hundedressur,noun,C2
hundeerziehung,noun,B1
hundeflüsterin,noun,B1
hundefutter,noun,B1
hundegebell,noun,B2
hundehütte,noun,B2
hundekuchen,noun,A2
hundert,noun,C1
hundert,number,C2
hundertachtzig,number,A1
hunderte,adjective,B1
hundertjährige,noun,C1
hundertmal,adverb,C2
hundertprozentig,adjective,C2
hundertst,adjective,C2
hunderttausend,noun,A2
hunderttausend,number,B2
hunderttausende,adjective,B1
hundeschlitten,noun,B1
hundeschule,noun,B1
hundesitter,noun,A1
hundesteuer,noun,B1
hundetrainerin,noun,B1
hundin,noun,B1
hunger,noun,A1
hungergefühl,noun,C1
hungern,noun,B1
hungern,other,B2
hungersnot,noun,B2
hungrig,adjective,B1
hunterte,adjective,C2
hupen,other,A1
hupe|hupen,noun,A1
hupfen,other,C1
huppi,noun,A1
hurra,interjection,A1
hurra,noun,A1
hurrikan,noun,C1
hurrikans,noun,B1
husten,noun,A1
husten,other,A1
hustenbekämpfung,noun,C1
hustenfall,noun,B1
hustenmedikamente,noun,C1
hustensaft,noun,A1
hut,noun,A1
hutgeld,noun,A2
hutgeschäft,noun,A2
hutnadel,noun,C1
hutschachtel,noun,B1
hybridprodukte,noun,B2
hydroenergie,noun,C1
hydrophil,adjective,B2
hydrophob,adjective,B2
hydroponik,noun,B1
hygiene,noun,C1
hygieneartikel,noun,C1
hygieneausstellung,noun,C1
hygienisch,adjective,C1
hymne,noun,C2
hyperaktivität,noun,C2
hypericum,noun,C1
hyperkonsums,noun,C2
hypnose,noun,B1
hypnotisch,adjective,C2
hypochondern,noun,C1
hypothalamus,noun,C1
hypothek,noun,C1
hypothese,noun,C2
hypothesis,noun,C1
hysterie,noun,C2
hysterisch,adjective,C1
hyäne,noun,C2
häffe,other,C1
hähnchen,noun,A1
hähnchenkostüm,noun,C1
hähnchenschenkel,noun,A2
häkchen,noun,C1
häkelbikinis,noun,B1
häkeln,noun,C1
häkeln,other,C1
häkelnadel,noun,C1
hälfte,noun,B1
hämmern,noun,B2
hämmern,other,B2
händchen,noun,B2
händedruck,noun,B2
händemensch,noun,B1
händeringend,adjective,C2
händler,noun,A1
händlerfamilie,noun,C1
hängebrücke,noun,C2
hängen,other,A1
hängenbleiben,other,C2
hänschen,noun,B2
hänsel,noun,C2
hänseln,other,B2
häppchen,noun,B1
härchen,noun,C2
härte,noun,B2
härtetest,noun,C1
häschen,noun,A2
hässlich,adjective,B2
hät,other,A1
hätt,other,B2
hätte,noun,C1
hätten,noun,C1
häufen,other,B2
häufend,adjective,C2
häufig,adjective,B2
häufige,noun,A2
häufigkeit,noun,B2
häufigsten,adjective,B2
häufung,noun,C2
häuschen,noun,B1
häuserblock,noun,B2
häuserbrei,noun,C2
häuserdach,noun,A2
häuserkomplex,noun,C1
häuserzeile,noun,B1
häusken,noun,B1
häusle-ag,noun,B2
häuslich,adjective,C2
häßliche,noun,C2
höchschen,noun,A2
höchst,adverb,C1
höchstbetrag,noun,C2
höchste,adjective,C2
höchstens,adverb,B1
höchstgeschwindigkeit,noun,B1
höchstgrenze,noun,C1
höchstleistung,noun,C1
höchstmöglich,adjective,B2
höchstmögliche,noun,C2
höchstpreis,noun,C1
höchststrafe,noun,C2
höchsttemperatur,noun,C1
höchstwahrscheinlich,adjective,C1
höchstwert,noun,A2
höfisch,adjective,C1
höflich,adjective,B1
höflichkeit,noun,C1
höflichkeitsform,noun,B2
höflichkeitsformen,noun,C2
högel,noun,B1
höh,noun,B1
höhe,noun,B2
höhenangst,noun,B2
höhenburg,noun,B1
höhenfeuerwerk,noun,B1
höhenlage,noun,B1
höhenmeter,noun,B1
höhenrekorde,noun,B2
höhentrainingslager,noun,C1
höhenunterschied,noun,B1
höhenverkehrte,adjective,C1
höhenverstellbar,adjective,A2
höhepunkt,noun,B1
höher,noun,C2
höhere,noun,C2
höherentwickeltes,adjective,C1
höhergestellte,noun,C2
höherklettern,noun,C1
höherstehend,adjective,C1
höhle,noun,C1
höhlenartigen,adjective,C1
hölle,noun,C1
hölzchen,noun,C1
hölzern,adjective,C1
hör,noun,B2
höraufgabe,noun,B2
höraufnahme,noun,C1
hörbar,noun,B2
hörbuch,noun,A2
hördokumente,noun,C2
hören,noun,C2
hören,other,A1
hörend,adjective,C2
hörende,noun,C2
hörensagen,noun,C1
hörer,noun,B2
hörerin,noun,B2
hörersignale,noun,A2
hörfunk,noun,B2
hörgerät,noun,A2
hörgeräteakustiker,noun,C2
hörgeschädigte,noun,C2
hörprobleme,noun,C2
hörsaal,noun,C2
hörschnecke,noun,C2
hörschädigung,noun,C2
hörspiel,noun,B1
hörspiel-krimis,noun,B2
hörstück,noun,B2
hörtext,noun,A1
hörtexte,noun,C1
hörverstehen,noun,A2
hörverständnis,noun,C2
hörübungen,noun,C1
höser,adjective,B2
hötte,noun,B1
hübchen,noun,B1
hübsch,adjective,A1
hübsche,noun,B1
hüfte,noun,A2
hügel,noun,C1
hühnerauge,noun,C1
hühnerbatterien,noun,C2
hühnerei,noun,B1
hühnereis,noun,B2
hühnereiweiße,noun,B1
hühnerfleisch,noun,B1
hühnergeschmack,noun,B2
hühnerhof,noun,B2
hühnerklappe,noun,C2
hühnerrasse,noun,B2
hühnerstall,noun,A1
hühnersuppe,noun,A1
hülle,noun,C2
hülsenfrucht,noun,C2
hündin,noun,C2
hüpfen,noun,C2
hüpfen,other,B2
hüpfend,adjective,B2
hürde,noun,C2
hüten,other,C2
hüter,noun,C1
hütte,noun,B1
hüttenbuch,noun,B1
hüttenbucheintrag,noun,B1
hüttenerlebnisse,noun,B2
hüttenregeln,noun,B1
hüttenschlafsack,noun,B1
i,noun,B1
i,other,B1
i-tägiges,noun,B2
i.w.s.,other,B2
iba,noun,C1
iban,noun,B1
ibd,adjective,C2
ice,adjective,A2
ice-zug,noun,B1
ich,adjective,C1
ich,noun,A1
ich,other,A2
ich,pronoun,A1
ich-aussagen,noun,B1
ich-erzähler,noun,C1
ich-erzählerin,noun,B2
ich-laut,noun,A2
ich-laute,noun,A1
ich-mache-alles-zusammen-typ,noun,B1
ich-suche,noun,B2
ichbezogen,adjective,C1
ichs,adjective,B2
ichwohl,adjective,C1
icudamm,noun,A1
ideal,adjective,A2
ideal,noun,C2
ideale,adjective,C2
idealerweise,adverb,B1
idealfigur,noun,B2
idealisieren,other,C2
idealisiert,adjective,C2
idealismus,noun,B2
idealist,noun,B1
idealtyp,noun,C1
idealtypisch,adjective,C2
idealvorstellung,noun,C2
idee,noun,A2
ideell,adjective,C1
ideenkraftwerk,noun,B2
ideenreich,adjective,C1
ideenreichtum,noun,C1
identifikation,noun,C2
identifikationsfigur,noun,C1
identifizierbar,adjective,B2
identifizieren,other,C1
identifiziert,adjective,B2
identifizierung,noun,B2
identisch,adjective,C1
identity,noun,C2
identität,noun,C1
identitätsstiftend,adjective,C1
identitätsverlust,noun,C1
ideologie,noun,C2
ideologisch,adjective,C2
idiom,noun,C1
idiot,noun,B2
idiotisch,adjective,B2
idol,noun,C1
idolen,noun,C2
idyllisch,adjective,C2
idyllische,adjective,C2
ifremer,noun,C2
ift,noun,B2
ig,adjective,A2
ig,other,C1
igel,noun,A1
ignorant,noun,B1
ignorieren,noun,C2
ignorieren,other,B2
ihnen,noun,B1
ihr,adjective,B2
ihr,noun,B2
ihr,other,A1
ihr,pronoun,A1
ihr-form,adverb,A1
ihr-form,noun,A1
ihre,noun,C1
ihrer,noun,B2
ihrerseits,adverb,C2
ii,number,A2
iii,number,A2
ikarus,other,A1
ikea-häuser,noun,A2
ikea-produkt,noun,A2
ikea-regal,noun,B1
ikea-restaurant,noun,A2
ikennff•,noun,C2
ikone,noun,C2
iks,noun,B1
il-18,noun,B1
ilek,noun,B2
ilek-mitarbeıter,noun,B2
ill,adjective,B1
ill,other,B1
illegal,adjective,C2
illegale,noun,B1
illusion,noun,C1
illusionistentreffen,noun,A1
illusionär,adjective,C2
illusorisch,adjective,C2
illustration,noun,C2
illustrieren,noun,C2
illustrieren,other,B1
illustrierte,noun,B1
ilz,noun,B1
im,adjective,B2
im,noun,C2
image,noun,C2
imagegetriebene,adjective,C2
imagination,noun,C1
imaginationsarbeit,noun,C2
imaginiert,adjective,C2
imaginär,adjective,C2
imax,noun,B2
imbiss,noun,B1
imbiss-stand,noun,B1
imbiss-verkäufer,noun,B1
imbissbude,noun,C1
imbissstube,noun,B2
imboden,noun,B2
imitat,noun,C2
imitation,noun,C2
imitative,adjective,B2
imitator,noun,C2
imitieren,other,C2
imker,noun,B2
imkeranzüge,noun,B2
imkerblusen,noun,B2
imkerei,noun,C1
imkerhaube,noun,B2
immatrikulation,noun,B2
immatrikuliert,adjective,B2
immens,adjective,C2
immer,adverb,A1
immer,noun,C2
immerfinden,other,C1
immergrün,noun,B1
immerhin,adverb,B2
immerwährend,adjective,B2
immerzu,adverb,A1
immeı,adjective,A2
immigrant,noun,A2
immobilie,noun,C2
immobilien-bank,noun,C2
immobilien-lyrik,noun,C2
immobilienexperte,noun,C2
immobiliengesellschaft,noun,C2
immobilieninvestoren,noun,C2
immobilienprojekt,noun,C2
immun,adjective,C1
immunabwehr,noun,B2
immungene,noun,C2
immunologie,noun,B1
immunsystem,noun,C2
imperativ,adjective,A1
imperativ,noun,A1
imperfekte,adjective,C1
imperium,noun,C2
impfausweis,noun,C2
impfen,other,C2
impfprogramm,noun,C1
impfung,noun,C2
implantat,noun,C2
implantieren,other,C2
implementieren,other,C2
implizierter,adjective,C1
implizit,adjective,C1
imponieren,other,C1
imponiergehabe,noun,B2
import,noun,A1
import-firma,noun,A2
importieren,other,C2
importiert,adjective,C2
importware,noun,C1
imposant,adjective,C2
impotenz,noun,C2
improvisation,noun,A1
improvisieren,other,C2
impuls,noun,C1
impuls-workshops,noun,C1
impulsen,adjective,C2
impulsgeber,noun,B2
imstande,adverb,C2
imster,adjective,A2
in,noun,A1
in,other,B1
in,preposition,A1
in+die,preposition,A1
in-,other,B1
in-design,noun,A2
in-locations,noun,C2
in-stadtteil,noun,B1
in-und,noun,B2
inaktuell,adjective,C2
inakzeptabel,adjective,C2
inanspruchnahme,noun,B1
inbegriff,noun,B2
inbegriffen,adverb,C2
inclusive,noun,C2
indefinitartikel,noun,A2
indefinitpronomen,noun,A1
indem,conjunction,B2
inder,noun,A2
inderin,noun,C1
indes,adverb,C2
indesign,noun,B2
indessen,adverb,C1
index,noun,C2
indiana-universität,noun,C1
indianer,noun,C2
indianertag,noun,B2
indianerzelt,noun,C1
indianisch,adjective,C2
indie-pop,noun,B2
indifferent,adjective,C2
indikativ,noun,B2
indikator,noun,B2
indirekt,adjective,C1
indirekte,noun,A2
indisch,adjective,A1
indiskretion,noun,B2
individualgäste,noun,B2
individualisieren,other,C1
individualisiert,adjective,C2
individualisierung,noun,C2
individualist,noun,A1
individualistisch,adjective,C2
individualität,noun,B2
individualreise,noun,A1
individualreisende,noun,C2
individualtourismus,noun,C2
individualverkehr,noun,B2
individuell,adjective,C1
individuell-differenzierten,adjective,C2
individuum,noun,C1
indiviualreisen,noun,C1
indiz,noun,C2
indizieren,other,C2
indonesisch,adjective,A1
indridasons,noun,C1
industrialisieren,other,C1
industrialisierung,noun,B2
industrie,noun,B2
industrie-design,noun,B2
industrie-geschirrspüler,noun,B1
industrie-lebensmittel,noun,C1
industrieanlage,noun,B2
industriearbeiter,noun,B1
industriebetrieb,noun,B1
industriedesigner,noun,B2
industriedesignstudenten,noun,B2
industriegebiet,noun,B1
industriegebäude,noun,C2
industriegelände,noun,B2
industriegesellschaft,noun,C1
industriegut,noun,C2
industriekammer,noun,B2
industriekauffrau,noun,A1
industrieland,noun,C1
industriell,adjective,C2
industrielle,noun,C2
industriemechanikerin,noun,B2
industriemeister,noun,A2
industriemüll,noun,B2
industrienation,noun,C2
industrieprodukt,noun,B2
industrieregion,noun,B1
industriestaat,noun,C2
industriestadt,noun,B1
industrieunternehmen,noun,B2
industrievertrieb,noun,B1
industrieware,noun,C1
industriezeitalter,noun,B1
ineffektiv,adjective,C2
ineinander,other,B2
inen,adjective,A2
infas,noun,B2
infektion,noun,C1
infektionskrankheit,noun,C1
infiltrierenden,adjective,C1
infinitiv,noun,B1
infizieren,other,C2
infiziert,adjective,B2
inflation,noun,C2
inflationär,adjective,B2
inflektive,noun,C2
info,noun,A2
info-kolleg-köln,noun,A2
info-material,noun,A1
info-points,noun,C1
info-schalter,noun,B2
info-stand,noun,B1
infoblatt,noun,A2
infobrett,noun,C1
infobroschüre,noun,B1
infocenter,noun,C2
infografik,noun,B2
infoladen,noun,A2
infolge,preposition,B2
infolgedessen,adverb,C1
informant,noun,B2
informatik,noun,C1
informatik-studium,noun,A2
informatiker,noun,B1
informatikerin,noun,A1
information,noun,A1
informations-callcenter,noun,B1
informationsaustausch,noun,B1
informationsballast,noun,C2
informationsbeschaffung,noun,C2
informationsbroschüre,noun,B2
informationsbüro,noun,B2
informationsfluss,noun,B2
informationsfreiheit,noun,B2
informationsgesellschaft,noun,C1
informationskontrolle,noun,C2
informationsmaterial,noun,B2
informationsnetz,noun,C2
informationsprogramm,noun,C2
informationsquelle,noun,C1
informationsschild,noun,C1
informationssendung,noun,B2
informationsstelle,noun,B2
informationstechnik,noun,C1
informationstechnologie,noun,C1
informationstheke,noun,B2
informationstransport,noun,C1
informationsveranstaltung,noun,B2
informationsverarbeitung,noun,B2
informationsvermittlung,noun,C1
informationsweitergabe,noun,C1
informationswirtschaft,noun,B2
informationszeitalter,noun,C1
informativ,adjective,A2
informell,adjective,C2
informieren,noun,A2
informieren,other,A2
informiert,adjective,A2
informıeren,other,B2
infoservice,noun,B2
infostand,noun,A2
infoveranstaltung,noun,B2
infrage,other,B2
infrarotstrahlung,noun,B2
infrastruktur,noun,C2
infratest,noun,C2
ingenieur,noun,B1
ingenieur-titel,noun,B1
ingenieurberuf,noun,B2
ingenieurbüro,noun,C2
ingenieurdienstleistungen,noun,B2
ingenieurfächer,noun,B2
ingenieurwesen,noun,C1
ingenieurwissenschaft,noun,B2
ingolstädter,noun,A2
ingredienz,noun,C1
ingwer,noun,C1
inhaber,noun,B1
inhabergeführten,adjective,C2
inhabergeführtes,adjective,C2
inhaftierung,noun,C2
inhalieren,other,A1
inhalt,noun,B2
inhaltlich,adjective,B2
inhaltsangabe,noun,C1
inhaltsgetriebene,adjective,C2
inhaltspunkte,noun,B2
inhaltsstoff,noun,B2
inhaltsverzeichnis,noun,B2
initiale,noun,B2
initiationsreise,noun,C2
initiationsrituals,noun,C2
initiativ-bewerbungen,noun,B2
initiativbewerbung,noun,B1
initiative,noun,C2
initiativkräfte,noun,B1
initiator,noun,C2
initiieren,other,C2
injizieren,other,C2
inka,noun,C1
inkl,other,B2
inklusion,noun,C1
inklusionsklasse,noun,C1
inklusive,preposition,A2
inkompetenz,noun,B2
inkubationsphase,noun,C2
inland,noun,A2
inlandsflug,noun,B1
inlandsreisen,noun,B2
inlineskates,noun,B1
inländisch,adjective,C2
inmitten,preposition,B2
inne,other,B1
innen,adjective,A2
innen,adverb,B1
innen,noun,C1
innenarchitekt,noun,C2
innenarchitektin,noun,A2
innenarchitektur,noun,B2
innenausstattung,noun,B1
innendienst,noun,C2
inneneinrichtung,noun,A2
innenfassaden,noun,B2
innenhof,noun,C1
innenleben,noun,B2
innenminister,noun,C2
innenministerium,noun,B2
innenpolitisch,adjective,B2
innenraum,noun,C2
innenraumbelüftung,noun,C2
innenschicht,noun,B2
innenseite,noun,B2
innenstadt,noun,B1
innenstadtbereich,noun,B2
innenstadtbezirk,noun,C1
innenstadtkaufhäusern,noun,C2
innenstadtmaut,noun,B2
innentür,noun,B2
inner,adjective,B2
innerdeutsch,adjective,C1
innere,noun,C2
inneren,adjective,C2
innereuropäisch,adjective,C2
innerfamiliär,adjective,C1
innerhalb,adjective,B2
innerhalb,preposition,B1
innerlich,adjective,C2
innerlichkeit,noun,C1
innerste,noun,C2
innerstädlischer,adjective,B1
innerstädtisch,adjective,C2
innig,adjective,A2
innovation,noun,B2
innovations,noun,B2
innovationsaktivitäten,noun,B2
innovationsforscherin,noun,C1
innovationsfähigkeit,noun,C1
innovationsgeist,noun,B1
innovationsschub,noun,C1
innovationszentren,noun,C1
innovativ,adjective,C1
innsbrucker,noun,A1
inntal,noun,A2
inoffiziell,adjective,A1
inoffizielle,noun,A2
insasse,noun,B1
insb,adverb,B2
insbesondere,adverb,B2
insbesonderewasserdampf,noun,C2
inschrift,noun,B2
insekt,noun,B1
insektenart,noun,B2
insektengift,noun,B2
insektensterbens,noun,B2
insel,noun,A1
inselgruppe,noun,C2
inselleben,noun,B2
inselstaat,noun,C2
inserieren,other,C2
insert,other,A1
insgeheim,adverb,C2
insgesamt,adverb,B1
insofern,adverb,C2
insolvent,adjective,C2
insolvenz,noun,C2
insolvenzantrag,noun,C2
insolvenzberater,noun,C2
insolvenzforderungen,noun,C2
insolvenzgeld,noun,C2
insolvenzmasse,noun,C2
insolvenzordnung,noun,C2
insolvenzrecht,noun,C2
insolvenzverfahren,noun,C2
insolvenzverschleppung,noun,C2
insolvenzverwalter,noun,C2
insolvenzverwaltung,noun,C2
inspektor,noun,A2
inspiration,noun,B2
inspirieren,other,C1
inspirierend,adjective,C2
inspiriert,adjective,C1
inspizient,noun,B1
instabil,adjective,B2
installateur,noun,B1
installateurmeister,noun,B1
installation,noun,B2
installieren,other,C1
installiert,adjective,C2
instand,other,B1
instandhaltung,noun,C2
instant-wein,noun,C1
instanz,noun,C2
instinkt,noun,C1
instinktgesteuertes,adjective,C2
instinktiv,adjective,C2
institut,noun,B2
institute,adjective,C2
institution,noun,B1
institutionalisieren,other,C1
institutseigen,adjective,C1
institutspräsident,noun,C1
instruieren,other,C1
instruktion,noun,B2
instrument,noun,C1
instrumentalisierung,noun,C2
instrumentalunterricht,noun,C1
instrumentenbau,noun,C1
instrumentenbauern,noun,C1
inszenieren,other,B1
inszeniert,adjective,C2
inszenierung,noun,C2
intakt,adjective,C2
integral,adjective,C1
integration,noun,C2
integrationsbeirat,noun,A2
integrationsbüro,noun,B2
integrationsexperte,noun,A1
integrationskurs,noun,A2
integrationspolitik,noun,C2
integrationsproblem,noun,C2
integrationsscheck,noun,B1
integrative,noun,C2
integrator,noun,C1
integrieren,other,C2
integriert,adjective,C1
integrität,noun,C1
intellectual,adjective,C1
intellekt,noun,C1
intellektuell,adjective,C2
intellektuelle,noun,A2
intelligent,adjective,C1
intelligente,noun,C1
intelligenz,noun,C2
intelligenz-joghurte,noun,C1
intelligenzbestie,noun,C2
intelligenzentwicklung,noun,C1
intelligenzfaktoren,noun,C1
intelligenzquotient,noun,C2
intelligenztest,noun,C1
intensität,noun,C1
intensiv,adjective,B1
intensivierung,noun,C1
intensivkurs,noun,A2
intensivpflege,noun,B2
intensivseminare,noun,C2
intensivsprachkurs,noun,B1
intensivstation,noun,B2
intention,noun,C2
inter,noun,C2
interagieren,other,B2
interaktion,noun,C2
interaktiv,adjective,C1
intercity,noun,C2
intercitys,noun,B1
interdisziplinär,adjective,C1
interessant,adjective,A1
interessant,noun,C2
interessante,noun,B2
interessanterweise,adverb,C2
interessanteste,noun,C2
interessanze,noun,A2
interesse,noun,B1
interessen,adjective,C2
interessenausgleich,noun,C2
interessengebiet,noun,B2
interessent,noun,B2
interesseswerden,noun,B2
interessieren,other,A2
interessiert,adjective,B2
interessiert.ich,noun,C1
interessierte,noun,B2
interflug,noun,B1
interieurin,noun,B2
interjektion,noun,A2
interkulturell,adjective,B1
interkulturelle,noun,A1
intern,adjective,C1
internat,noun,A2
international,adjective,A1
internationale,adjective,B2
internationale,noun,A1
internationalisiert,adjective,C2
internationalistischen,adjective,C2
internationalität,noun,A1
internet,noun,A2
internet,other,B2
internet-adressen,noun,A2
internet-auktionshaus,noun,C1
internet-blogs,noun,C1
internet-branche,noun,B2
internet-cafés,noun,B2
internet-catés,noun,B2
internet-datings,noun,C2
internet-dschungel,noun,B2
internet-forum,noun,C2
internet-junkie,noun,B1
internet-nutzung,noun,B1
internet-plattform,noun,C2
internet-plattformen,noun,B1
internet-projekte,noun,B2
internet-projektleiterin,noun,B2
internet-recherchen,noun,B1
internet-scouts,noun,B2
internet-seite,noun,A1
internet-straßenkarte,noun,B2
internet-telefonie,noun,B1
internet-terminal,noun,C2
internet-versandhandel,noun,C2
internet-werbung,noun,C2
internetadresse,noun,A2
internetadressen,noun,B2
internetanbieter,noun,C1
internetanschluss,noun,B2
internetauftritt,noun,B2
internetbekanntschaften,noun,B2
internetbereich,noun,C2
internetbetrugs,noun,C2
internetdienste,noun,C2
internetdienstleister,noun,B2
internetforum,noun,B2
internetfreak,noun,B2
internetfreie,adjective,A2
internetfähig,adjective,B1
internethandel,noun,C2
internetkommunikation,noun,C2
internetmarkts,noun,C2
internetnutzer,noun,C2
internetnutzung,noun,A2
internetplattform,noun,C1
internetportal,noun,C2
internetportale,noun,C2
internetportals,noun,A2
internetprojekt,noun,C1
internetrecherche,noun,B2
internetseite,noun,B1
internetsprache,noun,C2
internetsucht,noun,C1
internetsurfen,noun,A2
internetunterhaltungen,noun,C2
internetuser,noun,B2
internetverbindung,noun,B2
internetzugang,noun,C1
internetzugangs,noun,C1
internetzugriff,noun,B2
internieren,other,B2
internist,noun,B2
interpretation,noun,C1
interpretationsaufwand,noun,C2
interpretationsmöglichkeit,noun,C1
interpretierbar,adjective,C2
interpretieren,other,B2
interptetin,noun,A2
interpunktion,noun,B2
interrail,noun,C2
interrail-ticket,noun,A1
interrailen,noun,C2
interrailer,noun,C2
interrailticket,noun,C2
intervention,noun,C2
interventionisten,noun,C2
interventionsbeteiligungen,noun,C2
interview,noun,B1
interviewen,other,C1
interviewer,noun,C1
interviewerin,noun,C2
interviewfrage,noun,B2
interviewgast,noun,C2
intim,adjective,B2
intonation,noun,B1
intranet,noun,B1
intransparenz,noun,C2
intravenös,adjective,C2
intrige,noun,B2
introvertiert,adjective,C2
intuition,noun,C2
intuitiv,adjective,C1
inuit,noun,B1
inuit-sprachen,noun,B2
invalidenstraße,noun,A2
invasion,noun,C2
investieren,other,B1
investiert,adjective,B1
investition,noun,C2
investitionsgüterindustrie,noun,C2
investitionsplan,noun,C2
investitionsrisiko,noun,C1
investment,noun,C2
investmentbank,noun,B2
investmentgruppe,noun,B2
investor,noun,C2
invictus,noun,A2
inwieweit,adverb,C2
inzucht,noun,C2
inzwischen,adverb,B2
inzwischennicht,other,C1
inés,noun,A2
io,noun,B2
iohnen,other,B2
ipad,noun,A1
iphone,noun,A1
ipods,adjective,C2
iq,noun,C2
irak-krieg,noun,C2
iraker,noun,A2
irakisch,adjective,C1
iranerin,noun,B1
irdisch,adjective,C1
ire,noun,B2
irgend,adverb,B1
irgendeine,other,B2
irgendetwas,other,A2
irgendjemand,other,B2
irgendwann,adverb,A2
irgendwas,other,B1
irgendwelche,other,B2
irgendwer,other,B2
irgendwie,adverb,C1
irgendwo,adverb,B2
irgendwoher,adverb,C1
irgendwohin,adverb,C2
iris,noun,C1
iris-hotel,noun,B1
iris-hotels,noun,B1
irisch,adjective,A2
iriver,noun,B2
ironie,noun,C1
ironisch,adjective,C1
ironisierend,adjective,B2
irre,adjective,B1
irre,noun,B2
irre,other,C2
irreal,adjective,C1
irreale,noun,B1
irreführend,adjective,C1
irrelevant,adjective,B2
irren,other,C1
irrenhausaspirant,noun,C1
irreversibel,adjective,C2
irrfahrt,noun,C2
irrgarten,noun,A2
irrig,adjective,C2
irritation,noun,C2
irritieren,other,C2
irritierende,noun,C2
irritiert,adjective,C1
irrsinnig,adjective,C1
irrtum,noun,B2
irrtümlich,adjective,C2
irrtümlicherweise,adverb,C1
irrweg,noun,C1
irrwitzig,adjective,C1
is,other,A1
islam,noun,C2
islamisch,adjective,C2
islämischen,adjective,B2
ismaning,noun,A1
isolation,noun,C1
isolations,noun,C1
isolationsmaterial,noun,C2
isolieren,other,C1
isolierend,adjective,C1
isoliert,adjective,C2
isolierung,noun,C2
israeli,noun,B2
israelisch,adjective,C2
iss,noun,C1
issayase,noun,A1
ist,noun,C2
ist-,other,B2
ist-zustand,noun,C2
istanbul-marathon,noun,A2
istestoll,adjective,A2
istjetzt,other,A2
istnicht,other,C1
istzeit,noun,A2
it,other,C2
it-bedrohungen,noun,B2
it-bereich,noun,B2
it-branche,noun,A2
it-schädlingen,adjective,B2
it-sicherheit,noun,A2
it-spezialist,noun,A1
it-support,noun,A2
it-system,noun,B2
italiener,noun,B1
italienerin,noun,A1
italienisch,adjective,B2
italienisch,noun,A1
italienische,noun,C1
italienischkenntnis,noun,B1
italienischkurs,noun,B1
italienischsprachig,adjective,B2
itunes-charts,noun,C2
itv1,noun,C1
ix,number,C1
iyrischen,noun,B2
j,noun,B2
ja,adverb,A1
ja,noun,A1
ja,other,A1
ja-,other,A1
ja-nein-frage,noun,A1
ja-wort,noun,A2
jacke,noun,A1
jacke+,noun,B2
jackentasche,noun,B2
jackett,noun,A1
jackpot,noun,B1
jackson-kostümen,noun,B2
jacobs-kaffee,noun,C2
jacop,noun,C2
jacque,noun,B2
jae-sang,noun,C2
jaehn,noun,A1
jaenisch,noun,C1
jagd,noun,C2
jagdwesen,noun,B2
jagen,noun,C2
jagen,other,C1
jaguar,noun,B2
jahangirnagar,noun,C2
jahnkes,noun,B2
jahr,noun,A1
jahraus,adverb,C2
jahrein,adverb,C2
jahrelang,adjective,B2
jahresabschluss,noun,B1
jahresangaben,noun,B2
jahresarbeit,noun,C1
jahresbeginn,noun,C1
jahresbeitrag,noun,C1
jahresdurchschnittstemperatur,noun,B2
jahresende,noun,B1
jahreshauptversammlung,noun,C2
jahreslaufes,noun,C1
jahreslohnkosten,noun,B2
jahresproduktion,noun,B2
jahresprogramm,noun,A2
jahresring,noun,C1
jahrestag,noun,B1
jahrestreffen,noun,A1
jahresurlaub,noun,B2
jahreswechsel,noun,C1
jahreszahl,noun,A1
jahreszeit,noun,A2
jahrgang,noun,C2
jahrhundert,noun,B2
jahrhundert-droge,noun,C1
jahrhundertelang,adjective,C2
jahrhundertwende,noun,C2
jahrmillion,noun,C2
jahrtausend,noun,C1
jahrtausendealt,adjective,C2
jahrtausendelang,adjective,B2
jahrtausendwende,noun,B2
jahrzehnt,noun,C1
jahrzehntelang,adjective,C2
jakobsweg,noun,B1
jalta,noun,C1
jam-session,noun,B2
james-bond-film,noun,B2
jammerlappen,noun,C1
jammern,noun,A2
jamvision,noun,C1
jan,other,B2
januar,noun,A2
japaner,noun,B2
japanisch,adjective,A1
japanologie,noun,C1
jargon,noun,C2
jasager,noun,C1
jasmintee,noun,A1
jawlensky-zeichnungen,noun,C2
jawohl,noun,C1
jawohl,other,A1
jazz,noun,A1
jazz-cds,noun,A2
jazz-dance,noun,A1
jazz-konzert,noun,C1
jazz-musik,noun,A1
jazz-musiker,noun,A2
jazzklub,noun,B2
jazzkonzert,noun,A1
jazzmusiker,noun,B2
je,adverb,B2
je,conjunction,C2
je,noun,B1
je,preposition,C1
jeans,noun,A1
jeanshose,noun,B2
jeansjacke,noun,B1
jeanskult,noun,C1
jeansrock,noun,A2
jede,adjective,B2
jede,other,A1
jeden,adjective,B1
jedenfalls,adverb,B2
jeder,noun,C2
jedermann,other,B2
jederzeit,adverb,B2
jederzeit,noun,B2
jederzeitiger,adjective,C2
jedes,noun,B1
jedesmal,adverb,A2
jedoch,adverb,B2
jedoch,conjunction,C1
jedwede,other,C2
jegliche,other,C1
jeher,adverb,C1
jemals,adverb,C2
jemand,noun,A2
jemand,other,C1
jen,other,C1
jenach,adjective,A2
jenaer,noun,C1
jenfeld,noun,B2
jenner,noun,C1
jenseits,adverb,C1
jenseits,noun,B2
jenseits,preposition,C2
jet,noun,B1
jetten,other,C1
jetzig,adjective,A2
jetzt,adjective,B1
jetzt,adverb,A1
jetzt,noun,A1
jeweilig,adjective,C2
jeweils,adverb,C1
jh,noun,B2
jhs,noun,B2
jimdo,noun,C1
jmd,adjective,C1
jmd,other,B1
jmdm,other,C1
job,noun,A1
job-anzeigen,noun,A2
job-dating,noun,C2
job-interviewer,noun,C2
job-nomaden,noun,B2
job-portal,noun,A1
job-shows,noun,C2
job-speed-dating,noun,C2
jobagenturen,noun,B2
jobanbieter,noun,C2
jobangebot,noun,B1
jobanzeige,noun,A2
jobben,noun,A2
jobben,other,B2
jobbörse,noun,B2
jobchance,noun,B1
joberfahrungen,noun,C2
jobmesse,noun,B2
jobmessen,adjective,B2
jobmessen,noun,B2
jobmöglichkeiten,noun,C2
jobnomaden,noun,B2
jobsuche,noun,B2
jobsuchende,noun,B2
jobsuchender,noun,C2
jobverlust,noun,C2
jobvermittlung,noun,A2
jobwechsel,noun,B2
jobwelt,noun,C1
jodelrufe,noun,C2
jodelrufen,noun,C2
jodsalz,noun,B2
jodsalz-aroma-geschmacksverstärkerbouillon,noun,B2
joggen,noun,A1
joggen,other,A1
jogger,noun,C1
jogging,noun,C1
joghurt,noun,A1
johannes-passion,noun,C1
johannesfriedhof,noun,C1
johanniskraut,noun,C1
johanniskrauts,noun,C1
johannisnacht,noun,C1
johlen,other,C1
jonagold,noun,A2
jonglieren,other,A2
joppe,noun,C1
josefstadt,noun,C1
josefstädterstraße,noun,C1
joule,noun,C1
journal,noun,B2
journaleintrag,noun,B2
journalismus,noun,C2
journalist,noun,B1
journalistenkreis,noun,B2
journalistik,noun,B2
journalistin,noun,A1
journalistisch,adjective,C2
jpl,noun,B1
jubel,noun,C2
jubeln,other,C2
jubilarin,noun,C2
jubiläum,noun,A2
jude,noun,C2
judenmord,noun,C2
judentum,noun,B1
jugend,noun,B2
jugend-,other,C1
jugendalkoholismus,noun,C2
jugendalter,noun,C1
jugendarbeit,noun,B2
jugendarbeitslosigkeit,noun,C2
jugendaustauschprogramm,noun,B1
jugendbereich,noun,B2
jugendbuch,noun,C1
jugendfrei,adjective,A2
jugendfreund,noun,C1
jugendfreundin,noun,C1
jugendfürsorge,noun,C1
jugendgefährdend,adjective,B1
jugendgesundheit,noun,B2
jugendgruppe,noun,B2
jugendherberge,noun,A1
jugendhilfe,noun,C1
jugendhotel,noun,B2
jugendinstitut,noun,B2
jugendkriminalität,noun,C2
jugendkulturell,adjective,C2
jugendleiter,noun,B2
jugendlich,adjective,C2
jugendliche,noun,B1
jugendlichem,adjective,C2
jugendliebe,noun,B2
jugendmannschaft,noun,C2
jugendmedizin,noun,B1
jugendorganisation,noun,C2
jugendpsychiatrie,noun,C1
jugendpsychotherapeutin,noun,C1
jugendsachbuch,noun,B1
jugendschwarm,noun,C1
jugendsprache,noun,B1
jugendstil,noun,C1
jugendstudie,noun,B2
jugendstunde,noun,C1
jugendtheater,noun,A1
jugendwaldheim,noun,B2
jugendweihe,noun,C1
jugendwelt,noun,C1
jugendzeit,noun,B2
jugendzentrum,noun,A2
jugoslawien,noun,C2
jules,adjective,B1
juli,noun,A1
julirevolution,noun,B2
jung,adjective,A2
jungbleiben,noun,B1
jungbleibens,noun,A2
jungdynamiker,noun,C2
junge,noun,A2
jungen,noun,C1
jungen-treff,noun,A2
jungenbekleidung,noun,A2
jungengruppe,noun,B2
jungenkatastrophe,noun,C1
jungenproblem,noun,B2
junger,noun,B1
jungfernfahrt,noun,C2
jungfernflug,noun,C2
jungfernstieg,noun,B1
jungfrau,noun,A2
junggeblieben,adjective,B2
junggebliebenen,adjective,C2
junggeselle,noun,B2
jungjrau,adjective,A2
jungpionier,noun,C1
jungs,noun,B2
jungsteinzeit,noun,C2
jungtier,noun,C1
jungunternehmer,noun,B1
juni,noun,A1
junior,adjective,B1
junior,noun,C2
junior-kosmopolita,noun,A2
junior-projektmanager,noun,B2
juniorenmeister,noun,C1
juniorprofessor,noun,C1
juniorranger,noun,B1
junk,noun,B2
junx,noun,B2
jupiter-mond,noun,C2
jupiter-pluto-konstellation,noun,C1
jur,noun,B2
jura,noun,C1
jura-studium,noun,B1
jurastudent,noun,C2
jurastudium,noun,A2
jurist,noun,C1
juristisch,adjective,C2
jurs,noun,A1
jury,noun,C1
jury-vorsitzende,noun,C1
jurymitglied,noun,C1
juryvorsitz,noun,B2
jus,noun,C1
jusendleiterlizenz,noun,B2
jusendliche,noun,C1
jusristen,noun,B2
just,adverb,B2
justiz,noun,B1
justizgeschichte,noun,C1
justizminister,noun,C1
justizministerien,noun,B2
juwel,noun,C1
juwelier,noun,C2
jäger,noun,C1
jäh,adjective,B2
jähren,other,B2
jährig,adjective,B2
jährigen,adjective,B1
jährlich,adjective,C2
jämmerlich,adjective,C2
jänner,noun,B1
jäten,noun,C2
jüdin,noun,C2
jüdisch,adjective,C2
jülicher,adjective,B2
jünger,noun,A1
jüngere,noun,C1
jüngst,adverb,C2
jüngste,noun,B1
k,adjective,A1
k,noun,A2
k,other,A1
k-reisen,noun,A2
k-zeitarbeit,noun,A1
k.o.,noun,A2
ka,noun,B1
kabarett-kollegen,noun,C1
kabarett-programm,noun,B2
kabarett-stück,noun,B1
kabarettbuch,noun,B2
kabarettist,noun,C1
kabarettistin,noun,B1
kabel,noun,A2
kabelanschluss,noun,A1
kabelbinder,noun,C2
kabelnetz,noun,C1
kabine,noun,B1
kachelofen,noun,A1
kader,noun,B2
kadewe,noun,A1
kaffa,adjective,B2
kaffe,noun,A1
kaffee,noun,A1
kaffee-kick,noun,C2
kaffeebar,noun,A2
kaffeebohne,noun,C2
kaffeedose,noun,C2
kaffeeduft,noun,B1
kaffeefilter,noun,C1
kaffeefleck,noun,A2
kaffeegenuss,noun,C1
kaffeegesellschaften,noun,C1
kaffeehaus,noun,A1
kaffeehaustradition,noun,A1
kaffeekanne,noun,B1
kaffeekonsum,noun,C1
kaffeelöffel,noun,B1
kaffeemaschine,noun,A2
kaffeemehl,noun,C2
kaffeeplausch,noun,C2
kaffeepulver,noun,C1
kaffeerösterei,noun,A2
kaffeesatz,noun,C1
kaffeesorte,noun,B2
kaffeetasse,noun,C1
kaffeetisch,noun,B1
kaffeetrinken,noun,A1
kaffeevariationen,noun,A1
kaffeezubereitung,noun,C2
kahl,adjective,B1
kahlkopf,noun,C1
kahn,noun,B1
kahnbauerei,noun,B2
kahnfahrt,noun,B2
kahve,noun,B2
kai,noun,A2
kaiser,noun,A2
kaiserhof,noun,C2
kaiserin,noun,A2
kaiserlich,adjective,C1
kaiserpaar,noun,B2
kaiserreich,noun,B2
kaiserschmarrn,noun,A1
kaiserstraße,noun,A1
kajak,noun,B1
kajakbau,noun,B1
kajakbauen,noun,B1
kajakfahren,noun,C1
kajal,noun,B2
kajüte,noun,A1
kakao,noun,A1
kakaopulver,noun,B1
kakerlak,noun,B2
kalahari-wüste,noun,B2
kalbfleisch,noun,B1
kalender,noun,A2
kalenderreform,noun,C1
kalendertag,noun,A2
kalif,noun,C2
kalifornisch,adjective,B2
kalkhülle,noun,B2
kalkulation,noun,B2
kalkulatorisch,adjective,C1
kalkulierbar,adjective,C2
kalkulieren,other,B2
kalkül,noun,C2
kalmus,noun,C2
kalorie,noun,A2
kalorientabellen,noun,C2
kalt,adjective,A1
kalt,other,A2
kalte,adjective,B2
kalte,noun,C2
kaltstellen,other,C2
kalzium,noun,B1
kamaraassistenten,noun,B2
kamel,noun,A1
kamera,noun,A2
kameraarbeit,noun,B2
kamerad,noun,A2
kameraleute,noun,B2
kameramann,noun,B2
kamerasystems,noun,C2
kameratechnik,noun,C1
kamerunerin,noun,A2
kamille,noun,C2
kamillenblüten,other,B2
kamillendampfbad,noun,B2
kamillentee,noun,A2
kamin,noun,C1
kaminer,adjective,B2
kaminski,noun,B1
kamme,noun,B1
kammer,noun,C2
kammergericht,noun,A1
kammermusiksaal,noun,A2
kammermusikstücke,noun,B2
kammerspiel,noun,A2
kampagne,noun,B2
kampf,noun,B2
kampfbereitschaft,noun,C2
kampfkraft,noun,C1
kampfkunst,noun,B2
kampflos,adjective,C2
kampflustig,adjective,C1
kampfrichter,noun,C2
kampfsport,noun,B2
kampfsportart,noun,B2
kampfsportunterricht,noun,B2
kampfstiefel,noun,C2
kampf|kämpfen,noun,B1
kampieren,noun,C2
kanadier,noun,C1
kanadierin,noun,C1
kanadisch,adjective,B1
kanak,noun,C2
kanal,noun,B2
kanalfähre,noun,C1
kanarienvogel,noun,C1
kanarischen,adjective,A1
kandidat,noun,A2
kandidaten,noun,C2
kandidatenprofile,noun,B2
kandidatin,noun,A2
kandinskys,noun,B1
kangalfische,noun,C1
kanin,noun,C2
kaninchen,noun,B1
kaninchenzüchterei,noun,C2
kaninchenzüchterverein,noun,A2
kann,other,B1
kanne,noun,A2
kannenweise,adjective,C1
kannste,adjective,C1
kanone,noun,B2
kantate,noun,C1
kante,noun,B2
kanter,noun,A2
kantine,noun,A1
kantinenesse,noun,A1
kanton,noun,B2
kantonal,adjective,C2
kantonsebene,noun,C2
kantor,noun,A1
kantorenwohnung,noun,C1
kantstraße,noun,A2
kanu-und,noun,C1
kanzlei,noun,C2
kanzler,noun,A1
kanzleramt,noun,C2
kanzlerin,noun,C1
kanzlerkandidatin,noun,B2
kapazität,noun,C1
kapellbrücke,noun,A2
kapelle,noun,C2
kapellmeister,noun,C1
kapieren,other,B1
kapital,noun,C2
kapitalanlage,noun,C2
kapitaleinsatz,noun,C2
kapitalgeber,noun,C1
kapitalismus,noun,B2
kapitalistisch,adjective,C2
kapitalmarkt,noun,C2
kapitel,noun,C1
kapitulation,noun,C1
kapitulieren,other,B2
kapitänshaus,noun,B1
kapiän,noun,B1
kaprun,noun,B1
kapsel,noun,C1
kapstadt,noun,A2
kaputt,adjective,A1
kaputt,other,A2
kaputtgehen,other,B1
kaputtlachen,other,C1
kapuzenpulli,noun,B1
karaffe,noun,C1
karamel,noun,B1
karaoke-wettbewerb,noun,A1
karat,noun,A2
karate,noun,A1
karatetrainer,noun,A1
karateverein,noun,A2
karatewettkampf,noun,C2
kardamom,noun,C1
kardinal,noun,B2
karfreitag,noun,A2
karg,adjective,B2
karibiksonne,noun,C2
karibisch,adjective,A1
kariert,adjective,B1
karies,noun,C2
karl-marx-stadt,noun,C1
karlsaue,noun,B2
karlsplatz,noun,B1
karlsruher,adjective,C2
karlstadt,noun,C2
karneval,noun,A1
karnevalsfeste,noun,A1
karnevalszeit,noun,C1
karobube,noun,B2
karosserie,noun,A2
karotte,noun,A2
karotten-rezept,noun,A2
karow-nord,noun,B2
karpfen,noun,B2
karpfen-klaus,noun,C1
karren,noun,B2
karren,other,B2
karrieestart,noun,C1
karriere,noun,C1
karriere-expertin,noun,C1
karriere-faktoren,noun,C1
karriere-fallen,noun,C1
karriere-frau,noun,C1
karriere-gen,noun,C1
karriere-männer,adjective,C1
karriereberater,noun,C2
karrierebeschleunigern,noun,C1
karrierebewusstsein,noun,C1
karrierebremse,adjective,C1
karrierechance,noun,C2
karrierefaktoren,noun,C1
karrierefeindlichen,adjective,B1
karrierefrau,noun,B2
karriereknick,noun,C1
karriereleiter,noun,B1
karrieremagazine,noun,C1
karrieremuster,noun,C1
karrieremöglichkeit,noun,B2
karrierenetzwerks,noun,A2
karriereorientiert,adjective,C1
karriereorientierung,noun,C1
karriereplanung,noun,B2
karriereprogramm,noun,C2
karriereschritt,noun,C1
karrieresprung,noun,C2
karrierestrategie,noun,B2
karriereturbo,noun,C2
karrieretyp,noun,C1
karriereweg,noun,B1
karrierist,noun,C1
karte,noun,A1
kartell,noun,B2
kartenklub,noun,B2
kartenlesegerät,noun,B1
kartenspielwettbewerbe,noun,C1
kartentelefon,noun,B1
kartentisch,noun,C1
kartoffel,noun,A1
kartoffel-zucchini-auflauf,adjective,A1
kartoffelacker,noun,A2
kartoffelchip,noun,A1
kartoffelklößchen,noun,B1
kartoffelmotiv,noun,C1
kartoffelpüree,noun,B2
kartoffelsalat,noun,A1
kartoffelschale,noun,B1
kartoffelscheibe,noun,A2
kartoffelsorte,noun,C1
kartoffelsuppe,noun,A1
kartoffelwesen,noun,A2
karton,noun,A2
kartrennen,noun,B2
karussell,noun,B1
karwendelgebirge,noun,B1
kaschemme,noun,C2
kaschieren,other,C2
kase,noun,B2
kasinobälle,noun,B2
kassandra-risiken,noun,C1
kasse,noun,A1
kasseler,noun,C1
kassenbereich,noun,B2
kassenbon,noun,A1
kassenmagnet,noun,C2
kassenzettel,noun,A2
kassette,noun,A2
kassettenrekorder,noun,B1
kassieren,other,C2
kassierer,noun,B1
kassiererin,noun,A1
kassler,noun,A1
kastanie,noun,B1
kastanienbaum,noun,B2
kastanienviertel,noun,B2
kastanienviertels,noun,B2
kastellan,noun,B1
kasten,noun,C1
kastenförmig,adjective,B2
kasten|kaste,noun,C1
kasus,noun,B2
katakombe,noun,C2
katalane,noun,B1
katalog,noun,C2
katalysator,noun,C2
katapultieren,other,C1
katastrophal,adjective,B2
katastrophe,noun,B1
katastrophenalarm,noun,B2
katastrophenfall,noun,C2
kategorie,noun,C2
kategorisierung,noun,C2
katel,noun,B1
kater,noun,C1
katharinenpalast,noun,C2
katharinenpalasts,noun,C2
kathedrale,noun,C2
katheter,noun,C1
katholisch,adjective,C1
katze,noun,A2
katzenbox,noun,A2
katzenelnbogen,noun,B1
katzenhaar,noun,B1
kauen,other,C1
kauf,noun,C1
kauf-galaxie,noun,B1
kaufbeleg,noun,A2
kaufen,noun,B2
kaufen,other,A1
kaufentscheidung,noun,C2
kauffrau,noun,A1
kaufhaus,noun,A1
kaufhaus-konzern,noun,B2
kaufhausmusik,noun,B1
kaufkraft,noun,C1
kaufkräftig,adjective,C1
kaufkräftigste,adjective,C1
kauflaune,noun,B1
kaufleute,noun,C1
kaufmann,noun,B1
kaufmannsfamilie,noun,C1
kaufmännisch,adjective,B1
kaufpreis,noun,A1
kaufprogramm,noun,B1
kauftag,noun,A2
kaufverhalten,noun,C1
kaufvertrag,noun,A2
kaufwillige,noun,C2
kaufwunsch,noun,C1
kaugummi,noun,C2
kaugummigeschmack,noun,C1
kaukasisch,adjective,B2
kaum,adverb,B2
kaum,noun,C1
kausal,adjective,C1
kausalkette,noun,C2
kauter,noun,C1
kauter,other,C1
kaution,noun,B2
kauz,noun,C2
kavaliersdelikt,noun,C2
kaviar,noun,B1
kba,noun,B2
kebab,noun,C2
kegelbahn,noun,C1
kegelbruder,noun,B1
kegeln,other,B1
kegel|kegeln,noun,A2
kehlkopf,noun,C2
kehlkopfschlag,noun,C2
kehren,other,C2
kehrenweise,other,B1
kehrseite,noun,C1
kehrt,other,B2
kehrwieder,noun,B2
keifen,other,C1
keiler,noun,C2
keim,noun,C2
keimen,other,C2
kein,adjective,B1
keine,other,A1
keinen,noun,C2
keiner,noun,B1
keinerlei,other,C2
keinesfalls,adverb,C2
keineswegs,adverb,C2
keit,noun,B1
keitel,noun,A2
keks,noun,B2
kekskrümel,noun,B1
keller,noun,A2
kellergeschoss,noun,C1
kellergewölbe,noun,C2
kellerstücks,noun,C1
kellertür,noun,A2
kellner,noun,A1
kellnerin,noun,A2
keltenschatz,noun,C2
keltisch,adjective,C2
keltner,noun,C2
kemnader,noun,B2
kempkensteffen,noun,C1
kemptener,noun,B2
kennen,other,A1
kennengelernt,adjective,B2
kennenlern-regel,noun,C1
kennenlernen,noun,B2
kennenlernen,other,A2
kennermiene,noun,C2
kennerschaft,noun,C2
kenntnis,noun,B2
kenntnisse,noun,B1
kennzahl,noun,C2
kennzeichen,noun,B2
kennzeichnen,other,C1
kennzeichnend,adjective,C1
kennzeichnung,noun,C2
kennziffer,noun,B1
kentern,other,B2
keramik,noun,C1
keramikgefäß,noun,C2
kerber,noun,C1
kerker,noun,C2
kerkrade,noun,B1
kerl,noun,C2
kern,noun,C1
kernaussage,noun,C1
kernenergie,noun,C1
kernenergienutzung,noun,C1
kernfamilie,noun,C1
kerngesund,adjective,C1
kernkraft,noun,C1
kernkraftwerk,noun,C2
kernmärkten,noun,C2
kernphysikerin,noun,C1
kernproblem,noun,B2
kernpunkt,noun,C1
kernspaltung,noun,C1
kernspintomografen,noun,C1
kernspintomographie,noun,C2
kerntechnik,noun,C2
kerosin,noun,C1
kerze,noun,A1
kerzenlicht,noun,B1
keschäftsprozesse,noun,B2
kessel,noun,A2
ketchup,noun,A1
ketchup-spur,noun,C1
kette,noun,B2
kettengeschichten,noun,C2
keyboarder,noun,B1
keyboardes,noun,B1
kfz-betrieb,noun,B2
kfz-handwerk,noun,A2
kfz-mechaniker,noun,A2
kfz-mechatroniker,noun,A1
kfz-spezialisten,noun,B2
kg,noun,B1
khatoom,noun,C2
kichern,other,C1
kick,noun,C2
kickboxen,noun,B2
kicker,noun,C2
kicker-turniere,noun,B2
kid,noun,B2
kids,noun,B2
kiefer,noun,B2
kiefergerechten,adjective,C1
kieferzapfen,noun,C1
kiel,noun,A2
kieler,adjective,A2
kieling,noun,C1
kienbaum,noun,C1
kiepenkerls,noun,C1
kies,noun,C2
kiez,noun,C2
kiez-register,noun,C2
kiezdeutsch,adjective,C2
kiezdeutsch,noun,C2
kiezdeutsche,adjective,C2
kiezdeutsche,noun,C2
kiezdeutschen,noun,C2
kiezen,noun,C2
kiezkultur,noun,C2
kiezsprache,noun,C2
kiffer,noun,C1
kikeriki,noun,C2
kilimeter,noun,A1
killer,noun,B1
killerphrasen,noun,B1
kilo,noun,A1
kilobyte,noun,B1
kilogramm,noun,A1
kilokalorie,noun,A1
kilometer,noun,A1
kilometerlang,adjective,C2
kilometerstand,noun,A2
kilometerweit,adjective,C1
kilopreis,noun,B2
kind,noun,A1
kindchenschema,noun,B1
kinder,noun,C2
kinder-,other,C1
kinder-karriere-frage,noun,C1
kinder-kunstschule,noun,C1
kinder-secondhand,noun,A2
kinderalter,noun,C1
kinderangebot,noun,B1
kinderanimateurin,noun,B2
kinderarbeit,noun,B1
kinderarzt,noun,C1
kinderauge,noun,B1
kinderballett,noun,B1
kinderbecken,noun,C2
kinderbetreuer,noun,C1
kinderbetreuung,noun,B1
kinderbetreuungsmöglichkeit,noun,C1
kinderbett,noun,A2
kinderbonushefte,adjective,B1
kinderbonushefte,noun,B1
kinderbuch,noun,B1
kinderchen,noun,C1
kinderdorf,noun,C1
kindererziehung,noun,B2
kinderfeindlich,adjective,B2
kinderfernsehen,noun,B2
kinderfest,noun,A2
kinderfigur,noun,C2
kinderforscher,adjective,C1
kinderfreundlich,adjective,C2
kinderfreundlichkeit,noun,B2
kindergarten,noun,A1
kindergarten-,other,B2
kindergartenalter,noun,B2
kindergartenbekanntschaft,noun,B2
kindergartengruppe,noun,B2
kindergartenjahre,noun,B1
kindergartenplatz,noun,B1
kindergartenzeit,noun,B2
kindergeburtstag,noun,A1
kindergehirne,noun,B1
kindergeld,noun,A2
kindergeldantrag,noun,A2
kindergewinnspiele,noun,B2
kindergruppe,noun,A1
kindergröße,noun,A2
kindergärtner,noun,C1
kindergärtnerin,noun,B1
kinderhaus,noun,B1
kinderhilfswerk,noun,C1
kinderkleidung,noun,A2
kinderklinik,noun,B1
kinderkrankenhaus,noun,B1
kinderkrieg,noun,C1
kinderkrippe,noun,C1
kinderküche,noun,B2
kinderleicht,adjective,C2
kinderlieb,adjective,A2
kinderliebe,noun,B2
kinderliteratur,noun,C2
kinderlos,adjective,C1
kinderlärm,noun,B1
kindermannschaft,noun,B1
kindermedizin,noun,B1
kindermärchen,noun,C2
kindernachricht,noun,A2
kindernzwischen,noun,B2
kinderpause,noun,B2
kinderpflegerin,noun,A2
kinderprogramm,noun,B2
kinderpsychiater,noun,C1
kinderpsychiatrie,noun,C1
kinderpsychologe,noun,B2
kinderreich,adjective,C2
kinderreichtum,noun,C1
kindersachbuch,noun,B1
kindersache,noun,B2
kinderschokolade,noun,B2
kinderschuh,noun,B1
kinderschutzbund,noun,C1
kindersendung,noun,C1
kinderserie,noun,B1
kinderspiel,noun,C2
kinderspielplatz,noun,B1
kindersterblichkeit,noun,C1
kindertag,noun,B2
kindertagesstätte,noun,A2
kindertheater,noun,A1
kindertraum,noun,B1
kindertümliche,adjective,C2
kindertümlicher,adjective,C2
kinderwagen,noun,A2
kinderwunsch,noun,B2
kinderzahl,noun,B2
kinderzentrum,noun,C2
kinderzimmer,noun,A1
kinderärztin,noun,A1
kinderüberraschungsei,noun,B1
kinderüberraschungseier,noun,B2
kindesalter,noun,C2
kindesbein,noun,C1
kindgerecht,adjective,C2
kindheit,noun,A2
kindheitserrinerungen,noun,A2
kindi-bühne,noun,A1
kindle,noun,B2
kindler,noun,B2
kindlich,adjective,C2
kindlichkeit,noun,C2
kinetisch,adjective,C1
king,noun,B2
kinn,noun,B2
kino,noun,A1
kino-olymp,noun,B2
kinobesuch,noun,A1
kinobesucher,noun,B2
kinofilm,noun,B2
kinokasse,noun,B1
kinomärchen,noun,B2
kinoprogramm,noun,A2
kinostühle,noun,A2
kinozentrum,noun,B1
kiosk,noun,B1
kipfla,noun,B2
kippen,other,C2
kippe|kippen,noun,C2
kirche,noun,A1
kirchenchor,noun,A2
kirchengemeinde,noun,C2
kirchenkantaten,noun,C1
kirchenkomponist,noun,C1
kirchenmusikdirektor,noun,C1
kirchenmusiker,noun,C1
kirchensteuer,noun,C1
kirchler,noun,C2
kirchlers,noun,C2
kirchlich,adjective,C2
kirchlich-religiöse,adjective,B2
kirchplatz,noun,A1
kirchturm,noun,C2
kirobo,noun,C1
kirschbaum,noun,C2
kirschblüte,noun,B1
kirsche,noun,B2
kirschholz,noun,B2
kirschsahnetorte,noun,B1
kirschtorte,noun,A2
kirstins,adjective,A2
kissen,noun,A1
kissenlautsprecher,noun,A2
kiste,noun,A2
kistenmacher,noun,B2
kita,noun,B2
kite-surfen,noun,A2
kitekursen,noun,B2
kiten,noun,B2
kitesurfen,noun,B2
kitesurfer,noun,B2
kitkat,noun,C1
kitsch,noun,C1
kitschig,adjective,C1
kitt,noun,C1
kittel,noun,C1
kitteln‘,noun,B1
kitzeln,noun,C1
kitzeln,other,C1
kitzlig,adjective,C1
kiwi,noun,B1
klacks,noun,B2
klaffen,other,C1
klaffend,adjective,C2
klage,noun,B2
klagen,other,C1
klagend,adjective,C1
klagenfurt,noun,C2
klage|klagen,noun,B2
klaglos,adjective,B2
klammern,other,C1
klammheimlich,adjective,C1
klamottariern,noun,B2
klamotte,noun,C2
klamottenladen,noun,C1
klang,noun,C1
klangeffekt,noun,B1
klangerzeugung,noun,C1
klangjahr,noun,C1
klangkörper,noun,B2
klanglich,adjective,C1
klangraum,noun,C1
klangteppich,noun,C1
klangteppichen,noun,C1
klangwechsel,noun,C1
klangwelt,noun,B2
klappbar,adjective,A2
klappe,noun,C1
klappen,other,A2
klappentext,noun,B1
klappgestühle,noun,C2
klapprig,adjective,B2
klar,adjective,A1
klar,noun,B2
klare,noun,C2
klarheit,noun,B2
klarinette,noun,C2
klarkommen,other,C1
klarmachen,other,C2
klarstellen,other,C1
klartext,noun,C1
klartraum,noun,C1
klarträumen,other,C1
klarwein,noun,A2
klasse,adjective,A2
klasse,noun,A2
klassenarbeit,noun,B1
klassenausflug,noun,A1
klassenbeste,noun,B2
klassenfahrt,noun,A2
klassenfest,noun,A1
klassengemeinschaft,noun,B1
klassenkamerad,noun,C1
klassenkameradin,noun,A2
klassenlehrer,noun,C2
klassenlehrerin,noun,A1
klassenleiter,noun,C2
klassenraum,noun,A1
klassenstufe,noun,C2
klassentreffen,noun,B1
klassenunterschied,noun,C2
klassenverband,noun,C2
klassenwiederholung,noun,C2
klassenzimmer,noun,B2
klassichen,adjective,C1
klassifizieren,other,C2
klassik,noun,A2
klassiker,noun,B2
klassisch,adjective,B1
klassisch-historischen,adjective,C1
klassisch-medizinischen,adjective,C2
klassische,adjective,C2
klassische,noun,B1
klassischerweise,adverb,C2
klatsch,noun,B1
klatschen,other,A2
klatschübungen,noun,B1
klauen,other,C2
klaue|klauen,noun,B2
klausel,noun,C2
klausur,noun,B1
klavier,noun,A1
klavierbauer,noun,B2
klavierkonzert,noun,B1
klavierlehrerin,noun,A2
klaviermusik,noun,C1
klaviermusikstücke,noun,B2
klavierpädagogen,noun,A2
klavierspiel,noun,B2
klavierstück,noun,B1
klavierunterricht,noun,A2
klax,noun,A2
klebeband,noun,B2
klebebindung,noun,C2
kleben,noun,B1
kleben,other,C1
kleber,noun,C2
klebezettel,noun,C1
klebstoff,noun,B2
klee,noun,C2
kleeblatt,noun,A2
kleiber,noun,C1
kleid,noun,A2
kleiden,other,B1
kleider,noun,A2
kleiderausgabe,noun,B2
kleiderbeutel,noun,B2
kleiderbörse,noun,C2
kleiderkiste,noun,A2
kleiderklappe,noun,B2
kleiderkreisel,noun,B2
kleiderladen,noun,B2
kleiderladens,noun,B2
kleiderordnung,noun,C1
kleiderschrank,noun,B2
kleidertausch-party,noun,A1
kleidertauschpartys,noun,B2
kleiderwahl,noun,C1
kleidung,noun,A1
kleidungsfrage,noun,C1
kleidungsstil,noun,B2
kleidungsstile,noun,B1
kleidungsstück,noun,B2
klein,adjective,A2
klein,other,A2
klein'sche,noun,C1
klein'schen,noun,C1
kleinanzeigenmarkt,noun,A2
kleinanzeigenportalen,noun,C1
kleinbeeren,noun,B2
kleinbildfilm,noun,C1
kleinbuchstabe,noun,B2
kleinbus,noun,A2
kleinbürgerlich,adjective,C1
kleindarlehen,noun,C2
kleine,adjective,C2
kleine,noun,B1
kleinen,noun,C2
kleinere,adjective,B1
kleinformat,noun,A2
kleingedruckte,noun,B2
kleingeld,noun,B2
kleingruppe,noun,C2
kleingruppenpreis,noun,C2
kleingärtnerverein,noun,C2
kleinhesseloher,noun,A1
kleinigkeit,noun,B1
kleinkariert,adjective,B2
kleinkind,noun,C2
kleinkinderkurse,noun,C2
kleinkredit,noun,C2
kleinkriminellenstudie,noun,B2
kleinkunstbühne,noun,C1
kleinkunstpreis,noun,C1
kleinlich,adjective,C1
kleinliche,noun,C1
kleinschreiben,other,B2
kleinschreibung,noun,C2
kleinserie,noun,B1
kleinstaaterei,noun,C2
kleinstadt,noun,B1
kleinstadtbahnhof,noun,C1
kleinste,noun,C1
kleinstunternehmer,noun,B2
kleintier,noun,B1
kleinunternehmen,noun,C1
kleinwagen,noun,A2
kleist-park,noun,A1
klemmen,other,A2
klerus,noun,C2
klette,noun,C1
kletterer,noun,B2
klettergebieten,noun,B2
kletterhilfe,noun,B2
klettern,noun,B2
klettern,other,A1
kletterregeln,noun,B2
kletterspaß,noun,B2
kletterstil,noun,B2
klettverschluss,noun,C1
klick,adverb,C1
klick,noun,C2
klicken,noun,C2
klicken,other,A2
klickerndem,adjective,B2
klickgaranten,noun,C1
klima,noun,B1
klima-experte,noun,B1
klimaanlage,noun,C2
klimaanlagenausdünstungen,noun,C2
klimaautomatik,noun,A2
klimaerwärmung,noun,B2
klimaforscher,noun,B1
klimagas,noun,C1
klimakammer,noun,C1
klimakatastrophe,noun,B1
klimakiller,noun,B1
klimaproblem,noun,B1
klimaprognose,noun,B1
klimareport,noun,C1
klimasatelliten,noun,C2
klimaschutz,noun,B1
klimaschutzprojekte,noun,C1
klimaschützer,noun,B1
klimatisch,adjective,C1
klimatisieren,other,B1
klimatisiert,adjective,C2
klimatisten,noun,B2
klimaund,noun,B2
klimaveränderung,noun,C1
klimawandel,noun,B1
klimawirkung,noun,C1
klimazone,noun,A2
klinge,noun,C1
klingel,noun,B1
klingeln,noun,B1
klingeln,other,A1
klingelnd,adjective,B1
klingelring,noun,B1
klingel|klingeln,noun,C2
klingen,other,B2
klingend,adjective,C1
klinger,noun,A2
klinik,noun,B1
klinik-clowns,noun,B1
klinikatmosphäre,noun,B1
klinikleitung,noun,B2
klinikmanagements,noun,B2
klinikpersonal,noun,B2
klinikreferent,noun,B1
klinikärztin,noun,B2
klinisch,adjective,C1
klinische,adjective,C1
klinke,noun,B2
klippe,noun,C2
klirrend,adjective,C2
klischee,noun,B1
klischeehaft,adjective,B2
klischeevorstellung,noun,C1
klitzekleines,adjective,C2
klm-jet,noun,B2
klo,noun,A2
klobürste,noun,B1
klon,noun,C1
klonen,noun,C1
klongs,noun,B2
klopapierrolle,noun,A2
klopapierspender,noun,C2
klopf,noun,B2
klopfen,noun,B2
klopfen,other,C1
kloster,noun,B2
kloster-verlag,noun,A1
klostergarten,noun,C2
klosterklausuren,noun,C1
klosterladen,noun,A1
klosterliköre,noun,A1
klowand,noun,B1
kloß,noun,A2
klubschule,noun,B2
kluft,noun,C1
kluftiger,noun,C1
kluftinger,noun,C1
kluftingers,noun,C1
klufünger,noun,C1
klug,adjective,C2
klugheit,noun,B2
klugscheißen,other,C2
klums,noun,A1
klären,other,B2
klärend,adjective,C2
klärung,noun,C1
km,noun,B1
km2,noun,B2
knabbern,other,C1
knabe,noun,C2
knacken,other,C1
knackig,adjective,B1
knall,noun,B1
knallbunt,adjective,C2
knallen,other,C1
knallhart,adjective,C2
knallrot,adjective,B1
knapp,adjective,B2
knarren,other,C1
knast,noun,C2
knauserig,adjective,C2
knecht,noun,C2
knechtschaft,noun,C1
kneifen,other,C1
kneipe,noun,A1
kneipen-fernsehabenden,noun,B2
kneipenbesitzer,noun,B2
kneipenmeile,noun,B2
kneipenviertel,noun,C2
kneipenwirt,noun,B2
knells,noun,B2
kneten,other,C2
knetgummi,noun,C1
knick,noun,B1
knie,noun,A2
knieen,other,B1
knieoperation,noun,B1
knieschmerz,noun,B1
knie|knien,noun,C1
kniffig,adjective,C2
knifflig,adjective,B2
knigge,noun,B1
knigge-regeln,noun,B1
knipsen,other,C1
knirschen,noun,B2
knistern,noun,C1
knistern,other,C1
knoblauch,noun,A1
knoblauchgurke,noun,B2
knochen,noun,C2
knochenarbeit,noun,B2
knochenbruch,noun,C1
knochenhart,adjective,C1
knochenjob,noun,B2
knochensubstanz,noun,C1
knockin,noun,B1
knollensellerie,noun,C1
knopf,noun,A2
knopfdruck,noun,C2
knorr,adjective,B2
knorr,other,B2
knorr-chemiker,noun,B2
knospe,noun,B2
knoten,noun,C2
knoten,other,B2
knotenpunkt,noun,C2
know-how,noun,B2
knurren,other,B2
knusprig,adjective,B2
knöcheltief,adjective,C2
knödel,noun,A2
knüpfen,other,C1
knüpften,other,B2
knüppel-aus-dem-sack,noun,C2
ko,adjective,B1
koalieren,other,C1
koalition,noun,B1
kober,other,B1
kobold,noun,C1
kobra,noun,C1
koch,noun,B2
koch-azubi,noun,A1
koch-partys,noun,A1
kochausbilder,noun,C1
kochbox,noun,B1
kochbuch,noun,B1
kochclub,noun,A2
kochecke,noun,A2
kochen,adjective,B2
kochen,noun,A1
kochen,other,A1
kochend,adjective,B2
kochgruppen,noun,C1
kochkultur,noun,C2
kochkunst,noun,C1
kochkurs,noun,B1
kochlöffel,noun,A2
kochnische,noun,A2
kochpartner,noun,A1
kochprofis,noun,B1
kochrezept,noun,A2
kochsalzlösung,noun,C2
kochschürze,noun,A2
kochshow,noun,A2
kochstraße,noun,A1
kochtopf,noun,C1
kochwurst,noun,A2
kodiert,adjective,C2
kodierung,noun,C1
koepckes,noun,C2
koffein,noun,C2
koffeinschub,noun,C2
koffer,noun,A1
kofferabmessungen,noun,B2
kofferelend,noun,B2
kofferlaufband,noun,B2
kofferpacken,noun,A1
kofferraum,noun,B1
koffertransporters,noun,B2
koffertyp,noun,B2
kofinanziert,other,C1
koggala,noun,C2
koggen,noun,C1
kognak,noun,A2
kognitiv,adjective,C1
kognitivem,adjective,C2
kohle,noun,B1
kohlebergbau,noun,B2
kohlehydrat,noun,C1
kohlekonzernen,noun,B1
kohlenberg,noun,C1
kohlendioxid,noun,C2
kohlendioxid-emission,noun,C1
kohlenhydrat,noun,A2
kohlenhydratreiche,adjective,C1
kohlenkeller,noun,C2
kohlenstoff,noun,C2
kohlenstoffdioxid,noun,C1
kohlensäure,noun,A1
kohlenteerherstellung,noun,C1
kohlenwasserstoff,noun,C1
kohleverbrennung,noun,C1
kohlkopf,noun,B1
kohlschwarz,adjective,B2
kojak,noun,A2
kokain,noun,C1
kokainsüchtiger,noun,C2
kokainähnliche,adjective,C2
koko,noun,B2
kokospalme,noun,C2
kolatschen,noun,B1
kolben,noun,B2
kolbenstange,noun,B2
kollaboration,noun,C1
kollaborativ,adjective,C2
kollege,noun,A1
kollegen,noun,B2
kollegen-kleinkriege,noun,C1
kollegen-mailingliste,noun,C2
kollegengespräche,noun,C1
kollegial,adjective,C2
kollegialität,noun,B1
kollegin,noun,A1
kolleginnen,adjective,B2
kollegium,noun,B2
kollektion,noun,B2
kollektiv,adjective,C1
koller,noun,A1
kollernden,adjective,B2
kollidieren,other,C2
kolonialherr,noun,C1
kolonialmacht,noun,C1
kolonialstil,noun,C2
kolonie,noun,B2
kolonnenweg,noun,B1
koloriere,other,C1
koloss,noun,C1
kolossal,adjective,B2
kolosseum,noun,A1
kolportieren,other,C1
kolumbianer,noun,A2
kolumbianisch,adjective,A2
kolumbianische,adjective,C2
kolumne,noun,C1
kom,adjective,B2
koma,noun,A2
kombi,noun,A2
kombination,noun,B2
kombinationsfähigkeit,noun,C1
kombinationsreise,noun,B2
kombinierbar,adjective,A1
kombinieren,other,B2
kombiniert,adjective,C2
komet,noun,C2
komfort,noun,B1
komfortabel,adjective,B2
komfortfutter,noun,B2
komik,noun,A2
komiker,noun,A2
komisch,adjective,A2
komische,noun,C2
komischerweise,adverb,B1
komission,noun,B1
komitee,noun,C1
komm,adjective,C1
komm,noun,A2
komma,noun,A1
kommandant,noun,B1
kommedia,noun,B1
kommedia-team,noun,B1
kommen,noun,A1
kommen,other,A1
kommend,adjective,C1
kommentar,noun,C1
kommentieren,other,A1
kommer,noun,C1
kommerzialisieren,other,C2
kommerziell,adjective,C1
kommilitone,noun,B2
kommissar,noun,B2
kommissar-teams,noun,B2
kommissarin,noun,A2
kommission,noun,C1
kommissionsmitglied,noun,B1
kommissionsvorschlag,noun,C1
kommmission,noun,B1
kommode,noun,A2
kommt,noun,C2
kommunal,adjective,C2
kommunalpolitiker,noun,C2
kommunalverwaltung,noun,B2
kommunalwahl,noun,B2
kommune,noun,C2
kommunikation,noun,C2
kommunikations-trainerin,noun,C2
kommunikationsberater,noun,B1
kommunikationsbereich,noun,C1
kommunikationsexperte,noun,B2
kommunikationsexpertin,noun,C2
kommunikationsform,noun,C2
kommunikationsfähigkeit,noun,B2
kommunikationsfördernder,adjective,C1
kommunikationsgerät,noun,C2
kommunikationsgewohnheiten,noun,A2
kommunikationskanal,noun,C2
kommunikationskultur,noun,C1
kommunikationsmanagement,noun,C1
kommunikationsmanager,noun,C1
kommunikationsmedium,noun,C2
kommunikationsmittel,noun,C2
kommunikationspartnern,noun,C2
kommunikationsregel,noun,B1
kommunikationssatellit,noun,C2
kommunikationssitzung,noun,C1
kommunikationsspezialist,noun,C1
kommunikationssprache,noun,C1
kommunikationsstil,noun,B2
kommunikationsstrategie,noun,B1
kommunikationsstärke,noun,B2
kommunikationsstörung,noun,C1
kommunikationstechnik,noun,C2
kommunikationstechnikund,noun,C1
kommunikationstechnologie,noun,C1
kommunikationstrainer,noun,B2
kommunikationstrainerin,noun,C1
kommunikationsvorhabens,noun,C2
kommunikationsweg,noun,C2
kommunikationswissenschaft,noun,C2
kommunikationswissenschaftler,noun,C2
kommunikativ,adjective,A2
kommunionskleid,noun,C1
kommunismus,noun,B2
kommunist,noun,C2
kommunistenschwein,noun,C2
kommunistisch,adjective,B2
kommunizieren,other,C2
kommunizierst,other,C2
kommuniziert,adjective,C2
kompakt,adjective,C2
kompaktschallplattenspieler,noun,C2
kompanie,noun,C1
komparation,noun,A1
komparativ,noun,A2
kompass,noun,C2
kompatibel,adjective,C1
kompensation,noun,C2
kompensieren,other,C2
kompetent,adjective,C1
kompetenz,noun,C1
komplett,adjective,C1
komplette,noun,A2
komplettieren,other,C2
komplex,adjective,B2
komplex,noun,B1
komplexe,noun,B1
komplexität,noun,C2
komplikation,noun,A2
kompliment,noun,A2
komplize,noun,C2
komplizieren,other,C2
kompliziert,adjective,B1
komplizierte,noun,B2
komplizin,noun,C2
komponente,noun,C1
komponieren,noun,A1
komponieren,other,C1
komponiert,adjective,A2
komponist,noun,A2
komponistenkollege,noun,C2
komponistenteams,noun,B2
komponistin,noun,B2
komposition,noun,C1
kompositorisch,adjective,C1
kompositum,noun,A1
komprimiert,adjective,C1
komprimierung,noun,C1
kompromiss,noun,B1
kompromissbereit,adjective,C2
kompromissbereitschaft,noun,B2
kompromissfähigkeit,noun,C1
kompromisslos,adjective,C2
komödiantisch,adjective,C1
komödie,noun,B1
konak,noun,B2
kondition,noun,A1
konditional,adjective,C1
konditor,noun,A2
konditorei,noun,A2
kondolenzschreiben,noun,C2
konfektionshäuser,noun,C2
konferenz,noun,B2
konferenzkosten,noun,B2
konferenzraum,noun,A1
konferenzsaal,noun,B1
konfession,noun,C1
konfessionell,adjective,C1
konfirmation,noun,C1
konfiszieren,other,B2
konflikt,noun,B2
konfliktbelastete,adjective,B2
konfliktfrei,adjective,C1
konfliktlösung,noun,C2
konfliktreich,adjective,B2
konfliktsituation,noun,B1
konflikttrainer,noun,C2
konfokales,adjective,C1
konfrontation,noun,C2
konfrontieren,other,C1
kongress,noun,C1
kongresskarten,noun,B2
kongressteilnehmer,noun,B1
kongressteilnehmerin,noun,B1
kongresszentrum,noun,B1
koniferen,noun,C2
konjugation,noun,B2
konjunktion,noun,B2
konjunktionaladverb,noun,B2
konjunktiv,noun,B1
konjunktivendung,noun,B2
konjunktur,noun,C1
konjunkturell,adjective,C2
konjunkturprognose,noun,C1
konjunkturprogramm,noun,C2
konjunkturstarken,adjective,C2
konjuntiv,noun,C1
konkordatsvertrag,noun,C2
konkret,adjective,B2
konkurrent,noun,C2
konkurrenz,noun,C1
konkurrenzdruck,noun,C1
konkurrenzfähig,adjective,C2
konkurrenzkampf,noun,C2
konkurrieren,other,C2
konkurrierend,adjective,C2
konkurs,noun,C2
konnektoren,noun,B1
konnen,other,C2
konnt,other,A2
konrektor,noun,C1
konsekutiv,adjective,C1
konsekutivsätze,noun,C1
konsens,noun,C2
konsequent,adjective,C2
konsequenz,noun,C2
konservativ,adjective,C2
konservative,noun,C1
konservatorium,noun,A2
konserve,noun,B2
konservendose,noun,B2
konservieren,other,C1
konservierung,noun,B2
konservierungsmittel,noun,C2
konservierungsstoff,noun,C1
konsolidierung,noun,C1
konsonante,noun,A2
konsonantenverbindungen,noun,B1
konsorten,noun,C2
konstant,adjective,C1
konstante,noun,C1
konstanz,noun,A2
konstatieren,other,C2
konstellation,noun,B2
konstituieren,other,B2
konstruieren,noun,B2
konstruieren,other,C2
konstrukt,noun,C1
konstrukten,noun,C1
konstrukteur,noun,B2
konstruktion,noun,B2
konstruktionsbüro,noun,B2
konstruktiv,adjective,B2
konsulat,noun,A2
konsultieren,other,C2
konsum,noun,C1
konsumausgabe,noun,B1
konsumdiktat,noun,C2
konsument,noun,C1
konsumentenschutz,noun,B1
konsumexzesse,noun,C2
konsumgesellschaft,noun,C1
konsumgut,noun,C1
konsumgüterbranche,noun,C1
konsumieren,noun,B2
konsumieren,other,C2
konsumiert,adjective,C2
konsumkrise,noun,B1
konsumkritischen,adjective,B1
konsummuster,noun,C1
konsumorientiert,adjective,C2
konsumsteuer,noun,B1
konsumtiv,adjective,C1
konsumverhalten,noun,C1
konsumwelt,noun,C2
kontakt,noun,A2
kontaktadresse,noun,B2
kontaktanzeige,noun,B1
kontaktanzeigen-geplänkels,noun,B1
kontaktaufnahme,noun,C2
kontaktdatum,noun,B2
kontakte,noun,C1
kontaktfreudig,adjective,B1
kontaktieren,other,B2
kontaktlinsenhersteller,noun,A2
kontaktmöglichkeit,noun,C1
kontaktpflege,noun,C1
kontaktstelle,noun,C1
kontamination,noun,C2
kontern,other,C1
kontext,noun,C2
kontierung,noun,B1
kontinent,noun,C2
kontinuierlich,adjective,C2
kontinuität,noun,B1
kontinuum,noun,C1
konto,noun,A2
kontor,noun,B1
kontostand,noun,A1
kontra,noun,A2
kontra,preposition,C1
kontra-argumente,noun,C1
kontraktion,noun,C1
kontrast,noun,B2
kontrastakzente,noun,B1
kontrastmittel,noun,C1
kontrastmittelinjektionen,noun,C1
kontrollbedürfnis,noun,C2
kontrolle,noun,C1
kontrolleur,noun,B1
kontrollgruppe,noun,C2
kontrollieren,noun,A1
kontrollieren,other,A1
kontrollierend,adjective,C2
kontrolliert,adjective,B2
kontrollinstanz,noun,C2
kontrolllampe,noun,A2
kontrollmöglichkeit,noun,A2
kontrollsucht,noun,C1
kontrollsystem,noun,B2
kontrollverlust,noun,C2
kontrollvorbehalt,noun,C2
kontrovers,adjective,B2
kontroverse,noun,C2
konvention,noun,C2
konventionell,adjective,C1
konversation,noun,C2
konversationskurse,noun,B1
konversationsthemen,noun,C1
konzentration,noun,B2
konzentrationsfähigkeit,noun,C1
konzentrationslager,noun,B1
konzentrationsleistungen,noun,B2
konzentrationsschwierigkeit,noun,C1
konzentrationsschwäche,noun,B2
konzentrationstest,noun,C1
konzentrationsübung,noun,C1
konzentrieren,other,B2
konzentriert,adjective,A2
konzept,noun,C1
konzeption,noun,C2
konzeptions-,other,B2
konzern,noun,B2
konzernleitung,noun,B1
konzernweit,adjective,C2
konzert,noun,A1
konzertauftritt,noun,B2
konzertbesuch,noun,B1
konzertfilm,noun,C1
konzerthalle,noun,B2
konzerthaus,noun,B2
konzertierungssitzung,noun,C1
konzertkarte,noun,A2
konzertmeister,noun,C1
konzertpianist,noun,B2
konzertreise,noun,A2
konzertsaal,noun,B1
konzertveranstalter,noun,B1
konzessiv,adjective,C1
konzessive,adjective,C1
konzipieren,noun,C1
konzipieren,other,C2
konzipiert,adjective,C2
konzipierung,noun,B2
kooperation,noun,C2
kooperationskompetenzen,noun,B2
kooperationspartner,noun,B1
kooperationszentren,noun,C1
kooperativ,adjective,B2
kooperieren,other,A1
koordinate,noun,C2
koordination,noun,B2
koordinationsbehörde,noun,C1
koordinationssitzung,noun,C1
koordinieren,other,B1
kopeke,noun,B2
kopenhagener,noun,C1
kopernikus-hauptschule,noun,B1
kopf,noun,A1
kopf-,other,A1
kopf-an-kopf-rennen,noun,C1
kopfarbeit,noun,C2
kopfbedeckung,noun,B2
kopfdreher,noun,B2
kopfen,noun,B2
kopfende,noun,C2
kopfhörer,noun,C2
kopfhörerkabel,noun,B2
kopfkissen,noun,A2
kopfnicken,noun,C1
kopfrechengenies,noun,C2
kopfrechnen,noun,C2
kopfschmerz,noun,A1
kopfschmerz-geplagten,noun,C1
kopfschmerzattacke,noun,C1
kopfschmerztablette,noun,B2
kopfschütteln,noun,C1
kopfschüttelnd,adjective,C1
kopfstand,noun,B2
kopftuch,noun,B1
kopfverletzung,noun,B1
kopfweh,noun,B1
kopfwerk,noun,C1
kopfzerbrechen,noun,C2
kopf|köpfen,noun,B2
kopie,noun,B1
kopieren,noun,C2
kopieren,other,C1
kopierer,noun,A2
kopierformat,noun,B2
kopiergerät,noun,B1
kopierpapier,noun,C2
kopiervorgang,noun,B2
kopilot,noun,B2
kopiloten,noun,B2
koppeln,other,C1
koproduktion,noun,C1
koptisch,noun,B2
korb,noun,C1
korbmacher,noun,A1
korbstuhl,noun,C1
koreanisch,adjective,A1
korianderkörner,noun,C1
kork,noun,C1
korn,noun,B1
korperpflege,noun,B2
korrekt,adjective,B1
korrektur,noun,B2
korrekturlesen,noun,C2
korrelierten,other,C2
korrespondent,noun,B2
korrespondenz,noun,B1
korridor,noun,C1
korrigieren,noun,C2
korrigieren,other,B2
korrumpieren,other,C1
korrumpierender,noun,B2
korrumpierte,noun,B2
korrupt,adjective,C2
korruption,noun,C2
korruptionsindex,noun,C2
korruptionsprozess,noun,C2
korruptionswahrnehmungsindex,noun,C2
kortex,noun,C2
kosen|kosten,other,A1
kosmetik,noun,A2
kosmetik-,other,A1
kosmetikabteilung,noun,C2
kosmetikartikel,noun,C2
kosmetikartikelfirmaund,noun,A2
kosmetikbehandlungen,noun,C1
kosmetikerin,noun,A1
kosmetikfirma,noun,C1
kosmetikkoffer,noun,B2
kosmetikliege,noun,C1
kosmetiksalon,noun,C1
kosmetisch,adjective,B2
kosmisch,adjective,C2
kosmos,noun,C2
kosslyn,adjective,C2
kost,noun,B2
kostbar,adjective,B2
kostbare,noun,A2
kosten,noun,C1
kosten,other,A1
kosten-nutzen-analyse,noun,C2
kosten-nutzen-rechnung,noun,C2
kostenanalyse,noun,C2
kostendeckend,adjective,C2
kostendeckung,noun,C2
kostenerspamis,noun,C1
kostenfrei,adjective,B2
kostengrund,noun,B2
kostengünstig,adjective,C2
kostenlos,adjective,A2
kostenlos,noun,B2
kostenlose,noun,B2
kostenpflichtig,adjective,C2
kostenplan,noun,C1
kostenplänen,noun,C2
kostensenkung,noun,C1
kostjum,adjective,B1
kostner,noun,B1
kostprobe,noun,B1
kostspielig,adjective,B2
kostüm,noun,A1
kostümbau,noun,B2
kostümfest,noun,C2
kostümgt,noun,A1
kostümieren,other,C1
kostümmalerei,noun,B1
kostümpflege,noun,B1
kostümspiel,noun,C1
kotnmen,adjective,B2
kottbusser,adjective,C2
kotzen,noun,C1
kowalski,noun,A1
krabat,adjective,B2
krabbe,noun,C2
krabbelgruppe,noun,A2
krabbeln,other,B1
krach,noun,B1
kraft,noun,C1
kraft,preposition,C2
kraftakt,noun,B2
kraftfahrer,noun,B1
kraftfahrzeug,noun,A2
kraftfutter,noun,B1
kraftlos,adjective,C1
kraftprobe,noun,C1
kraftraubend,adjective,C2
kraftstoff,noun,B2
krafttraining,noun,B2
kraftvoll,adjective,C1
kraftwerk,noun,B2
kraftwerksreaktoren,noun,C2
kralle,noun,C1
kralle|krallen,noun,C1
kram,noun,B2
krampf,noun,C1
krampfader,noun,B2
krampffall,noun,C2
krampfhaft,adjective,C1
krampus,noun,A2
kran,noun,A1
kranich,noun,B2
krank,adjective,A1
krank,other,A1
kranke,noun,B2
krankengymnastin,noun,B1
krankenhaus,noun,A1
krankenhausatmosphär,noun,B1
krankenhausaufenthalt,noun,B2
krankenhausbehandlung,noun,C2
krankenhausdirektor,noun,B1
krankenhausfilm,noun,C2
krankenhausküche,noun,B1
krankenhausrechnung,noun,B1
krankenhausteam,noun,A1
krankenkasse,noun,A1
krankenpfleger,noun,A1
krankenpflegerin,noun,A1
krankenschwester,noun,A1
krankenstand,noun,C1
krankenstuben,noun,B2
krankenversicherung,noun,C2
krankenversicherungskarte,noun,A1
krankenversicherungszuschlag,noun,C2
krankenwagen,noun,B1
krankenzimmer,noun,A2
krankhaft,adjective,C2
krankheit,noun,B1
krankheitsausbrüche,noun,C1
krankheitsbild,noun,C1
krankheitsdaten,noun,C1
krankheitserreger,noun,C2
krankheitsfall,noun,C2
krankheitsprävention,noun,C1
krankheitssymptom,noun,C2
krankheitszahl,noun,B2
krankmelden,other,B2
krankschreiben,other,C1
krankschreibung,noun,A1
krass,adjective,C2
kratzen,noun,C1
kratzen,other,B2
kratzer,noun,A2
kratzig,adjective,B1
kraulen,other,C1
kraut,noun,B2
krawalte,noun,B1
krawatte,noun,A2
kreation,noun,B2
kreationsteams,noun,C2
kreativ,adjective,C1
kreativ-branche,noun,C1
kreativabteilungen,noun,C1
kreativberufen,noun,C1
kreative,noun,C2
kreativität,noun,C1
kreativitätsforscher,noun,C2
kreativitätsforschung,noun,C2
kreativitätskiller,noun,C2
kreativitätsprozess,noun,C1
kreativitätstrainer,noun,C1
kreativjob,noun,C1
kreativkultur,noun,C2
kreativtechnik,noun,C1
kreatur,noun,C2
krebs,noun,C2
krebserkrankung,noun,B2
krebsforschungsinstitut,noun,C1
krebsfrüherkennung,noun,C1
krebshilfe,noun,C1
krebskrank,adjective,C2
kredit,noun,C2
kreditdaten,noun,C1
kreditgeber,noun,C2
kreditinstitut,noun,B1
kreditkarte,noun,A1
kreditkartenbetrüger,noun,B2
kreditkartennummer,noun,B1
kreditnehmer,noun,C2
kreditnehmerin,noun,C2
kreditnehmerinnen,noun,C2
kreditrate,noun,C2
kreditvergabe,noun,C2
kreditwürdig,adjective,C2
kreide,noun,C1
kreidebilder,noun,C1
kreidefelsen,noun,A2
kreidekreis,noun,B2
kreidezeit,noun,C1
kreidler,noun,B1
kreieren,other,B2
kreiert,adjective,C1
kreil,noun,A1
kreis,noun,C2
kreischen,noun,C2
kreischen,other,B2
kreischend,adjective,C1
kreisel,noun,C1
kreisen,other,B2
kreisklinik,noun,B2
kreislauf,noun,C1
kreislaufbeschwerde,noun,C1
kreislaufproblem,noun,C1
kreisrund,adjective,C2
kreissparkasse,noun,C1
kreisverband,noun,C1
kreis|kreisen,noun,C2
kreißsaal,noun,B1
kreolsprachen,noun,C2
kreutenstamm,noun,B2
kreuz,adverb,B1
kreuz,noun,B2
kreuzau-langenbroich,noun,C1
kreuzband,noun,C2
kreuzberg,noun,C2
kreuzchen,noun,C1
kreuzchor,noun,B2
kreuzen,other,B2
kreuzfahrt,noun,C2
kreuzfahrtschiff,noun,A2
kreuzotter,noun,C1
kreuzung,noun,A1
kreuzworträtsel,noun,B1
kreßberg,noun,C1
kreßbergs,noun,C1
kribbeln,noun,C1
kriechen,other,C1
krieg,noun,C2
kriegen,other,A2
krieger,noun,C2
kriegführung,noun,C2
kriegs-etat,noun,C2
kriegsandrohungen,noun,C2
kriegsende,noun,C1
kriegsführung,noun,C2
kriegsgebiet,noun,C1
kriegsgefangenschaft,noun,C1
kriegskind,noun,C1
kriegskosten,noun,C2
kriegsopfer,noun,C2
kriegspartei,noun,C1
kriegsplan,noun,C2
kriegsschiff,noun,C2
kriegsverlaufs,noun,C1
kriegswaise,noun,C1
kriegswaisenkind,noun,C1
kriegswirre,noun,C2
kriegszeit,noun,C2
krimi,noun,B2
krimi-autor,noun,B2
krimi-couch-gründer,noun,C1
krimi-drehbuchautoren,noun,B2
krimiabteilung,noun,C1
krimiautor,noun,B2
krimiboom,noun,C1
krimiforscher,noun,C1
krimihandlung,noun,C1
krimikultur,noun,B2
kriminalfall,noun,B1
kriminalfilm,noun,B2
kriminalgeschichte,noun,B2
kriminalistik,noun,B2
kriminalität,noun,B2
kriminalitätsrangliste,noun,B2
kriminalitätsverteilung,noun,B2
kriminalkommissar,noun,C1
kriminalpolizei,noun,B1
kriminalroman,noun,B1
kriminalromane,noun,C1
kriminalstatistik,noun,B2
kriminaltechnisch,adjective,C1
kriminell,adjective,C2
kriminelle,noun,B2
kriminologie,noun,C1
kriminologischen,noun,C1
krimireihe,noun,C1
krimireihen,noun,C1
krimiserie,noun,A2
kring,noun,C1
kringeln,other,C1
krippe,noun,A2
krippenplatz,noun,C2
krise,noun,B2
kriseln,other,C1
krisen-kommunikation,noun,C2
krisengebiet,noun,B2
krisensituation,noun,C1
krisensitzung,noun,C2
krisenzeit,noun,C2
kristall,noun,B1
kristallin,adjective,C2
kristallisieren,other,C1
kristallwelt,noun,B1
kriterium,noun,B2
kritik,noun,B2
kritiker,noun,B2
kritikgespräch,noun,B1
kritikpunkt,noun,C1
kritikäußerung,noun,B1
kritisch,adjective,B1
kritisch-eigenständiger,adjective,C2
kritisieren,other,B2
kritisiert,adjective,B1
kroate,noun,B1
kroatisch,adjective,B2
kroatisch,noun,B1
kroatische,noun,B2
krokodil,noun,A1
krone,noun,B2
kronjuwel,noun,C2
kronprinz,noun,B2
kroppzeug,noun,C2
kroton,noun,C1
kruckenfeller,noun,C1
krude,adjective,C2
krude-kosmisch,adjective,C2
krumm,other,C2
krummdolch,noun,C1
krumme,noun,C2
krummlachen,adjective,C1
krummlachen,other,C1
kruseligen,adjective,C2
kruste,noun,B2
kryptisch,adjective,C1
kryptologie,noun,B2
krächzen,other,C1
krächzend,adjective,C2
kräftig,adjective,C1
krähe,noun,B1
krähen,other,C1
kräherwald,noun,C2
kränkelnd,adjective,C1
kränken,other,C2
kränkung,noun,C2
kräuter-dampfbad,noun,A2
kräuterfirma,noun,B2
kräutergarten,noun,B2
kräuterheumantel,noun,B1
kräutertee,noun,A2
kröller,noun,B2
krönen,other,B2
krönend,adjective,B1
krönung,noun,A2
krönungsort,noun,B2
kröte,noun,C1
krücke,noun,A1
krüll,noun,C1
krümel,noun,C1
krümmen,other,C1
krümmung,noun,B2
krüppel,noun,C1
ku,noun,A2
ku'damm,noun,A1
kubikkilometer,noun,C1
kubikmeter,noun,B1
kubisch,adjective,B2
kuchen,noun,A1
kuchen-spezialitaten,noun,B2
kuchenbackens,noun,C2
kuchenbüfett,noun,B1
kuchenform,noun,B1
kuchenrezept,noun,B1
kuchentheke,noun,A2
kuckuck,noun,B2
kuckucksuhr,noun,A2
kufsteiner,adjective,C1
kugel,noun,C2
kugelform,noun,B2
kugelförmig,adjective,C1
kugeln,other,C2
kugelrund,adjective,C1
kugelschreiber,noun,A1
kuh,noun,A2
kuh-rohlinge,noun,B2
kuhfellzimmer,noun,B1
kuhmilch,noun,B1
kuhpocke,noun,C2
kuhskulpturen,noun,B2
kuhstall,noun,B2
kuli,noun,A1
kulinarisch,adjective,B2
kulisse,noun,C1
kulitsch,noun,A2
kult,noun,C1
kult-hose,noun,C2
kultband,noun,A2
kultivieren,other,C2
kultiviert,adjective,A2
kultivierung,noun,B2
kultkleidung,noun,C2
kultobjekt,noun,C2
kultspiel,noun,B2
kultstatus,noun,B2
kultur,noun,A2
kultur-,other,C1
kultur-club,noun,B1
kulturabhängig,adjective,B2
kulturangebot,noun,B2
kulturarbeit,noun,A2
kulturbedingte,adjective,C1
kulturcafé,noun,A1
kulturdenkmal,noun,B2
kulturdezernent,noun,B2
kultureinrichtung,noun,C2
kulturell,adjective,C1
kulturelle,adjective,C1
kulturelle,noun,A2
kulturellen,noun,C2
kulturelles,adjective,C1
kulturexperte,noun,B2
kulturfestival,noun,A1
kulturfilm,noun,C1
kulturfinanzierung,noun,C2
kulturgebunden,adjective,C1
kulturgebundener,adjective,C1
kulturgebundenheit,noun,C1
kulturgeprägtheit,noun,C1
kulturgeschichte,noun,C2
kulturgut,noun,C2
kulturhauptstadt,noun,A2
kulturindustrie,noun,C2
kulturinfarkt,noun,C2
kulturinitiative,noun,B2
kulturinsel,noun,B1
kulturinstitut,noun,C2
kulturinstitution,noun,C2
kulturinteressiert,adjective,C2
kulturkreis,noun,C2
kulturkritisch,adjective,C2
kulturlandschaft,noun,B2
kulturmedium,noun,C1
kulturnation,noun,C2
kulturorganisation,noun,B2
kulturpolitik,noun,C1
kulturpraxis,noun,C2
kulturprodukt,noun,C2
kulturprogramm,noun,A1
kulturprojekt,noun,B1
kulturraum,noun,C2
kulturredaktion,noun,A1
kulturreisen,noun,B1
kulturrepräsentanten,noun,C2
kulturressort,noun,C2
kulturschock,noun,C1
kultursender,noun,B2
kulturspezifisch,adjective,C1
kulturstadt,noun,A2
kultursteuer,noun,C2
kulturstätte,noun,B1
kulturtante,noun,C1
kulturtechnik,noun,C2
kulturteil,noun,C2
kulturterrassen,noun,B1
kulturtheoretisch,adjective,C2
kulturtheorie,noun,C1
kulturtip,noun,A2
kulturund,noun,C1
kulturveranstaltung,noun,B1
kulturwandel,noun,B2
kulturwissenschaft,noun,C1
kulturwissenschaftler,noun,C1
kulturwissenschaftlich,adjective,B2
kulturzentrum,noun,B1
kulturzugehörigkeit,noun,C2
kulturübergreifend,adjective,C1
kultusministerin,noun,B2
kultusministerium,noun,C2
kumi-ori,other,A2
kummer,noun,C2
kummerkasten,noun,C2
kummerspeck,noun,C2
kumpel,noun,C2
kunde,adjective,B2
kunde,noun,A1
kunden,noun,B1
kundenanfrage,noun,C2
kundenbedürfnis,noun,B2
kundenbedürfnissen,noun,B2
kundenbedürfrisse,noun,B1
kundenberatung,noun,B1
kundenbestellungen,noun,B1
kundenbetreuung,noun,C2
kundenbeziehung,noun,C2
kundendatenbank,noun,B1
kundendatum,noun,B1
kundendienst,noun,A2
kundendienst-center,noun,B2
kundenfreundlich,adjective,B2
kundengesprächs,noun,C2
kundengruppe,noun,B2
kundeninformation,noun,A2
kundenkartei,noun,B1
kundenkontakt,noun,B2
kundennummer,noun,A2
kundenorientiert,adjective,C2
kundenrückgang,noun,B2
kundenservice,noun,B2
kundenspezifisch,adjective,B2
kundenwunsch,noun,C2
kundenzahl,noun,C1
kundenzufriedenheit,noun,B1
kundige,noun,C2
kundigungführen,noun,B2
kundigungsgründe,noun,B2
kundin,noun,A2
kundschaft,noun,C1
kundtun,other,C1
kunst,noun,C2
kunst-,other,B2
kunst-performance,noun,C2
kunstakademie,noun,C1
kunstaktion,noun,C2
kunstareal,noun,C1
kunstausstellung,noun,C1
kunstauthentifizierung,noun,C2
kunstbegriff,noun,C2
kunstbereich,noun,C1
kunstbetrachtung,noun,B2
kunstbetrieb,noun,C2
kunstdruck,noun,C2
kunstdünger,noun,C1
kunsterzieher,noun,C1
kunstexperte,noun,C1
kunstexpertenkommission,noun,C2
kunstform,noun,B2
kunstfreiheit,noun,C2
kunstfälscher,noun,C2
kunstfälscher-prozess,noun,B1
kunstfälscherbande,noun,C2
kunstfälscherring,noun,C2
kunstfälscherskandale,noun,B1
kunstgalerie,noun,B2
kunstgenuss,noun,B2
kunstgeschehen,noun,C2
kunstgeschichte,noun,C1
kunstgewerbemuseum,noun,C2
kunstgewerbeschulen,noun,C2
kunsthalle,noun,A2
kunsthandwerk,noun,C1
kunsthaus,noun,B2
kunsthistorikerin,noun,A2
kunsthochschule,noun,C1
kunstikone,noun,B2
kunstinteressiert,adjective,C2
kunstinteressierte,noun,B2
kunstkammer,noun,C2
kunstkram,noun,B2
kunstkurs,noun,C1
kunstlandschaft,noun,C2
kunstlicht,noun,C2
kunstliebhaber,noun,B2
kunstmarkt,noun,C2
kunstmesse,noun,A2
kunstmetropole,noun,C2
kunstmuseum,noun,C1
kunstname,noun,B2
kunstproduktion,noun,C2
kunstpädagoge,noun,C1
kunstrasen,noun,C2
kunstraub,noun,C2
kunstreiseführer,noun,B1
kunstsammlung,noun,C1
kunstschaffende,noun,C2
kunstschatz,noun,C2
kunstschnee,noun,B1
kunstschule,noun,C2
kunstschutz-offiziere,noun,C2
kunstschutz-offiziers,noun,C2
kunstserie,noun,C2
kunstsinnig,adjective,C2
kunstsprache,noun,C2
kunststoff,noun,C2
kunststoffbooms,noun,C2
kunststofffloß,noun,C2
kunststoffflöße,noun,C2
kunststofffolie,noun,B2
kunststoffobjekte,noun,C2
kunststoffpartikel,noun,C2
kunststoffpartikeln,noun,C2
kunststoffproblem,noun,C2
kunststoffteilchen,noun,B2
kunststudent,noun,C2
kunststück,noun,C1
kunststückchen,noun,C1
kunstszene,noun,C2
kunsttraditionen,noun,C1
kunstturnen,noun,B2
kunstturnerin,noun,B2
kunstverständigen,adjective,B1
kunstwelt,noun,C1
kunstwerk,noun,C1
kunstwort,noun,C1
kunstwörter,adjective,B2
kunstwörter,noun,B2
kuopio,noun,B2
kupfer,noun,B1
kupfermonopols,noun,C1
kupfern,other,B1
kupferplatte,noun,C1
kuppel,noun,B1
kuppelbörsen,noun,C2
kuppelgewölbe,noun,C2
kuppisch,adjective,C1
kuppisch,noun,C1
kuppischs,noun,C1
kuppler-taxi,noun,C2
kupplung,noun,B2
kur,noun,C1
kurator,noun,C2
kuratorische,adjective,C1
kuraufenthalt,noun,C2
kurbel,noun,B2
kurbelnde,adjective,C2
kurbelstange,noun,B2
kurbelwelle,noun,B2
kurdisch,adjective,C2
kurfürst,noun,A1
kurfürstendamm,noun,C1
kurfürstlich,adjective,C1
kurhotel,noun,B2
kurier,noun,A1
kurios,adjective,C1
kuriose,noun,A1
kuriosität,noun,B2
kuriouse,adjective,B1
kurischen,noun,C2
kurklinik,noun,B1
kurpark,noun,C1
kurreise,noun,B2
kurreisen,noun,B2
kurs,noun,A1
kursangebot,noun,B1
kursauswahl,noun,A2
kursbeginn,noun,B1
kursbesuche,noun,C2
kursbuch,noun,A1
kursinhalt,noun,B1
kursiv,adjective,B2
kursivierung,noun,B2
kursleiter,noun,B1
kursleiterin,noun,A1
kursnachbarinnen,noun,A1
kursprogramm,noun,C1
kursraum,noun,A2
kursteilnehmer,noun,B2
kursteilnehmerin,noun,A1
kurstermine,noun,B1
kurswahlmöglichkeiten,noun,C2
kurszeit,noun,B2
kurtaxe,noun,B1
kurve,noun,B2
kurverwaltung,noun,B2
kurz,adjective,A1
kurzbeschreibung,noun,B2
kurzbewerbung,noun,B2
kurze,noun,B2
kurzerhand,adverb,C1
kurzesikrimis,noun,B2
kurzfilm,noun,C2
kurzform,noun,C2
kurzfristig,adjective,B1
kurzgeschichte,noun,B2
kurzkrimi,noun,B2
kurzmitteilung,noun,C1
kurznachricht,noun,A1
kurzpräsentation,noun,C1
kurzreferat,noun,B1
kurzsilbige,adjective,C2
kurzstrecke,noun,A1
kurzstrecken,other,B1
kurzstreckentarif,noun,B1
kurztext,noun,B1
kurztrip,noun,B2
kurzum,adverb,C2
kurzurlaub,noun,A1
kurzversion,noun,C1
kurzvortrag,noun,B2
kurzwahlnummern,noun,C1
kurzwanderung,noun,C1
kurzweilig,adjective,C1
kurzwelligem,adjective,C1
kurzwelliges,adjective,B2
kurzzeit-kontakthof,noun,C2
kurzzeitgedächtnis,noun,C2
kurzzeitig,adjective,C1
kurzzeitspeicherung,noun,C2
kurzüberblick,noun,B1
kuschel-ecke,noun,A2
kuscheleffekt,noun,B2
kuschelig,adjective,C1
kusine,noun,C1
kuss,noun,A1
kuss|küssen,noun,B1
kustteilnehmerin,noun,B2
kutsche,noun,A2
kutscher,noun,C1
kutschieren,other,B2
kutschpferd,noun,C1
kutschpferden,noun,A2
kutter,noun,C1
kuttern,noun,C1
kw,noun,C1
käfer,noun,B2
käfig,noun,A2
käfighaltung,noun,C2
kälte,noun,A2
kältemittel,noun,C2
kämmen,other,A2
kämper,noun,B1
kämpfem,adjective,B2
kämpfen,other,B1
kämpfer,noun,C1
kämpferin,noun,B2
kämpferisch,adjective,C1
kännchen,noun,A2
käppchen,noun,B2
kärglich,adjective,C1
kärntner,adjective,B1
kärtchen,noun,A2
käse,noun,A1
käsebrot,noun,A1
käsebrötchen,noun,A1
käsefabrik,noun,A2
käsefondue,noun,A2
käsekuchen,noun,A1
käseplatte,noun,B1
käseproduktion,noun,B1
käserei,noun,C1
käsesorte,noun,B1
käsespätzle,noun,C2
käsetheke,noun,A1
kästchen,noun,B2
kästner,noun,B2
kätzchen,noun,B1
käufer,noun,C2
kö-papageien,noun,A2
köchin,noun,A2
köfferchen,noun,C2
köhler,noun,A2
kölle,noun,A2
köln-sülz,adjective,A1
kölner,adjective,A2
kölner,noun,C2
kölnerin,noun,A1
kölsch,noun,C1
kölsche,adjective,B2
könig,noun,B1
königin,noun,B2
königlich,adjective,C1
königlich-schwedischen,adjective,C2
königreich,noun,C2
königsallee,noun,A2
königsberg,noun,C2
königshaus,noun,B1
königskerze,noun,B1
königspalast,noun,B1
königsplatz,noun,C1
königsschloss,noun,A2
königssohn,noun,C2
königstochter,noun,B1
könne,other,C2
können,noun,A1
können,other,A2
können,verb,A1
könner,noun,B2
könnten,noun,B1
körnchen,noun,C1
körnig,adjective,B2
körper,noun,C1
körperbau,noun,C1
körperbehindert,adjective,C1
körperbehinderungen,noun,C1
körperbewegung,noun,C1
körperbewusstsein,noun,B2
körperbild,noun,C2
körperdekoration,noun,C2
körpereigen,adjective,C1
körperertüchtigung,noun,B2
körperfunktion,noun,C1
körpergefühl,noun,C1
körpergeruch,noun,C2
körpergewicht,noun,A2
körpergravierkunst,noun,C2
körpergröße,noun,C1
körperhaltung,noun,C1
körperkraft,noun,C1
körperkunst,noun,C1
körperlich,adjective,C1
körpermaß,noun,C1
körperpflege,noun,A2
körperpflegemarke,noun,A1
körperscanner,noun,C1
körperseite,noun,C1
körpersignal,noun,B2
körpersprache,noun,C1
körpersprachlich,adjective,C1
körperteil,noun,A1
körpertemperatur,noun,B2
körpertraining,noun,B2
körperverletzung,noun,B1
körperübung,noun,C1
körting,noun,A2
köstlich,adjective,B1
köstlichkeit,noun,B1
köttbullar,other,A2
küche,noun,A1
küchenchef,noun,A2
kücheneingang,noun,B1
kücheneinrichtung,noun,B2
küchenerfahrung,noun,B1
küchenfertigem,adjective,B2
küchengerät,noun,B1
küchenhandtücher,noun,B1
küchenhilfe,noun,A2
küchenjunge,noun,B2
küchenkraut,noun,A1
küchenmädchen,noun,C1
küchenmöbel,noun,A2
küchenpapier,noun,B2
küchenrolle,noun,B1
küchenschrank,noun,A1
küchenschürze,noun,B1
küchenteam,noun,B2
küchentechnik,noun,B2
küchentisch,noun,A2
küchenuhr,noun,A1
kügelchen,noun,B2
kühl,adjective,A2
kühle,noun,C2
kühlen,other,B2
kühlend,adjective,B2
kühlfahrzeug,noun,B2
kühlhaus,noun,C1
kühlmittelpumpen,noun,B1
kühlraum,noun,B2
kühlschrank,noun,A1
kühlschranktür,noun,A2
kühlsystem,noun,B2
kühlung,noun,B1
kühlwasser,noun,C1
kühn,adjective,B2
kümmel,noun,C1
kümmern,other,A2
kümmernis,noun,C1
kündbar,adjective,C1
kündigen,other,B1
kündigung,noun,C2
kündigungsfrist,noun,B2
kündigungsschreiben,noun,B1
kündigungsschutz,noun,C2
kündigungsverbot,noun,C2
künftig,adjective,C1
künstler,noun,C2
künstleragentur,noun,C1
künstleragenturen,noun,C1
künstlerdorf,noun,B2
künstlergruppe,noun,B1
künstlerhaus,noun,B2
künstlerin,noun,B1
künstlerinnen,adjective,A2
künstlerisch,adjective,B2
künstlerisch-elaborierte,adjective,C2
künstlerleben,noun,C1
künstlername,noun,C2
künstlerpaar,noun,A2
künstlerpaars,noun,B2
künstlerviertel,noun,B2
künstlich,adjective,C2
künstliche,noun,C2
künzle,noun,B2
künzler,noun,B2
kür,noun,C1
kürbiskern,noun,B2
kürbiskern-biskuitroulade,noun,B1
kürbispflanze,noun,C2
kürbisrisotto,noun,A2
kürbissuppe,noun,B2
küren,other,C1
kürschner,noun,C2
kürze,noun,B2
kürzel,noun,B2
kürzen,other,A2
kürzere,noun,B2
kürzestfassung,noun,C1
kürzlich,adjective,C1
kürzung,noun,C2
küsschen,noun,A1
küssen,other,A1
küste,noun,C2
küstenfeuchtgebiete,noun,C1
küstengebiet,noun,C2
küstengewässer,noun,C2
küstenregion,noun,B1
küstenwache,noun,C2
küstenwald,noun,C1
kınd,noun,A2
l,noun,A2
l'oréal-unesco-partnerschaft,noun,C1
l.o.v.e.,noun,A1
la,adjective,C1
la,other,A1
label,noun,A1
labern,noun,C1
labertasche,noun,C1
labil,adjective,C2
labor,noun,C1
labor-aroma,noun,B2
laborantin,noun,A1
laborassistentin,noun,B1
laboratory,noun,C1
laborergebnissen,noun,C2
laborkittel,noun,B2
laborleiters,noun,C2
laborlichter,noun,C1
labrassbanda,noun,C1
labskaus,noun,A1
labyrinth,noun,C1
lach-yoga,noun,B1
lach-yoga-übungen,noun,B1
lachclubs,noun,B1
lachen,adjective,B1
lachen,noun,B1
lachen,other,A2
lachend,adjective,C1
lacher,noun,C1
lacherfolg,noun,C1
lache|lachen,noun,C1
lachforschung,noun,B1
lachgas,noun,C1
lachs,noun,B2
lachsrechte,noun,C1
lack,noun,B1
lackieren,noun,A2
lackieren,other,A2
lackierer,noun,B2
lackiert,adjective,B1
lad,other,A1
ladekabel,noun,A2
laden,noun,A2
laden,other,A1
ladenbesitzer,noun,B1
ladenbesitzerin,noun,B2
ladenbesitzerinnen,noun,B1
ladendiebstahl,noun,C1
ladenlokal,noun,B2
ladenpreis,noun,C1
ladenregal,noun,B2
ladentheke,noun,C1
laderaum,noun,B2
ladestation,noun,B2
ladoga,noun,B2
ladonnasport,noun,A2
ladung,noun,B2
lady,noun,C2
lage,noun,B2
lager,noun,A2
lagerarbeit,noun,A2
lagerfeuer,noun,B2
lagerhalle,noun,B1
lagerhaltung,noun,B2
lagern,other,C2
lagerroboter,noun,C1
lagerstätte,noun,C1
lagerung,noun,C1
lagune,noun,A2
lahm,adjective,B1
lahmgelegt,adjective,C2
lahmlegen,other,C2
laie,noun,C2
laien-schauspiel,adjective,B1
laien-theatergruppe,noun,B1
laika,noun,C2
lait,noun,B2
lakonisch,adjective,C2
lakritze,noun,B2
lakritzhersteller,noun,B2
laktose-intoleranz,noun,B1
lama,noun,B1
lambaréné,adjective,B2
lambertikirche,noun,C1
lamburgischen,adjective,B2
lameli,noun,C1
lametta,noun,C2
lammfilet,noun,B2
lammgerichte,noun,B2
lampe,noun,A1
lampen-im-internet,adjective,A2
lampenfieber,noun,B1
lampenschirm,noun,A2
lampenöl,noun,C1
lancelot,noun,B1
land,noun,A1
land-und,noun,B2
landbau,noun,A2
landbesitz,noun,B1
landbevölkerung,noun,B2
landbrot,noun,C2
landebahn,noun,B2
landefähre,noun,C2
landen,other,B2
lander,noun,C2
landern,noun,A2
landers,noun,B1
landesarchäologe,noun,C2
landesfachtagen,noun,B1
landesfischereischule,noun,A1
landesgestüts,noun,B2
landesgrenze,noun,B2
landeshauptstadt,noun,B2
landesherr,noun,C2
landesherrliches,adjective,C1
landesinstitut,noun,C1
landeskompetenz,noun,B1
landeskrankenhaus,noun,C1
landeskunde,noun,A1
landeskundlich,adjective,C1
landesliga,noun,B1
landesmeister,noun,A2
landesmuseum,noun,C1
landesparlament,noun,A2
landesrat,noun,C1
landesregierung,noun,A2
landesspezifisch,adjective,B1
landessprache,noun,B2
landesstruktur,noun,C1
landesteil,noun,C2
landestypisch,adjective,B2
landesverrat,noun,C1
landesvorsitzende,noun,B1
landesweit,adjective,C2
landesüblich,adjective,C2
landezeit,noun,A1
landflucht,noun,C2
landgericht,noun,B1
landgerichtspräsidentin,noun,C1
landgraf,noun,C1
landgut,noun,B1
landhaus,noun,B1
landhaus-stil,noun,B2
landhausbauweise,adjective,C2
landhausbauweise,noun,C2
landhausstil,noun,A2
landidee,noun,A1
landivar,noun,B1
landkarte,noun,C1
landkreis,noun,B1
landküche,noun,C2
landleben,noun,C2
landliebe,noun,A1
landlust,noun,A1
landläufig,adjective,C2
landrat,noun,C2
landrut,noun,A2
landschaft,noun,B1
landschaftist,noun,B1
landschaftsarchitekt,noun,B1
landschaftsbild,noun,C1
landschaftsgebiete,noun,C2
landschaftsgärtner,noun,A2
landschaftspflege,noun,B2
landschaftspfleger,noun,B1
landschaftsreisen,noun,A2
landshuter,noun,A2
landsleute,noun,A2
landstraße,noun,A1
landstrich,noun,C2
landtag,noun,A2
landtagswahl,noun,C1
landtmann,noun,C1
landung,noun,C2
landungsbrücke,noun,B1
landweg,noun,C1
landwehr-kanal,noun,B2
landwirt,noun,C1
landwirtschaft,noun,B1
landwirtschaftlich,adjective,C1
landwirtschaftsmesse,noun,A2
landwirtschaftsminister,noun,B1
land|landen,noun,C2
lang,adjective,A2
langanhaltend,adjective,C2
langatmig,adjective,B1
lange,adjective,C1
lange,adverb,A1
lange,noun,B2
langen,adjective,C1
langerweile,noun,B2
langeweile,noun,B1
langform,noun,B2
langfristig,adjective,C2
langgeht,other,B2
langhaarige,noun,C2
langjährig,adjective,C2
langlaufen,noun,B2
langlebig,adjective,C2
langlebigkeit,noun,C1
langsam,adjective,A1
langsam-lesen-bewegung,noun,C1
langsamfahren,noun,B2
langsamkeit,noun,B2
langspielfilm,noun,B2
langst,other,B2
langstreckenfahrer,noun,A2
langstreckenflugs,noun,C1
langstreckentarif,noun,B1
langweile,noun,C2
langweilen,other,A2
langweilig,adjective,A1
langwelliges,adjective,C1
langwierig,adjective,C2
langzeit-schmerzpatienten,noun,C2
langzeitarbeitslos,adjective,B2
langzeitfolge,noun,C1
langzeitgedächtnis,noun,C2
langzeitrekordhalter,noun,C2
langzeitspeicher,noun,B2
langzeitspeicherung,noun,C2
langzeitstudie,noun,C2
langzeituntersuchung,noun,B2
lapsus,noun,C2
laptop,noun,C2
laptop-wagen,noun,C2
largo,noun,C1
larve,noun,A2
lasch,adjective,C2
laser,noun,C1
laserstrahl,noun,C1
lass,noun,B1
lassen,noun,B1
lassen,other,B1
lasst,other,C1
last,noun,C2
last-minute-lernen,noun,B2
last-minute-picknick,noun,B1
last-minute-trips,noun,B1
laster,noun,B2
lastkraftwagenfahrer,noun,B2
lastwagen,noun,A2
lat,other,B2
late,adjective,B2
late-night-show,noun,A2
latein,noun,B2
latein-amerikanische,adjective,B1
lateinamerikanisch,adjective,C2
lateinisch,adjective,A1
lateinische,noun,B2
lateinunterricht,noun,C1
laterne,noun,A1
laternenanzünder,noun,C2
laternentragen,noun,B2
laternisierung,noun,C2
latexfarbe,noun,A2
latin,noun,C1
latinos,noun,C1
latschenöl,noun,C1
latte,noun,A1
lau,adjective,C2
laubbaum,noun,C1
laubbaums,noun,C1
laube,noun,B1
laubenlandparzelle,noun,C2
laubenweg,noun,C1
laubfahrrad,noun,B1
laubsaugen,noun,A2
lauch,noun,B2
lauern,other,C2
lauernd,adjective,C1
lauf,noun,C1
laufbahn,noun,C1
laufen,noun,A2
laufen,other,A1
laufend,adjective,B2
laufende,noun,C2
laufente,noun,B1
laufentfernung,noun,B1
laufgruppe,noun,A2
laufkundschaft,noun,B2
laufrades,noun,C2
laufsteg,noun,B2
lauftreff,noun,A2
laufvögel,noun,C1
laufzeit,noun,C2
lauge,noun,C2
laugenbrezel,noun,C2
laune,noun,A2
launenhaftes,adjective,C2
launig,adjective,C2
launisch,adjective,C2
laus,noun,B2
lausch'gen,adjective,C2
lauschen,other,C1
lausitz,noun,B2
lausitzer,noun,B2
laut,adjective,A1
laut,noun,A2
laut,preposition,B2
lautbildung,noun,C2
lauten,other,C1
lauter,other,C1
lautierungen,noun,C2
lautlich,adjective,C2
lautliches,adjective,C2
lautlos,adjective,B2
lautlosigkeit,noun,C1
lautmalerei,noun,C2
lautmalerisch,adjective,A2
lautsprache,noun,C2
lautsprachlich,adjective,C2
lautsprecher,noun,C2
lautsprecherbox,noun,C1
lautstark,adjective,B1
lautstärke,noun,C2
laut|laute,noun,C2
lautäußerung,noun,C2
lauwarm,adjective,B2
lava-basalt,noun,C2
lavastein,noun,C1
lavater,noun,C1
lavendel,noun,C1
lavendeltee,noun,C1
lawine,noun,B1
layout,noun,C2
lazarett,noun,C2
laß,adjective,B2
lcci-prüfung,noun,A2
lcd,noun,B2
lch,noun,B2
le,adjective,A1
leadsänger,noun,C1
leasing-rate,noun,B1
lebeh,noun,B1
lebem,noun,B2
leben,noun,A2
leben,other,A1
lebend,adjective,C1
lebende,noun,C2
lebendig,adjective,B2
lebendige,noun,B2
lebendigkeit,noun,C2
lebenlang,noun,B1
lebensabend,noun,C1
lebensabschnitt,noun,B1
lebensabsichten,noun,C1
lebensalltag,noun,C1
lebensalter,noun,C2
lebensart,noun,C1
lebensaufgabe,noun,C2
lebensbedingung,noun,B2
lebensbereich,noun,B2
lebensbild,noun,C2
lebensdauer,noun,B2
lebensecht,adjective,C1
lebensende,noun,C2
lebensentscheidung,noun,C2
lebensentwurf,noun,B2
lebenserfahrung,noun,B1
lebenserfolg,noun,C2
lebenserwartung,noun,C1
lebenserwatung,noun,C2
lebensfeindlich,adjective,C2
lebensform,noun,C2
lebensfreude,noun,C2
lebensführung,noun,C1
lebensgefahr,noun,B1
lebensgefährlich,adjective,B2
lebensgefährte,noun,B2
lebensgefährtin,noun,C2
lebensgefühl,noun,C2
lebensgemeinschaft,noun,C2
lebensgeschichte,noun,C1
lebensgeschichtlich,adjective,C2
lebensgestaltung,noun,C2
lebensgewohnheit,noun,C1
lebensglück,noun,B2
lebensgrundlage,noun,C1
lebenshaltung,noun,C2
lebenshaltungs-,other,C1
lebenshaltungskosten,noun,B2
lebenshilfe,noun,B1
lebensjahr,noun,C2
lebenskraft,noun,C1
lebenskrise,noun,C1
lebenskultur,noun,C1
lebenskunst,noun,C1
lebenslage,noun,B2
lebenslang,adjective,B2
lebenslauf,noun,A2
lebenslaufwichtig,noun,B2
lebensleistung,noun,C1
lebenslust,adjective,B2
lebenslänglich,adjective,C2
lebensmittel,noun,B1
lebensmittel-,other,C1
lebensmittelbranche,noun,C1
lebensmitteldesign,noun,B2
lebensmitteldesigner,noun,C1
lebensmittelfall,noun,B2
lebensmittelhandel,noun,B2
lebensmittelhersteller,noun,B2
lebensmittelhändler,noun,B2
lebensmittelindustrie,noun,C1
lebensmittelkontrolleur,noun,C1
lebensmittelkosten,noun,A1
lebensmittellieferung,noun,C1
lebensmittelmarkt,noun,B2
lebensmittelpreis,noun,C1
lebensmittelproduktion,noun,B2
lebensmittelpunkt,noun,C2
lebensmittelsicherheit,noun,C1
lebensmittelskandal,noun,C2
lebensmitteltechnik,noun,B2
lebensmitteltransport,noun,B1
lebensmittelvernichtung,noun,B2
lebensmittelverpackung,noun,C2
lebensmittelverschwendung,noun,B2
lebensmittelwerbung,noun,C1
lebensmittelwirtschaft,noun,C1
lebensmittelzusatzstoff,noun,C1
lebensmodell,noun,C2
lebensmonat,noun,C2
lebensmüde,adjective,B2
lebensnah,adjective,A2
lebensniveau,noun,C2
lebensnotwendig,adjective,C2
lebenspartner,noun,C1
lebenspartnerin,noun,B1
lebenspartnerschaft,noun,A2
lebensperspektive,noun,C1
lebensphase,noun,B1
lebensplan,noun,C1
lebensplaner,noun,B1
lebensplanung,noun,C1
lebensprinzip,noun,C1
lebensqualität,noun,C1
lebensraum,noun,B2
lebensraume,noun,B2
lebensreise,noun,B2
lebensrettend,adjective,B1
lebensretter,noun,A1
lebensrhythmen,noun,C2
lebenssinn,noun,C1
lebenssituation,noun,C1
lebensspanne,noun,C1
lebensstandar,noun,C2
lebensstandard,noun,B2
lebensstil,noun,C2
lebenstraum,noun,B1
lebensumfeld,noun,C1
lebensumgebung,noun,C2
lebensumstand,noun,C2
lebensumwelt,noun,C2
lebensund,noun,B2
lebensunferhalt,noun,C1
lebensunlust,noun,C1
lebensunterhalt,noun,C2
lebensunwert,adjective,C2
lebensverhältnis,noun,B2
lebensverkürzend,adjective,C1
lebensverlauf,noun,B2
lebensverlängernd,adjective,B2
lebensverändernde,adjective,C1
lebenswandel,noun,C2
lebensweg,noun,B2
lebensweise,adjective,B2
lebensweise,noun,B2
lebensweisheit,noun,C1
lebenswelt,noun,C1
lebenswerk,noun,C2
lebenswert,adjective,C2
lebenswichtig,adjective,C1
lebenswirklichkeit,noun,C2
lebenswissenschaft,noun,C1
lebenszeit,noun,C2
lebensziel,noun,B2
lebenszufriedenheit,noun,C1
lebenszyklus,noun,C2
leben‘,noun,B2
leber,noun,C1
leber-,other,C1
leberwurst,noun,C1
lebewesen,noun,C2
lebewohlfabrik,noun,B1
lebhaft,adjective,B1
lebkuchen,noun,A2
lebkuchenherz,noun,B1
lebtag,noun,C2
lebzeit,noun,A2
lecker,adjective,A1
leckere,noun,B1
leckerei,noun,C1
leckeren,adjective,B1
leckerere,adjective,B1
lecter,other,B1
led,noun,C1
led-leuchte,noun,A2
leder,noun,C2
lederer,noun,B2
ledergeruch,noun,C2
lederhaut,noun,C1
lederhose,noun,C1
lederjacke,noun,A2
lederkugel,noun,B2
ledern,adjective,C2
lederschuh,noun,C1
lederverkäufer,noun,C1
ledig,adjective,A1
ledigkeitsbescheinigung,noun,A2
lediglich,adverb,C1
leeds,noun,C1
leer,adjective,A2
leer,other,A1
leere,noun,C2
leeren,other,B1
leergut-annahme,noun,A1
leerkaufen,other,B2
leerstand,noun,B2
leerstehend,adjective,C1
legal,adjective,C1
legen,noun,B2
legen,other,A2
legende,noun,C1
legendär,adjective,C2
legitim,adjective,C2
legitimation,noun,C2
legitimieren,other,C2
legitimierungen,noun,C1
legoland,noun,C2
legrand,noun,B1
leguan,noun,B1
leguane,noun,C2
lehde,noun,B2
lehen,noun,B1
lehmhaufen,noun,C2
lehnen,other,B2
lehramt,noun,C1
lehranstalt,noun,C2
lehrberuf,noun,C2
lehrbuch,noun,A1
lehre,noun,A2
lehren,noun,C1
lehren,other,B2
lehrende,noun,C2
lehrer,noun,C2
lehrerberuf,noun,B2
lehrerfortbildung,noun,C1
lehrerhandbuch,noun,B1
lehrerin,noun,A1
lehrerinnen,adjective,A2
lehrerpersönlichkeiten,noun,B2
lehrersitzung,noun,B2
lehrfach,noun,C1
lehrgang,noun,C2
lehrgebäude,noun,C2
lehrgebäuden,noun,B2
lehrinhalt,noun,C1
lehrjahr,noun,B1
lehrjahre,noun,C1
lehrkraft,noun,C2
lehrl,noun,C2
lehrling,noun,C2
lehrmaterial,noun,A2
lehrmeinung,noun,C2
lehrmeister,noun,C1
lehrmethodik,noun,C2
lehrmittel,noun,C1
lehrperson,noun,C1
lehrplan,noun,C2
lehrplanentwicklung,noun,C1
lehrreich,adjective,B2
lehrsatz,noun,C2
lehrstelle,noun,A2
lehrstellenmangel,noun,C1
lehrstoff,noun,C2
lehrstuhl,noun,B1
lehrtätigkeit,noun,B1
lehrund,noun,B2
lehrveranstaltung,noun,B2
lehrwerk,noun,B1
lehrzeit,noun,B1
leib,noun,A2
leib-seele-medizin,noun,C2
leibeigene,noun,C2
leibfeindlichkeit,noun,C2
leiblich,adjective,C2
leibniz-butterkeks,noun,B2
leibspeise,noun,C1
leiche,noun,C1
leichenblass,adjective,C1
leichenwagen,noun,B1
leicht,adjective,A2
leicht-motorfahrrad,noun,B1
leichtathletik,noun,C1
leichtathletin,noun,C1
leichtbau,noun,B2
leichtbau-ideen,noun,B2
leichte,noun,A2
leichtfallen,other,C2
leichtfertig,adjective,C2
leichtgläubigkeit,noun,C2
leichtigkeit,noun,C2
leichtsinn,noun,C2
leichtsinnig,adjective,B2
leid,adjective,A1
leid,noun,C2
leiden,noun,C2
leiden,other,C1
leidend,adjective,C2
leidenschaft,noun,A2
leidenschaftlich,adjective,B2
leidensgenosse,noun,B2
leidensunfähigkeit,noun,C2
leidensunverständnis,noun,C2
leider,adverb,A1
leider,noun,B1
leidtun,other,A2
leier,noun,C1
leihauto,noun,C2
leihen,other,A2
leihgerät,noun,C2
leihgroßeltern,noun,B1
leihmutterschaft,noun,C1
leihomaservice,noun,C1
leihweise,adjective,B2
leiider,noun,A2
leike,noun,B1
leim,noun,C1
leimkühler,noun,C2
lein,adjective,A2
leine,noun,B1
leine|leinen,noun,B1
leinwand,noun,B2
leinwandrahmen,noun,C1
leipzig-halle,noun,A2
leipziger,adjective,A2
leipziger,noun,C1
leipzigreise,noun,B2
leipziqer,noun,B2
leise,adjective,A1
leisten,other,B2
leiste|leisten,noun,C2
leistung,noun,C2
leistungs-,other,B2
leistungsanspruch,noun,C1
leistungsbereich,noun,C1
leistungsbereit,adjective,C1
leistungsbereitschaft,noun,C2
leistungsdruck,noun,C2
leistungserwartung,noun,C1
leistungsexzellenz,noun,C2
leistungsfähig,adjective,C1
leistungsfähigkeit,noun,B2
leistungsfähigsten,adjective,B2
leistungsfördernd,adjective,C1
leistungsgerecht,adjective,B1
leistungsgrenze,noun,B2
leistungsgruppe,noun,C1
leistungshemmend,adjective,C1
leistungshoch,noun,B1
leistungskraft,noun,C1
leistungskultur,noun,B2
leistungskurve,noun,B2
leistungsniveau,noun,B2
leistungsorientierung,noun,A2
leistungspaketen,noun,C2
leistungsschau,noun,C2
leistungssport,noun,C1
leistungssportler,noun,C1
leistungsstark,adjective,C2
leistungssteigernd,adjective,C2
leistungssteigerung,noun,C2
leistungsstufe,noun,B2
leistungstest,noun,C2
leistungstief,noun,B1
leistungstiefs,noun,B2
leistungsträger,noun,C2
leistungsvermögen,noun,B1
leistungsverwaltung,noun,B2
leistungsveränderungen,noun,B2
leistungswilliger,adjective,C1
leistungswähler,noun,B2
leistungsziele,noun,B2
leistungsänderungen,noun,B2
leitbild,noun,C2
leiten,noun,B2
leiten,other,B2
leitend,adjective,C1
leiter,noun,C2
leiterin,noun,B1
leitfähigkeit,noun,C1
leitgedanke,noun,C2
leitlinie,noun,C2
leitmayr,noun,C1
leitmessen,noun,B2
leitplanke,noun,C2
leitsubstanz,noun,B2
leitsystem,noun,B2
leitung,noun,C1
leitungsaufgabe,noun,B2
leitungsebene,noun,B2
leitungskraft,noun,B2
leitungsnetz,noun,C2
leitungsrohr,noun,B2
leitungswasser,noun,B1
leitzins,noun,B2
lektion,noun,B2
lektor,noun,C1
lektorin,noun,C2
lektüre,noun,C2
lele,noun,A1
lelzte,adjective,A2
lemonnudeln,noun,B2
lenbachhaus,noun,B1
lenken,other,B1
lenker,noun,B1
lenkgabel,noun,B2
lenkrad,noun,A2
lenkung,noun,A2
lenthe,noun,B2
lento,noun,C1
leonardo-hotel,noun,B1
leonardo-programm,noun,B2
leone‘,adjective,A2
leopard,noun,B2
leprakranke,noun,B1
ler,other,B2
lerche,noun,B2
lerchen-typen,noun,B2
lernangebot,noun,A2
lernarbeit,noun,B1
lernbar,adjective,C1
lernbehindert,adjective,C2
lernbehinderte,noun,C2
lernberaterin,adjective,B1
lernbereitschaft,noun,C1
lernblockaden,noun,B2
lernbäckerei,noun,C2
lerneffekt,noun,B2
lerneinheiten,noun,C1
lernen,noun,B1
lernen,other,A1
lernen-durch-tunprozess,noun,C2
lernend,adjective,C1
lernende,noun,C2
lerner,noun,C2
lernerfahrung,noun,A2
lernerfolg,noun,B2
lernern,noun,C2
lernertyp,noun,A2
lernexperte,noun,C2
lernform,noun,C1
lernforschung,noun,B2
lernfortschritt,noun,B2
lernfreudigen,adjective,C2
lernfähig,adjective,C1
lerngesetz,noun,B1
lerngestört,adjective,C2
lerngewohnheiten,noun,B1
lerngruppe,noun,C1
lerninhalt,noun,B2
lerninstrument,noun,C2
lernleistung,noun,B2
lernmaterial,noun,C2
lernmedium,noun,C2
lernmittel,noun,B2
lernmodulen,noun,B2
lernmotivation,noun,C2
lernniveau,noun,C1
lernort,noun,C2
lernpartner,noun,B1
lernpartnerin,noun,A2
lernpaten,noun,B2
lernphase,noun,B2
lernplakat,noun,A1
lernplakate,noun,A1
lernplan,noun,C2
lernpotential,noun,C2
lernprogramm,noun,B2
lernprozess,noun,B2
lernpsychologisch,adjective,B2
lernschwäche,noun,C1
lernsituation,noun,B2
lernstoff,noun,C1
lernstrategie,noun,B2
lernstörung,noun,C1
lerntagebuch,noun,B1
lerntagebücher,noun,B1
lerntechnik,noun,B1
lerntechnisches,other,C2
lerntipp,noun,B1
lerntyp,noun,B2
lernumgebung,noun,B2
lernverhalten,noun,B2
lernvorgängen,noun,B2
lernwege,noun,B1
lernwortschatz,noun,A1
lernziel,noun,A1
lernzugang,noun,B1
lesart,noun,C1
lesbar,adjective,C1
lese-,other,C1
lese-cafe,noun,C1
lese-mittelschicht,noun,A2
lesebrille,noun,B2
leseempfehlung,noun,C2
lesefaul,adjective,C2
lesefimmel,noun,C1
lesefreundlich,adjective,B2
leseförderung,noun,B1
lesefüchsen,noun,B1
lesegerät,noun,B2
lesegesellschaften,noun,C2
lesekompetenz,noun,C2
lesekultur,noun,C2
lesen,adjective,A2
lesen,noun,B2
lesen,other,A1
lesend,adjective,B2
lesenswert,adjective,C2
lesenswertes,adjective,C1
lesenzeichen,noun,B2
lesepause,noun,B2
leseprobe,noun,C1
leser,noun,C1
leser-wahl,noun,B1
leseratte,noun,B2
leserbrief,noun,B2
leserfreundlich,adjective,B2
leserichtung,noun,B2
leserin,noun,A2
leserinnen,adjective,B1
leserinnen,noun,B2
lesermeinung,noun,B2
leserpreis,noun,C2
leserschaft,noun,C2
lesesaal,noun,B2
lesestoff,noun,C2
lesetext,noun,A1
lesetexte,noun,C1
lesetour,noun,B2
leseunfähigen,adjective,C1
lesevergnügen,noun,B1
leseverhalten,noun,B2
leseverstehen,adjective,B2
leseverstehen,noun,B2
lesewelt,noun,A2
lesezeichen,noun,B2
lese|lesen,noun,A2
lesung,noun,A2
lette,noun,B2
letter,noun,B2
letzt,adjective,B1
letzt,noun,B1
letzte,adjective,B1
letzte,noun,B2
letztendlich,adjective,C2
letztenmal,noun,C1
letztens,adverb,C1
letztere,noun,C1
letzteı,adjective,A2
letztgenannt,adjective,B2
letztlich,adverb,C2
leuchtdiode,noun,C1
leuchten,other,A2
leuchtend,adjective,B2
leuchte|leuchten,noun,B1
leuchtkristallen,noun,C1
leuchtmittel,noun,B2
leuchtstoff,noun,C2
leuchtturm,noun,A1
leugnen,other,C2
leukos,noun,C2
leute,noun,A1
leute-ärgern,noun,B2
leuther,adjective,B2
leuther-mühle,noun,B2
leuther-mühle,other,B2
leut‘,adjective,C1
leverkus,adjective,C1
leverkusenerin,noun,C1
lex,adjective,C2
lexikon,noun,A2
lexikonartikel,noun,B2
lg,noun,B1
lhr,noun,A1
lhrem,noun,B2
liberal,adjective,C2
liberale,noun,B1
liberalisierung,noun,C1
liberalität,noun,B2
lich,adjective,A2
liche,adjective,A2
licht,adjective,B1
licht,noun,A2
lichtabtaster,noun,C2
lichtbesessenen,noun,C2
lichtblick,noun,C1
lichtblitz,noun,C1
lichteffekt,noun,B1
lichteinfall,noun,C1
lichtempfindlich,adjective,C1
lichterfest,noun,A1
lichterhimmel,noun,C1
lichtermarkt,noun,C1
lichterspiel,noun,C1
lichtforschung,noun,C1
lichtinsel,noun,C2
lichtinseln,noun,C2
lichtintensität,noun,B2
lichtlein,noun,B2
lichtmikroskop,noun,C1
lichtraum,noun,C2
lichtreiz,noun,C1
lichtschalter,noun,C2
lichtsignal,noun,C1
lichtsmog,noun,C2
lichtspiel,noun,A2
lichtung,noun,C2
lichtverhältnis,noun,C1
lichtverschmutzung,noun,C2
lichtwelle,noun,C1
lid,noun,C1
lidschatten,noun,B2
lieb,adjective,A1
lieb,other,A1
liebchen,noun,C2
liebe,noun,A1
lieben,adjective,B2
lieben,noun,C2
lieben,other,A1
liebend,adjective,B2
liebende,noun,B2
liebenswert,adjective,C1
lieber,noun,B1
liebermann,noun,B1
liebesanbahnung,noun,C1
liebesbekenntnis,noun,B2
liebesbeziehung,noun,C1
liebesbrief,noun,A1
liebeserklärung,noun,C2
liebesexpertinnen,noun,C2
liebesfilm,noun,A2
liebesgedicht,noun,A2
liebesgefühl,noun,C1
liebesgeschichte,noun,C1
liebeskummer,noun,C1
liebeslandschaft,noun,B2
liebeslied,noun,B2
liebespaar,noun,C1
liebesrausch,noun,C2
liebestrank,noun,C1
liebeswahl,noun,C2
liebevoll,adjective,B1
liebe|lieben,noun,A1
liebgewonnen,adjective,C1
liebhaber,noun,C2
liebhaberei,noun,B2
liebkosen,other,B1
lieblich,adjective,B2
liebliche,noun,B2
liebling,noun,B1
lieblings-mousepads,noun,C1
lieblings-rezept,noun,A2
lieblings-t-shirt,noun,A1
lieblingsapp,noun,A2
lieblingsband,noun,A2
lieblingsbeschäftigung,noun,B2
lieblingsbild,noun,A2
lieblingsblume,noun,B1
lieblingsbuch,noun,A2
lieblingsdarsteller,noun,A2
lieblingsdinge,noun,A1
lieblingsesse,noun,A1
lieblingsfach,noun,A2
lieblingsfarbe,noun,A1
lieblingsfernsehsendung,noun,A2
lieblingsfigur,noun,C1
lieblingsfilm,noun,B2
lieblingsfrage,noun,C2
lieblingsfächer,noun,B2
lieblingsfächern,noun,B1
lieblingsgericht,noun,C1
lieblingshobby,noun,A2
lieblingsjeans,noun,B1
lieblingsklamotten,noun,B2
lieblingskleiderfarbe,noun,A2
lieblingskomponist,noun,B1
lieblingskonditor,noun,B1
lieblingskrimi,noun,A2
lieblingslehrer,noun,B2
lieblingslehrerinnen,noun,B2
lieblingslied,noun,B1
lieblingsmannschaft,noun,A1
lieblingsmarchen,noun,B2
lieblingsmonat,noun,A1
lieblingsmusik,noun,A1
lieblingsmusiker,noun,A2
lieblingsmusikerin,noun,A2
lieblingsmärchen,noun,B2
lieblingsoman,noun,C2
lieblingsorchester,noun,A2
lieblingsorte,noun,B1
lieblingspark,noun,A1
lieblingspizzeria,noun,A1
lieblingsplatte,noun,C1
lieblingsplatz,noun,A1
lieblingspyjama,noun,B1
lieblingsrestaurant,noun,A2
lieblingsrotwein,noun,A2
lieblingssatz,noun,C1
lieblingsschauspieler,noun,B2
lieblingsschokolade,noun,B1
lieblingsschüler,noun,C1
lieblingssendung,noun,A2
lieblingsserie,noun,A2
lieblingsspeise,noun,C1
lieblingsspieler,noun,B1
lieblingsstadt,noun,A1
lieblingsstar,noun,A2
lieblingsstück,noun,C1
lieblingssupermarkt,noun,B1
lieblingssänger,noun,A2
lieblingssängerin,noun,A2
lieblingsthema,noun,A2
lieblingstätigkeit,noun,B2
lieblingsveranstaltungen,noun,A2
lieblingsviertel,noun,A1
lieblingswein,noun,A2
lieblingswitz,noun,C1
lieblingswort,noun,B1
lieblingswurst,noun,B1
lieblingszitat,noun,B1
lieblose,other,B2
liebste,noun,A1
lied,noun,A2
liederhalle,noun,B1
liedermacher,noun,A1
liedertafel,noun,B2
liedgut,noun,C2
liedtext,noun,B1
lieferant,noun,B2
lieferbar,adjective,A2
lieferbedingung,noun,B2
lieferfrist,noun,B2
liefern,other,B1
liefernd,adjective,B2
lieferproblem,noun,C1
liefers,noun,B1
lieferschein,noun,A2
lieferservice,noun,A2
liefertermin,noun,B1
liefertermins,noun,B2
lieferung,noun,B1
lieferzeit,noun,B2
liegen,other,A1
liegenbleiben,other,C1
liegend,adjective,B1
liegenlassen,other,C1
liegenschaftsamt,noun,C2
liegestuhl,noun,A1
liegestütze,noun,B2
liege|liegen,noun,C2
life,noun,A1
lifestyle,noun,C1
lifestyle-magazin,noun,C2
lifestyle-mahlzeit,noun,B2
lifestyle-propaganda,noun,C2
lift,noun,A2
liftanlage,noun,B2
liftkabine,noun,C1
lig,adjective,B2
liga,noun,B1
light,noun,B2
light-produkt,noun,B2
light-werten,noun,C1
like,adjective,B1
like,noun,A1
like,other,A1
likes,noun,A1
likes,other,A1
lila,noun,A1
lilie,noun,C1
limbischen,adjective,C2
limbo,noun,C2
limit,noun,A2
limitiert,adjective,B2
limitierungen,noun,C2
limonade,noun,A2
limone,noun,C2
limousine,noun,A2
linde,noun,A1
linden-apotheke,noun,A1
lindenhof,noun,B2
lindenstrafse,noun,B2
lindenstraße,noun,B2
lindenterrassen,noun,B1
linderhof,noun,B1
lindern,other,C2
lindhooper,other,A2
lindthaler,other,A2
lindthaler-hof,noun,A2
linear,adjective,C1
lingofox,adjective,A2
linguatec-programm,noun,B1
linguist,noun,C2
linguistik,noun,C2
linguistikprofessorin,noun,C2
linguistin,noun,C2
linguistisch,adjective,C2
linguistische,noun,C2
linie,noun,A1
linienbus,noun,C1
linienflug,noun,B2
liniennetz,noun,A1
linke,noun,C1
linked-in-chef,noun,B1
links,adjective,C1
links,adverb,A1
links,noun,B2
linkshänder,noun,C2
linse,noun,C1
linsencurry,noun,B2
linsenform,noun,C1
linse|linsen,noun,A2
linton,noun,C1
linzer,noun,A1
lippe,noun,B2
lippenpiercing,noun,C2
liquid,adjective,C1
liquidieren,other,C2
liquidität,noun,C2
liquiditätsplanung,noun,C2
lira,noun,A2
liste,noun,A2
listen,other,C2
listig,adjective,C2
list|liste,noun,B2
litauer,noun,B2
liter,noun,B1
literarisch,adjective,C1
literatur,noun,B2
literatur-nobelpreisträger,noun,B2
literaturfan,noun,B1
literaturgattungen,noun,C2
literaturhistorisch,adjective,B2
literaturkonsums,noun,C2
literaturkritiker,noun,C2
literaturnobelpreisträgerin,noun,B2
literatursegment,noun,C1
literatursendung,noun,C1
literatursensation,noun,C2
literaturstudien,noun,C1
literaturwissenschaft,noun,B2
literaturwissenschaftler,noun,C1
literaturwissenschaftlich,adjective,C1
literweise,adverb,C1
lithographieanstalt,noun,C1
liu-mei,noun,A1
live,adjective,A2
live,noun,A2
live-aufnahme,noun,B2
live-auftritt,noun,B1
live-chat,noun,B2
live-moment,noun,B2
live-musik,noun,A1
live-show,noun,A2
live-übersetzer,noun,C1
livealbum,noun,C1
livekonzert,noun,B2
livemusik,noun,A2
livequote,noun,B2
livestreaming,noun,A2
liveübertragung,noun,B2
lizenz,noun,B2
lkw,noun,C2
lkw-fahrer,noun,C2
lkw-führerschein,noun,B2
lkw-plane,noun,B2
ll,noun,A2
llerautorin,noun,C1
lm,noun,B2
lmu,noun,C1
ln,noun,C1
lob,noun,B1
lobby,noun,C2
lobbybar,noun,C2
lobbyismus,noun,C2
lobbyist,noun,B2
lobbypolitik,noun,C2
loben,other,C2
lobend,adjective,C1
lobenswert,adjective,C1
lobhudelei,noun,C2
location-scouts,noun,B2
loch,noun,A2
lochblende,noun,C1
lochkamera,noun,C1
loch|löchern,noun,C1
locken,other,B2
locker,adjective,C2
locker,other,B2
locker-entspannter,adjective,C2
lockern,other,A2
locke|locken,noun,C1
lockige,noun,B1
lodernd,adjective,B1
lodge,noun,B1
logbuch,noun,C2
loge,noun,C1
loggte,other,C1
logieren,other,B2
logik,noun,C2
logisch,adjective,B1
logischerweise,adverb,C1
logistik,noun,B2
logistikbranche,noun,B2
logistiklösungen,noun,B2
logistikunternehmen,noun,B1
logo,noun,C2
lohn,noun,C2
lohnabstand,noun,C1
lohnanspruch,noun,C2
lohnausgleich,noun,C1
lohnbescheinigung,noun,A2
lohnen,other,B2
lohnenswert,adjective,B2
lohnerhöhung,noun,C2
lohnforderung,noun,C2
lohnkosten,noun,C1
lohnkürzung,noun,B2
lohnsteuer,noun,C1
lohnsteuerabzug,noun,C2
lohnsteuerkarte,noun,A2
lohntüte,noun,C1
lokal,adjective,C2
lokal,noun,A2
lokaladverbien,noun,A2
lokalangaben,noun,A1
lokalisierung,noun,C1
lokalkolorit,noun,C1
lokalzeitung,noun,B2
lokführer,noun,C2
lokführerin,noun,B1
lokomotive,noun,C2
lola,noun,B1
lolli,noun,A1
londoner,adjective,C1
londoner,noun,B1
longdrinks,noun,C1
look,noun,B2
loony-design,noun,B2
lorbeer,noun,C2
loreley,noun,B1
los,adjective,A1
los,noun,A1
los,other,A1
losbude,noun,B1
lose,noun,C2
losfahren,noun,A2
losfahren,other,A1
losgehen,other,B2
losgerissene,adjective,C2
loslassen,other,C1
loslegen,other,C1
loslösen,other,C2
loslösung,noun,C2
losmachen,other,A2
losreißen,other,C2
losschicken,other,C1
lostag,noun,C1
lostagen,noun,C1
loswerden,other,C1
losziehen,other,C1
lot,adjective,B2
lotion,noun,A1
lotterie,noun,A1
lotto,noun,B1
lottogeschichte,noun,B1
lottogewinn,noun,C1
lottogewinner,noun,C1
lottoschein,noun,B1
lottospieler,noun,B1
lotusblatt,noun,B2
lotuseffekt,noun,B2
lotuspflanze,noun,B2
louie,noun,A2
lounge,other,C2
love,noun,A2
loyalität,noun,C2
luchs,noun,B2
luchs|luchsen,noun,C1
ludwig-landmann-straße,noun,A1
ludwig-maximiliansuniversität,noun,A1
luft,noun,B1
luftakrobatin,noun,C1
luftangriff,noun,C2
luftaufnahme,noun,C1
luftballon,noun,A1
luftballon-darts,noun,A1
luftbelastung,noun,C2
luftbrücke,noun,C1
luftbrücken-strategen,noun,C1
luftdicht,adjective,C1
luftdruck,noun,C1
luftfahrt,noun,C2
luftfahrtindustrie,noun,B2
luftfilter,noun,C1
luftfoto,noun,C1
luftfracht,noun,B2
luftgitarre,noun,A2
luftgitarrenmeistertitel,noun,C1
luftgitarrespielen,noun,C1
luftgüteleitlinien,noun,C1
lufthansa-callcenter,noun,A1
lufthauch,noun,C2
luftige,noun,B2
luftkorridor,noun,C1
luftlinie,noun,C2
luftmasse,noun,C1
luftqualität,noun,B2
luftreich,noun,C1
lufttransportunternehmen,noun,C1
luftverkehr,noun,C1
luftverpestung,noun,C1
luftverschmutzung,noun,B2
luftweg,noun,C1
luft|lüften,noun,C1
lukos,adjective,C2
lukrativ,adjective,C2
lump|lumpen,noun,C2
luna,noun,C2
luna,other,C1
luna-yoga,noun,C1
lund,noun,C2
lune,adjective,A1
lune,noun,C1
lunge,noun,C2
lungenentzündung,noun,C2
lungenerkrankung,noun,C1
lungenkrankheit,noun,B2
lungenzug,noun,B1
lunik,noun,C2
lupe,noun,C2
lusatia-verlag,noun,B2
lusitzer,noun,B2
lust,noun,A2
lustig,adjective,A1
lustigste,noun,A2
lustobjekt,noun,C2
lustvoll,adjective,C2
lutherisch,adjective,C1
luxemburger,noun,B2
luxemburgisch,adjective,B1
luxuriös,adjective,B2
luxus,noun,C1
luxus-frühstück,noun,B2
luxus-schiff,noun,A1
luxusapartments,noun,C2
luxusartikel,noun,C1
luxusbedarf,noun,C2
luxusfrühstück,noun,B1
luxusgut,noun,C1
luxushaus,noun,A1
luxusherberge,noun,B1
luxushotel,noun,A2
luxusmarke,noun,C1
luxusrestaurant,noun,B1
luxusschiff,noun,B2
luxusschlitten,noun,C1
luxuswagen,noun,A2
luxusware,noun,C1
luxuswohnung,noun,A2
luzifers,noun,C1
lwiw,noun,B2
lychener,adjective,A1
lycée,noun,B1
lykken,noun,C1
lyrik,noun,C2
lyriker,noun,C2
lyrisch,adjective,C2
lächeln,noun,A2
lächeln,other,B1
lächelnd,adjective,B2
lächerlich,adjective,C2
lädst,other,A1
lähmen,other,C1
lähmungserscheinung,noun,C1
lämmerschwänzchen,noun,C2
länderei,noun,C2
ländergruppe,noun,C2
ländername,noun,B2
länderspezifisch,adjective,B2
länderspiel,noun,A2
länderübergreifend,adjective,C1
ländlich,adjective,B2
ländliche,noun,A1
länge,noun,B2
längen-und,noun,B2
längenweltrekord,noun,B2
längere,noun,A2
längerfristig,adjective,B1
länglich,adjective,C2
längs,preposition,C1
längst,adverb,C1
lärm,noun,A2
lässig,adjective,C2
lässt,other,B1
lästereien,noun,C1
lästern,other,C1
lästig,adjective,B1
läufer,noun,B2
läuferin,noun,B1
läuten,other,B2
löchrig,adjective,C1
löffel,noun,C1
löffelchen,noun,A2
lösbar,adjective,B2
löschblatt,noun,C1
löschblätter,noun,C1
löschen,other,C1
lösegeld,noun,B2
lösen,noun,C2
lösen,other,B2
lösend,adjective,C1
löslich,adjective,C2
lösung,noun,B2
lösungsansatz,noun,C2
lösungsfeld,noun,A2
lösungsmöglichkeit,noun,B2
lösungsorientierten,adjective,B1
lösungsschlüssel,noun,C1
lösungsvorschlag,noun,C1
lösungswort,noun,C2
löwe,noun,C1
löwen-apotheke,noun,C1
löwenbräu-zelt,noun,B1
löwenjunges,noun,C2
löwenpassage,noun,A1
löwenzahn,noun,C1
lübbenau-lehde,noun,B1
lübecker,noun,A2
lücke,noun,B2
lückenlos,adjective,B1
lückenlosesten,adjective,C2
lüften,other,C1
lüftung,noun,B1
lüge,noun,C2
lügen,other,C1
lügend,adjective,C1
lügendetektion,noun,C1
lügendetektor,noun,C1
lügengeflecht,noun,C1
lügengeschichte,noun,C1
lügenhaft,adjective,C2
lüge|lügen,noun,C2
lügner,noun,C2
lümmeln,other,B2
lümpel,noun,B2
lüneburger,noun,A2
lünschen,adjective,C1
m,noun,A2
m-eco-system,noun,C1
m-pulli,noun,C2
m-shirt,noun,B1
m2,adjective,A1
m2,noun,A1
m2,other,A1
m3,other,C1
mac-,other,B1
macchiato,noun,B1
mach,noun,C1
machbar,adjective,B2
mache,adjective,C2
macheath,noun,C1
machen,noun,B2
machen,other,A1
machenschaft,noun,C1
macher,noun,C1
macher-eigenschaften,noun,C1
machst,other,C2
macht,adjective,C2
macht,noun,C2
machtanspruch,noun,C1
machtbereich,noun,C1
machtbeziehungen,noun,C2
machterfahrung,noun,C2
machtergreifung,noun,C2
machterhalt,noun,C1
machtgefüge,noun,C1
machthabend,adjective,C2
machthaber,noun,C2
machthungrig,adjective,C2
machtinstrument,noun,C2
machtinteresse,noun,C2
machtkampf,noun,B1
machtlos,adjective,C2
machtmissrauch,noun,C2
machtpolitisch,adjective,C2
machtposition,noun,B2
machtprobe,noun,C1
machtstruktur,noun,C1
machtverschiebung,noun,B2
machtzentrum,noun,B2
machtübernahme,noun,B1
machwerk,noun,A2
macke,noun,B1
madagassisch,adjective,A1
madame,noun,B2
made,adjective,C2
made,noun,C1
mafia,noun,C2
magazin,noun,B1
magazinsendung,noun,C1
magd,noun,C2
magdeburger,noun,B1
magen,noun,A2
magen-darm-krankheit,noun,C1
magenbeschwerde,noun,C2
magendarm-beschwerden,noun,C1
magengeschwür,noun,B2
magenkrebs,noun,C1
magenschmerz,noun,A1
mager,adjective,A2
magermilch,noun,A2
maggi,noun,B2
magier,noun,C1
magiertreffen,noun,A1
magisch,adjective,C2
magisterstudien,noun,C2
magnet,noun,C2
magnetresonanztomografen,noun,C2
magnetstreifen,noun,C1
mahlen,other,C2
mahlzeit,noun,B1
mahnbescheid,noun,C2
mahnen,other,B2
mahners,noun,C1
mahnmal,noun,B2
mahnschreiben,noun,C2
mahnung,noun,C2
mai,noun,A1
maibaum,noun,A2
maibaumwerfen,noun,B2
mail,noun,B2
mail-korrespondenzen,noun,C2
mailanhang,noun,C2
mailbox,noun,B1
mailen,other,B2
mailwechsel,noun,B1
mailwechsels,noun,B2
mailänder,noun,B2
mainflingen,noun,A2
mainhattan,noun,A2
mainstream,noun,C2
mainufer,noun,A1
mais,noun,C1
maisblatt,noun,B1
maitag,noun,C2
maja,noun,B1
majestätisch,adjective,C2
majoran,noun,C1
majorität,noun,C2
makaber,adjective,C1
make-up,noun,A2
makel,noun,C2
makellos,adjective,C2
makerspace,noun,B1
makler,noun,A2
makrele,noun,C1
makulatur,noun,C1
mal,adverb,A1
mal,noun,A2
malaria,noun,C2
malbuch,noun,A1
malen,other,A1
maler,noun,A2
maler-generationen,noun,B2
malerei,noun,B1
malereiprofessoren,noun,B2
malerfreund,noun,B1
malericher,adjective,C1
malerin,noun,B2
malerisch,adjective,B2
malerkoffer,noun,B1
malgruppe,noun,B1
malkurs,noun,B1
mallarmé,noun,C1
malm,noun,A2
malmaterial,noun,C1
malocher,noun,B1
malon,noun,A1
malschule,noun,B1
malspaß,noun,B1
malstift,noun,B1
maltesisch,adjective,B1
maltzahn,noun,C1
malve,noun,C1
malzfabrik,noun,B1
mal|malen,noun,B1
mama,noun,A1
mamas,adjective,B2
mammut-elfenbein,noun,C1
mammut-stoßzahnes,noun,C1
mampe,noun,C2
man,noun,C2
man,other,A1
management,noun,C1
management-coaching,noun,C2
managementassistentin,noun,C2
managementdenker,noun,C1
managementebene,noun,C2
managementerfolge,noun,C2
managen,other,C2
manager,noun,B2
manager-qualitäten,noun,C1
managerin,noun,B2
managerkonzepte,noun,C1
managerkurs,noun,C1
managerqualität,noun,C1
managersprache,noun,B2
manche,noun,A2
manche,other,C1
mancherlei,other,C2
mancherorts,adverb,C2
manching,noun,C2
manchmal,adjective,B1
manchmal,adverb,A1
mandant,noun,C2
mandarin,noun,B2
mandarinen-quarkspeise,noun,B2
mandel,noun,A2
mandelkern,noun,C2
mandelschnitten,noun,A2
manege,noun,B1
mangel,noun,B2
mangelernährung,noun,B2
mangelerscheinung,noun,B2
mangelhaft,adjective,C2
mangeln,other,C1
mangelnd,adjective,C1
mangels,preposition,C2
mangelwirtschaft,noun,C1
mango,noun,A1
mangos,noun,C1
manhatten,noun,A2
manier,noun,C2
manifest,noun,C2
manikürt,other,B2
manipulation,noun,B2
manipulativ,adjective,C2
manipulierbar,adjective,C1
manipulierbarkeit,noun,C1
manipulieren,other,C2
manipuliert,adjective,B2
manisch-depressiv,adjective,C2
mankind,noun,C2
mann,noun,A1
mannel,noun,C1
mannerberuf,noun,A1
mannheim,noun,B2
mannheimer,noun,A2
mannigfach,adjective,C2
mannschaft,noun,B2
mannschaftsmitglied,noun,C1
mannschaftssport,noun,B2
mannschaftssportart,noun,B2
mannschaftswertung,noun,B2
mannschaftswettkampf,noun,B2
mannshohe,adjective,C2
mannsleute,noun,C1
manomama,noun,B2
manomama-chefin,noun,B2
mantel,noun,A1
mantelteil,noun,B2
manteufel,noun,A1
manufaktur,noun,B2
manuskript,noun,B2
manıon,noun,A2
mappe,noun,C1
maps,noun,B2
marathon,noun,A2
marathonlauf,noun,A2
marathonläufer,noun,C1
marchen,noun,B2
marchens,noun,B2
margarine,noun,B2
marge,noun,A1
marginal,adjective,C1
marie-valerie,noun,B2
marien-leben,noun,B2
marienplatz,noun,A1
mariinski-theater,noun,B2
marille,noun,A2
marillenknödel,noun,A2
marillenknödeln,noun,B1
marillenmarmelade,noun,B2
marinadenfabrik,noun,C1
marine,noun,C2
marinehistoriker,noun,C2
marionette,noun,C2
maritim,adjective,C1
maritime,noun,A1
mark,noun,C2
markant,adjective,C2
marke,noun,B1
marken-labels,noun,C2
marken-pr,noun,B1
markenamt,noun,C1
markenauftritt,noun,C2
markengeräten,noun,A2
markenhersteller,noun,C1
markenkleidung,noun,C1
markenname,noun,C1
markenprodukt,noun,C1
markenrecht,noun,C2
markenunternehmen,noun,B2
markenwahn,noun,B2
markenzeichen,noun,B2
marker,noun,A1
marketing,noun,B1
marketing-abteilung,noun,A2
marketing-bereich,noun,B2
marketing-communications-managerin,noun,B2
marketing-management,noun,B2
marketing-manager,noun,C1
marketing-managerin,noun,B2
marketing-maßnahmen,noun,B2
marketing-seminar,noun,A2
marketing-vorlesungen,noun,C1
marketingabteilung,noun,A1
marketingaufgaben,noun,C2
marketingbereich,noun,B1
marketingchef,noun,A1
marketingexperte,noun,C1
marketingfirma,noun,B1
marketinginstrument,noun,C2
marketingleiterin,noun,C1
marketingmanager,noun,B2
marketingmaßnahme,noun,B2
marketingplanung,noun,C2
marketingprofessorin,noun,C2
marketingprofi,noun,C1
marketingstrategie,noun,B2
marketingteam,noun,B2
marketingzentrale,noun,C1
marketingzwecken,noun,C2
markgrafenheider,noun,C1
markgröningen,adjective,B1
markieren,other,A1
markiert,adjective,B2
markierung,noun,C1
markisenstoff,noun,C1
markowetz,noun,C1
marksburg,noun,B1
markt,noun,A1
marktanalyse,noun,C2
marktanteil,noun,B2
marktbedingt,adjective,C1
markten,noun,B2
marktforschung,noun,B2
marktforschungsinstitut,noun,B2
marktforschungsunternehmen,noun,B2
marktfrau,noun,A2
marktfähig,adjective,B2
marktführer,noun,B2
markthalle,noun,B2
marktkirche,noun,B2
marktlage,noun,A2
marktlücke,noun,C2
marktorte,noun,B2
marktplatz,noun,A1
marktreifen,adjective,C1
marktstand,noun,A1
marktstraße,noun,A1
marktverkäuferin,noun,A1
marktwert,noun,C2
marktwirtschaft,noun,C1
marktwirtschaftlich,adjective,C2
marktübliches,adjective,C2
markwort,noun,C2
marlene-dietrich-museum,noun,A1
marmelade,noun,A1
marmeladenglas,noun,A2
marmor,noun,C2
marmoreinfassung,noun,C1
marmorstein-massage,noun,C1
marode,adjective,C1
marotte,noun,C1
mars,noun,C2
mars-boden,noun,C2
mars-mission,noun,C2
marsch,interjection,C1
marsch,noun,C2
marschieren,other,C2
marsgroßen,adjective,C1
marsmädchen,noun,B1
marsoberfläche,noun,C2
marsprogramm,noun,C2
marsrover,noun,C1
martas,noun,B2
martinistraße,noun,A1
marz,adjective,B2
marzipan,noun,B1
marzipantorte,noun,B1
masche,noun,C2
maschine,noun,B1
maschinell,adjective,C1
maschinenbau,noun,C1
maschinenbauer,noun,B2
maschinenbaustudium,noun,B2
maschinenbautechnikerin,noun,B2
maschinenmensch,noun,C1
maschinenpistole,noun,C2
maschinenzeitalter,noun,B1
maschinerie,noun,C1
maschineschreiben,noun,B1
mascotte,noun,B2
maske,noun,A1
maskenbildner,noun,A2
maskenbildnerei,noun,B1
maskieren,other,C2
maskiert,adjective,A2
maskierung,noun,C1
maskulin,adjective,C2
masrar,noun,B1
massage,noun,C2
massage-angebot,noun,A2
massagestrahl,noun,C1
masse,noun,C2
masseforderungen,noun,C2
massegläubigern,noun,C2
massenarbeitslosigkeit,noun,C2
massenbedürfnis,noun,C2
massenbetrug,noun,C2
massenfach,noun,B2
massenflucht,noun,B2
massengefertigten,adjective,B2
massenhaft,adjective,A2
masseninszenierung,noun,C1
massenkompatibel,adjective,C2
massenkultur,noun,C2
massenmail,noun,B1
massenmail-weihnachtsgruß-psycho,noun,B1
massenmails,noun,B1
massenmediale,adjective,B1
massenmedium,noun,C2
massenmotorisierung,noun,B2
massennachfrage,noun,C2
massenproduktion,noun,C2
massenprotest,noun,C2
massenteilchen,noun,C1
massentierhaltung,noun,B2
massenvervielfältigung,noun,C1
massenware,noun,C2
massenweise,adjective,C2
masser,noun,A1
masseur,noun,B1
massieren,other,C1
massiv,adjective,C2
master,noun,B2
master-studiengang,noun,C1
master-studiengänge,noun,C1
master-studium,noun,B2
masterabschluss,noun,C1
masterabschlüssen,noun,B2
masterarbeit,noun,B2
masterbilder,noun,C1
masterstudiengang,noun,B2
masterstudium,noun,C2
match,noun,C1
matching-punkte,noun,C2
mate-tee,noun,C1
material,noun,B2
materialforschung,noun,C1
materialistisch,adjective,B2
materialkenntnisse,noun,B2
materialliste,noun,B1
materie,noun,C1
materiell,adjective,C1
mathe,noun,C1
mathearbeit,noun,A1
matheaufgabe,noun,B1
mathematik,noun,C1
mathematikarbeit,noun,A1
mathematikaufgaben,noun,C1
mathematiker,noun,C1
mathematiklehrer,noun,A2
mathematiklehrerin,noun,A1
mathematikunterricht,noun,B2
mathematisch,adjective,C1
mathematisch-mechanischen,adjective,B2
matratze,noun,A1
matratzenlager,noun,B1
matrose,noun,C2
matrosenfrauen,noun,C2
matschig,adjective,C2
matschspielfeld,noun,B2
matt,adjective,C1
matte,noun,B2
matterhorn,noun,A2
matthau,noun,C2
mattheuer,noun,B2
matthias-kirche,noun,A1
matthäus-evangelium,noun,C2
matthäus-passion,noun,C1
mattscheibe,noun,C1
matura,noun,B1
mauer,noun,A2
mauerbau,noun,B2
mauerfall,noun,A2
mauerlinie,noun,C1
mauermuseum,noun,A1
mauerpark,noun,A1
mauerrest,noun,B2
mauerritze,noun,B2
mauerspecht,noun,C2
mauerstreifen,noun,C2
maul,noun,C2
maultier,noun,B1
maurer,noun,B2
maurermeister,noun,C1
maus,noun,A1
maus-eizellen,noun,C1
mausklick,noun,C2
maut,noun,B2
max,adjective,B1
max,other,A1
max-planck-gymnasium,noun,B2
max-planck-institut,noun,C1
max-reinhardt-seminar,noun,C1
max-reinhardt-seminars,noun,C1
max-weber-kollegs,noun,B2
maximal,adjective,A2
maximalförderung,noun,C2
maxime,noun,C2
maxis,noun,B2
maxplanck-institut,noun,C1
maxweg,noun,B2
maya,noun,C2
mayo,noun,A1
mayonnaise,noun,B1
mazda,noun,A2
maß,noun,C1
maßband,noun,A2
maßen,other,C1
maßgebend,adjective,C2
maßgeblich,adjective,C2
maßgeschneidert,adjective,C1
maßlos,adjective,C2
maßlosen,other,C1
maßlosigkeit,noun,C2
maßnahme,noun,C1
maßschneidern,other,B1
maßschuh,noun,C1
maßstab,noun,B2
mb-tarif,noun,A2
mcdonald's-klassiker,noun,C1
mcdonaldisierung,noun,C2
mcht,other,B1
mcs,noun,C1
me,adjective,B1
me,other,B1
meadows,noun,C2
mechaniker,noun,C1
mechanisch,adjective,C1
mechanismus,noun,C2
mechatroniker,noun,C2
meckel,noun,C1
meckern,other,B1
mecklenburger,noun,A1
mecklenburgisch,adjective,C2
mecklenburgische,noun,C1
medaille,noun,C2
medaillengewinnerin,noun,B1
medial,adjective,B2
mediathek,noun,A2
mediationsausbildung,noun,C2
mediator,noun,C2
medien-eventagentur,noun,C1
medienandrang,noun,B1
medienbericht,noun,B2
medienberichterstattung,noun,C1
medienbestand,noun,B2
medienbranche,noun,C2
mediendesigners,noun,C2
medieneffektiven,adjective,C2
medienereignis,noun,C2
medienfirma,noun,B1
mediengattung,noun,C2
mediengeneration,noun,B2
mediengeschichtlich,adjective,C2
mediengestalter,noun,C2
mediengruppe,noun,B1
medienkompetenz,noun,C2
medienkonsum,noun,B2
medienkonzern,noun,C2
medienliebling,noun,C1
medienmanagement,noun,B2
mediennutzung,noun,B2
medienpenetranz,noun,C2
medienproduktion,noun,C1
medienpublizist,noun,B2
medienpädagoge,noun,C1
medienraum,noun,A2
medienseite,noun,C1
medienstar,noun,A2
medienstudiengang,noun,B2
medientheorie,noun,B1
medientraining,noun,C2
medienträger,noun,C1
medienverhalten,noun,B1
medienwissenschaft,noun,C1
medikament,noun,C2
medikamente,noun,C2
medikamenteneinnahme,noun,C2
medikamentengeschichte,noun,C1
medikamentengruppe,noun,C2
medikamentenmissbrauch,noun,C2
medikamentös,adjective,C2
meditation,noun,C2
meditationsworkshops,noun,C1
meditativ,adjective,C1
mediterran,adjective,C2
meditieren,other,C2
medium,adjective,A2
medium,noun,B1
medizin,noun,C1
mediziner,noun,C2
medizinforscher,noun,C2
medizinisch,adjective,C1
medizinmann,noun,C1
medizinstudent,noun,C2
medizinstudium,noun,A2
medizintechnik,noun,C1
medizintechnologie,noun,A1
medizinzentren,noun,C1
medling,noun,C1
meer,noun,A1
meer-viele,noun,A1
meerblick,noun,C2
meeresbewohner,noun,C2
meeresbiologe,noun,C2
meeresboden,noun,C2
meeresenergie,noun,C1
meeresfisch,noun,B1
meeresfrüchtefans,noun,C2
meeresgrund,noun,C2
meeresluft,noun,A2
meerespiegel,noun,B1
meeresspiegel,noun,B1
meeresstille,noun,B2
meeresströmung,noun,C2
meeressäuger,noun,C2
meerestiefe,noun,B2
meerestier,noun,B1
meerschweinchen,noun,A2
meerseite,noun,B1
meerwasser,noun,C2
meese,noun,C2
meeting,noun,B2
meetings,noun,B2
mega,noun,B1
mega-cities,noun,C2
megacool,other,A1
megaerfolg,noun,C1
megaheiß,adjective,A1
megastadt,noun,C1
megastädte,noun,C1
megazeichen,noun,C1
mehl,noun,A1
mehlig,adjective,C1
mehlklößchen,noun,B1
mehr,adjective,B1
mehr,adverb,A2
mehr,noun,B2
mehr,other,A2
mehrarbeit,noun,B2
mehrarbeitszuschlag,noun,A2
mehrbettzimmer,noun,B1
mehrbändiges,adjective,B1
mehrdimensional,adjective,C1
mehren,other,C2
mehrere,adjective,C2
mehrere,other,B1
mehrfach,adjective,C1
mehrfenstriges,adjective,C1
mehrgenerationen-projekte,noun,B1
mehrgenerationenhaus,noun,B1
mehrgenerationenhäuser,noun,B1
mehrgenerationenhäusern,noun,C1
mehrheit,noun,C1
mehrheitlich,adjective,B2
mehrheitsbeschluss,noun,C2
mehrjährig,adjective,B1
mehrkosten,noun,C2
mehrmalig,adjective,B2
mehrmals,adverb,B1
mehrmonatig,adjective,B2
mehrsilbige,adjective,C2
mehrsprachig,adjective,A2
mehrsprachigkeit,noun,B2
mehrstufig,adjective,C2
mehrstündig,adjective,B2
mehrtägig,adjective,C2
mehrwert,noun,C1
mehrwertsteuer,noun,C2
mehrwöchig,adjective,C2
mehrzahl,noun,B2
meiden,other,B2
meidestelle,noun,B2
meier,noun,B2
meile,noun,B1
meilenstein,noun,B2
meilenweit,adjective,C1
meilleur,noun,C1
meilling,noun,A1
mein,adjective,B1
mein,other,A1
meine,adjective,B1
meinem,adjective,B1
meinen,noun,B1
meinen,other,B1
meiner,adjective,B2
meinetwegen,adverb,C1
meinhof,noun,B1
meinne,noun,B2
meins-gesellschaft,noun,C2
meins-ist-deins-wirtschaft,noun,C2
meinung,noun,B1
meinungsanalysen,noun,B2
meinungsbeitrag,noun,C1
meinungsbildung,noun,C2
meinungsforschungsinstitut,noun,C2
meinungsfreiheit,noun,B1
meinungsmacher,noun,C1
meinungsmacht,noun,C1
meinungstexten,noun,B2
meinungsumfrage,noun,C1
meinungsverschiedenheit,noun,C1
meinungsvielfalt,noun,C2
meinungsäußerung,noun,B2
meise,noun,C1
meisel,noun,B2
meisenweg,noun,B1
meist,adverb,B2
meist,other,B1
meistbesuchten,adjective,C2
meiste,other,A2
meistens,adverb,A1
meistens,noun,B2
meister,noun,A1
meisterbrief,noun,C2
meisterhaft,adjective,B2
meisterhaus,noun,C2
meisterin,noun,C1
meistern,other,C1
meisterprüfung,noun,C2
meisterrat,noun,B2
meisterschaft,noun,A2
meisterschule,noun,A2
meisterschüler,noun,B2
meisterwerk,noun,B2
meistgebuchten,adjective,C2
meistgefürchtete,adjective,C1
meistgeküsste,adjective,B2
meistgenutzte,adjective,C1
meistgesehene,adjective,B2
meistgespielte,adjective,B1
meistgesprochenen,adjective,C2
meistverbreiteten,adjective,C1
meistverkauft,adjective,C1
meistüberschätzten,adjective,C2
meitner,noun,C1
meitner-schule,noun,B2
meißel,noun,C2
melancholie,noun,B2
melancholisch,adjective,C1
melde,noun,C1
meldebehörde,noun,B1
melden,other,B1
meldestelle,noun,A1
meldewesen,noun,B2
meldung,noun,C2
melitta,noun,C1
melitta-filter,noun,C1
melken,other,A1
melkmaschine,noun,A1
meller,other,C2
mellon,noun,C1
melodei,noun,B1
melodie,noun,A1
melodiebewegung,noun,A2
melodien,noun,B2
melodisch,adjective,B1
melodisch‚,adjective,B1
melodisierung,noun,A2
melodram,noun,B2
melone,noun,A1
member,noun,B2
membership,noun,C2
memminger,noun,B2
memo,noun,A2
memo-rhetorik,noun,C2
memoiren,noun,C1
memorieren,other,C2
memoryspiel,noun,C1
menchen,noun,B2
mendelsohn,adjective,B2
menge,noun,C1
mengenangabe,noun,A1
mengenmäßig,adjective,B2
mengenweise,adjective,C2
mensa,noun,C1
mensabar,noun,B2
mensch,noun,B1
menschen,noun,B2
menschenaffe,noun,C2
menschenbild,noun,C2
menschendorf,noun,B1
menschenhand,noun,C1
menschenjagd,noun,C2
menschenkenner,noun,C2
menschenkenntnis,noun,C1
menschenleben,noun,C2
menschenleer,adjective,B2
menschenliebe,noun,C1
menschenmasse,noun,C2
menschenmädchen,noun,B2
menschenrecht,noun,B1
menschenrechtsverein,noun,C2
menschenscheu,adjective,B1
menschentraube,noun,C1
menschentyp,noun,C2
menschenunwürdig,adjective,C2
menschenverachtend,adjective,C2
menschenverpackungen,noun,C2
menschenverstand,noun,C1
menschenwürdig,adjective,C2
menschenähnlich,adjective,C1
menschheit,noun,C2
menschheitsgeschichte,noun,C2
menschlich,adjective,C1
menschlichkeit,noun,C2
mental,adjective,B2
mentalität,noun,B1
mentalitätsunterschied,noun,C2
mentalitätsverschiebungen,noun,C2
mentor,noun,B1
mentoren-programm,noun,B2
mentorin,noun,B1
menzer,noun,B2
menü,noun,A2
menüform,noun,C2
menüvorschlag,noun,B2
menüwahl,noun,C2
mephisto,noun,A2
mercedes,noun,A1
mercury-programm,noun,C2
mercury-programms,noun,C2
mercı,noun,A2
merengue,noun,A1
merk-würdige,noun,B2
merkblatt,noun,C2
merkbuch,noun,B1
merken,noun,C2
merken,other,A2
merker,noun,C1
merkfähigkeit,noun,C2
merklich,adjective,C2
merkmal,noun,C2
merkspanne,noun,C2
merkwürdig,adjective,C1
merkwürdige,noun,A2
merkzettel,noun,C1
message,noun,B2
messanlage,noun,B2
messbar,adjective,C1
messbarkeit,noun,C1
messe,noun,A2
messe-ausschuss,noun,B2
messeauftritte,noun,C2
messebau,noun,A1
messebesuch,noun,B2
messeereignissen,noun,B2
messeexperte,noun,B2
messegast,noun,C1
messegelände,noun,B1
messehalle,noun,B2
messehaus,noun,A2
messekatalog,noun,B2
messen,other,A2
messen|missen,other,B2
messer,noun,B1
messerscharf,adjective,C1
messestadt,noun,A2
messestand,noun,B1
messeturm,noun,B2
messeveranstalter,noun,B2
messevertreter,noun,B2
messezentrum,noun,A1
messeziele,noun,B2
messe|messen,noun,A2
messie,noun,C1
messie-5yndrom,noun,B2
messies,noun,B2
messing,noun,C1
messingtopf,noun,C1
messtechnik,noun,C1
messung,noun,C2
met,noun,C1
metall,noun,A2
metall-lettern,noun,B2
metallbauer,noun,C2
metalldetektor,noun,C2
metalldetektors,noun,C2
metalldose,noun,A2
metalldüse,noun,A2
metallen,adjective,B1
metallgegenstand,noun,B2
metallgegenstände,noun,C1
metallgehäuse,noun,C1
metallhand,noun,B2
metallhandel,noun,C1
metallisch,adjective,C2
metallplättchen,noun,C1
metallsuchgerät,noun,C2
metalltuben,noun,C1
metallverarbeitend,adjective,B2
metapher,noun,C2
metaphorik,noun,C2
metaphorisch,adjective,C2
meteorologe,noun,B1
meteorologie,noun,C2
meteorologisch,adjective,C1
meter,noun,A1
meterdick,adjective,B1
meterhohe,adjective,B1
methan,noun,C1
methangas,noun,B1
methode,noun,C2
methodenkompetenz,noun,C2
methodisch,adjective,C2
methusalem-komplott,noun,C1
methusalem-spuk,noun,C1
metropole,noun,B2
metropolen,noun,C1
metropolitan,noun,B2
metschurat,noun,B1
mett,noun,A1
metzger,noun,C1
metzgerei,noun,A2
meulen,noun,A2
meuterei,noun,C1
mexikanisch,adjective,C2
mg,noun,A1
mhc-bandbreite,noun,C2
mhc-komplexes,noun,C2
miauen,other,A1
michael-jackson-flashmob,noun,B2
michaeliskirche,noun,A1
michel,adjective,A1
michel,noun,A1
micro-chip,noun,C1
microblogging,adjective,B2
microsoft-geschäftsführerin,noun,C1
microsoft-hilfe-forum,noun,B1
microsoft-niederlassungen,noun,C1
microsoft-projekt,noun,B2
middle,adjective,C1
midlife-crisis,noun,C2
miene,noun,C1
miesepeter,noun,C1
mietbeginn,noun,B2
mietdauer,noun,C1
miete,noun,A1
mieten,other,A1
mietend,adjective,B2
mieter,noun,B2
mieterbund,noun,A2
mieterhöhung,noun,A1
mieterin,noun,A2
mieterschutzbund,noun,C1
mieterstadt,noun,B2
mieterwechsel,noun,B2
mietexplosion,noun,C2
mietfrei,adjective,C1
mietkosten,noun,A1
mietpreis,noun,A2
mietschuldenfreiheit,noun,B2
mietshaus,noun,B2
mietspiegel,noun,B2
mietverhältnis,noun,C1
mietvertrag,noun,A1
mietwagenpartnern,noun,C2
mietwagensektor,noun,C2
mietwohnung,noun,B2
mietzahlung,noun,B2
mietzeit,noun,C2
mietzeitraum,noun,C1
migaflex,adjective,A1
migaflex,noun,A1
migaflex-24h-telefon-hotline,noun,A1
migrant,noun,C2
migranten,noun,B1
migrantenfamilien,noun,A1
migrantenkindern,noun,B2
migrantenschicksale,noun,B1
migrantensprache,noun,C2
migrantin,noun,B1
migration,noun,B1
migrationsdrama,noun,B2
migrationshintergrund,noun,A2
migrationspolitik,noun,C2
migrationsstrom,noun,C2
migrationswünsche,noun,A2
migrierte,adjective,C2
migräne,noun,C1
miguels,adjective,A1
miidchen,noun,A2
mikro,noun,A1
mikro-evolution,noun,C1
mikroalge,noun,C1
mikrobewegung,noun,C1
mikroelektronik,noun,C1
mikrofinanz-institutionen,noun,C2
mikrofinanzwesen,noun,C2
mikrofon,noun,B1
mikrokredit,noun,C2
mikrokredit-organisationen,noun,C2
mikrokredit-ratingagentur,noun,C2
mikrokreditbank,noun,C2
mikrokreditbanken,noun,C2
mikrokrediten,noun,C2
mikroorganismus,noun,C2
mikropolitische,adjective,C2
mikropolitischen,adjective,C2
mikropolitischer,adjective,C2
mikroprozessor,noun,C1
mikroskop,noun,C1
mikroskopisch,adjective,C2
mikrowelle,noun,B2
milch,noun,A1
milch-allergie,noun,A2
milchaufschäumer,noun,C2
milchfett,noun,B2
milchkaffee,noun,A2
milchprodukt,noun,B1
milchproduktion,noun,A2
milchpulver,noun,B1
milchschokolade,noun,B2
milchsee,noun,C2
milchshakes,noun,B2
milchstraße,noun,C1
milchtüte,noun,A2
milchwerk,noun,C1
mild,adjective,A2
milde,noun,B1
milieu,noun,B2
milieubegriff,noun,B2
milieucheck,noun,C2
milieulandschaft,noun,B2
milieuzuordnung,noun,C1
militarisierung,noun,B2
militär,noun,B1
militärausgabe,noun,C2
militäreinsatz,noun,C2
militärisch,adjective,C2
militärmusik,noun,B2
militäruniform,noun,B1
millennium,noun,B2
milleregger,noun,A2
milliarde,noun,C1
milliardengeschäft,noun,C1
milliardenmarke,noun,C2
milliardenmarkt,noun,C1
milliardenschwer,adjective,C1
milliardär,noun,B1
milliardärin,noun,B1
milligramm,noun,B2
milligrammbereich,noun,B2
millimeter,noun,C1
million,noun,A1
millionen-betrug,noun,B1
millionenbudget,noun,A2
millionenfach,adjective,C2
millionengewinn,noun,B2
millionenhöhe,noun,C2
millionenschwer,adjective,B2
millionenshow,noun,A2
millionenstadt,noun,A1
millionensumme,noun,C2
millionst,adjective,B1
millionär,noun,A1
millionärin,noun,B2
millisekunde,noun,C1
milwaukee,noun,C1
milz,noun,C1
milzener,noun,B2
mimik,noun,C1
mimisch,adjective,C1
min,noun,A1
mind,noun,C2
mind,other,C2
mind-body-medizin,noun,C2
mindenburg,noun,A2
minder,adjective,C2
minderbemittelt,adjective,C1
minderheit,noun,C2
minderjährig,adjective,B2
minderjährige,noun,B2
minderung,noun,B2
minderwertigkeitskomplex,noun,C1
mindestalter,noun,B1
mindestens,adverb,A2
mindestens,noun,B1
mindesthaltbarkeit,noun,B1
mindesthaltbarkeitsdatum,noun,B2
mindestkapitalmenge,noun,C1
mindestlaufzeit,noun,A2
mindestlohn,noun,C1
mindestmaß,noun,C2
mindmap,noun,C1
mine,noun,C1
minenarbeiter,noun,C2
minenfeld,noun,C1
mineralogie,noun,B1
mineralstoff,noun,B1
mineralswasser,noun,A1
mineralwasser,noun,A1
mini-album,noun,B1
mini-job,noun,A2
mini-kühlschrank,noun,A1
mini-notebook,noun,B1
mini-serengeti-erlebnis,noun,C1
mini-shops,noun,C2
mini-toilette,noun,B1
miniabenteuer,noun,C1
minibar,noun,C2
miniboom,noun,C1
minicomputer,noun,C2
minidrama,noun,C1
minigehalt,noun,A2
minijob,noun,A2
minijob-zentrale,noun,A2
minijobber,noun,C1
minijobbern,noun,B2
miniklein,other,C1
minikleine,adjective,C1
minikomödien,noun,C1
minimal,adjective,C2
minimalismus,noun,B2
minimetropole,noun,A1
minimieren,other,C2
minimum,noun,B2
minimundus,noun,C2
minipizzen,noun,B2
minirock,noun,B2
minis,noun,B2
miniserie,noun,C2
minister,noun,B1
ministerin,noun,B2
ministerium,noun,B2
ministerpräsident,noun,C2
ministerrat,noun,B1
ministerrücktritt,noun,C2
minitrailer,noun,C1
mint,adjective,C1
mint,noun,C1
mint-bereich,noun,C1
mint-berufe,noun,C1
mint-qualifikationen,noun,C1
minus,adverb,A1
minus,preposition,C1
minute,noun,A1
minutengenau,adjective,C1
minutenlang,adjective,C1
minutenschnelle,noun,C1
minutentakt,noun,C1
minutiös,adjective,B1
minze,noun,A1
mir,noun,B2
mirabelle,noun,B1
miras,adjective,C1
mischbatterie,noun,C1
mischen,other,B1
mischform,noun,C1
mischgetränken,noun,C2
mischmasch,noun,C2
mischsprache,noun,A2
mischung,noun,C2
mischwald,noun,C1
miserabel,adjective,C2
misere,noun,C1
miss,noun,B1
miss-wahl,noun,C2
missachten,other,C1
missbildung,noun,C1
missbilligen,other,C1
missbilligend,adjective,C2
missbilligung,noun,A2
missbrauch,noun,C2
missbrauchen,other,C2
missbräuchlich,adjective,C2
missen,other,B2
misserfolg,noun,C1
misserfolgsquote,noun,C1
missfallen,noun,A2
missfallen,other,C1
missfallt,other,C1
missgeschick,noun,A2
missglücken,other,C1
missglückt,adjective,C1
missgönnen,other,C1
misshandeln,other,C2
misshandlung,noun,C2
mission,noun,C2
misslich,adjective,C2
misslingen,other,C1
missstand,noun,C2
misstrauen,noun,C2
misstrauen,other,B2
misstrauisch,adjective,C2
missvergnügen,noun,C1
missverstehen,other,B1
missverständlich,adjective,C1
missverständnis,noun,B1
misswahl,noun,B1
mist,noun,C1
mister,noun,C2
mistkäfer,noun,C2
mit,noun,C2
mit,other,A1
mit,preposition,A1
mitarbeit,noun,A2
mitarbeiten,other,B1
mitarbeitende,noun,C1
mitarbeiter,noun,B2
mitarbeiter-teams,noun,C1
mitarbeiterbesprechung,noun,B2
mitarbeiterführung,noun,B2
mitarbeiterin,noun,A2
mitarbeiterstab,noun,C2
mitarbeiterversammlungen,noun,C2
mitatbeiter,noun,B2
mitbegründer,noun,B1
mitbekommen,other,C2
mitbenutzen,other,A1
mitbestimmen,other,B2
mitbestimmungsmöglichkeit,noun,B2
mitbestimmungsrecht,noun,C2
mitbewerber,noun,C1
mitbewohner,noun,A2
mitbewohnerin,noun,B1
mitbringen,other,A1
mitbringsel,noun,A1
mitdenkend,adjective,B1
miteinander,adverb,B1
miteinander,noun,A2
miteinandern,other,B2
miteinanderreden,noun,B1
miteinbezogen,other,C1
miteiner,adjective,C1
mitentscheiden,other,C1
mitentscheidend,adjective,C2
mitentwickeln,other,B1
miterleben,other,A2
mitfahren,other,B1
mitfahrer,noun,B1
mitfahrerin,noun,B1
mitfahrgelegenheit,noun,A1
mitfinanzieren,other,C1
mitfliegen,other,B2
mitfühlen,other,C1
mitführen,other,B2
mitgeben,other,C1
mitgebracht,adjective,C2
mitgefühl,noun,C2
mitgeführt,adjective,B2
mitgehen,other,B1
mitgenommen,adjective,B1
mitgestalte,other,A2
mitgestalten,other,C1
mitgestaltung,noun,C1
mitglied,noun,B1
mitgliederzahl,noun,C2
mitgliedsbeitrag,noun,B2
mitgliedschaft,noun,B2
mitgliedsland,noun,B1
mitgliedsstaat,noun,B1
mitgliedstaat,noun,C1
mitgliedsvereinigungen,noun,C1
mitgliedszunft,noun,C1
mithalten,other,B2
mithelfen,other,A1
mithilfe,noun,C1
mithilfe,preposition,C1
mithäftlinge,noun,C2
mitinhaber,noun,C2
mitinitiator,noun,B2
mitinitiieren,other,C1
mitjeweils,adverb,A2
mitkommen,other,A1
mitlachen,other,C1
mitleid,adjective,C1
mitleid,noun,B2
mitlernen,other,A2
mitlesen,other,B2
mitmach-,other,B2
mitmacheffekt,noun,C1
mitmachen,noun,B2
mitmachen,other,A2
mitmensch,noun,B1
mitnehmen,noun,B2
mitnehmen,other,B1
mitnimmst,other,B1
mitplanen,other,B1
mitrechnen,other,C1
mitreden,other,B1
mitreisende,noun,B2
mitreisten,noun,C2
mitreißen,other,C1
mitreißend,adjective,C2
mitsamt,preposition,C1
mitschrift,noun,C1
mitschuldig,adjective,C2
mitschwingen,other,C1
mitschüler,noun,A2
mitschülerin,noun,A2
mitsingen,other,B1
mitspielen,other,B2
mitspieler,noun,B1
mitspracherecht,noun,B2
mitsprechen,other,C1
mitstreiter,noun,C1
mittag,noun,A1
mittagesse,noun,A1
mittagessen,noun,B2
mittags,adverb,A1
mittagschläfchen,noun,C2
mittagsglocke,noun,C1
mittagsmahlzeit,noun,C2
mittagspause,noun,A1
mittagsruhe,noun,B1
mittagsschlaf,noun,B2
mittagsschläfchen,noun,B2
mittagstief,noun,B2
mittagszeit,noun,B1
mitte,noun,A2
mitteilen,other,B1
mitteilung,noun,A2
mitteilungsabsicht,noun,C1
mittel,noun,C1
mittelalter,noun,C2
mittelalter-camps,noun,B2
mittelalter-geschichten,noun,C1
mittelalterbild,noun,C2
mittelalterblick,noun,C2
mittelalterlich,adjective,B2
mittelaltermärkte,noun,C1
mittelaltermärkten,noun,C1
mittelberg,noun,C2
mitteleuropäer,noun,B2
mitteleuropäisch,adjective,C2
mittelfeld,noun,B2
mittelfinger,noun,C2
mittelfristig,adjective,C2
mittelgroß,adjective,C2
mittelklassehotel,noun,B2
mittellos,adjective,B2
mittelmaß,noun,C1
mittelmeer,noun,A1
mittelmeerdiät,noun,B2
mittelmeerküche,noun,C2
mittelmeerküste,noun,A1
mittelmeerraum,noun,C1
mittelmeerregion,noun,C1
mittelmeerstränden,noun,B2
mittelmäßig,adjective,C2
mitteln,other,C1
mittelpunkt,noun,C1
mittels,preposition,C2
mittelscharf,adjective,C1
mittelschicht,noun,B2
mittelschule,noun,A2
mittelstand,noun,B2
mittelstufe,noun,C2
mittelständisch,adjective,C2
mittelständler,noun,B2
mittelweg,noun,C2
mittel|mitteln,noun,C1
mitten,adjective,C2
mitten,adverb,A2
mittendrin,adverb,B1
mittereggers,noun,A2
mitternacht,noun,A1
mitternachtsabenteuer,noun,B1
mitternachtsmesse,noun,A2
mittler,adjective,A2
mittlere,noun,B1
mittlerweile,adverb,B2
mittlerweile,noun,C1
mittsommer-buffet,noun,B1
mittsommer-wettspiele,noun,B1
mittvierziger,noun,C1
mittwoch,noun,A1
mittwochabend,noun,A2
mittwochnachmittag,noun,A2
mittwochs,adverb,A2
mittwochs-gesellschaft,noun,C1
mittzwanziger,noun,C2
mitund,noun,B2
mitunter,adverb,C1
mitverantwortlich,adjective,C2
mitverantwortung,noun,C2
mitversichert,adjective,B1
mitwippe,other,C1
mitwirken,other,C2
mitwirkende,noun,C1
mitwirkung,noun,C2
mitwirkungspflicht,noun,C2
mitwohnaufenthalt,noun,C1
mitwohnbüro,noun,C1
mitwohnen,noun,C1
mitwohngelegenheiten,noun,C1
mitwohnzentrale,noun,C1
mitwohnzentralen,noun,C1
mitwählen,other,B1
mixer,noun,A2
ml,noun,A2
mm,noun,C2
mmh,noun,A1
mmws,noun,C1
mo-fr,noun,A2
mobben,other,C2
mobbing,noun,B2
mobbing-betroffene,noun,B2
mobbingfällen,noun,C2
mobil,adjective,A2
mobile,noun,B2
mobilfunk,noun,C2
mobilfunkanbieter,noun,B2
mobilfunkbetreiber,noun,C1
mobilfunknummer,noun,C2
mobilfunkvertrag,noun,C2
mobilgerät,noun,B2
mobilisieren,other,C1
mobilitat,noun,A2
mobilität,noun,B2
mobilitätsaktionen,noun,B2
mobilmachung,noun,C1
mobilnetzen,noun,B1
mobiltelefon,noun,B1
mobil|mobile,noun,B1
moblität,noun,A2
moby,noun,C2
mochtest,other,A1
modal,adjective,C1
modalsätze,noun,B2
modalverb,noun,A1
modalverben,noun,A1
mode,noun,B2
mode-,other,B2
mode-kollektion,noun,A1
mode-kommerz,noun,C2
mode-szene,noun,A1
modebranche,noun,C2
modedesigner,noun,C2
modeexpertin,noun,B2
modegeschäft,noun,C2
modegründen,noun,C2
modehaus,noun,B2
modekauf,noun,B2
model,noun,A1
model-jobs,noun,B2
modelabels,noun,B2
modelagentur,noun,C2
modell,noun,A1
modelleisenbahnausstellung,noun,C1
modellliste,noun,C1
modellreihe,noun,B2
modellsiedlung,noun,C1
modellversuch,noun,C2
modellwerkstätte,noun,C2
modemacher,noun,C2
modemagazin,noun,C2
modemarke,noun,C2
modemarken,noun,B2
modemarkt,noun,B2
modemesse,noun,B1
modenschau,noun,C2
modepreis,noun,B2
moderat,adjective,C1
moderation,noun,B2
moderator,noun,B1
moderatorin,noun,C1
moderene,adjective,B2
moderieren,other,A2
modern,adjective,A2
modern,noun,A1
modern,other,A1
moderne,adjective,B2
moderne,noun,C2
modernisierung,noun,B2
modernisierungsarbeit,noun,A1
modernität,noun,C2
modersohn,noun,B2
modesalon,noun,C2
modeschneider,noun,B1
modeschule,noun,A1
modeschöpfer,noun,C2
modesektor,noun,C2
modetrend,noun,C2
modeund,noun,A1
modeunternehmen,noun,B1
modewelle,noun,C1
modezeitschrift,noun,A2
modifizieren,other,C2
modisch,adjective,A1
modrig,adjective,C2
modul,noun,B1
modus,noun,C2
mofa,noun,A1
mofafahrer,noun,A1
mogelei,noun,C2
mogeln,other,C1
moglichst,other,B1
mohn,noun,C1
mohnnudeln,noun,B1
moin,adjective,B2
moin,noun,C1
mokka,noun,A1
molecular,noun,C1
molekularbiologie,noun,C1
molke,noun,B1
molkengasse,noun,B1
molkeprotein,noun,B1
moment,noun,A1
momentan,adjective,B2
mon,other,B2
mona,noun,C2
monarch,noun,C2
monarchie,noun,C2
monat,noun,A1
monatelang,adjective,C2
monatig,adjective,B2
monatlich,adjective,A1
monatsabschlüssen,noun,B1
monatsende,noun,A1
monatskarte,noun,A2
monatslohn,noun,C2
monatsmiete,noun,A1
mond,noun,C2
mond-station,noun,C2
mondal,noun,A2
monddiät,noun,C1
mondfinsternis,noun,C1
mondflug,noun,C2
mondgestein,noun,C2
mondgöttin,noun,C1
mondkalender,noun,C2
mondkosmetik,noun,C1
mondlandung,noun,C2
mondlicht,noun,A2
mondlose,adjective,C1
mondoberfläche,noun,C2
mondphase,noun,C1
mondrückseite,noun,C2
mondsee,noun,A2
mondsees,noun,A2
mondseite,noun,C1
mondsichel,noun,C1
mondumrundung,noun,C2
mondzyklus,noun,C1
monitor,noun,C1
monitoring,noun,B2
monokular,noun,B1
monolinguale,adjective,B2
monologisch,adjective,C2
monopol,noun,C1
monopolstellung,noun,C1
monopteros,noun,A1
monoski,noun,B2
monoskibobfahrerin,noun,B2
monoton,adjective,C1
monster,noun,B1
monstersturm,noun,B1
monströs,adjective,C1
montag,noun,A1
montagehelferin,noun,B2
montagmorgen,noun,A1
montagnachmittag,noun,B1
montags,adverb,A2
montagsdemonstration,noun,B2
montagsdemos,noun,A2
montagsgebeten,noun,A2
montagvormittag,noun,A1
montag|montage,noun,A1
montanindustrie,noun,C1
montero,noun,B2
monterotondo,noun,C1
montes,noun,A2
monteur,noun,B2
montieren,other,B1
montmartre,noun,B2
montur,noun,C2
montäglich,adjective,B2
monumentalität,noun,C1
moon,noun,B1
moor,noun,C1
moped,noun,B2
mopedführerschein,noun,A1
moral,noun,C2
moralbewusstsein,noun,C2
moralisch,adjective,C2
moralisch-ethisch,adjective,C2
moralisieren,noun,C2
moralist,noun,C1
moraltheologie,noun,B2
mord,noun,B2
morden,other,C1
mordfall,noun,C1
mordfantasien,noun,C2
mordkommission,noun,B2
mordslangweiligen,adjective,C2
morgen,adverb,A1
morgen,noun,A1
morgendlich,adjective,C2
morgendstund,noun,B1
morgenglanz,noun,B2
morgengrauen,noun,C2
morgenkaffee,noun,C2
morgenmagazin,noun,C1
morgenmedium,noun,B1
morgenpost,noun,C1
morgens,adverb,A1
morgensport,noun,B2
morgenspruch,noun,C2
morgenstern,noun,C2
morgenstund,noun,C1
morgenstunde,noun,C2
morgenzeitung,noun,C2
morgig,adjective,C1
moritzburg,noun,B2
moritzplatz,noun,B1
morning,noun,A2
morphium,noun,C1
morphium-vorräte,noun,C2
mosaik,noun,C2
mosaikartigen,adjective,C1
mosaikstein,noun,C2
moschee,noun,C2
moskauer,noun,C2
moskovskaya,noun,B2
moskva,noun,B2
mostkekse,noun,B1
motiv,noun,B2
motivation,noun,C1
motivationsbrief,noun,C1
motivationsfähigkeit,noun,C1
motivationsschreiben,noun,C1
motivationstraining,noun,C2
motiverte,other,C1
motivieren,other,B1
motivierend,adjective,C1
motiviert,adjective,C2
motivierte,noun,C2
motor,noun,A2
motorenbau,noun,B2
motorfahrrad,noun,B1
motorik,noun,B1
motorisch,adjective,C2
motorkutsche,noun,B2
motorlore,noun,B1
motorrad,noun,A1
motorrad-spezialist,noun,B1
motorradfahrer,noun,A1
motorradführerschein,noun,B2
motorradunfall,noun,A2
motorradwerkstatt,noun,B1
motorwagen,noun,C1
motto,noun,A1
motto-party,noun,A1
motto-tage,noun,B2
motzen,noun,B2
motzener,adjective,B2
mountainbike,noun,A2
mountainbikefahren,noun,A1
mountainbiken,noun,A1
mountbatten,noun,B2
movere,noun,C1
movie,noun,B1
movies,noun,B2
mozar,noun,A2
mozart-cd,noun,B1
mozzarella,noun,B2
mp-3-player,noun,A1
mp3,noun,B2
mp3-format,noun,C1
mp3-player,noun,A1
mp3-spieler,noun,B2
mr,noun,B2
mrs,noun,B2
ms-office-kenntnisse,noun,B1
ms-officeanwendungen,noun,B2
ms-officepaket,noun,B1
msr-anlagen,noun,B2
mtv-moderator,noun,C1
mucks,noun,B1
muezzine,noun,B2
muller,noun,A2
mulmig,adjective,C2
multi,noun,B2
multi-kulti,noun,B2
multi-kulti-läden,noun,B2
multi-millionär,noun,B1
multifunki,noun,B1
multifunktional,adjective,A2
multifunktionalität,noun,C2
multikulturell,adjective,C2
multilateral,adjective,C1
multimedia,noun,C1
multimedial,adjective,C1
multimedialeren,adjective,C2
multinational,adjective,C1
multipel,adjective,B2
multiple-choice-verfahren,noun,C2
multiplikator,noun,C1
multitalent,noun,B1
multitasking,noun,C1
multitasking-aufgabe,noun,C1
multitaskings,noun,C2
mummentart,noun,B1
munch,noun,B1
munchener,noun,B2
munchs,noun,C2
mund,noun,C1
mundart,noun,C2
mundgeblasen,adjective,C1
mundpropaganda,noun,A2
mundraum,noun,C1
mundstück,noun,C1
mundwasser,noun,C1
munich,noun,C1
munition,noun,C2
munkeln,other,B2
munter,adjective,C1
murkel,noun,B2
murmeln,other,B2
murmeltier,noun,A2
murs,noun,C2
muschel,noun,C2
muschi,noun,A2
museal,adjective,C1
museum,noun,A1
museumsbesuch,noun,B2
museumsgründung,noun,C2
museumsinsel,noun,A1
museumsplatz,noun,A1
museumspädagogin,noun,C1
museumsveranstaltungen,noun,C2
musical,noun,B2
musik,noun,A1
musik-,other,C1
musik-cds,noun,B1
musik-projekt,noun,C1
musikalisch,adjective,B1
musikalität,noun,C1
musikanlage,noun,A2
musikart,noun,C2
musikausübung,noun,C1
musikbegleiteten,adjective,C2
musikbegleitung,noun,B1
musikbibliothek,noun,B1
musikbranche,noun,B2
musikcafe,noun,A2
musikclip,noun,B1
musikdaten,noun,C1
musikdatenbanken,noun,C1
musikdirektor,noun,C1
musiker,noun,B2
musikerausbildung,noun,B2
musikerin,noun,A1
musikerkollege,noun,C1
musikfan,noun,A1
musikferien,noun,B2
musikfestival,noun,B1
musikfirma,noun,C2
musikfrühstück,noun,A1
musikgenie,noun,B2
musikgeprägten,adjective,C2
musikgeschichte,noun,B2
musikgeschäft,noun,C1
musikgruppe,noun,A1
musikhochschule,noun,B1
musikhören,noun,C2
musikindustrie,noun,C1
musikinstrument,noun,C1
musikinteresse,noun,A2
musikkapelle,noun,B1
musikkonservatorium,noun,C1
musiklehrer,noun,C2
musikmanagerin,noun,A1
musikmarkt,noun,C1
musikoder,noun,B2
musikorchester,noun,B2
musikproduktion,noun,A1
musikprogramm,noun,A2
musikprojekt,noun,C1
musikpsychologe,noun,C1
musikpädagogin,noun,A2
musikrichtung,noun,C2
musikschule,noun,A1
musiksender,noun,C1
musikstil,noun,C2
musikstudent,noun,A2
musikstudium,noun,C1
musikstück,noun,C2
musikszene,noun,B1
musikteppich,noun,C1
musiktherapeut,noun,B2
musiktherapeutin,noun,C1
musikuntermalung,noun,C2
musikunterricht,noun,B1
musikveranstaltung,noun,A2
musikvideo,noun,B2
musikwelt,noun,C2
musikwettbewerb,noun,A2
musikwissenschaft,noun,C1
musikwissenschaftler,noun,C1
musikworkshop,noun,B2
musisch,adjective,C1
musizieren,noun,C2
musizieren,other,C1
musizierend,adjective,C2
muskat,noun,C2
muskatnuss,noun,A1
muskauer,noun,B1
muskel,noun,C1
muskelaktivität,noun,C1
muskelentspannung,noun,C1
muskelfaser,noun,C1
muskelring,noun,C1
muskelschmerz,noun,C1
muskelspannung,noun,C2
muskelsubstanz,noun,C1
muskelzittern,noun,C1
muskulatur,noun,C1
muskulös,adjective,B2
muslima,noun,A2
muslimisch,adjective,B1
muss,noun,B2
mussen,noun,B2
mussen,other,B2
musssich,other,C1
mustang,noun,A2
muster,noun,B2
musterbeispiel,noun,B2
musterbrief,noun,B1
musterbuch,noun,C2
musterfamilie,noun,B2
mustergültig,adjective,B2
musterklausuren,noun,B2
mustermesse,noun,A2
mustern,other,C2
musterschüler,noun,C2
mut,noun,B1
mut,other,B2
muten,other,C2
mutieren,other,B2
mutig,adjective,C2
mutmaßlich,adjective,C2
mutter,noun,A2
mutter-sohn-thematik,noun,C2
mutterbild,noun,C2
mutterglück,noun,B1
mutterland,noun,B2
mutterleib,noun,C2
mutterliebe,noun,C1
mutterpflanze,noun,C2
mutterrolle,noun,C1
mutterschutz,noun,A2
mutterschutzfrist,noun,B1
mutterseelig,adjective,C2
muttersprache,noun,A2
muttersprache-,noun,B2
muttersprachlerin,noun,A2
muttersprachlern,noun,B1
muttertiers,noun,C1
mutti,noun,C2
muzak-programm,noun,C1
muzak-vorläufer,noun,C1
muße,noun,C2
mvg-mobilitätszentraien,noun,A2
mvg-ticketshop,noun,A2
mvg-verkehrsmitteln,noun,A2
mvg-vertriebsstellen,noun,A2
mylau,adjective,C1
mysterienspiel,noun,C2
mysteriös,adjective,B2
mystisch-göttliches,adjective,C2
mythisch,adjective,C1
mythologie,noun,C1
mythologisch,adjective,B2
mythos,noun,C2
m²,noun,A1
m²,other,A1
mächtig,adjective,C1
mächtige,noun,C2
mädchen,noun,A2
mädchenband,noun,B1
mädchenbuch,noun,A2
mädchenhaft,adjective,B2
mädchenherzen,noun,B1
mädchenkleider,noun,C2
mädchenschule,noun,A2
mädel,noun,A2
mähen,other,B1
mäkeln,other,C1
mälzer,noun,B1
mängelanzeige,noun,B2
männchen,noun,C2
männer,noun,B1
männer-spots,noun,C1
männerarbeit,noun,A2
männerauge,noun,C2
männerberuf,noun,B2
männerdominiert,adjective,B1
männerdomäne,noun,B2
männergesundheit,noun,C1
männergesundheitsbericht,noun,C1
männerkatastrophe,noun,C1
männermannschaft,noun,B2
männermode,noun,A1
männersachen,adjective,B2
männersachen,noun,C2
männeruhr,noun,A1
männerwelt,noun,B1
männlein,noun,C2
männlich,adjective,C1
männlichkeit,noun,C1
mäntelchen,noun,C1
mäppchen,noun,B2
märchchenbuch,noun,C2
märchen,noun,C2
märchenalter,noun,C2
märchenalters,noun,C2
märchenbild,noun,B2
märchenbuch,noun,C2
märchencollage,noun,B2
märchenerzähler,noun,B1
märchenfigur,noun,C2
märchenhaft,adjective,B2
märchenheld,noun,C2
märchenkenntnisse,noun,C2
märchenkönig,noun,B1
märchenlektüre,noun,C2
märchenpalast,noun,A2
märchensammlung,noun,B2
märchenschloss,noun,B1
märchenschlosses,noun,C1
märchenstunde,noun,B1
märchentradition,noun,B2
märchenwald,noun,C1
märz,noun,A2
märzen,noun,C1
mäuschen,noun,B1
mäuse-gen,noun,C1
mäuse-ovarien,noun,C1
mäusebabys,noun,C1
mäusemutter,noun,C1
mäusepaar,noun,B1
mäxchen,noun,B2
mäßig,adjective,C1
mäßigt,other,C1
möbel,noun,A2
möbel-fun,noun,A1
möbel-shopping-marathon,noun,B2
möbelangebote,noun,A2
möbeldesign,noun,C1
möbelhaus,noun,A2
möbelhersteller,noun,C2
möbelindustrie,noun,A2
möbelpacker,noun,A1
möbelstil,noun,B2
möbelstück,noun,A2
möbelstückes,noun,C1
möbeltischler,noun,A1
möbius'sches,noun,C1
möbiusband,noun,C1
möbiusschleife,noun,C1
möblieren,other,A1
möbliert,adjective,A1
möcht,other,A1
möchte,noun,B2
mögen,other,B1
mögen,verb,A1
möglich,adjective,B1
mögliche,noun,B1
möglicherweise,adverb,C2
möglichkeit,noun,B1
möglichst,adverb,B2
möglichstfrei,adjective,C1
möhr,noun,A2
möhre,noun,C1
möhrengrün,noun,C1
mölnex,noun,A2
mölnex-knusperchips,noun,A2
mölnex-knusperchips-preisousschreibens,noun,A2
mönch,noun,B2
mönchenhladbach,noun,B2
mönchsrobbe,noun,B2
mönnig,noun,A2
mörder,noun,C2
mörderisch,adjective,B1
mörser,noun,B2
möwe,noun,B1
mücke,noun,A1
müd,adjective,B2
müde,adjective,A1
müdegearbeitet,adjective,B2
müdigkeit,noun,C2
müesli,noun,B2
müh,other,C1
mühe,noun,B1
mühelos,adjective,C2
mühevoll,adjective,B1
mühe|mühen,noun,C2
mühle,noun,C1
mühlenhof,noun,A2
mühlenweg,noun,C1
mühlhaus,noun,C1
mühlheim,noun,B1
mühlstein,noun,C1
mühsam,adjective,B1
müht,adjective,C1
müll,noun,B1
müllabfuhr,noun,C2
müllansammlungen,noun,C2
müllbeseitiger,noun,C2
müllbewohner,noun,C2
müllcontainer,noun,B1
mülldeponie,noun,C2
mülleimer,noun,C1
müller,noun,B2
müller-lyer-täuschung,noun,C1
müller-mediengruppe,noun,B2
müller-münch,noun,C1
müllerstraße,noun,A2
müllgefülltem,adjective,C2
müllhalde,noun,C2
müllplatz,noun,A1
müllsammelaktion,noun,C2
müllskandal,noun,B1
mülltonne,noun,B1
mülltrennung,noun,A1
müllverbrennungsanlage,noun,C2
münchen-feldmoching,noun,B2
münchener,adjective,C2
münchner,adjective,B1
münchner,noun,B1
münden,other,B2
mündlich,adjective,C2
mündliche,noun,C1
mündlichkeit,noun,C2
münster,noun,B2
münstererstraße,noun,B1
münsterschen,adjective,C1
münze,noun,A1
münzschatz,noun,C2
münztag,noun,C1
münzwesen,noun,C1
mürrisch,adjective,A2
müsli,noun,A1
müssen,noun,C2
müssen,other,C1
müssen,verb,A1
müssen‚,other,B2
mütterberatung,noun,B1
mütterchen,noun,B1
mütterlicherseits,adverb,A2
mütterzentrumsverband,noun,C1
mütze,noun,A1
mützen-generator,noun,C1
mützennachfrage,noun,C1
müßigen,adjective,B2
müßiggang,noun,C2
mıt,noun,B2
n,adjective,B1
n,noun,A1
n,other,A1
n't,adjective,B1
n-deklination,noun,B1
n8,noun,B1
na,interjection,A1
na,noun,A1
nabel,noun,C1
nabokov,noun,C1
nach,adverb,B2
nach,other,B1
nach,preposition,A1
nachahmen,noun,C1
nachahmen,other,C2
nachahmung,noun,C2
nachbar,noun,A1
nachbargarten,noun,C1
nachbarhaus,noun,C2
nachbarhotel,noun,B2
nachbarin,noun,A2
nachbarland,noun,B1
nachbarort,noun,C1
nachbarregion,noun,A1
nachbarschaft,noun,C2
nachbarschaftlich,adjective,A2
nachbarschaftsgärten,noun,C1
nachbarschaftshilfe,noun,B1
nachbarschaftshilfe-projekten,noun,B1
nachbarskind,noun,B2
nachbarstaat,noun,C2
nachbarstadt,noun,B1
nachbartisch,noun,C2
nachbarzelle,noun,C1
nachbearbeitung,noun,C1
nachbereitung,noun,C2
nachbilden,other,C1
nachbildung,noun,C1
nachdem,conjunction,B1
nachdenken,noun,C1
nachdenken,other,B1
nachdenklich,adjective,C1
nachdenklichkeit,noun,C1
nachdruck,noun,B2
nachdrücklich,adjective,B1
nacheifern,other,C2
nacheinander,adverb,A2
nachempfinden,other,C2
nacherzählen,other,A2
nachfahre,noun,C2
nachfolgemodell,noun,A2
nachfolgend,adjective,C2
nachfolger,noun,C2
nachfolgeregelung,noun,C2
nachfolgerin,noun,C2
nachforschen,other,B1
nachforschung,noun,C2
nachfrage,noun,B1
nachfragehoch,noun,C2
nachfragen,other,A1
nachfüllen,other,C1
nachgebaut,adjective,C2
nachgeben,noun,C2
nachgeben,other,A2
nachgebessert,adjective,B2
nachgehen,other,C1
nachgesendet,other,C1
nachhaken,other,C1
nachhaltig,adjective,B2
nachhaltigen,adjective,C1
nachhaltiges,adjective,C2
nachhaltigkeit,noun,C1
nachhaltigkeitsstrategie,noun,C2
nachhaus,noun,A2
nachhausekommen,noun,C2
nachhauseweg,noun,C1
nachhelfen,other,B2
nachher,adverb,C1
nachhilfe,noun,C2
nachhilfestunde,noun,B1
nachhilfeunterricht,noun,C2
nachhinein,adverb,C2
nachholen,other,B1
nachhören,other,B1
nachkauf-werbung,noun,C1
nachkomme,noun,C1
nachkommen,other,B1
nachkommend,adjective,B2
nachkriegsjahr,noun,B2
nachkriegsliteratur,noun,B2
nachkriegsstaat,noun,C2
nachkriegszeit,noun,C2
nachlassen,noun,C1
nachlassen,other,C1
nachlaufen,other,B2
nachlesen,other,B2
nachliefern,other,C1
nachlässig,adjective,C1
nachlässigkeit,noun,C2
nachmachen,other,A2
nachmieter,noun,A1
nachmittag,adverb,B2
nachmittag,noun,A1
nachmittag-,noun,B2
nachmittags,adverb,A1
nachmittags,noun,A2
nachmittagsblau,noun,B1
nachmittagsgruppe,noun,B1
nachmittagstief,noun,B2
nachname,noun,B2
nachnehmen,other,C1
nachprüfbar,adjective,C2
nachprüfen,other,C1
nachricht,noun,A2
nachrichte,noun,B2
nachrichten,adjective,B2
nachrichtenagentur,noun,C1
nachrichtenforschung,noun,B2
nachrichtenmacher,noun,B2
nachrichtenmagazin,noun,C2
nachrichtenmedium,noun,B2
nachrichtenredakteur,noun,B2
nachrichtenredakteurin,noun,B2
nachrichtenredaktion,noun,B2
nachrichtenseite,noun,C1
nachrichtensendung,noun,B2
nachrichtensprecher,noun,B2
nachrichtensprecherin,noun,B2
nachrichtenwert,noun,B2
nachrichtenwertforschung,noun,B2
nachrichtenübermittlung,noun,B2
nachruf,noun,C1
nachrücker,noun,C2
nachs,noun,B2
nachsagen,other,C1
nachschauen,other,C2
nachschieben,other,C2
nachschlagen,noun,B2
nachschlagen,other,A2
nachschlagewerk,noun,B2
nachschleppenden,adjective,B2
nachsehen,other,B1
nachsicht,noun,C2
nachsitzen,other,C2
nachspeise,noun,B2
nachsprechen,noun,C1
nachspüren,other,C2
nachste,adjective,A2
nachstellen,other,C2
nacht,noun,A1
nacht-und-nebel-aktion,noun,C2
nachtaktiv,adjective,B2
nachtarbeit,noun,A2
nachtarbeiter,noun,A1
nachtarbeitszuschlag,noun,A2
nachtausgabe,noun,C1
nachtbar,noun,B1
nachtdienst,noun,A1
nachteil,noun,B2
nachteule,noun,B2
nachtfahrt,noun,C2
nachtflohmarkt,noun,A1
nachthemd,noun,B1
nachtisch,noun,A2
nachtklub,noun,C2
nachtlager,noun,B2
nachtleben,noun,C2
nachtmensch,noun,B2
nachtrag,noun,C1
nachtruhe,noun,B1
nachträglich,adjective,A2
nachts,adverb,A1
nachtschicht,noun,C2
nachtschlafend,adjective,C1
nachtschwärmer,noun,C1
nachttisch,noun,B1
nachtwanderer,noun,C2
nachtwinds,noun,C1
nachtzug,noun,A1
nachvollziehbar,adjective,C2
nachvollziehen,other,B2
nachwachsen,other,B1
nachweis,noun,C2
nachweisbar,adjective,C1
nachweisen,other,C2
nachweislich,adjective,C2
nachwort,noun,C1
nachwuchs,noun,B2
nachwuchs-musiker,noun,B2
nachwuchsdesigner,noun,B2
nachwuchsführungskräften,noun,C1
nachwuchskraft,noun,B2
nachwuchsmanager,noun,C1
nachwuchsspieler,noun,B1
nachwuchswissenschaftler,noun,B2
nachwürzen,noun,B1
nachwürzen,other,B2
nachziehen,other,C1
nachzählen,other,C1
nacken,noun,C1
nackert,noun,C1
nackt,adjective,A2
nad,adjective,C2
nadel,noun,C1
nadelbaum,noun,C1
nadelwald,noun,C1
nadelöhr,noun,C1
nagel,noun,C1
nagelfest,adjective,C2
nagelneu,adjective,A2
nagelstudio,noun,B1
nagen,other,C1
nagend,adjective,C2
nagetier,noun,B1
nah,adjective,A1
nahbeziehung,noun,B2
nahe,noun,B2
nahe,other,C2
nahe,preposition,A2
nahebringen,other,C1
nahegelegen,adjective,B2
naheliegende,noun,C2
nahen,other,C2
nahend,adjective,C1
naherholungsgebiet,noun,B2
nahestehend,adjective,C2
nahestehende,noun,C2
nahezu,adverb,C1
nahrstoffmangel,noun,B2
nahrung,noun,C2
nahrungsaufnahme,noun,B2
nahrungsknappheit,noun,C1
nahrungsmittel,noun,B1
nahrungsmittel-,other,B2
nahrungsmittel-multis,noun,C2
nahrungsmittelallergie,noun,B1
nahrungsmittelqualität,noun,C1
nahrungsmittelunternehmen,noun,B2
nahrungssuche,noun,C2
nahrungsvielfalt,noun,B2
nahrungszufuhr,noun,C2
nahrungszusatz,noun,C1
nahrungszusätze,noun,C1
nahsicht,noun,C1
naht,noun,C2
nahtlos,adjective,C1
nahtstelle,noun,C1
nahverkehr,noun,A2
nahverkehrszug,noun,B1
nahversorger,noun,C2
naiv,adjective,C2
naivität,noun,C2
naja,interjection,A1
nakayama,noun,C1
name,noun,A1
namenhafter,adjective,C2
namens,preposition,C1
namensagentur,noun,B2
namensdesigner,noun,B2
namensschild,noun,A2
namib-wüste,noun,B2
namibisch,adjective,A1
namlich,adjective,B2
nanotechnologie,noun,C1
nao,noun,C1
napf,noun,B1
napoleon,noun,B1
napoli,noun,A2
napping,noun,B2
naps,noun,B2
narbe,noun,C2
narkose,noun,C2
narr,noun,C1
narrativ,adjective,C2
narre,noun,B2
narrenfest,noun,C1
narzissmus,noun,C2
narzissten,noun,C2
nasa-sonden,noun,C2
nasal,adjective,C2
naschen,noun,B1
naschen,other,A1
naschmarkt,noun,A1
nase,noun,A2
nasen-verein,noun,A2
nasenatmung,noun,B2
nasenbluten,noun,A2
nasenheilkunde,noun,C2
nasenspitze,noun,C1
naseputzen,noun,A2
nashorn,noun,C1
nass,adjective,B1
nasseste,adjective,B1
nasshuhn,noun,B2
nasszelle,noun,C1
nat,noun,B2
nat,other,B2
nation,noun,C2
national,adjective,B2
national-ensemble,noun,B2
national-sozialistisch,adjective,C2
nationalbewusstsein,noun,C2
nationalbibliothek,noun,C2
nationale,noun,C2
nationalfeiertag,noun,B1
nationalgetränk,noun,C1
nationalheld,noun,C1
nationalismus,noun,C2
nationalistisch,adjective,C2
nationalität,noun,A1
nationalitätenzugehörigkeit,noun,B2
nationalmannschaft,noun,B1
nationalpark,noun,B1
nationalpark-open-air-kino,noun,B2
nationalpark-ranger,noun,B2
nationalpark-region,noun,B2
nationalparkverwaltung,noun,B1
nationalsozialismus,noun,B2
nationalsozialist,noun,C2
nationalsozialistisch,adjective,C2
nationalstaat,noun,C2
nationaltheater,noun,B2
nativ,adjective,B2
native,noun,A2
natlab,noun,B2
natriumglutamat,noun,B2
natron,noun,C2
natte,other,A1
natur,noun,B1
natur-,other,B2
natur-schwärmer,noun,C2
naturbelassen,adjective,C2
naturbild,noun,C2
nature,noun,C2
naturerfahrung,noun,B1
naturerlebnis,noun,B1
naturforscher,noun,C1
naturforschung,noun,C1
naturgas,noun,C1
naturgegenständen,noun,B1
naturgemäß,adjective,C2
naturgetreu,adjective,C2
naturgötter,noun,B2
naturheilkunde,noun,C2
naturheilmittel,noun,C1
naturheilpräparate,noun,C1
naturheilverfahren,noun,B2
naturkatastrophe,noun,C1
naturkostladen,noun,B2
naturkreislauf,noun,C1
naturkundlich,adjective,B2
naturland,noun,B2
naturlich,adjective,B2
naturliebhaber,noun,A2
naturmedizin,noun,A1
naturnah,adjective,B2
naturns,noun,C1
naturoase,noun,B1
naturpark,noun,A2
naturpfleger,noun,B1
naturphänomen,noun,A2
naturphänomene,noun,A2
naturprozess,noun,C2
naturreservat,noun,B1
naturschutz,noun,C1
naturschutzbund,noun,B2
naturschutzgebiet,noun,C2
naturschutzjugend,noun,C1
naturschutzmaßnahme,noun,B1
naturschutzorganisation,noun,B2
naturschutzprojekt,noun,B1
naturschutzring,noun,C1
naturschutzvereine,noun,B1
naturschutzvereinen,noun,C2
naturschützer,noun,C1
naturschützerin,noun,A2
natursehnsucht,noun,C2
naturseufzern,noun,C2
naturstaates,noun,C1
naturstein,noun,B2
naturstrand,noun,B1
naturtalent,noun,C2
naturtextilie,noun,C2
naturton,noun,C2
naturund,noun,B2
naturverbundenheit,noun,C2
naturwissenschaft,noun,C1
naturwissenschaftler,noun,C1
naturwissenschaftlerin,noun,B2
naturwissenschaftlich,adjective,B2
naturwissenschaftlich-technisch,adjective,C1
naturwissenschaftlichkeit,noun,C1
naturwisssenschaftliche,adjective,B2
naturzelten,noun,B2
natürlich,adjective,B2
natürlich,adverb,A1
natürliche,adjective,C1
natürliche,noun,C2
natürlichkeit,noun,C2
natürlıch,adjective,B1
naumenkows,noun,A1
nautik,noun,C2
nautilus,noun,B2
navi,noun,A1
navigation,noun,C2
navigationsgerät,noun,A1
navigationssystem,noun,C1
navigator,noun,A2
navigieren,noun,A2
nazi,noun,C2
nazi-diktatur,noun,C2
nazi-elite,noun,C2
neandertaler,noun,C2
neapolitanisch,adjective,C1
nebel,noun,A2
nebelfeld,noun,C1
nebeln,other,B1
nebem,adjective,B2
neben,preposition,A2
nebenan,adverb,A1
nebenbei,adverb,B2
nebenbeschäftigung,noun,C1
nebeneffekt,noun,A2
nebeneinander,adverb,C2
nebeneinander,noun,C2
nebeneinander,other,C1
nebeneinkommen,noun,B1
nebenfigur,noun,C1
nebenher,adverb,B2
nebenjob,noun,B2
nebenkosten,noun,A1
nebenkostenpauschale,noun,A2
nebenleistung,noun,B1
nebenprodukt,noun,C2
nebenraum,noun,A2
nebensache,noun,B2
nebensatz,noun,B1
nebenstudienrichtung,noun,B2
nebensächlich,adjective,C2
nebenwirkung,noun,C2
nebenwirkungsfrei,adjective,B2
nebenäste,noun,B2
neblig,adjective,A2
nebra,noun,C2
nebst,preposition,C1
necken,other,C1
nee,other,A1
neffe,noun,A1
negativ,adjective,C1
negativartikel,noun,A1
negative,noun,C1
negativurteile,noun,C1
negativ|negative,noun,B1
negligé,noun,B2
nehmen,noun,A2
nehmen,other,A1
nehmend,adjective,C2
nehmerhaltung,noun,C1
nehrung,noun,C2
neid,noun,C2
neidempfinden,noun,C2
neidende,noun,C2
neidgesellschaft,noun,C1
neidisch,adjective,C2
neige,noun,B1
neigen,noun,C2
neigen,other,C1
neigung,noun,C1
nein,noun,A2
nein,other,A1
nein-fragen,noun,A1
neiße,noun,B1
nelke,noun,C1
nem,adjective,C1
nen,adjective,A1
nennen,other,B1
nennenswert,adjective,C2
nenner,noun,C2
neo-interview,noun,C1
neogotischen,adjective,C2
neonazi,noun,C2
neonfarbe,noun,C2
neptun,noun,A1
nerv,noun,B1
nerven,other,A1
nerven-verschaltugen,noun,C2
nerven-verschaltungen,noun,C2
nervenbahn,noun,C2
nervend,adjective,B1
nervenimpulse,noun,C2
nervenkitzel,noun,B2
nervenkrankheit,noun,C1
nervennahrung,noun,B1
nervenschaden,noun,B2
nervenschmerz,noun,C2
nervensignal,noun,C2
nervensystem,noun,C1
nervenverbindung,noun,C2
nervenwracks,noun,C1
nervenzehrend,adjective,C2
nervenzelle,noun,C2
nervenzusammenbruch,noun,C2
nervig,adjective,B1
nervigsten,adjective,C1
nervlicher,adjective,C2
nervosität,noun,C1
nervtötend,adjective,C1
nerv|nerven,noun,A2
nervös,adjective,A2
nest,noun,A2
nesthocker,noun,B1
nesthocker-gruppe,noun,B1
nesthocker-typologien,noun,B1
nesthockern,noun,B1
nestler,noun,B2
net,noun,B1
netallesroger_1974,noun,B2
netbook,noun,B2
netcycler,noun,C2
nett,adjective,A1
nette,noun,C2
netten,noun,B2
netterweise,adverb,B2
nettigkeit,noun,B2
netto,adjective,C1
netto,adverb,A1
netto,noun,C1
nettoeinkommen,noun,A2
nettolohn,noun,C2
network,noun,C1
network-gmbh,noun,B2
networking,noun,C1
networking-events,noun,B2
networks,noun,B2
netz,noun,B1
netzhaut,noun,C1
netzplan,noun,A2
netzstecker,noun,B1
netzwerk,noun,B2
netzwerker,noun,B2
netzwerkprofil,noun,B2
netzzugang,noun,C1
neu,adjective,A2
neu-,other,C1
neu-berliner,noun,A1
neuanfang,noun,C2
neuanmeldung,noun,C1
neuartig,adjective,B2
neuartigkeit,noun,C1
neubau,noun,C1
neubausiedlung,noun,C2
neubürger,noun,C1
neue,adjective,C2
neue,noun,A2
neueinsteiger,noun,C1
neuen,adjective,B2
neuen,noun,B2
neuenkirche,noun,A2
neuentwickelt,adjective,C2
neuentwicklung,noun,B2
neuer,noun,C1
neuerdings,adverb,C2
neuerfundene,adjective,B2
neuerlich,adjective,C2
neuerscheinung,noun,C2
neuerung,noun,C2
neueröffnung,noun,A2
neufassung,noun,C2
neuformierung,noun,C2
neuformulieren,noun,C1
neugeboren,adjective,C1
neugeborene,noun,C1
neugestaltung,noun,C2
neugier,noun,B2
neugierde,noun,C1
neugierig,adjective,A2
neugierige,noun,B1
neugründung,noun,B2
neuheit,noun,C2
neuigkeit,noun,B2
neujahr,noun,A1
neujahrsfest,noun,A1
neujahrstag,noun,A2
neuland,noun,C2
neulich,adverb,B2
neuling,noun,C1
neumieter,noun,B2
neumond,noun,C1
neumonds,noun,C1
neun,number,A1
neunen,adjective,B2
neunjährig,adjective,A2
neunt,adjective,A1
neunzehnhunderteinundachtzig,number,A2
neunzehnhundertsiebenundneunzig,number,A1
neunzehnhundertzehn,number,A2
neunzehnte,adjective,C1
neunzig,number,C1
neunziger,adjective,C2
neunziger,noun,C2
neunzigerjahr,noun,C1
neunzigst,adjective,C2
neuorganisation,noun,B2
neuorientierung,noun,C1
neurale,adjective,C2
neureiche,noun,C1
neurobiologie,noun,B1
neurochirurg,noun,B1
neurodermitis,noun,B2
neurofeedback,noun,C2
neurolinguistisches,noun,C2
neurologe,noun,C1
neurologie,noun,C2
neurologisch,adjective,C1
neurologischer,adjective,C1
neuron,noun,C1
neuronal,adjective,C2
neuronennetz,noun,C1
neuropsychologe,noun,C1
neurowissenschaftler,noun,C1
neuschnee,noun,A1
neuschwanstein,noun,A2
neustadt,noun,A1
neustadt-süd,noun,B1
neustadt-zentrum,noun,A1
neustart,noun,C2
neustraße,noun,B1
neustädter,noun,A2
neutral,adjective,C2
neutralisieren,other,C2
neutralität,noun,B2
neuw,noun,A1
neuwagen,noun,B1
neuware,noun,A1
neuwerk,noun,A2
neuwirt,noun,B2
neuzeit,noun,C2
new,noun,C2
new-york-subway-filme,noun,C2
newsletter,noun,C2
next,noun,A1
ng,adjective,A2
ngo,noun,C1
nich,adjective,C1
nichraucherin,noun,A1
nicht,adjective,C2
nicht,noun,C2
nicht,other,A1
nicht-akademiker,noun,C1
nicht-alkoholisches,noun,A2
nicht-deutsch,adjective,C2
nicht-deutsche,noun,A2
nicht-erfolg,noun,C2
nicht-eu-ländern,noun,B1
nicht-europäisch,adjective,B1
nicht-gedicht,noun,B2
nicht-involvieren,noun,C2
nicht-kommunizieren,other,C2
nicht-medialen,adjective,B1
nicht-mehr-vorhandensein,noun,B2
nicht-professionell,adjective,B2
nicht-professionelle,adjective,B2
nicht-religiös,adjective,B1
nicht-schweizer,noun,B2
nicht-sportler,noun,B1
nicht-visuelle,adjective,B2
nicht-wissen,noun,C2
nichtbeförderungen,noun,B2
nichtbehandlung,noun,C2
nichtberufstätigkeit,noun,B2
nichtbesitzens,noun,C2
nichte,noun,A1
nichtehelich,adjective,A2
nichteinhaltung,noun,B2
nichteinmischung,noun,C2
nichteuropäisch,adjective,B2
nichtfachmänner,noun,B2
nichtgeburtstag,noun,B2
nichthaben,noun,A1
nichtig,adjective,C1
nichtigkeit,noun,C1
nichtkriegszeiten,noun,C2
nichtmehr,adjective,B2
nichtprivaten,adjective,C2
nichtraucher,noun,C2
nichtrauchercafe,noun,B1
nichtraucherin,noun,A1
nichtraucherschutzgesetze,noun,B1
nichtraucherzimmer,noun,B1
nichtregierungsorganisation,noun,C1
nichts,noun,C2
nichts,other,A1
nichtsahnend,adjective,B2
nichtssagend,adjective,B2
nichtstun,noun,C1
nichtverstehen,noun,B1
nichtvorhandensein,noun,A1
nichtwissender,noun,C2
nichtwähler,noun,C1
nichtzu,adverb,B1
nicken,noun,B2
nicken,other,C1
nickerchen,noun,B2
nicks,noun,B1
nicolaikirche,noun,A2
nie,adverb,A2
nie,noun,B1
nieder,adjective,C2
nieder,other,C2
niederbairisch,adjective,B1
niederbayer,noun,B1
niederdeutsch,adjective,B2
niedergang,noun,C2
niedergeschlagenheit,noun,C1
niederkaufungen,noun,C1
niederlage,noun,C2
niederland,noun,B1
niederlassen,other,C1
niederlassung,noun,C1
niederlassungserlaubnis,noun,A2
niederländer,noun,B2
niederländisch,adjective,C2
niederländischkenntnisse,noun,C2
niederreißen,other,B2
niedersachse,noun,A2
niederschlag,noun,C1
niederschlagen,other,C1
niederschlagsextreme,noun,C1
niederschlagsformen,noun,C1
niederschlagsfrei,adjective,C1
niederschlagsmenge,noun,C2
niederschmetternd,adjective,C1
niederschreiben,other,C1
niedersorben,noun,B2
niedersorbischer,adjective,B2
niedersächsisch,adjective,C2
niederwalgern,noun,B2
niederösterreichisch,adjective,B2
niedlich,adjective,A2
niedrig,adjective,B2
niedriglohnland,noun,B2
niedrigpreis,noun,B1
niedrigste,noun,C2
niedrigwasser,noun,B1
nieht,other,B1
niemals,adverb,B1
niemals,noun,B1
niemand,noun,B2
niemand,other,A2
niere,noun,C1
nierenoperationen,noun,C1
nieselregen,noun,B2
niesen,noun,C1
niesen,other,B1
niet-,other,C2
nietenhose,noun,C1
niete|nieten,noun,C2
niet|niete,noun,C1
nieuwstraat,noun,B1
night,noun,C2
nigra,noun,A2
nik,adjective,B2
nikolaikirche,noun,A2
nikolaischule,noun,A2
nikolaiviertel,noun,A1
nikolaustag,noun,A2
nikotin,noun,B2
nila,noun,A1
nimes,noun,C2
nimmermehr,adverb,B2
nimmermüde,adjective,C2
nimmersatt,noun,C1
nimmerwiedersehen,noun,C2
ninotsch01,adjective,B1
nippes,noun,A2
nirgends,adverb,B2
nirgendwo,adverb,C2
nirgendwoher,adverb,B2
nirgendwohin,adverb,B2
nirvana,noun,C2
nische,noun,C2
nischengattungen,noun,C2
nisten,other,B2
nitrat,noun,C1
nivea-creme,noun,A1
nivea-konzern,noun,C1
niveau,noun,B2
niveaulos,adjective,C2
niveaustufe,noun,B2
nivellierend,adjective,C1
nivis,noun,A1
nix,other,B1
nlp-lehr-trainerin,noun,C2
nobel,adjective,C2
nobel,noun,C2
nobelboutique,noun,C2
nobelpreis,noun,B2
nobelpreisträger,noun,C2
nocebo-effekt,noun,C2
noch,adjective,C2
noch,adverb,A1
noch,conjunction,B1
noch-studenten,noun,C2
nochmal,adverb,A1
nochmals,adverb,B1
nocht,adjective,B1
nocke,noun,C2
nockenwelle,noun,C2
nollendorfplatz,noun,A1
nom,noun,B1
nomade,noun,C1
nomadenvolk,noun,C2
nomadisch,adjective,B2
nomen,noun,A1
nomen-verb-verbindungen,noun,C1
nomengruppe,noun,B2
nomens,noun,C1
nominalform,noun,B2
nominalisierung,noun,B1
nominativ,noun,A1
nominieren,other,B1
non-profit-organisation,noun,B2
non-stop-verbindung,noun,B1
non-verbalen,adjective,B2
none,noun,B2
nonne,noun,B2
nonsens,noun,C1
nonuser,noun,C2
nonverbal,adjective,C1
nonverbale,noun,C1
nonverbaler,adjective,C1
noradrenalin,noun,C1
nord,noun,B1
nord-atlantische,noun,C2
nord-deutschland,noun,A1
nord-süd,noun,B2
nordatlantikfischten,noun,C2
nordatlantiktiefs,noun,B1
nordatlantisch,adjective,C1
norddeutsch,adjective,A1
norddeutsche,noun,C1
norden,noun,A1
nordfriesisch,adjective,B1
nordhalbkugel,noun,C1
nordhessisch,adjective,C1
nordic-walking,noun,B2
nordisch,adjective,C2
nordküste,noun,B1
nordlicht,noun,B1
nordmeer,noun,C1
nordosten,noun,B1
nordsee,noun,A2
nordsee-insel,noun,A2
nordseeinsel,noun,A2
nordseeküste,noun,B1
nordseerleben,noun,B2
nordund,noun,A1
nordwest,noun,A2
nordwest-mecklenburg,noun,B1
nordwestdeutsch,adjective,A2
nordwesten,noun,A2
nordwestlich,preposition,A1
nordwestwind,noun,C1
nordwind,noun,B1
nordwärts,adverb,C1
norm,noun,C2
normal,adjective,A1
normalbild,noun,C2
normalbürger,noun,A2
normale,adjective,A1
normale,noun,A1
normalen,adjective,B2
normalerweise,adverb,A1
normalerweise,noun,A2
normales,adjective,B2
normalfall,noun,C1
normalfunktion,noun,C1
normalität,noun,B2
normalmaß,noun,C2
normalos,noun,C1
normalsterbliche,noun,C1
normalwert,noun,C2
normung,noun,B1
norwegem,noun,A1
norweger,noun,B1
norwegisch,adjective,B1
nostalgie,noun,C1
nostalgiker,noun,C1
not,noun,C1
notar,noun,C1
notarzt,noun,A1
notarztwagen,noun,A1
notaufnahme,noun,A1
notbremse,noun,A2
notbremsung,noun,C2
notdienst,noun,A2
notdürftig,adjective,B2
note,noun,B2
notebook,noun,B2
notebookfach,noun,B2
notenblatt,noun,C2
notendurchschnitt,noun,B2
notenpapier,noun,B1
notenschnitt,noun,B1
notensystem,noun,C1
notenvergabe,noun,C2
notfall,noun,A2
notfalls,adverb,C1
notgedrungen,adjective,B2
notieren,other,A1
notierst,other,B1
notiz,noun,A1
notizblatt,noun,B1
notizblock,noun,A2
notizbuch,noun,B1
notizzettel,noun,A1
notlage,noun,B2
notlandung,noun,C2
notleidend,adjective,B2
notlüge,noun,C1
notorisch,adjective,C2
notruf,noun,A2
notrufnummer,noun,A1
notrufzentrale,noun,A2
notstand,noun,C1
notversorgen,noun,B2
notwendig,adjective,B2
notwendigerweise,adverb,C2
notwendigkeit,noun,C2
notzeit,noun,A2
notärztin,noun,A1
nougat,noun,B1
nougatcreme,noun,B1
november,adjective,B1
november,noun,A2
noweck,adjective,A2
nr,other,B2
ns-regime,noun,C2
ns-verfolgungsbedingt,adjective,C2
ns-zeit,noun,B1
nsgesamt,noun,A1
nu,interjection,C1
nuance,noun,C2
nudel,noun,A1
nudelauflauf,noun,A1
nudelgericht,noun,B1
nudelmacher,noun,B2
nudelmarke,noun,B2
nudelspezialist,noun,B2
nudelsuppe,noun,A2
nuhr,noun,B1
nuklear,adjective,C2
nuklearenergie,noun,C1
null,noun,A1
null,number,B2
null-komma-nichts,noun,B2
nullartikel,noun,A1
nulldiät,noun,B1
num,noun,B2
numeriert,adjective,B1
numerisch,adjective,C1
nummer,noun,A1
nummernrevue,noun,C2
numrner,noun,A1
nun,adjective,B2
nun,adverb,B2
nun,conjunction,C1
nunmehr,adverb,B2
nur,adjective,C2
nur,adverb,A1
nur,noun,B1
nuscheln,other,B2
nuss,noun,A1
nuss-allergie,noun,A2
nussige,adjective,B1
nussschale,noun,C2
nusstorte,noun,B2
nutz,noun,C2
nutzbar,adjective,C2
nutzen,noun,C1
nutzen,other,B1
nutzer,noun,C2
nutzergruppe,noun,C2
nutzerin,noun,B2
nutzerprofile,noun,B2
nutzfahrzeug,noun,A2
nutzfläche,noun,C1
nutzgarten,noun,A2
nutzlos,adjective,C2
nutzpflanze,noun,C2
nutzung,noun,B2
nutzungsdauer,noun,B2
nutzungskonflikt,noun,B2
nutzungsmodalitäten,noun,B2
nutzungsmotiv,noun,B1
nutzungsmöglichkeit,noun,C2
nutzungsverhalten,noun,C1
nutzungsvertrag,noun,B2
nutzungszeit,noun,B2
nutzungsänderung,noun,B2
nutzwert,noun,C2
nächste,noun,A2
nächstens,adverb,B2
nächstgelegen,adjective,C2
nächstmöglich,adjective,B2
nächstniedrig,adjective,C2
nächtelang,adjective,C2
nächtens,adverb,C2
nächtlich,adjective,B2
nähe,noun,A2
nähe-hormone,noun,C2
nähe-hormonen,noun,C2
nähen,noun,B1
nähen,other,A1
näher,other,C1
näherbringen,other,B1
nähere,noun,A2
näherin,noun,B2
näherkommen,other,B2
nähern,other,B1
nähgarn,noun,B1
nähkurs,noun,A2
nähmaschine,noun,C1
nähnadel,noun,C1
nährboden,noun,C2
nähren,other,C2
nährlösung,noun,C1
nährsalz,noun,C1
nährstoff,noun,C2
nährstoffmanager,noun,C2
nährwert,noun,B2
nährwerttabellen,noun,C2
nämlich,adverb,A1
närrisch,adjective,C1
nördlich,adjective,A1
nördlich,preposition,B1
nötig,adjective,B2
nötige,noun,B2
nötigen,other,C1
nüchtern,adjective,C1
nüchtern,other,B1
nüchternheit,noun,C2
nürburgring,noun,A1
nütz,other,C1
nützen,other,C1
nützlich,adjective,B1
nützliche,noun,B1
nützlichkeit,noun,C2
o,interjection,B2
o,noun,C2
o-bein,noun,B2
o.k,noun,A2
o.ä.,adjective,B2
oase,noun,A2
ob,adjective,C2
ob,adverb,B2
ob,conjunction,B1
ob,preposition,A2
obama,noun,C2
obdachlos,adjective,C2
obdachlose,noun,C2
obdachlosen,noun,C2
obdachlosenärztin,noun,B1
oben,adverb,A1
oben,other,A1
obendrauf,adverb,C2
obendrein,adverb,B2
obengenannt,adjective,B2
ober,adjective,B2
ober,noun,A1
ober,other,B2
oberarm,noun,C2
oberarmlänge,noun,B1
oberarzt,noun,C2
oberarztstelle,noun,A2
oberbayerisch,adjective,C1
oberbegriff,noun,B2
oberbürgermeister,noun,A2
oberbürgermeisterwahl,noun,B2
oberfläche,noun,C1
oberflächenkrümmung,noun,C1
oberflächlich,adjective,C1
obergeschoss,noun,B2
obergrenze,noun,C2
oberhalb,preposition,C1
oberhaupt,noun,C1
oberhirte,noun,C2
oberkasseler,noun,B1
oberkategorien,noun,B1
oberklassewagen,noun,C2
oberkörper,noun,C1
oberland,noun,A1
oberlandesgericht,noun,B2
oberlauf,noun,C1
oberleitung,noun,B1
obermeier,noun,A2
oberndorfer,adjective,A2
oberniederhof,noun,C1
oberprofessorenhaft,adjective,B1
oberschenkel,noun,C2
oberschicht,noun,B2
oberschule,noun,C1
obersorben,noun,B2
obersorbischer,adjective,B2
oberstaatsanwalt,noun,C2
oberstdorf,noun,B2
oberstleutnant,noun,C2
oberstudienrat,noun,C1
oberstufen-schüler,noun,C2
oberstufenzentrum,noun,C1
oberteil,noun,B2
oberweite,noun,B2
obgleich,conjunction,B2
objekt,noun,C2
objektbeschichterin,noun,C2
objektiv,adjective,C2
objektiv,noun,C1
objektivieren,other,B2
objektivität,noun,B2
obliegen,other,C2
obligatorisch,adjective,C2
obrigkeit,noun,C2
obschon,conjunction,C1
obskur,adjective,C2
obsoleszenz,noun,B2
obst,noun,A1
obst-,other,C1
obstanbau,noun,C1
obstbauer,noun,B1
obstbaum,noun,B2
obstkuchen,noun,A2
obstsalat,noun,A2
obstsorte,noun,B2
obstwein,noun,B1
obstzusätzen,noun,B2
obwohl,conjunction,B1
obwohl,noun,C2
obwohl,other,C2
ocean,adjective,B1
och,interjection,A1
odem,noun,C2
oder,conjunction,A1
odyssee,noun,C2
oehle,noun,C1
oensingen,noun,B1
of,other,C2
ofen,noun,B1
ofenfrisch,adjective,C1
ofenfrisches,adjective,C2
ofenhandschuhen,noun,B2
offen,adjective,A2
offenbar,adjective,C2
offenbaren,other,C2
offene,noun,B2
offener,adjective,C2
offenhalten,other,C2
offenheit,noun,C2
offenlegung,noun,C1
offensichtlich,adjective,C1
offensichtlichsten,adjective,B2
offerieren,other,C2
offerte,noun,C2
office-notebook,noun,A1
office-notebookrucksack,noun,B2
office-programmen,noun,C1
officemanager,noun,C1
officeprogrammen,noun,B2
officer,noun,C1
offiziell,adjective,A1
offizielleren,adjective,B2
offizier,noun,B1
offline,adjective,B1
offline,noun,B2
offline-flirt,noun,C2
offnet,other,B2
offnoch,other,B2
offzielle,noun,C2
offziellen,adjective,C2
oft,adverb,A1
ofter,adjective,B2
oftmals,adverb,C2
og,noun,C1
ogoke,noun,B1
oh,adjective,B1
oh,interjection,A1
oh,noun,C1
ohmm,noun,C1
ohne,adjective,C2
ohne,conjunction,B2
ohne,preposition,A2
ohnehin,adverb,C2
ohnmächtig,adjective,B1
ohnsorg-theater,noun,B1
ohr,noun,C1
ohrenheilkunde,noun,C2
ohrenschmerz,noun,B1
ohrhörer,noun,C2
ohrmuschel,noun,C2
ohrring,noun,B2
ohrstöpsel,noun,B1
ohrwurm,noun,C2
oiaozhi,noun,A1
oil,other,C1
oje,adjective,B2
oje,noun,A2
oje,other,B2
ojemine,noun,B1
ok,noun,A1
okay,adjective,A1
okay,interjection,A1
okay,noun,A1
okologisch-soziale,adjective,C1
okt,other,A1
oktober,noun,B1
oktoberfest,noun,A1
oktoberfestbesucher,noun,C2
oktoberwoche,noun,B1
okzident,noun,B2
ok|ok,adjective,C1
old,adjective,C1
old,other,B2
old-boy-network,noun,C1
oldie,noun,B1
oldie-band,noun,B1
oldtimer,noun,A1
oldtimer-flugzeug,noun,A2
oliv,adjective,B2
olive,noun,C1
olivenernte,noun,A2
olivenöl,noun,A1
olymp,noun,C2
olympia-arzt,noun,B2
olympiahalle,noun,C1
olympiareif,adjective,C1
olympiasieg,noun,C1
olympiasieger,noun,C1
olympiasiegerin,noun,C1
olympiastadien,noun,B1
olympiastadt,noun,A1
olympisch,adjective,C1
oma,noun,A1
oma-enkel-verhältnis,noun,C1
omega-3-fettsäuren,noun,B2
omega3-kapseln,noun,C1
omelett,noun,A1
omnipräsent,adjective,C1
omsk,noun,A1
one,other,C2
onkel,noun,A1
online,adjective,B1
online-abstimmung,noun,C2
online-angebot,noun,B1
online-auktionshaus,noun,B2
online-ausgabe,noun,B2
online-ausgaben,noun,C2
online-banking,noun,C1
online-befragungen,noun,C2
online-bereich,noun,B1
online-bewerbung,noun,B1
online-bewerbungsformular,noun,C2
online-datenbanken,noun,C1
online-dating,adjective,C2
online-dating,noun,C2
online-dating-portalen,noun,C2
online-dating-seiten,noun,C2
online-eignungstest,noun,C1
online-eignungstests,noun,C1
online-einkauf,noun,B2
online-formulare,noun,B2
online-formularen,noun,B2
online-handbuch,noun,A1
online-handel,noun,C2
online-jobbörsen,noun,B2
online-kartenleser-problems,noun,B2
online-katalog,noun,B1
online-kontaktbörse,noun,B1
online-kontakte,noun,B2
online-lernens,noun,C2
online-marketingmaßnahmen,noun,B2
online-netzwerk,noun,C1
online-partnersuche,noun,C2
online-partnervermittlungen,noun,B1
online-plattform,noun,B1
online-reisebüro,noun,A2
online-rollenspiel,noun,C2
online-schuhboutique,noun,A2
online-shop,noun,A2
online-shopping,noun,B1
online-singlebörsen,noun,B2
online-software,noun,C1
online-spiel,noun,C1
online-stadtplänen,noun,B2
online-stellenbörsen,noun,B2
online-suche,noun,C2
online-texte,adjective,C1
online-videoplattformen,noun,C1
online-videothek,noun,A2
online-vorlagen,noun,C2
online-werbekampagnen,noun,B2
online-werbung,noun,B2
online-wörterbücher,noun,C1
online-übersetzer,noun,B1
online-übungen,noun,B1
onlinebereich,noun,B2
onlinebestellungen,noun,B2
onlinecomputer,noun,C1
onlinedating,adjective,B2
onlinedating,noun,B2
onlineforum,noun,B2
onlinehändlern,noun,B2
onlinemarketing,noun,B2
onlineportale,noun,B2
onlineportalen,noun,B2
onlineshop,noun,B2
onlinespiele,noun,B1
onlinesucht,noun,C2
only-night,noun,C2
onne,adjective,B1
op,noun,B1
opa,noun,A2
open,noun,B2
open-air,noun,C2
open-air-bühne,noun,A1
open-air-konzert,noun,C1
open-air-restaurant,noun,C2
oper,noun,B1
operation,noun,C2
operationssaal,noun,C1
operativ,adjective,C2
operette,noun,C2
operieren,other,B1
operierend,adjective,B2
operierte,noun,C2
opernaufführung,noun,B1
opernbühne,noun,B2
operngesang,noun,B1
opernhaus,noun,C2
operninszenierung,noun,C2
opernkomponist,noun,C1
opernschiff,noun,B1
opernsänger,noun,B1
opfer,noun,C2
opferbereitschaft,noun,C2
opfergabe,noun,B2
opfern,other,C2
opferrolle,noun,B2
opferst,adjective,B2
opiat,noun,C1
opium,noun,C1
opposition,noun,C1
oppositionsführer,noun,B2
oppositionsgruppe,noun,B2
oppositionspolitik,noun,B2
oppositionspolitiker,noun,B2
oppositionstrip,noun,A2
optik,noun,A1
optik-eicher-frühlings-angebot,noun,A1
optiker,noun,B2
optikos,other,C1
optimal,adjective,C2
optimieren,other,B2
optimierung,noun,C2
optimismus,noun,C1
optimist,noun,B1
optimistisch,adjective,C1
option,noun,B2
optional,adjective,A2
optisch,adjective,C1
optische,noun,B2
opus,noun,B2
orakel,noun,C1
orakeln,other,C2
oral,adjective,C2
orange,adjective,A1
orange,noun,A2
orangefarben,adjective,C2
orangen,adjective,C2
orangenlimonade,noun,A1
orangensaft,noun,A1
orangensoße,noun,B2
oranges,adjective,B1
oratorium,noun,B2
orbit,noun,C2
orca,noun,B1
orcas,noun,B1
orchester,noun,B2
orchesterprobe,noun,A1
orchesterwerk,noun,B2
orchestre,noun,A1
orchideengroße,adjective,C2
orden,noun,C2
ordentlich,adjective,A1
ordentlichsten,adjective,B2
ordinalzahl,noun,A1
ordinationssitzung,noun,C1
ordnen,noun,A2
ordnen,other,B2
ordnend,adjective,C2
ordner,noun,A1
ordnung,noun,B1
ordnungsamt,noun,A2
ordnungsdienst,noun,B1
ordnungsgemäß,adjective,C2
ordnungshüter,noun,C1
ordnungsliebend,adjective,B2
ordnungsstruktur,noun,B2
orenburg,noun,A1
org,other,B2
organ,noun,C2
organisation,noun,B1
organisationsgeschick,noun,C2
organisationshandbuchs,noun,C2
organisationstalent,noun,B2
organisationsteam,noun,A1
organisator,noun,A1
organisatorin,noun,C1
organisatorisch,adjective,C1
organisch,adjective,C2
organisieren,other,A1
organisiert,adjective,C2
organismus,noun,C2
organist,noun,B1
organistendienst,noun,C1
organization,noun,C1
organspende|organspenden,noun,C2
organtransplantation,noun,C2
orgel,noun,C1
orgelbauwerkstatt,noun,C1
orgelkonzert,noun,C1
orgelspieler,noun,C1
orgelteil,noun,C1
orgelteilen,noun,C1
orient,noun,B2
orientalisch,adjective,B1
orientieren,noun,C1
orientieren,other,A2
orientiert,adjective,C1
orientierung,noun,A1
orientierungsfähigkeit,noun,B1
orientierungsjahr,noun,B2
orientierungsphase,noun,C1
orientierungsproblem,noun,B1
orientierungspunkt,noun,C2
orientierungsschwierigkeit,noun,B2
orientierungstest,noun,B1
orientierungswissen,noun,C2
orientierungswissens,noun,C2
original,adjective,A2
original,noun,B2
original-vogtländer,noun,C1
originalarbeit,noun,B2
originalgetreu,adjective,B2
originalhandschrift,noun,A2
originalheudampfbäder,noun,A2
originalkostüm,noun,A2
originalmaterialien,noun,C2
originalmelodie,noun,A1
originalpatronen,noun,B2
originalrechnung,noun,B2
originalschauplatz,noun,C2
originaltext,noun,C1
originalton,noun,C2
originalzustand,noun,C1
originell,adjective,B1
originellerer,adjective,B1
ork,noun,C1
orkan,noun,B1
orkestar,noun,B2
ornament,noun,C2
ornamental,adjective,C2
ornithologe,noun,C1
ornithologin,noun,C2
ort,noun,B1
orten,other,C1
orthografie,noun,C2
orthographischen,adjective,B2
orthopäde,noun,A1
ortsangabe,noun,C2
ortsbegehung,noun,C1
ortschaft,noun,C1
ortskarten,noun,B1
ortskenntnis,noun,C2
ortsname,noun,C1
ortsrand,noun,C1
ortsschild,noun,B2
ortsteil,noun,C1
ortstermin,noun,B2
ortsunabhängigen,adjective,C1
ortswechsel,noun,B1
ortszentrum,noun,B2
ortsänderung,noun,B2
ort|orten,noun,B1
oscar,noun,C1
oslofjord,noun,B1
ossi,noun,C1
ost,noun,A2
ost-,other,B2
ost-berliner,noun,A2
ost-fernsehens,noun,C1
ost-teil,noun,B2
ost-west-verbindung,noun,B2
ost-west-vermittlungen,noun,C2
ostalgie,noun,C1
ostalgie-partys,noun,C1
ostberliner,noun,C1
ostberminer,noun,B1
ostblock-staat,noun,C1
ostblockstaat,noun,C1
ostbürger,noun,B2
ostdeutsch,adjective,B2
ostdeutsche,noun,B2
ostdeutschland,noun,A2
osten,noun,A1
ostend,noun,A2
osterei,noun,A1
osterferien,noun,A1
osterfest,noun,A2
osterfestspiel,noun,B2
osterhase,noun,A2
ostermontag,noun,A2
ostern,noun,A1
osternacht,noun,A2
osterreich,noun,A1
osterreiten,noun,B2
osteuropäisch,adjective,B2
ostfriesisch,adjective,A2
ostgebiet,noun,C2
ostholsteiner,noun,B2
ostindisch,adjective,C1
ostindische,adjective,C1
ostindische,noun,C1
ostküste,noun,B1
ostpolitik,noun,B1
ostsee,noun,A1
ostsee-insel,noun,A2
ostseebad,noun,C1
ostseeinse,noun,B2
ostseeküste,noun,A2
ostseeregion,noun,B1
ostsektor,noun,B2
ostteil,noun,C1
ostwind,noun,A2
ottelsdorf,noun,B1
otto-group,noun,C2
otto-motor,noun,B2
otto-versand,noun,C1
oualität,noun,B2
ouftits,noun,B2
our,noun,B2
out,noun,A2
outdoor-festival,noun,B2
outdoor-sport,noun,B2
outdoor-zubehör,noun,B2
outfit,adjective,B2
outfit,noun,B1
outlets,noun,C2
outlook,noun,B2
oval,adjective,B1
ovarium,noun,C1
overdressed,adjective,B2
overheadprojektor,noun,A1
ovo,noun,B1
owbohl,other,B1
oxytozin,noun,C2
ozean,noun,C2
ozeanblau,adjective,C1
ozeanografie,noun,B1
ozeanregionen,noun,C2
ozeanriese,noun,B1
ozonbelastung,noun,B2
ozonloch,noun,C2
p,noun,C1
p50,adjective,B2
paar,noun,A2
paar,other,A1
paar-mobilität,noun,B2
paararbeit,noun,C1
paarberatung,noun,B2
paarbeziehung,noun,B2
paaren,other,C2
paarstatistik,noun,C2
paar|paaren,noun,B2
packen,other,A1
packend,adjective,C2
packstationen,noun,B1
packung,noun,A2
packungsbeilage,noun,C2
pack|packen,noun,B1
padagoge,noun,B1
paffend,adjective,B1
page,noun,C1
pages,noun,C1
paket,noun,B1
paketbote,noun,B1
paketbotin,noun,A2
paketdienst,noun,A2
paketkasten,noun,B1
pakistanisch,adjective,A2
pakt,noun,C1
palais,noun,B1
palast,noun,C2
palatschinken,noun,A2
palavern,other,C1
palette,noun,C2
palikaris,noun,A1
pallasstraße,noun,A1
palme,noun,C2
palmengarten,noun,A2
palmenhaus,noun,B2
palmöl,noun,C1
paläoanthropologie,noun,C2
palästinenser,noun,B2
pamela,noun,A1
pamphlet,noun,B2
pandemie-alarm,noun,C1
pandemien,noun,C1
pandora-risiken,noun,C1
panik,noun,B1
panne,noun,A1
panorama,noun,A2
panoramabahn,noun,A2
panoramablick,noun,B2
panoramawanderung,noun,C1
pant,other,A1
pantalons,noun,C1
pantheon,noun,B2
panther,noun,B2
pantomimischen,adjective,B1
papa,noun,A1
papagei,noun,A2
papayapflanzen,noun,C2
paper,adjective,C1
papier,noun,A2
papieraufkleber,noun,C2
papierberg,noun,C1
papiereinzug,noun,A2
papierfabrik,noun,A2
papierfach,noun,A2
papierflugzeug,noun,B2
papiergroßhändler,noun,A2
papierkorb,noun,A1
papierkram,noun,B2
papierlos,adjective,C1
papiermüll,noun,B1
papierproben,noun,C2
papierschnipsel,noun,C1
papierstapel,noun,C1
papierstau,noun,A2
papierstreifen,noun,B2
papiertaschentuch,noun,B1
papiertonne,noun,B1
papiertüte,noun,B1
papille,noun,C1
pappbecher,noun,B2
pappe,noun,B1
pappel,noun,B2
pappjacke,noun,C1
pappkoffer,noun,B1
paprika,noun,A1
paprikaplantage,noun,B2
papst,noun,C2
paracetamol,noun,A2
parade,noun,A1
paradeplatz,noun,B2
paradies,noun,C2
paradiesvogel,noun,B2
paradigma,noun,C2
paradox,adjective,C1
paradox,noun,C2
paradoxerweise,adjective,C2
paradoxerweise,adverb,C2
paradoxon,noun,C2
parallel,adjective,C2
parallelgesellschaft,noun,C2
parallelklasse,noun,B2
paralympischen,adjective,B1
paralysieren,other,B1
paramaribo,noun,B2
parameter,noun,C1
paranitrophenol,noun,C1
parasitär,adjective,C1
parasozialen,adjective,C2
parat,adjective,C1
pardon,noun,C2
parfum,noun,B2
parfüm,noun,B1
parfümere,noun,B1
parfümeurin,noun,B2
parfümflasche,noun,B1
parfümieren,other,C2
parfümiert,adjective,C2
parfümierung,noun,C2
parfümkette,noun,B2
pariser,noun,B1
pariserin,noun,B2
park,noun,A1
park-ranger,noun,B2
parkanlage,noun,A2
parkatmosphäre,noun,C2
parkbank,noun,B2
parkbesucher,noun,B1
parken,noun,A1
parken,other,A2
parkend,adjective,B1
parker,noun,C1
parkett,noun,C1
parkgebühr,noun,C2
parkhaus,noun,A2
parklandschaft,noun,A2
parklücke,noun,A2
parkmöglichkeit,noun,B1
parkplatz,noun,A2
parkplatznutzung,noun,B1
parkplatzsuche,noun,B2
parkscheibe,noun,A2
parkschein,noun,A2
parkstraße,noun,B1
parkverbot,noun,A2
parlament,noun,B1
parlamentarier,noun,C2
parlamentarierin,noun,C1
parlamentarisch,adjective,C1
parodieren,other,B2
parship,adjective,C2
parship,noun,C2
parship-bewerberin,noun,C2
parship-persönlichkeitstest,noun,C2
part,noun,C2
partei,noun,C2
partei-,other,B2
parteibasis,noun,B2
parteichef,noun,B2
parteifarbe,noun,A2
parteiintern,adjective,C2
parteimitglied,noun,C2
parteinah,adjective,C2
parteipolitik,noun,C2
parteipolitisch,adjective,C2
parteipolitscher,adjective,C2
parteiprogramm,noun,B1
parteispitze,noun,B2
parteivorsitz,noun,B2
parteivorsitzende,noun,B2
partiell,adjective,C2
partikel,noun,C2
partisan,noun,B1
partizani,noun,B2
partizip,noun,B1
partizipation,noun,C1
partizipialgruppen,noun,C1
partizipialkonstruktionen,noun,B2
partizipien,noun,C1
partner,noun,B1
partneragentur,noun,C2
partnerbörse,noun,C2
partnerbörsianer,noun,C2
partnerglück,noun,B1
partnerhochschule,noun,B2
partnerin,noun,B1
partnerinformationen,noun,C2
partnernetzwerkes,noun,B2
partnerorganisation,noun,A2
partnerschaft,noun,B1
partnerschaftlich,adjective,B1
partnerschaftsbeziehung,noun,C2
partnerschaftsbörse,noun,C2
partnerschaftsbörsen,noun,B2
partnerschaftsproblem,noun,B1
partnerschule,noun,B2
partnerstadt,noun,B2
partnersuche,noun,B2
partnersuchende,noun,B2
partnerverlagen,noun,A2
partnervermittlungsbörsen,noun,C2
partnerwahl,noun,C2
partnerwünschen,noun,B1
party,noun,A1
party-raum,noun,A1
party-und-kunstprojekte-szene,noun,B2
partyatmosphäre,noun,C1
partyeinladung,noun,B1
partygast,noun,B1
partygespräche,noun,A1
partykellern,noun,B2
partykrachern,noun,B2
partylaune,noun,B1
partylöwe,noun,B2
partymax,noun,A1
partymeile,noun,A2
partyrenner,noun,B2
partystraße,noun,B1
pasch,noun,B2
pass,noun,A2
passage,noun,B1
passagier,noun,B2
passagierfähren,noun,C2
passagierin,noun,C1
passagiermaschine,noun,B2
passant,noun,C2
passat,noun,C1
passbild,noun,B1
passen,other,A1
passend,adjective,A2
passende,noun,B2
passendemaschine,noun,C2
passfoto,noun,A1
passgenau,adjective,C1
passieren,other,A2
passion,noun,B2
passioniert,adjective,C1
passiv,adjective,C2
passiv,noun,B1
passiveren,adjective,C1
passiversatzform,noun,B1
passivität,noun,C2
passivrauchen,noun,C1
passnummer,noun,A1
passwort,noun,B2
pasta,noun,C2
pastellfarben,adjective,C2
pastellkreiden,noun,B2
pastellton,noun,C1
pastete,noun,B2
pasteurisierung,noun,C1
patchwork-familien,noun,B2
patchwork-kleid,noun,C2
patchworkfamilie,noun,C1
pate,noun,B1
paten-t,noun,B2
patenschaft,noun,B1
patenschaften,noun,B1
patent,noun,B2
patent-,other,C1
patentamt,noun,B2
patentanmeldung,noun,B2
patentansprüche,noun,C2
patentantrag,noun,B2
patentgesetzgebung,noun,B2
patentieren,other,C1
patentierung,noun,C1
patentochter,noun,B2
patentrecht,noun,C2
patentrezept,noun,C2
pater,noun,C2
paternalistischer,adjective,C2
paternoster,noun,B2
pathologe,noun,C2
pathologisch,adjective,C2
pathos,noun,B2
patient,noun,C2
patientendatum,noun,C1
patientin,noun,A1
patin,noun,B1
patner,noun,B1
patriarch,noun,C2
patriarchat,noun,C1
patriotisch,adjective,C2
patriotische,adjective,B2
patriotismus,noun,C2
patriotismusbegriff,noun,C2
patrouillieren,other,B1
patzelt,adjective,B1
patzelt,noun,B1
patzig,adjective,C1
pauken,other,C2
paukerei,noun,C2
pauke|pauken,noun,C1
paul,noun,B2
paul-linke-ufer,noun,B2
paulaner,noun,C1
paulis,noun,C1
paulskirche,noun,B2
pauschal,adjective,B2
pauschalbeiträge,noun,A2
pauschalbereich,noun,C2
pauschalbetrag,noun,C2
pauschalisierungen,noun,B2
pauschalreise,noun,B2
pauschalreisen,noun,C2
pauschaltourist,noun,C2
pauschaltrips,noun,C1
pauschalurteil,noun,C2
pause,noun,A1
pausenbrot,noun,C1
pausenhof,noun,A2
pausenlos,adjective,A1
pausenraum,noun,B2
pay-tv-abo,noun,C2
paypal,noun,B1
pazifikreise,noun,C2
pazifismus,noun,C2
pazifist,noun,C2
pazifistisch,adjective,C2
pc,noun,A2
pc-kenntnis,noun,B2
pc-kenntnissen,noun,A1
pc-programme,noun,B1
pc-tastatur,noun,C2
pc-welt,noun,B1
pcprogramme,noun,B1
peak,noun,C1
peaks,noun,C2
pearce,noun,C1
pech,noun,A2
pechstein,noun,B2
pechvogel,noun,A2
pedant,noun,C1
pedanterie,noun,C1
peeling,noun,C1
peer-groups,noun,C2
peer-tutoren-konzept,noun,C1
peergroups,noun,C2
pegasus,other,A1
pegelstand,noun,B2
pein,noun,C1
peinigen,other,C2
peinlich,adjective,B1
peinliche,noun,B1
peinlichkeit,noun,B1
peitschenhieb,noun,C2
pelle,noun,C2
pellen,other,A1
pelles,adjective,C2
pellkartoffel,noun,A1
pelz,noun,B1
pelzigen,adjective,C1
pelzmantel,noun,B2
pen-club,noun,C1
pendelkosten,noun,B2
pendeln,other,B2
pendelnd,adjective,B2
pendel|pendeln,noun,B2
pendler,noun,A2
pendleraufkommen,noun,B2
penibel,adjective,B2
penicillin,noun,B1
penne,noun,B2
pension,noun,B1
pensionieren,other,A2
pensioniert,adjective,C1
pensionsanspruch,noun,C2
pensionstieren,noun,A2
pensler,noun,A1
penthouse,noun,A2
penthousewohnung,noun,B2
pepelow,noun,A2
per,preposition,B1
perfekt,adjective,A1
perfekt,noun,B2
perfektion,noun,B2
perfektionieren,other,C2
perfektionierung,noun,C1
perfektionismus,noun,C2
perfektionist,noun,C2
perfektionisten,noun,C2
perfektionistisch,adjective,C2
perfler,noun,B2
perforatum,noun,C1
perforieren,other,C1
performance,noun,C2
perges,noun,B1
periode,noun,B1
perlen,other,C1
perlhuhn,noun,B1
perlinger,noun,B1
perlmann,noun,C1
permafrostböden,noun,C1
permanent,adjective,C2
perpetuum,noun,C1
persisch,adjective,A1
person,noun,A1
personal,adjective,C1
personal,noun,B1
personalabteilung,noun,A2
personalauswahl,noun,C2
personalausweis,noun,B1
personalbedarf,noun,B2
personalberater,noun,B1
personalberatung,noun,C2
personalbogen,noun,A1
personalchef,noun,C1
personalchefin,noun,C1
personaldienstleistungsfirmen,noun,B2
personaleinsatz,noun,B2
personalexperte,noun,C1
personalien,noun,A1
personalisierung,noun,B2
personalkosten,noun,C1
personalleiter,noun,A2
personalmanagement,noun,C1
personalmanager,noun,B1
personalmangel,noun,B2
personalpronomen,noun,A1
personalpronomens,noun,B2
personalprozesse,noun,C1
personalverantwortliche,noun,B2
personalvertreter,noun,C1
personalwechsel,noun,C2
personalwesen,noun,B1
personalzentrale,noun,B2
personell,adjective,C2
personenbeschreibung,noun,B1
personenbezogen,adjective,C1
personenkreis,noun,B1
personenname,noun,A1
personenschaden,noun,C1
personenverkehr,noun,B1
personenwagen,noun,A1
personnen,noun,A2
perspektive,noun,C1
perspektivlosigkeit,noun,C2
perspektivwechsel,noun,B1
persönlich,adjective,B1
persönliche,adjective,B2
persönliche,noun,B2
persönlichkeit,noun,C1
persönlichkeitsdimensionen,noun,B1
persönlichkeitseigenschaft,noun,B2
persönlichkeitsentwicklung,noun,B2
persönlichkeitsmerkmal,noun,C2
persönlichkeitspsychologe,noun,B1
persönlichkeitsrecht,noun,C2
persönlichkeitstest,noun,C2
persönlichkeitstyp,noun,C2
peruanisch,adjective,C2
perverse,noun,A2
pervertieren,other,C2
peschl,noun,A1
pessimismus,noun,C1
pessimist,noun,C1
pessimistisch,adjective,C1
pest,noun,C2
pestizid,noun,C1
pestjahre,noun,C2
peter,noun,C1
petersdom,noun,C2
petersilie,noun,A2
peterssteinweg,noun,A1
petition,noun,C2
petroleum,noun,C1
pfad,noun,C1
pfandbon,noun,B2
pfandflasche,noun,B1
pfandflaschenrückgabe,noun,B2
pfandtastisch,adjective,B2
pfandtastisch,noun,B2
pfanne,noun,A2
pfannkuchen,noun,A2
pfarrer,noun,B2
pfarrerin,noun,B2
pfeffer,noun,A1
pfefferbürste,noun,C2
pfeffergurke,noun,B2
pfefferkorn,noun,C1
pfefferkuchen,noun,C1
pfefferminz-pastillen,noun,C1
pfefferminze,noun,C1
pfeffern,other,B1
pfeffibonbons,noun,C1
pfeife,noun,B1
pfeifen,other,C1
pfeife|pfeifen,noun,C1
pfeil,noun,B2
pfeiler,noun,B2
pfennig,noun,C1
pferd,noun,A2
pferdefreund,noun,A2
pferdegasse,noun,C1
pferdegefährt,noun,C1
pferdekalender,noun,C1
pferdeklinik,noun,B2
pferdekoppel,noun,C2
pferdekutsche,noun,A2
pferdemist,noun,B2
pferdemuseum,noun,A2
pferderennen,noun,C1
pferderücken,noun,B2
pferdesport,noun,C1
pferdewagen,noun,A2
pferdezucht,noun,A2
pfiff,noun,A2
pfingstkonzert,noun,B1
pfingstwochenende,noun,B1
pflanzaktion,noun,C1
pflanze,noun,A1
pflanzen,other,B1
pflanzenart,noun,C2
pflanzenfett,noun,B2
pflanzenkunde,noun,B2
pflanzensamen,noun,C1
pflanzenstoff,noun,C1
pflanzenwelt,noun,B2
pflanzenöl,noun,B2
pflanzer,noun,B2
pflanze|pflanzen,noun,A2
pflanzlich,adjective,B2
pflaster,noun,A1
pflastern,other,C2
pflasterspektakel,noun,A2
pflaume,noun,C1
pflaumenbaum,noun,B2
pflaumenmus,noun,C1
pflaumenpflückern,noun,C1
pflege,noun,B1
pflegeartikel,noun,B2
pflegebedürftig,adjective,C1
pflegebereich,noun,B2
pflegebericht,noun,B2
pflegeberichte,noun,A1
pflegeberuf,noun,B1
pflegedienst,noun,B2
pflegeheim,noun,B1
pflegeleicht,adjective,A2
pflegeleichtigkeit,noun,B2
pflegemutter,noun,C2
pflegen,other,B2
pfleger,noun,C2
pflegeversicherung,noun,C1
pfleglich,adjective,C1
pflicht,noun,B2
pflichtmodulen,noun,C1
pflichtveranstaltung,noun,B2
pflichtwidrig,adjective,C1
pflücken,noun,B2
pflücken,other,B2
pflückfelder,noun,B2
pforte,noun,C2
pfui,interjection,A1
pfund,noun,A1
pfuschen,other,C1
pfälzer,noun,A1
pförtnerpaaren,noun,C1
pfützchen,noun,A2
pfütze,noun,B1
phantasie,noun,C2
phantasiename,noun,B1
phantasievoll,adjective,B1
phantastisch,adjective,A2
phantombild,noun,A2
phantomschmerzen,noun,A2
pharao,noun,C2
pharma,noun,B1
pharmabranche,noun,C2
pharmafirma,noun,C2
pharmaindustrie,noun,C2
pharmakologie,noun,C2
pharmareferent,noun,B1
pharmavox,noun,A1
pharmazeutika,noun,C1
pharmazeutisch,adjective,C2
pharmazeutisch-technisch,adjective,A1
pharmazie-konzerne,noun,B2
phase,noun,C1
pheline,noun,B2
philatelist,noun,C1
philharmonie,noun,C1
philharmoniker,noun,B1
philippe,noun,A1
philologe,noun,C2
philologie,noun,C1
philologisch,adjective,C2
philologische,noun,C2
philosoph,noun,C2
philosophie,noun,B2
philosophieren,noun,C2
philosophieren,other,B1
philosophisch,adjective,B2
phishing,noun,B2
phishing-mails,noun,B2
phobie,noun,B1
phoebus,noun,B2
phonetisch,adjective,A2
photobioreaktoren,noun,C1
photoelektrischen,adjective,B2
photographie,noun,C1
photon,noun,C1
photonik,noun,C1
photonik-industrie,noun,C1
photonikbranche,noun,C1
photoniklassen,noun,C1
photoshop,noun,C2
photosynthese,noun,C2
photovoltaik,noun,C1
phrase,noun,B2
phrasenhaftes,noun,C1
phrasieren,other,B2
phylogenetische,adjective,C2
physik,noun,B2
physik-vorlesungen,noun,B1
physikalisch,adjective,B2
physikalisch-chemischer,adjective,C1
physikalisch-theoretische,adjective,C1
physiker,noun,C2
physikerfamilie,noun,C2
physikerin-politikerin,noun,B2
physiklaborantin,noun,C1
physiklehrer,noun,B2
physiklehrers,noun,C2
physikstudent,noun,B2
physikstudium,noun,B2
physiognomie,noun,C1
physiognomisch,adjective,C1
physiologe,noun,C2
physiologieprofessor,noun,C2
physiologisch,adjective,C2
physiotherapeut,noun,B1
physiotherapeutin,noun,A2
physiotherapie,noun,A1
physisch,adjective,B2
phänomen,noun,C2
phänomenal,adjective,B2
phönix,noun,C1
pianist,noun,B1
pianistin,noun,B1
piano,noun,C1
piano-bar,noun,A2
pichler,noun,B1
picken,other,C2
picklig,adjective,B2
picknick,noun,A1
picknick-alarm,noun,B1
picknick-touren,noun,B2
pidgin-deutsche,noun,C2
pidgin-situation,noun,C2
pidginisierungsprozessen,noun,C2
pidgins,noun,C2
piekste,other,C1
piepen,other,B2
piepenbrink,noun,A2
piepsen,other,C1
pierburg,noun,B1
piercing,noun,A2
piguet,noun,C2
pikant,adjective,B2
piken,other,C1
pilates,noun,A2
pille,noun,C2
pilot,noun,C1
pilotengewerkschaft,noun,B2
pilotprojekt,noun,C2
pils,noun,A1
pilsner,noun,B2
pilz,noun,A2
pilzabtötenden,adjective,C2
pilzsoße,noun,A2
pilzvergiftung,noun,A2
pin-briefträger,noun,C1
pin-briefverkehr,noun,C1
pin-nummer,noun,B1
pin-vorstandschef,noun,C1
pinboard,noun,A1
pinguin,noun,B1
pink,adjective,A2
pinkfarbene,adjective,B1
pinnwänden,noun,C1
pio,noun,B1
pioneer,adjective,C1
pionier,noun,C1
pionierarbeit,noun,C2
pioniergeist,noun,C2
pionierleistung,noun,B2
pioniernachmittag,noun,C1
pioniernachmittage,noun,C1
pipetten,noun,B2
pirat,noun,C2
piratenschiff,noun,C2
piratentag,noun,B2
piriformen,adjective,C2
pisa-debakel,noun,C2
pisa-ergebnisse,noun,C1
piste,noun,B1
pixel-meister,noun,A2
pixelpark,noun,B2
pizza,noun,A1
pizza-service,noun,A1
pizzaservice,noun,B2
pizzeria,noun,B1
pks,noun,B2
pkw,noun,B1
pkw-fahrer,noun,A2
pkw-führerschein,noun,A1
placebo-effekt,noun,C2
placebo-forschung,noun,C2
placebo-gabe,noun,C2
placebogruppe,noun,C2
placebos,noun,C2
plackerei,noun,C1
plage,noun,C2
plagen,other,C2
plage|plagen,noun,B2
plagiat,noun,C2
plagiatsvorwurf,noun,C2
plagiieren,other,C2
plakat,noun,C1
plakatbildern,noun,C1
plakatwand,noun,C1
plan,noun,B1
planbar,adjective,C1
plane,noun,C1
planen,other,B1
planet,noun,C2
planetarisch,adjective,C2
planetarium,noun,B2
planeten,adjective,B2
planetoiden,noun,C2
planke,noun,C1
planschbecken,noun,A1
planspiel,noun,B2
plantage,noun,B2
plantes,noun,B2
planung,noun,B2
planungsbüro,noun,C2
planungsphase,noun,B1
planungssicherheit,noun,C2
planungsunsicherheit,noun,C2
planwirtschaft,noun,C1
plastik,noun,C2
plastik-nippes,noun,C1
plastik-schlümpfen,noun,C1
plastikabfall,noun,C2
plastikchip,noun,C2
plastikfigur,noun,C1
plastikflasche,noun,C2
plastikflotten,noun,C2
plastikfloß,noun,C2
plastikfreie,adjective,C2
plastikglocken,noun,C1
plastikmüll,noun,C2
plastikpartikel,noun,C2
plastikpartikeln,noun,C2
plastikplane,noun,C1
plastikrest,noun,A2
plastiksack,noun,A2
plastikschönheit,noun,B1
plastikspielzeug-bunker,noun,B2
plastikspielzeugbunker,noun,B2
plastiktanne,noun,A2
plastiktasche,noun,B2
plastikteil,noun,C2
plastikteilchen,noun,C2
plastiktreibgut,noun,C2
plastiktüte,noun,A2
plastikwürst,noun,B2
plastisch,adjective,C2
platinauszeichnungen,noun,B2
platt,adjective,B1
platt,noun,C1
plattdeutsch,adjective,B2
platte,noun,C1
plattenbauweise,noun,C2
plattenfirma,noun,B1
plattenförmigen,adjective,C1
plattenkamera,noun,C1
plattenkamera-porträts,noun,C1
plattenstar,noun,C1
plattenvertrag,noun,C1
plattform,noun,B1
plattkurs,noun,C1
plattsounds,noun,B2
platz,noun,A1
platzen,other,A1
platzgrund,noun,A2
platzhalter,noun,C1
platzmangel,noun,C2
platzproblem,noun,B2
platzwahl,noun,C1
plauderkasten,noun,A2
plaudern,noun,B1
plaudern,other,B1
plaudertasche,noun,C2
plauener,noun,C1
plausibel,adjective,C1
play,noun,C1
playback,noun,C1
player,noun,C1
playern,noun,C2
playmobil-funpark,noun,C2
playmobil-landschaften,noun,C2
playstation-chef,noun,C1
plazieren,other,C2
plaziert,adjective,C1
plazierung,noun,B2
please,noun,A1
pleinfeld,noun,C1
pleite,adjective,C2
pleite,noun,B1
pleitegeht,other,C2
pleiteging,adjective,C2
plenarsaal,noun,B1
plenum,noun,B1
plenzdorf,noun,C1
pleuelstange,noun,B2
plexiglas,noun,B2
plexiglasplatte,noun,B2
plot,noun,C1
plug-in,noun,B2
plump,adjective,C2
plunkett,noun,C2
plural,noun,A1
pluralismus,noun,C2
pluralistisch,adjective,C2
plus,adverb,A1
plus,conjunction,C2
plus,noun,B2
pluspunkt,noun,C2
plusquamperfekt,noun,B1
plutonium,noun,B2
plädieren,other,C2
plätschern,noun,C2
plätzchen,noun,A2
plötlich,adjective,A2
plötzlich,adjective,A2
plündern,other,C2
plünderung,noun,C1
plüschtier,noun,C1
po,noun,B1
pochend,adjective,C2
pocher,noun,A2
pocke,noun,C2
podcast,noun,A2
podium,noun,C2
podiumsdiskussion,noun,C2
poe,noun,C1
poesie,noun,C2
poet,noun,B2
poeten-wettbewerb,noun,A2
poetisch,adjective,C1
poetry,noun,C2
poetry-slam,noun,A2
point,noun,B2
pointe,noun,C2
poirrier,noun,A1
pokal,noun,B2
pokalsieger,noun,A2
pokalwettbewerb,noun,A2
polarforscher,noun,C2
polarisierung,noun,C2
polarregion,noun,C1
polarstern,noun,C2
polemisch,adjective,C2
polenta,noun,C2
policy,noun,B2
polieren,other,C2
polier|polieren,noun,B2
polit-foren,noun,B2
polit-pensionäre,noun,B1
politik,noun,B1
politiker,adjective,C2
politiker,noun,C2
politikerin,noun,B1
politikerpaar,noun,C2
politikum,noun,C2
politikverdrossen,adjective,C2
politikverdrossenheit,noun,C2
politikwissenschaft,noun,A1
politikwissenschaftler,noun,B1
politisch,adjective,C2
politisch-philosophisch,adjective,C2
polizei,noun,A2
polizei-pressestelle,noun,C1
polizeiapparat,noun,C2
polizeiarbeit,noun,C2
polizeibeamte,noun,C1
polizeibeamtin,noun,A1
polizeidirektion,noun,C1
polizeieinsatz,noun,C2
polizeigewerkschaft,noun,C1
polizeihund,noun,C1
polizeilich,adjective,B2
polizeimeisterin,noun,B2
polizeiobermeisterin,noun,A1
polizeipräsident,noun,B2
polizeirevier,noun,A2
polizeistation,noun,C2
polizeistatistik,noun,B2
polizist,noun,B1
polizistin,noun,A1
polkt,other,C2
pollen,noun,B2
pollenallergie,noun,A1
polnisch,adjective,A1
polnischsprachigen,adjective,B1
polo,noun,C2
polohemd,noun,B2
polonaise,noun,B1
polonium,noun,B2
poloshirt,noun,C1
polster,noun,C2
polstern,other,B2
polyester,noun,C1
polygraf,noun,C1
polygrafen,noun,C1
polyhistors,noun,C2
polynesien,noun,C2
polynesier,noun,C2
polynesischen,adjective,C1
polyp,noun,C2
polytechnisch,adjective,C1
polytetrafluorethylen,noun,C2
pol|pole,noun,B2
pol|pole|polen,noun,C2
pommes,noun,A1
pony,noun,B1
ponyhof,noun,B1
pool,noun,C2
poolnähe,noun,C2
pop,noun,C2
pop-akademie,noun,A1
pop-art-malers,noun,C2
pop-band,noun,B1
pop-konzerten,noun,B2
pop-produzent,noun,B2
pop-produzenten,noun,B2
pop-star,noun,A2
popbranche,noun,B2
popcorn,noun,B1
popgruppe,noun,C2
pophimmel,noun,B1
popkonzert,noun,B1
popkultur,noun,C1
popmusik,noun,C1
popsong,noun,A2
popstar,noun,A1
popularisieren,other,C2
popularität,noun,C2
population,noun,C2
populist,noun,C2
populistisch,adjective,C2
populär,adjective,A1
populärwissenschaftlich,adjective,C1
pore,noun,C2
porsche,noun,A1
porta,noun,A2
portal,noun,B1
portalmanagement,noun,C2
portemonnaie,noun,B2
portfolioarbeiter,noun,C1
portion,noun,B2
porto,noun,B1
portrait,noun,C2
porträt,noun,B2
porträtaufnahme,noun,C1
portugiese,noun,B1
portugiesisch,noun,A1
portugiesisch-stunden,noun,A1
portugiesisch-unterricht,noun,A1
portugiesischstunden,noun,A1
porzellantasse,noun,B1
posaunenbläsern,noun,C1
poschmann,noun,B1
pose,other,A1
position,noun,C1
positionengeraten,noun,C1
positionieren,other,C2
positionierung,noun,C2
positiv,adjective,B2
positive,noun,C1
positivem,adjective,B2
positivemotionsgeladenen,adjective,B2
possessiva,noun,B1
possessivartikel,noun,A1
possessivpronomen,noun,A2
post,noun,A1
post-its,noun,C1
postamt,noun,B1
postauto,noun,B1
postbeamte,noun,C2
postbote,noun,C2
postdienst,noun,B2
posteingang,noun,B2
posten,noun,C1
posten,other,A1
poster,noun,C2
postfrau,noun,B1
postgraduates,adjective,C2
postindustriell,adjective,C1
postit-notes,noun,C2
postkarte,noun,A1
postkorbübung,noun,C1
postkutschenverkehrs,noun,C2
postleitzahl,noun,A1
postmodern,adjective,C2
postschiffer,noun,B1
poststelle,noun,C1
postulieren,other,C2
postund,noun,B2
postzusteller,noun,B1
potential,noun,C2
potentiell,adjective,C2
potentielle,noun,C1
potenzial,noun,C1
potsdamer,noun,A1
potsdatner,noun,A1
pott,noun,B1
power-paarungen,noun,C2
power-point-präsentation,noun,C2
powerbooks,noun,C1
powern,other,C1
powerpoint,noun,A1
powerpoint-folie,noun,C1
powerpoint-präsentation,noun,C2
powerpoint-vortrag,noun,C1
powershoppen,noun,C2
poweryoga,noun,A2
ppulärer,noun,B1
pr-agentur,noun,B1
pr-assistentin,noun,B2
pr-kampagne,noun,C1
pr-maßnahme,noun,B2
pracht,noun,C2
prachtvoll,adjective,C2
prada-kleid,noun,C2
prager,noun,A2
pragmatisch,adjective,B2
pragmatisch,noun,C1
prahlen,other,C1
prahlerei,noun,C2
praktikant,noun,B1
praktikantin,noun,B1
praktiker,noun,B1
praktikum,adjective,B1
praktikum,noun,B2
praktikumsangabe,noun,B2
praktikumsbericht,adjective,B1
praktikumsbewerbung,noun,B2
praktikumsdauer,noun,C2
praktikumsmöglichkeiten,noun,C1
praktikumsplatz,noun,B1
praktikumsplatzes,noun,C2
praktikumszeugnis,noun,B1
praktisch,adjective,A1
praktische,noun,A2
praktizieren,other,C1
praktizierend,adjective,C1
praktiziert,adjective,C2
praline,noun,A2
prallen,other,C1
prasentation,noun,B2
prasseln,other,C1
praxis,noun,A1
praxis-erfahrungen,noun,C1
praxisbezüge,noun,C2
praxiseinsatz,noun,B1
praxiserfahrung,noun,B2
praxisorientiert,adjective,B1
praxisraum,noun,B1
praxistipp,noun,C1
praxiszeiten,noun,B1
predigen,other,C2
prediger,noun,B2
preis,noun,A2
preis,other,C2
preis-,other,C1
preis-leistungs-verhältnis,noun,C2
preisangebot,noun,B2
preisaufschlag,noun,B2
preisausschreiben,noun,A2
preisdruck,noun,C1
preisen,other,B2
preiserhöhung,noun,B2
preisexplosion,noun,C1
preisgabe,noun,C2
preisgeben,other,C1
preisgekrönt,adjective,C2
preisgeld,noun,C1
preisgericht,noun,B2
preisgünstig,adjective,C2
preislich,adjective,B2
preisminderung,noun,B1
preisrichter,noun,C2
preissenkung,noun,C1
preisspirale,noun,C2
preissteigerung,noun,B2
preisträger,noun,C2
preisträgerin,noun,B2
preisvergleich,noun,A2
preisvergleichsportale,noun,B2
preisverleihung,noun,C1
preiswert,adjective,A2
preiswerte,noun,A1
preis|preisen,noun,B2
prellen,other,C1
premier,noun,C1
premiere,noun,B2
premierminister,noun,C2
prenzlauer,adjective,A1
prepaid-handy,noun,B2
preschen,other,C1
presidente,noun,B2
pressburg,noun,B2
presse,noun,C2
pressefreiheit,noun,B2
pressekonferenz,noun,B1
presselandschaft,noun,B1
pressemarkt,noun,B2
pressemeldung,noun,C1
pressemitteilung,noun,C1
pressen,other,B2
pressesprecher,noun,B2
pressesprecherin,noun,B2
pressestelle,noun,C1
pressetermin,noun,A1
pressluftbohrer,noun,C1
presslufthammer,noun,C2
prestige,noun,B2
prestige-sprache,noun,C2
prestigeträchtig,adjective,B1
preuße,noun,C2
preußisch,adjective,B1
previews,noun,A2
priamos,noun,C2
pricewaterhouse-coopers,noun,C2
pricing,noun,C2
priester,noun,C2
prima,adjective,A1
prima,noun,B1
primarstufe,noun,C2
primat,noun,C2
primel,noun,C1
primitiv,adjective,B2
primzahl,noun,C2
primär,adjective,C2
primärfarbe,noun,C1
prince2,noun,B2
print,noun,B1
print-,other,B2
printdesign,noun,C2
printmedium,noun,C2
printprodukten,noun,B2
prinz,noun,C2
prinzessin,noun,B2
prinzessinnengarten,noun,A2
prinzessinnengärten,noun,A2
prinzessinnenstraße,noun,A2
prinzip,noun,C2
prinzipalmarkt,noun,C1
prinzipiell,adjective,C2
priorität,noun,C1
prioritätenliste,noun,B2
prise,noun,C1
pritsche,noun,C1
priv,other,B1
privat,adjective,A2
privat-unternehmen,noun,C2
privatauto,noun,B2
privatbank,noun,C2
privatbesitz,noun,C2
privatdozent,noun,C1
private,noun,A2
privatermittler,noun,B1
privatfernsehen,noun,A2
privatflugzeug,noun,B2
privathaushalt,noun,B2
privatheit,noun,C1
privathotel,noun,C1
privatier,noun,B1
privatinsolvenzen,noun,C2
privatinsolvenzverfahren,noun,C1
privatisieren,other,B1
privatisierung,noun,C1
privatkonto,noun,C1
privatlebe,noun,B2
privatleben,noun,B2
privatlehrer,noun,C2
privatleute,noun,C2
privatperson,noun,B2
privatradio,noun,C1
privatraum,noun,B1
privatreise,noun,A1
privatsache,noun,C1
privatschule,noun,C1
privatsektor,noun,C1
privatsender,noun,A2
privatsphäre,noun,C2
privatunternehmen,noun,C2
privatunterricht,noun,C2
privatwagen,noun,B2
privatwirtschaft,noun,C2
privatwohnung,noun,A1
privileg,noun,C2
privilegiert,adjective,B2
privilegium,noun,C1
pro,noun,A2
pro,preposition,A1
pro-argument,noun,C1
pro-kopf-ausgabe,noun,A2
pro-kopf-emissionen,noun,C1
pro-kopf-verbrauch,noun,C1
proaktiv,adjective,B2
proband,noun,C1
probandengruppen,noun,C2
probat,adjective,C2
probe,noun,A2
probeexemplar,noun,B2
probefahrt,noun,A2
probehören,noun,A2
probejahr,noun,C1
probetraining,noun,A2
probezeit,noun,B2
probieren,noun,B1
probieren,other,A1
probierer,adjective,B1
probiotische,adjective,C1
problem,noun,A1
problematisch,adjective,C2
problematisch,noun,C2
problembär,noun,C1
problembären,noun,C1
probleme,noun,C1
problemlage,noun,C1
problemlos,adjective,B2
problemlösung,noun,C2
problemlösungsintelligenz,noun,C1
problemmüll,noun,B1
problemorientiert,adjective,A2
problemschilderungen,noun,B2
problemstellung,noun,B1
problemurlaube,noun,A1
problemviertel,noun,C1
procter,noun,C2
produkt,noun,B1
produkt-prund,noun,B1
produktbezeichnung,noun,A2
produktbezogene,adjective,B2
produktdesign,noun,C2
produkteinführungen,noun,B2
produktgestaltung,noun,B2
produktidee,noun,C2
produktinformation,noun,A2
produktion,noun,B2
produktionsbedingung,noun,B2
produktionsfirma,noun,B2
produktionsfläche,noun,C1
produktionshalle,noun,C2
produktionshelferin,noun,A2
produktionskosten,noun,A2
produktionsland,noun,C1
produktionsraum,noun,C1
produktionsstandort,noun,C1
produktionsstätte,noun,B2
produktionstechnik,noun,C1
produktionsweise,noun,C2
produktiv,adjective,C1
produktivität,noun,A2
produktmanagement,noun,B2
produktname,noun,B2
produktpalette,noun,C2
produktpräsentationen,noun,B1
produktqualität,noun,B2
produktsicherheit,noun,B1
produktverkauf,noun,C2
produzent,noun,B2
produzent-konsument-verhältnis,noun,C2
produzententeam,noun,B2
produzentin,noun,B1
produzieren,other,B1
produzierend,adjective,B2
produziert,adjective,B2
prof,noun,B2
profan,adjective,C2
profession,noun,C2
professionalität,noun,C2
professionell,adjective,B2
professor,noun,B2
professoral,adjective,B2
professorenstelle,noun,C1
professorin,noun,C2
professur,noun,C1
profi,noun,A1
profi-händlern,noun,A1
profifußballer,noun,B1
profikarriere,noun,B1
profil,noun,C2
profilager,noun,C1
profilieren,other,C1
profimannschaft,noun,B2
profimusikerdasein,noun,C1
profisportler,noun,C2
profit,noun,C2
profitieren,noun,C2
profitieren,other,C1
proforma,noun,C1
profunde,adjective,B2
prognose,noun,C1
prognostizieren,other,C1
programm,noun,A2
programmankündigung,noun,B2
programmatisch,adjective,C1
programmdirektor,noun,B2
programmformaten,noun,C2
programmhöhepunkt,noun,A2
programmierbar,adjective,C1
programmieren,noun,B1
programmieren,other,C1
programmierer,noun,A1
programmierkurse,noun,B1
programmplanung,noun,B2
programmzeitschrift,noun,B1
programmübersicht,noun,C2
projekt,noun,A2
projektarbeit,noun,C2
projektbezogen,adjective,B2
projekteinsätze,noun,B1
projektfinanzierung,noun,C2
projektgruppe,noun,B2
projektierung,noun,B2
projektinitiative,noun,C2
projektion,noun,C2
projektkurses,noun,B2
projektleiter,noun,C2
projektleiterin,noun,B2
projektmanagement,noun,B2
projektmanager,noun,B2
projektmanagerin,noun,A2
projektmitarbeiterin,noun,C1
projektor,noun,C1
projektrelevanten,adjective,B2
projekttag,noun,B1
projektverantwortliche,noun,B2
projizieren,other,C1
proletariat,noun,C1
proletarier,noun,C2
proll,noun,B2
promi-hochzeit,noun,B2
prominent,adjective,B2
prominente,noun,C2
prominententurnier,noun,B1
prominenz,noun,B2
promoter,noun,A1
promotet,other,C1
promotion,noun,C1
promotionsprogrammen,noun,B2
promotionsstudium,noun,A2
promovieren,other,B2
promovierende,noun,B2
promoviert,adjective,C1
prompt,adjective,C1
promt,noun,B1
pronomen,noun,A1
propagandazweck,noun,B2
propan,noun,C1
propeller,noun,C1
property,noun,C1
prophezeien,other,B2
prophylaktisch,adjective,C2
proportional,adjective,C2
prosa,noun,C1
prosadichtung,noun,B2
prosanitas,noun,B2
prosatext,noun,A2
prosieben,other,B2
prosit,noun,C1
prosodischen,adjective,C2
prosopagnosie,noun,C1
prosopagnostikern,noun,C1
prosopagnostisch,adjective,C1
prospekt,noun,A1
prosper-haniel,noun,B2
prosperierend,adjective,C2
prost,noun,A1
prosten,other,B1
protagonist,noun,C2
proteinhaushalt,noun,C1
protest,noun,C2
protestaktion,noun,B2
protestant,noun,C2
protestbewegung,noun,C2
protestie,noun,A1
protestieren,other,A2
protokoll,noun,B1
protokollführung,noun,C2
protokollieren,other,C1
protokollschreiben,noun,C1
prototyp,noun,C2
protzig,adjective,C1
proust,noun,B2
prousts,noun,B2
proustsche,noun,B2
provenienz,noun,C2
proviant,noun,B1
provinz,noun,C2
provision,noun,C2
provokant,adjective,C2
provokation,noun,C2
provokativ,adjective,B1
provozieren,other,B2
prozederes,noun,C2
prozedur,noun,C2
prozedural,adjective,C2
prozent,noun,B2
prozentder,noun,B2
prozentin,noun,B2
prozentpunkt,noun,C1
prozentsatz,noun,C2
prozentual,adjective,C2
prozentzahl,noun,B2
prozess,noun,C2
prozesssteuerung,noun,C1
prozessual,adjective,C2
prunkvoll,adjective,C2
prusten,other,C1
prächtig,adjective,B2
prädestinieren,other,C1
präfix,noun,A1
prägen,other,C1
prägend,adjective,C1
präger,noun,C2
prägnant,adjective,C1
prägung,noun,C2
prähistorisch,adjective,C2
prämie,noun,C2
prämiengutschein,noun,B2
prämienzahlung,noun,C1
prämiert,adjective,C1
präparat,noun,B1
präposition,noun,B2
präpositionale,adjective,C2
präpositionalergänzungen,noun,B2
präpositionalgruppen,noun,B2
prärie,noun,B1
präsens,noun,B2
präsent,adjective,C2
präsentation,noun,B1
präsentationsfolien,noun,B1
präsentationsform,noun,C2
präsentationsfähigkeiten,noun,C2
präsentationspunkte,noun,B1
präsentationstipps,noun,B1
präsentationsunterlagen,noun,B1
präsente-lagers,noun,C1
präsentieren,other,B1
präsenz,noun,B1
präsident,noun,C1
präsidentenfamilie,noun,B1
präsidentin,noun,B2
präsidentschaftskandidat,noun,C2
präsidentschaftswahlkampf,noun,C2
präteritum,noun,B1
prävention,noun,C2
präventionsangebote,noun,C1
präventionsmaßnahme,noun,C2
präventiv,adjective,C2
präventivangebot,noun,C2
präventive,noun,C1
präzise,adjective,C1
präzision,noun,B2
prüfbericht,noun,C2
prüfen,other,B1
prüfend,adjective,B2
prüfer,noun,C1
prüferin,noun,A1
prüfling,noun,C1
prüfung,noun,B1
prüfungsangst,noun,B2
prüfungsgeeignet,adjective,B2
prüfungsort,noun,B2
prüfungsraum,noun,B2
prüfungsstoff,noun,B2
prüfungsstoffes,noun,B1
prüfungsstress,noun,C2
prüfungstag,noun,B2
prüfungsteil,noun,B2
prüfungsteilen,noun,C1
prüfungsvorbereitung,noun,A2
prüfungsvorgaben,noun,C2
prüfungszeit,noun,B2
prüfungszeiten,noun,B1
prüfungszimmer,noun,A1
prüfungsängsten,noun,B2
prügeln,other,C2
ps-stark,adjective,C1
pseudolocker,adjective,B2
pseudonym,noun,C2
pssst,adjective,A2
psst,noun,A1
psy,noun,C2
psyche,noun,C1
psychiater,noun,C1
psychiatrie,noun,C2
psychiatrie-erfahrener,adjective,B2
psychiatrisch,adjective,B1
psychisch,adjective,C2
psycho,adjective,C1
psycho,noun,C2
psychoanalyse,noun,C1
psychoanalytiker,noun,C1
psychoanalytikerin,noun,C2
psychodrama,noun,C1
psychologe,noun,C1
psychologenteam,noun,C2
psychologentreffen,noun,B2
psychologie,noun,C1
psychologie-studentin,noun,B1
psychologie-studium,noun,A2
psychologiestudium,noun,C2
psychologin,noun,C2
psychologisch,adjective,C2
psychomotorische,adjective,C2
psychopath,noun,C1
psychopathologie,noun,C1
psychose,noun,C2
psychosomatiker,noun,C1
psychosomatisch,adjective,C2
psychosozial,adjective,B1
psychoterror,noun,B2
psychotest,noun,C2
psychotests,noun,C2
psychotherapeut,noun,C1
psychotherapeutin,noun,C1
psychotherapie,noun,C2
psychothriller,noun,B1
pti,noun,C1
pubertierend,adjective,C2
pubertierende,noun,C2
pubertär,adjective,C2
pubertät,noun,C1
public,noun,B1
public-relalions-,other,B1
publikatiohen,noun,C1
publikation,noun,C2
publikum,noun,B1
publikumsmagnet,noun,B1
publikumsverkehr,noun,C1
publikumszeitschrift,noun,B1
publizieren,other,C1
publizist,noun,C1
pucallpa,noun,C2
pudding,noun,B1
pudel,noun,B1
puderzucker,noun,A2
puffertage,noun,B2
puh,interjection,A2
puh-puh,noun,C2
puhdys,noun,A2
pulli,noun,A2
pullover,noun,A1
puls,noun,C1
pulsnitzer,noun,C1
pulsschlag,noun,B2
pult,noun,C2
pulver,noun,C1
pulverisieren,other,C2
puma,noun,B2
pump,noun,B1
pumpen,other,C2
pumpe|pumpen,noun,B2
pumps,noun,A2
pumuckel,noun,A1
pumuckl,noun,A2
puncto,other,C2
punk,noun,B2
punker,noun,C2
punkrock,noun,B2
punkrockveranstaltung,noun,B2
punkt,noun,B1
punktekonto,noun,C2
punkten,other,C1
punktesystem,noun,B2
punktgenau,adjective,C1
punktgröße,noun,C1
punktspiel,noun,B1
punktuell,adjective,C2
pupille,noun,C1
puppe,noun,A1
puppenhaus,noun,A2
pur,adjective,C2
push-up-generation,noun,C1
puss,noun,C1
putenbrust,noun,B2
putenfleisch,noun,C1
putz,noun,C1
putzen,noun,C1
putzen,other,A1
putzfrau,noun,C2
putzhilfe,noun,A1
putzmittel,noun,C2
putzplan,noun,A1
puuh,noun,C2
puzzle,noun,B1
puzzle-prinzip,noun,C1
puzzlespiel,noun,C1
pyramide,noun,A2
pyramidenfest,noun,C1
pythagoras,noun,B1
päckchen,noun,A1
pädagoge,noun,B1
pädagogik,noun,B1
pädagogikstudent,noun,B2
pädagogikstudentin,noun,B2
pädagogin,noun,C1
pädagogisch,adjective,C2
pärchen,noun,A2
pöllatschlucht,noun,B1
pöt,noun,C1
pülverchen,noun,B2
pünktchen,noun,B1
pünktlich,adjective,A1
pünktlichkeit,noun,A1
pürieren,other,C1
püttjer,noun,C1
q2,noun,C1
qm,noun,A1
qm2,other,B2
quader,noun,C2
quadrat,noun,B2
quadratisch,adjective,B1
quadratkilometer,noun,C2
quadratmeter,noun,B2
quadratur,noun,B2
quaken,other,A2
qual,noun,B1
qualifikation,noun,B2
qualifikationsprofil,noun,B2
qualifizieren,other,C1
qualifiziert,adjective,C1
qualifizierung,noun,B2
qualitativ,adjective,C1
qualitatsmanagement-system,noun,B2
qualität,noun,B1
qualitätsgesicherten,adjective,B1
qualitätskontrolle,noun,C1
qualitätskontrollstelle,noun,C2
qualitätskriterium,noun,C2
qualitätsmanagement,noun,B2
qualitätsmanagementprozess,noun,B2
qualitätsmanagementsystem,noun,B2
qualitätsmaßstab,noun,B2
qualitätsmerkmal,noun,C2
qualitätssprung,noun,C1
qualitätsstarkes,adjective,B2
qualitätszeitung,noun,B1
qualitätszeitungen,noun,B1
qualle,noun,B1
quantenphysik,noun,B2
quantentheorie,noun,B2
quantifizieren,other,C2
quantitativ,adjective,C2
quantität,noun,C1
quantum,noun,C1
quartal,noun,A1
quarterback,noun,B2
quasi,adverb,C2
quasselstrippe,noun,C1
quasselstrippen,noun,C1
quatsch,noun,A2
quatschen,noun,C1
quatschen,other,C1
quecksilberdampf,noun,C1
quecksilberhaltig,adjective,C1
queen,noun,C2
quelle,noun,C1
quellenamnesie,noun,C2
quellenangabe,noun,B1
quer,adjective,B1
quer-straße,noun,A1
querdenker,noun,B1
quereinsteiger,noun,C2
querflöte,noun,C1
querschnitt,noun,C1
querschnittsgelähmt,adjective,A2
querschnittsgelähmte,noun,C1
querschnittslähmung,noun,B2
quertonnen,noun,C2
quickstart-funktion,noun,B2
quid,adjective,C2
quietschen,noun,C1
quietschen,other,B2
quietschend,adjective,B1
quincy,noun,C1
quinoa-kekse,noun,C2
quinquilieren,noun,C1
quinta,noun,B2
quirlig,adjective,B1
quittung,noun,B1
quiz,noun,B1
quizsendung,noun,B2
quote,noun,C2
quotenbesessene,adjective,B2
quotenbox,noun,B2
quotenhit,noun,B2
quotenregelung,noun,C1
quäken,other,C2
quälen,other,B2
quälend,adjective,C1
quälerei,noun,B2
r,noun,C1
r,other,A1
r-laute,noun,A1
r26,noun,C2
r28,noun,C2
r29,noun,C2
r32,noun,C2
r33,noun,C2
r36,noun,C2
rabat,noun,A2
rabatt,noun,B2
rabatte,noun,A1
rabatt|rabatte,noun,C1
rabe,noun,C1
rabeneltern,noun,C2
rabenkrähe,noun,C2
rabenmutter,noun,C1
rabenmutterdiskussion,noun,C1
rabenmütterdiskussion,noun,C1
rache,noun,C1
racheaktion,noun,C2
rachefeldzug,noun,C1
rachen,noun,C1
rachenraums,noun,C2
rachetext,noun,C1
rad,noun,A1
rad,other,A1
rad-,other,B2
radarkontrolle,noun,B1
radball,noun,B2
radball-bundesliga,noun,B2
radballer,noun,B2
radballrad,noun,B2
raddusch,noun,B2
radeln,other,B1
radfahren,noun,A1
radfahrer,noun,A1
radfahrerin,noun,A1
radfahrweg,noun,B2
radiergummi,noun,A1
radikal,adjective,C2
radio,noun,A1
radio-,other,B2
radio-mikro,noun,C2
radio-oder,noun,B2
radio-tatort,noun,B2
radio-tatorte,noun,C1
radio-und,noun,B2
radioaktiv,adjective,B2
radioaktivität,noun,C1
radiobeitrag,noun,B1
radiointerview,noun,C1
radiojournalistin,noun,B1
radiokasten,noun,B2
radiologe,noun,B2
radiomeldung,noun,A2
radiomoderator,noun,A1
radiosender,noun,C1
radiosendung,noun,B1
radiostation,noun,C2
radiowelle,noun,B2
radium,noun,B2
radreise,noun,B1
radreiseführer,noun,B1
radrennen,noun,A2
radshit,noun,A1
radsport,noun,C1
radsportler,noun,C2
radstrecken,noun,B1
radtour,noun,A1
radverkehr,noun,B1
radweg,noun,B1
radwund,noun,A1
raffinerie,noun,C1
raffinesse,noun,C2
raffinieren,other,C1
raffiniert,adjective,C1
rafter,noun,C2
rafting,noun,C2
rage,noun,B1
ragen,other,B2
raguet,noun,A1
rahm,noun,B1
rahmen,noun,B2
rahmen,other,C2
rahmenbedingung,noun,C2
rahmenprogramm,noun,C1
rahmenroman,noun,C1
rahren,other,B1
rakers,noun,A2
rakete,noun,C2
raketentyp,noun,C2
rammstein,noun,B1
ramons,adjective,A2
rampe,noun,C2
rampenlicht,noun,C1
ramön,adjective,A1
ran,adverb,B2
ran,other,B2
rand,noun,C1
randalieren,noun,B2
randbedingung,noun,C1
randbezirk,noun,C1
randgebiet,noun,C2
rang,noun,C2
ranger,noun,B1
rangerin,noun,B1
rangerinnen,noun,B1
rangerkurs,noun,B2
rangers,noun,B2
ranghoch,adjective,C1
ranghöchste,noun,C2
rangieren,other,C1
rangliste,noun,C1
rangniedrigere,noun,C1
ranke,noun,A2
ranken,other,C1
ranking,noun,B2
ranlassen,other,C2
ranzuklotzen,other,B2
rap,noun,C2
rap-schulprojekt,noun,B2
rapp,adjective,A2
rappeln,other,C2
rapper,noun,B2
rappers,noun,C2
rappt,other,C1
rapsöl,noun,C1
rapunzel‘,adjective,B2
raron,noun,B2
rasant,adjective,C1
rasch,adjective,B2
rascheln,noun,C1
rascheln,other,B2
rasen,noun,B1
rasen,other,C1
rasend,adjective,C1
rasenmähen,noun,A2
rasenmäher,noun,C1
rasen|rasten,other,C1
raser,noun,C1
raserei,noun,C1
rasieren,noun,C2
rasieren,other,A2
rasiersachen,noun,B1
raspelkurzen,adjective,C1
rasse,noun,C1
rassentrennung,noun,B1
rassismus,noun,A2
rassistisch,adjective,B1
rast,noun,C1
rasten,other,C1
raster,noun,B2
rastlos,adjective,B2
rastplatz,noun,C1
raststätte,noun,A2
rat,noun,B1
rat,other,B2
rate,noun,C1
raten,other,B1
rateneinsammler,noun,C2
raten|geraten,other,B2
ratet,noun,A1
rate|raten,noun,C2
ratgeber,noun,C1
ratgeberbuch,noun,C1
ratgeberin,noun,C1
rathaus,noun,A1
rathausplatz,noun,A1
rathausturm,noun,B2
ratic,noun,B2
ratifizieren,other,B1
rating,noun,C2
rating-agentur,noun,C2
rational,adjective,A2
rationale,noun,C2
rationalisieren,other,C2
rationalisierung,noun,C1
rationalisierungsmaßnahme,noun,C1
rationalisierungspotenzial,noun,C2
rationalität,noun,C2
rationell,adjective,C1
rationiert,adjective,C1
ratlos,adjective,C1
ratlosigkeit,noun,C2
ratsam,adjective,B2
ratschlag,noun,C1
ratsherr,noun,C2
ratsstube,noun,C1
ratte,noun,B2
rattenfleisch,noun,B1
rattern,noun,B1
rattern,other,B2
ratzeburger,noun,C1
raub,noun,C2
raubbau,noun,B2
rauben,other,C2
raubkunst,noun,C2
raubtier,noun,B2
raubvogel,noun,B2
raubzug,noun,C2
rauch,noun,C2
rauchen,noun,B2
rauchen,other,A1
raucher,noun,A2
raucherbereich,noun,B2
raucherzimmer,noun,B2
raucherzone,noun,B2
rauchfrei,adjective,B1
rauchschwaden,noun,C1
rauchsäule,noun,C2
rauchverbot,noun,C2
rauchvergiftung,noun,B2
rauchwolke,noun,B1
rauchzeichen,noun,C2
rauf,adverb,A2
raufen,other,B2
rauh,adjective,C1
rauhfasertapete,noun,B2
raum,noun,A2
raumanzug,noun,C2
raumausstatter,noun,C1
raumfahrer,noun,C2
raumfahrt,noun,C2
raumfahrtbehörde,noun,C2
raumfahrtkosten,noun,C2
raumfahrtnation,noun,C2
raumfahrtstation,noun,C2
raumfahrzeugs,noun,C2
raumgreifend,adjective,C2
raumschiff,noun,C2
raumstation,noun,C2
raumtemperatur,noun,C1
raumwissenschaft,noun,C2
raum|räumen,noun,C2
raunen,noun,C1
raupe,noun,C1
raus,adjective,C1
raus,adverb,A2
raus,other,A2
rausbringen,other,C1
rausch,noun,C2
rauschen,noun,B2
rauschen,other,C1
rauschend,adjective,C2
rauscher,noun,A2
rauschgift,noun,C1
rauschmittel,noun,C1
rauschähnlich,adjective,C2
rausfinden,other,C2
rausgehen,other,A2
rauskommen,other,C2
rausnehmen,other,C2
rausschlagen,other,B2
rauswerfen,other,B1
razzia,noun,C1
re,noun,C1
re-vorstand,noun,C1
reader,noun,B2
readerxpress,noun,B2
reagenzglas,noun,C1
reagieren,other,B1
reaktion,noun,C1
reaktionsbereitschaft,noun,C1
reaktionsfähigkeit,noun,B2
reaktionsschnell,adjective,B2
reaktionsvermögen,noun,C2
reaktionszeit,noun,B2
reaktionär,adjective,C2
reaktivieren,other,B2
reaktor-katastrophen,noun,C2
reaktorblock,noun,C1
reaktorkatastrophe,noun,B2
reaktorsicherheit,noun,C2
reaktorunglücken,noun,C1
real,adjective,C2
real,noun,C2
real-markt,noun,A1
realeinkommen,noun,C1
realisierbar,adjective,C2
realisieren,other,C2
realisierend,adjective,C2
realisierung,noun,C2
realisierungszeitraum,noun,C1
realismus,noun,B2
realistin,noun,C1
realistisch,adjective,C2
reality,noun,C1
reality-dokumentationen,noun,B2
realität,noun,B2
realitätsnah,adjective,C2
realpolitische,adjective,C2
realschulabschluss,noun,A2
realschule,noun,A2
realschüler,noun,B1
rebau,noun,C1
rebell,noun,C1
rebellieren,other,C1
rebellion,noun,C2
rebellisch,adjective,C2
rechen,other,C1
rechenautomaten,noun,C1
rechenkünstler,noun,C2
rechenmeister,noun,A2
rechenmodell,noun,C2
rechenschaft,noun,B2
rechenund,noun,A2
rechenwerk,noun,C1
recherche,noun,B2
recherche-aufträge,noun,C2
recherche-rechnern,noun,B2
rechercheure,noun,C2
recherchieren,noun,B2
recherchieren,other,B2
rechnen,noun,B1
rechnen,other,B1
rechner,noun,C2
rechnerisch,adjective,C1
rechnernetzwerken,noun,A2
rechnersystemen,noun,A2
rechnung,noun,A1
rechnungsbetrag,noun,B1
rechnungsnummer,noun,A2
rechnungsprüfung,noun,B1
rechnungswesen,noun,C2
recht,adjective,B2
recht,noun,A2
rechtfertigen,other,C2
rechtfertigung,noun,B2
rechthaberisch,adjective,C2
rechtlich,adjective,B2
rechtlos,adjective,C2
rechtmäßig,adjective,C2
rechts,adverb,A1
rechts,other,A1
rechts-,other,C1
rechts-und,noun,B2
rechtsabbiegen,noun,B2
rechtsabteilung,noun,C2
rechtsanspruch,noun,B1
rechtsanwalt,noun,B2
rechtsanwälte,noun,C1
rechtsanwältin,noun,A2
rechtsberatung,noun,A2
rechtschreibfehler,noun,B1
rechtschreibrat,noun,B2
rechtschreibung,noun,C2
rechtsextremist,noun,C2
rechtsfindung,noun,C1
rechtsorientiert,adjective,B2
rechtspflege,noun,C2
rechtspflicht,noun,C1
rechtsprechung,noun,C1
rechtsproblem,noun,B1
rechtsradikalismus,noun,B2
rechtsstaat,noun,C2
rechtssystem,noun,B1
rechtsverkehr,noun,C1
rechtswidrig,adjective,C1
rechtswissenschaft,noun,B2
rechtwinklig,adjective,C1
rechtzeitig,adjective,A2
recht|rechte,noun,B2
recht|rechts,adjective,C1
recken,other,C1
record,noun,A1
recyceln,other,A2
recycling,noun,C2
recyclingbemühung,noun,C2
redakteur,noun,C2
redakteurin,noun,A2
redaktion,noun,A2
redaktionell,adjective,B2
redaktionsbüro,noun,A1
redbirds,adjective,C2
rede,noun,C1
redeanlässe,noun,C2
redemittel,noun,B1
redemitteln,noun,B2
reden,other,A2
redend,adjective,C1
redensart,noun,C1
redepartikeln,noun,C1
redeschwall,noun,C2
redetext,noun,C2
redewendung,noun,C1
redezeit,noun,C1
rede|reden,noun,C2
redeängsten,noun,B2
redigieren,other,C2
redlich,adjective,B2
redner,noun,C2
rednerin,noun,C2
rednerpult,noun,C2
redselig,adjective,C1
redt,other,C1
reduktion,noun,C1
reduzieren,other,B2
reduziert,adjective,C1
reduzierung,noun,B2
reeder,noun,B1
reeperbahn,noun,B1
referat,noun,B1
referendum,noun,C2
referent,noun,C1
referenz,noun,B1
referenzrahmen,noun,B2
reflektieren,other,C1
reflektorenlampen,noun,C2
reflex,noun,C2
reflexbewegung,noun,C1
reflexion,noun,C2
reflexiv,adjective,B2
reform,noun,B2
reformation,noun,C1
reformationsschriften,noun,B2
reformator,noun,B2
reformbedürftig,adjective,C2
reformerisch,adjective,C2
reformieren,other,C2
reformierend,adjective,C2
reformpädagogik,noun,C2
reformuniversität,noun,B2
refrain,noun,A1
regal,noun,A2
rege,adjective,B2
regel,noun,B2
regelfall,noun,B2
regelkenntnis,noun,C2
regelkonform,adjective,C2
regellos,adjective,C2
regellosigkeit,noun,C2
regelmaßig,adjective,C1
regelmäßig,adjective,A2
regelmäßige,noun,B1
regeln,other,B1
regelnd,adjective,C1
regelrecht,adjective,C1
regelschmerz,noun,C2
regelschule,noun,C2
regelschullehrer,noun,C1
regelsystem,noun,C2
regelung,noun,C1
regelungsanlagen,noun,B2
regelungstechnik,noun,B2
regelverstoß,noun,B2
regelwerk,noun,B2
regelübertretung,noun,B2
regen,noun,A1
regen,other,A2
regenbogen,noun,B2
regenerativ,adjective,C1
regenerieren,other,C2
regeners,noun,C1
regenfall,noun,C1
regenhülle,noun,B2
regenjacke,noun,B1
regenjoeke,noun,A1
regenmantel,noun,C1
regenperiode,noun,C2
regenschauer,noun,A2
regenschirm,noun,A1
regenschutz,noun,C1
regent,noun,C1
regentag,noun,B2
regentropfen,noun,C2
regentschaft,noun,B2
regenwald,noun,C2
regenwaldsterben,noun,B2
regenwasser,noun,C1
regenwurm,noun,B2
reggae,noun,C1
reggaeton,noun,B2
regia,noun,B2
regie,noun,B1
regieren,other,B2
regierend,adjective,B1
regierende,noun,A2
regierung,noun,B2
regierungschef,noun,B1
regierungschefin,noun,C1
regierungsdelegation,noun,B2
regierungsgebäude,noun,A1
regierungskreis,noun,C1
regierungsmehrheit,noun,C1
regierungsmitglied,noun,C1
regierungspartei,noun,C1
regierungspolitik,noun,A2
regierungssitz,noun,B2
regierungssprecher,noun,B2
regierungssprecherin,noun,B2
regierungsviertel,noun,A1
regierungszeit,noun,B2
regime,noun,C2
regime-gegner,noun,B1
regiolekt,noun,C1
region,noun,B1
regional,adjective,B1
regionalbüro,noun,C1
regionaldirektor,noun,C2
regionale,noun,B1
regionalkrimis,noun,C1
regionalschule,noun,B1
regionalsender,noun,C1
regionalsprachliche,adjective,A2
regionaltypischen,adjective,C1
regisseur,noun,B2
regisseurin,noun,B1
register,noun,C2
registrieren,other,B1
registriert,adjective,C1
reglementieren,other,B1
regler,noun,A2
regnen,other,A1
regnerisch,adjective,C1
regulativ,noun,C2
regulieren,other,C2
regulär,adjective,C2
regung,noun,C1
reh,noun,B1
rehaklinik,noun,A2
rehbein,noun,C1
reiben,other,C1
reibungslos,adjective,C1
reich,adjective,B1
reich,noun,C2
reichen,other,B1
reichend,adjective,C1
reichern,other,C1
reichhaltig,adjective,B1
reichhaltigen-frühstücksbuffet,noun,C2
reichlich,other,B2
reichsgraf,noun,C1
reichshauptstadt,noun,C1
reichsmark,noun,B2
reichsstadt,noun,C2
reichstag,noun,A1
reichstagsgebäude,noun,B2
reichstagskuppel,noun,B2
reichstagsufer,noun,C2
reichtagsgebäude,noun,A2
reichtum,noun,C2
reichweite,noun,C2
reich|reiche,noun,B2
reich|reiche|reichen,noun,C2
reif,adjective,B1
reife,noun,C2
reifen,noun,A2
reifen,other,B2
reifendruck,noun,B1
reifenpanne,noun,A1
reifeprüfung,noun,B2
reihe,noun,B2
reihen,other,C2
reihenfolge,noun,B1
reihenhaus,noun,A1
reihum,adverb,B1
reim,noun,C1
reimwort,noun,C1
rein,adjective,B1
rein,adverb,C1
rein,other,A2
reinbeker,noun,C1
reine,noun,C1
reinform,noun,C1
reingehen,other,B1
reinhaltung,noun,C1
reinhauen,other,C2
reinheit,noun,B2
reinhören,noun,B2
reinigen,other,C1
reinigend,adjective,C2
reinigung,noun,B1
reinigungsbemühungen,noun,C2
reinigungsbetrieb,noun,C1
reinigungsgerät,noun,B1
reinigungsgewerbe,noun,C1
reinigungskraft,noun,A2
reinigungsleistern,noun,B1
reinknien,other,C1
reinkommen,other,A2
reinlich,adjective,C2
reintegration,noun,C1
reis,noun,A1
reise,noun,A2
reiseallianz,noun,B1
reiseanbieter,noun,B2
reiseangebot,noun,B1
reiseantritt,noun,B2
reiseatlas,noun,B2
reisebedingung,noun,B2
reisebeginn,noun,B2
reisebegleiter,noun,B2
reisebericht,noun,A1
reisebus,noun,A2
reisebüro,noun,A1
reiseerinnerung,noun,C2
reiseerlebnis,noun,A2
reisefreiheit,noun,A2
reisefreudig,adjective,A1
reisefreudigkeit,noun,A2
reiseführer,noun,A2
reisegeschichte,noun,B1
reisegruppe,noun,C1
reisekasse,noun,C2
reisekisten,noun,B2
reisekosten,noun,B1
reisekrankheiten,noun,C1
reiseland,noun,B2
reiseleistung,noun,B2
reiseleiter,noun,C2
reiseleiterin,noun,B2
reiseleiterinnen,noun,B2
reiseleiterjob,noun,B2
reiseleitung,noun,C1
reiseliteratur,noun,A2
reisemangel,noun,B1
reisemöglichkeit,noun,B1
reisen,noun,A1
reisen,other,A1
reisend,adjective,B1
reisende,noun,B2
reisepaket,noun,B2
reisepass,noun,A2
reiseplan,noun,B1
reiseplanung,noun,B2
reisepreis,noun,B2
reiseprospekt,noun,C2
reiseproviant,noun,C2
reiserecht,noun,B2
reiseroute,noun,B1
reiserücktrittsversicherung,noun,C1
reisetagebuch,noun,A2
reisetasche,noun,B1
reisetermins,noun,B2
reisetip,noun,A2
reisetrend,noun,B2
reisetrends,noun,A1
reisetyp,noun,B1
reiseunternehmen,noun,A2
reiseveranstalter,noun,B2
reiseverbindung,noun,B1
reiseverkehr,noun,B2
reiseverkehrskauffrau,noun,A1
reiseverkehrskaufleute,noun,A1
reisevermittler,noun,B2
reisevertrag,noun,B2
reisevorbereitung,noun,C1
reisewut,noun,B2
reiseziel,noun,A1
reise|reisen,noun,A1
reisgericht,noun,B1
reiten,noun,B2
reiten,other,C2
reiter,noun,B1
reiterstadt,noun,A2
reithalle,noun,B1
reitkurse,noun,B1
reitlehrerin,noun,C2
reitpferd,noun,A2
reitschule,noun,B1
reitschüler,noun,C2
reitsport,noun,B2
reitwagen,noun,C1
reiz,noun,C2
reizbar,adjective,C2
reizbarkeit,noun,C2
reizen,other,C1
reizend,adjective,C1
reizvoll,adjective,C1
reizvoll-ungewöhnlichen,adjective,C2
reizweiterleitung,noun,C2
reiz|reizen,noun,C1
reizüberflutung,noun,C2
reißen,other,C1
reißend,adjective,C2
reißer,noun,C2
reißfest,adjective,B2
reißverschluss,noun,B2
reklamation,noun,A2
reklamationsfall,noun,B2
reklamationsschein,noun,A2
reklame,noun,B1
reklamekampagnen,noun,C1
reklamieren,other,A2
rekonstruieren,other,B1
rekonstruktion,noun,C2
rekord,noun,C1
rekorder,noun,B1
rekordpreis,noun,C1
rekordquote,noun,B2
rekordverdächtig,adjective,C2
rekordzeit,noun,B1
rekrutieren,other,C2
relais,noun,C1
relations,noun,C1
relativ,adjective,C1
relativieren,other,C1
relativitätstheorie,noun,B2
relativpronomen,noun,B2
relativsatz,noun,B1
relaxen,noun,B2
relaxen,other,C2
relevant,adjective,C2
relevanz,noun,C2
religion,noun,C1
religionszugehörigkeit,noun,B2
religiosität,noun,B2
religiös,adjective,C2
relikt,noun,C2
reling,noun,B1
reminiszenz,noun,C2
remix,noun,A1
remonds,noun,C1
remoulade,noun,B2
ren,noun,A2
renaissance,noun,C1
renaissance-wandmalereien,noun,B2
renaissancegemälde,noun,B2
renaturisierung,noun,C2
rendezvous,noun,C2
rendite,noun,C2
renitenztheater,noun,C1
renke,noun,A1
renkens,noun,A1
rennauto,noun,B2
rennbahn,noun,B2
rennen,noun,C2
rennen,other,A2
renner,noun,B2
rennert,noun,A2
rennfahrer,noun,B2
rennfahrerbettwäsche,noun,B2
rennpappe,noun,C1
rennpferd,noun,B1
rennwagen,noun,C2
renommee,noun,C1
renommieren,other,C1
renommiert,adjective,C1
renovieren,noun,B2
renovieren,other,A2
renoviert,adjective,C1
renovierung,noun,B1
renovierungsarbeit,noun,A1
renovierungsbedürftig,adjective,C2
renovierungsmaßnahme,noun,A2
renschler,noun,A1
rentabel,adjective,C2
rente,noun,A2
rentenalter,noun,C1
rentenbeginn,noun,A2
rentenbeitrag,noun,C1
rentenkasse,noun,B2
rentenmodell,noun,C2
rentensystem,noun,C1
rentenversicherung,noun,C1
rentner,noun,A2
rentner-ehepaar,noun,B1
rentnerin,noun,A2
reorganisation,noun,B2
repair,adjective,C1
reparatur,noun,A1
reparaturkapazitäten,noun,C1
reparaturservice,noun,B2
reparaturwillige,noun,C1
reparieren,noun,B2
reparieren,other,A1
repertoire,noun,C1
repetieren,other,C2
replaced-dns,noun,A2
replaced-dns,other,A1
replaced-email,noun,A2
replaced-url,adjective,A2
report,noun,C1
reportage,noun,B2
reporter,noun,A1
reporterin,noun,A1
reporterteam,noun,A2
reporting,noun,C2
repression,noun,C2
reproduktion,noun,C2
reproduzieren,other,C2
repräsentant,noun,C1
repräsentanz,noun,B2
repräsentativ,adjective,C2
repräsentieren,noun,C1
repräsentieren,other,C2
reptil,noun,C2
republik,noun,B1
reputation,noun,C2
requiem,noun,C2
requisit,noun,C1
requisite,noun,B1
requisitenkammer,noun,B1
rer,other,B2
reservat,noun,C2
reserve,noun,C1
reservieren,other,A1
reserviert,adjective,B1
reservierung,noun,B2
reservierunggabteilung,noun,C1
reservierungsbestätigung,noun,B1
residenz,noun,C1
residenzstädte,noun,B2
residieren,other,B2
residuum,noun,C2
resignation,noun,C2
resignieren,other,C1
resigniert,adjective,C2
resistance-kämpfer,noun,B2
resonanz,noun,C1
resource,noun,C2
respekt,noun,A2
respektabel,adjective,C1
respektieren,other,B1
respektiv,adjective,C2
respektvoll,adjective,C2
responsible,noun,C1
ressentiment,noun,C1
ressortleiter,noun,C1
ressource,noun,C1
ressourceneinsatz,noun,C2
ressourcenschonend,adjective,B2
rest,noun,C1
restauranfführer,noun,B2
restaurant,noun,A1
restaurantbesitzer,noun,B1
restaurantbesuchern,noun,B2
restaurantinhaberin,noun,B1
restauratorin,noun,A2
restauriere,other,B2
restaurierende,adjective,C2
restauriert,adjective,B1
restaurierung,noun,C1
resteessen,noun,A1
restitution,noun,C2
restlich,adjective,B1
restlos,adjective,A2
restmüll,noun,B1
restrisiko,noun,B2
restzahlung,noun,B2
restäurant,noun,A1
resultat,noun,C2
resultieren,other,C2
resultierend,adjective,C2
resümee,noun,B2
retina,noun,C1
retortenbaby,noun,C1
retriever,noun,C1
retrievermädchen,noun,B1
rette,noun,B2
retten,other,C2
retter,noun,C2
rettung,noun,C2
rettungsarbeit,noun,B2
rettungsdienst,noun,B2
rettungshubschrauber,noun,C2
rettungslos,adjective,B2
rettungsmannschaft,noun,C2
rettungsteam,noun,A1
rettungswagen,noun,B1
retweetet,other,B1
retweets,noun,B1
retzlaff,noun,B1
reue,noun,C2
revidieren,other,C1
revier,noun,B1
revierförster,noun,C1
revolution,noun,C2
revolutionieren,other,B2
revolutionär,adjective,C1
revue,noun,C1
rezensieren,other,B2
rezension,noun,C1
rezept,noun,A1
rezeption,noun,A1
rezeptionist,noun,B2
rezeptionistin,noun,B2
rezeptiv,adjective,A2
rezeptor,noun,C2
rezeptorentypen,noun,C2
rezeptur,noun,B2
rezession,noun,C1
rezipient,noun,C2
rezitieren,other,C1
reüssieren,other,C2
rhapsodie,noun,B2
rhein-gebiet,noun,A2
rhein-herne-kanal,noun,B1
rhein-main-airport,noun,A1
rheinfahrt,noun,A2
rheinfall,noun,A2
rheinfels,noun,B1
rheinisch,adjective,A2
rheinkönigs,noun,B1
rheinlandpfälzisch,adjective,A2
rheinlandschaft,noun,B1
rheinländer,noun,A1
rheinseite,noun,B1
rheintal,noun,B1
rheinweg,noun,A2
rhetorik,noun,C2
rhetorisch,adjective,C2
rheuma,noun,C1
rheumatisch,adjective,C2
rhyfall,noun,A2
rhythmik,noun,C1
rhythmisch,adjective,C2
rhythmus,noun,C2
rhythmusgefühl,noun,C1
rhythmusgruppe,noun,C1
rhätischen,noun,B1
richten,noun,C2
richten,other,C2
richter,noun,C1
richter-fenster,noun,A2
richterin,noun,A2
richterspruch,noun,C2
richtig,adjective,A2
richtige,noun,A2
richtigen,noun,C2
richtiger,noun,C2
richtigkeit,noun,C1
richtigstellen,other,C1
richtigstellung,noun,C1
richtlinie,noun,C2
richtschnur,noun,C2
richtung,noun,A1
richtungswechsel,noun,C1
richtwert,noun,C2
ridet,noun,A1
riechen,noun,C1
riechen,other,A2
riechend,adjective,B2
riechsinn,noun,C1
riechzellen,noun,C1
riege,noun,B2
riegel,noun,B2
riegeln,other,C1
riehen,adjective,C1
riemannstraße,noun,A1
riemen,noun,A2
riese,noun,C1
rieseln,other,B2
riesenaufwand,noun,C2
riesengroß,adjective,C1
riesenkarton,noun,C1
riesenrad,noun,A1
riesenrat,noun,A1
riesenstollen,noun,C1
riesenvogel,noun,C1
riesig,adjective,B1
riff,noun,C2
riffeln,other,C2
rikscha,noun,A1
rilke-projekt,noun,B2
rillt,other,B2
rimski-korsakow-konservatorium,noun,B2
rind,noun,A2
rinderbraten,noun,B1
rinderfett,noun,B2
rinderkennzeichnungsgesetz,noun,C1
rinderknecht,noun,B2
rinderseuche,noun,C1
rinderwahn,noun,C1
rindfleisch,noun,C1
rindfleischetikettierungsüberwachungsaufgabenübertragungsgesetz,noun,C1
rindfleischgerichte,noun,B2
rinds-bouillon,noun,B2
ring,noun,B2
ringelblume,noun,C1
ringelpullunder,noun,B1
ringeltaube,noun,C1
ringen,other,C2
ringkämpfer,noun,C1
ringmuskel,noun,C1
ringsum,adverb,C2
ringwerfen,noun,B1
ring|ringen,noun,B2
rink,noun,B2
rinnen,other,B2
rinnsal,noun,C2
rinspeed,other,B2
rippenbiest,noun,C2
rippenbruch,noun,A1
risaliten,noun,C2
risiko,noun,C1
risikoaktien,noun,B2
risikobereitschaft,noun,C1
risikobewertung,noun,C1
risikofaktor,noun,B2
risikoforscher,noun,C1
risikoforschung,noun,C1
risikofreudig,adjective,B1
risikogruppe,noun,C1
risikopotenzial,noun,C2
risikoreich,adjective,C2
risikotyp,noun,C1
risikoverhalten,noun,C1
riskant,adjective,C2
riskieren,other,B1
riss,noun,C2
rita,noun,A1
ritalin,noun,C2
ritter,noun,C2
ritter-zimmer,noun,C2
ritterburg,noun,C2
ritterkostüme,noun,C2
ritterzeiten,noun,C2
ritual,noun,B2
ritualisierte,adjective,C2
ritzen,other,B2
ritze|ritzen,noun,C2
rivalität,noun,C2
road,noun,B2
roadmovies,noun,C2
robbe,noun,B2
robeat,noun,C1
robert-koch-institut,noun,C2
robert-kochinstitut,noun,C1
robinsonalter,noun,C2
roboter,noun,C1
roboter-auto,noun,B2
roboter-autos,noun,B2
roboterfahrzeugen,noun,C1
roboterfahrzeugs,noun,C2
roboterpuppe,noun,C1
robotische,adjective,C2
robust,adjective,B2
rock,noun,A1
rock'n'roll-tanzclub,noun,B2
rockband,noun,B2
rocken,other,C1
rocker,noun,C2
rockig,adjective,B2
rockigen,adjective,C1
rockkonzert,noun,C1
rockmusik,noun,A1
rockmusik-fan,noun,A1
rockmusiker,noun,B2
rockund,noun,A2
roennefahrt,noun,B2
roggenmehl,noun,C2
roh,adjective,B1
rohkost,noun,B2
rohkostler,noun,C2
rohland,noun,C1
rohr,noun,C1
rohrschach,noun,A2
rohstoff,noun,C1
rohstoffeinkauf,noun,C1
rohstoffverknappung,noun,C2
rohstoffvorrat,noun,C1
rohwarenlager,noun,B2
rohöl,noun,C1
roland-zu-bremen-oberschule,noun,C1
rolex,adjective,A1
rollband,noun,B1
rolle,noun,B2
rollen,other,C2
rollenarbeit,noun,C1
rollenbild,noun,A2
rollenkarten,noun,B2
rollenkoffer,noun,B2
rollenspiel,noun,B1
rollenspieler,noun,B2
rollentausch,noun,B2
rollentausche,noun,B2
rollentausches,noun,B2
rollenverständnis,noun,C2
rollenverteilung,noun,C2
rollenwechsel,noun,B2
rollenzuweisung,noun,C1
rollkoffern,noun,B1
rollkragenpullover,noun,A1
rollschuh,noun,A2
rollstuhl,noun,B1
rollstuhlfahrer,noun,A2
rollstuhlfahrerin,noun,A2
rollstuhlgerecht,adjective,B1
rolltreppe,noun,A2
roman,noun,C1
romanautor,noun,C2
romance,noun,C2
romanheld,noun,C1
romanheldin,noun,C1
romanicum,noun,C2
romanistik,noun,C1
romantik,noun,C2
romantiker,noun,C2
romantikwochenende,noun,B2
romantisch,adjective,B1
romantisch,noun,B1
romantische,noun,C2
romantisierend,adjective,C2
romanvariante,noun,C1
romanze,noun,C2
rome,other,C2
ronnebach,noun,B1
rooms,noun,C2
rosa,adjective,A1
rosa,noun,A1
rosafarben,adjective,B2
rose,noun,B1
rosenberg,noun,A2
rosenmontag,noun,A2
rosenmontagszug,noun,A2
rosenstock,noun,A1
rosenwasser,noun,C2
rosine,noun,B2
rosinenbomber,noun,C1
rosmarin,noun,C2
rosmarinkartoffeln,noun,B2
ross,noun,B2
rosten,other,C1
rostfrei,adjective,C2
rostig,adjective,C2
rostocker,noun,C1
roststelle,noun,B1
rot,adjective,A2
rot,noun,C2
rot-grün-schwäche,noun,C1
rot-grüne,noun,B2
rot-weiß,adjective,A1
rotation,noun,B2
rotationsenergie,noun,C1
rotbraun,adjective,C2
rote,noun,B2
rotempfindlichen,adjective,C1
rotempfindlichen,noun,C1
roten,adjective,A2
rotfilters,noun,C1
rothner,noun,B1
rothsee,noun,C1
rotieren,other,C1
rotkohl,noun,A1
rotkraut,noun,C1
rotor,noun,B2
rotterdamer,noun,B2
rotwandhaus,noun,C1
rotwein,noun,B1
rotwein-trinkern,noun,B2
rotwerden,noun,B1
rotzen,other,C1
rotzler,noun,B2
rot|rote,noun,C2
rouge,noun,B2
roulette-tisch,noun,C2
rourke,noun,B2
route,noun,C2
routenverlauf,noun,B2
routine,noun,B1
routinemethoden,noun,C1
routineoperation,noun,C2
routiniert,adjective,C1
royal,adjective,B2
rpreiswerte,adjective,B2
rrramm,noun,B1
rtl-hauptnachrichten,noun,C2
rub,noun,B2
rub-studierenden,noun,B2
rubin,noun,B2
rubrik,noun,B2
ruch,noun,C2
ruckartig,adjective,C1
ruckgang,noun,B2
rucksack,noun,A2
rucksacktourist,noun,C2
rucksacktyp,noun,B2
ruckzuck,adverb,B1
rudel,noun,B1
ruder,noun,C2
ruderboot,noun,B1
ruderer,noun,C1
rudern,other,A2
ruderverein,noun,B2
ruf,noun,B2
rufbereitschaft,noun,A2
rufen,other,A1
rufend,adjective,B2
rufnummer,noun,B1
ruf|rufen,noun,B1
rugby,noun,B2
ruhe,noun,A1
ruhebereiche,noun,B2
ruhekissen,noun,B2
ruhen,other,C2
ruhepause,noun,C1
ruhephase,noun,C1
ruhephause,noun,B2
ruheraum,noun,A2
ruhestand,noun,C2
ruhetag,noun,A2
ruhezeit,noun,A1
ruhig,adjective,A1
ruhigere,noun,C2
ruhigstellen,other,C2
ruhm,noun,B2
ruhr-universität,noun,C2
ruhr.2010,noun,A2
ruhrfestspiel,noun,B1
ruhrfilmtagen,noun,B1
ruhrgebiet,noun,B1
ruhrgebiets,noun,B1
ruhrpott,noun,B1
ruhrtal,noun,B2
ruin,noun,C2
ruinieren,other,C2
rum,adverb,C2
rum,other,B1
rumbrüllen,noun,C1
rumhantieren,other,C2
rumhüpfen,other,B1
rummel,noun,B1
rummelplatz,noun,B1
rumoren,other,C1
rumpelstilzchen,noun,C2
rumpf,noun,B2
rumschleuderte,other,B2
rumstehen,other,B1
rumtreiben,other,C2
rumwursteln,noun,C2
rumänisch,adjective,A2
run,noun,B2
run,other,C2
rund,adjective,A2
rund,adverb,B1
rund,noun,B1
runde,noun,C1
runden,other,B2
rundfliegen,adjective,C1
rundflug,noun,C1
rundfunk,noun,B2
rundfunk-aufsichtsbehörde,noun,B2
rundfunkanstalt,noun,B1
rundfunkgebühr,noun,B1
rundfunkgebühren,adjective,A2
rundfunkmuseum,noun,A1
rundfunkveranstalter,noun,C1
rundgang,noun,A2
rundlich,adjective,B2
rundreise,noun,C1
rundschau,noun,B2
rundum,adverb,A2
rundum-blick,noun,A1
rundumbeschallung,noun,C1
rundung,noun,B2
runter,adverb,A2
runter,other,C2
runter-,other,B2
runterbeten,other,C1
runterbringen,other,B1
runtergehen,other,C1
runterklettern,other,A2
runterladen,other,A2
runtertragen,other,C1
runzelig,adjective,B2
runzeln,other,C1
rupfen,other,C2
ruppig,adjective,C1
rusler,noun,B1
russe,noun,C2
russenhaus,noun,B1
russin,noun,A2
russisch,adjective,A2
russisch,noun,A1
russisch-sibirischen,adjective,B1
russische,noun,C1
ruster,noun,B1
rustikal,adjective,B2
rustikal-elegante,adjective,B2
rute,noun,A2
rutsch,noun,C1
rutschen,other,B1
rußig,adjective,C2
rußland,noun,B2
rwch,adjective,B2
rächen,other,C1
räkelten,adjective,C1
rätoromanisch,adjective,B2
rätsel,noun,C1
rätselhaft,adjective,B1
rätselhefte,noun,B1
rätseln,other,C1
rätselwelt,noun,B1
rätsel|rätseln,noun,C2
räuber,noun,C2
räuber|räubern,noun,C1
räucherei,noun,C1
räumen,other,A1
räumlich,adjective,C1
räumlichkeit,noun,C2
räuspern,other,C1
réverbéres,noun,C2
röchelnder,adjective,C1
röhnert,noun,B2
röhre,noun,B2
röhrens,noun,B2
römer,noun,B2
römerstadt,noun,A2
römerzeit,noun,B2
römisch,adjective,C1
römisch-germanische,noun,A2
römisch-katholisch,adjective,C1
röntgen,noun,B2
röntgenaufnahme,noun,C1
röntgenfotografie,noun,B2
röntgenschirm,noun,C1
röntgenstrahl,noun,B2
rösten,other,C2
rösti,noun,A1
röte,noun,B1
rötlich,adjective,C1
rübe,noun,A2
rüber,other,A2
rübergehen,other,C1
rüberkommen,other,C2
rückbank,noun,A1
rückbesinnung,noun,C2
rückblick,noun,B2
rückblickend,adjective,C2
rückeabe,noun,A2
rücken,noun,A1
rücken,other,B2
rücken-,other,B2
rückenhöhe,noun,C1
rückenkursen,noun,B1
rückenmark,noun,C2
rückenmarkinfusion,noun,C2
rückenproblem,noun,C2
rückenschmerz,noun,A1
rückenschulen,noun,B2
rücker,noun,C1
rückfahrt,noun,A1
rückfahrtzeit,noun,A2
rückflug,noun,B2
rückfrage,noun,B1
rückgabe,noun,A2
rückgaberecht,noun,B1
rückgang,noun,B1
rückgrat,noun,C1
rückgriff,noun,C1
rückgängig,adjective,C1
rückhalt,noun,C2
rückkehr,noun,B1
rücklings,adverb,B1
rückläufig,adjective,B2
rückmeldung,noun,B2
rückruf,noun,C2
rückschlag,noun,C2
rückschluss,noun,C1
rückschritt,noun,C1
rückseite,noun,A2
rücksicht,noun,C2
rücksichtnahme,noun,C2
rücksichtslos,adjective,C2
rücksichtslosigkeit,noun,C1
rücksichtsvoll,adjective,C1
rückspiegel,noun,C2
rücksprache,noun,C1
rückstand,noun,C1
rückstufung,noun,C2
rückständig,adjective,C2
rücktritt,noun,C2
rücktrittskosten,noun,B2
rücktrittsmöglichkeiten,noun,B2
rückversichern,other,C1
rückversicherungsriese,noun,C1
rückweg,noun,C1
rückwärts,adverb,B2
rückzahlquote,noun,C2
rückzahlquoten,noun,C2
rückzahlung,noun,C2
rückzug,noun,B2
rückzugsgebiet,noun,C1
rüde,noun,C2
rügen,noun,A2
rüge|rügen,noun,A2
rühle,noun,B1
rühmen,other,C1
rührei,noun,A2
rühren,other,C1
rührender,adjective,C1
rührmaschine,noun,C2
rülpsen,noun,A2
rüsten,other,C2
rüstig,adjective,C2
rüstung,noun,C2
rüstungsaufkommen,noun,C2
rüther,noun,A1
rüttelkissen,noun,C1
rütteln,other,C1
s,noun,C2
s-bahn,noun,A1
s-bahn-linie,noun,B2
s-bahnhof,noun,B2
s-bahnverkehr,noun,C1
s-bahn‚,noun,B1
s-zapfen,noun,C1
s.0.s,adjective,A2
sa,adjective,C2
sa,other,B2
saal,noun,B1
saaldiener,noun,B1
saarlorlux,noun,A1
saarländisch,adjective,C1
saas-fee,noun,A2
sabine,noun,A2
sabotieren,other,A2
sachbearbeiter,noun,A1
sachbearbeiterin,noun,A2
sachbeschädigung,noun,B1
sachbuch,noun,C1
sache,noun,A1
sacher-torte,noun,B2
sacher-würfel,noun,B2
sachertorte,noun,A2
sachfrage,noun,C2
sachgebiet,noun,C1
sachkosten,noun,A2
sachkundig,adjective,B2
sachleistung,noun,C1
sachlich,adjective,B1
sachlichkeit,noun,B2
sachproblem,noun,C1
sachse,noun,C1
sachtext,noun,A2
sachthema,noun,C2
sachverhalt,noun,B2
sachverstand,noun,C2
sachverständige,noun,C1
sack,noun,A2
sacken,other,B1
sackhüpfen,noun,B1
safe,noun,C2
safran,noun,C1
saft,noun,A1
saft-,other,B2
saftig,adjective,B2
saftige,noun,B2
sag,noun,B1
sagen,other,A1
sagenalter,noun,C2
sagenhaft,adjective,B2
sage|sagen,noun,A1
sahelzone,noun,B2
sahne,noun,A1
sahnepulver,noun,B1
sahnesee,noun,A2
sahnesoße,noun,A1
sahnetorte,noun,B2
sahnig,adjective,B1
saison,noun,B2
saisonal,adjective,A2
saisonanfang,noun,B2
saisonangebot,adverb,A1
saisonarbeiter,noun,C1
sakkadische,adjective,C1
sakko,noun,A2
salami,noun,A1
salamibrot,noun,B2
salamitechnik,noun,B1
salat,noun,A1
salatgurke,noun,B1
salatplatte,noun,B2
salatsoße,noun,B1
salatteller,noun,A1
salbe,noun,A1
salbei,noun,A1
salbeibonbons,noun,C1
salbeitee,noun,C2
salbeizubereitungen,noun,C1
salbe|salben,noun,C1
salesfoldern,noun,B1
salmonelle,noun,C1
salon,noun,A2
salopp,adjective,C1
salsa,noun,A1
salsa-bar,noun,A1
salsa-musik,noun,B1
salsakurs,noun,B1
salto,noun,B2
salz,noun,A1
salzburger,adjective,B2
salzen,other,B1
salzgebäck,noun,C1
salzgewinnung,noun,C1
salzhaff,noun,A2
salzig,adjective,A2
salzige,noun,A2
salzkartoffel,noun,B2
salzschaum,noun,B2
salzwasser,noun,C1
salzwasserkrokodilen,noun,C1
salär,noun,C1
sam,other,B2
samba,noun,A2
samba-umzüge,noun,A2
sambamusik,noun,A2
same,noun,C1
samenbomben,noun,C2
samenkrümeln,noun,C2
sammelbehälter,noun,C1
sammelgebieten,noun,B2
sammeln,noun,B2
sammeln,other,B1
sammelstelle,noun,C2
sammelsurium,noun,C2
sammeltätigkeit,noun,B2
sammler,noun,C1
sammlerin,noun,B1
sammlerobjekt,noun,B2
sammlerstück,noun,B2
sammlung,noun,C1
samsonite-koffer,noun,B2
samstag,noun,A1
samstagabend,noun,A1
samstagmorgen,noun,C2
samstags,adverb,A2
samstagsarbeit,noun,A2
samstagskurs,noun,B1
samt,preposition,C1
samtkleid,noun,B1
san,adjective,B2
sand,noun,B2
sandale,noun,C2
sandbaden,noun,C1
sandbockelweg,noun,C1
sandig,adjective,A1
sandmännchen,noun,C1
sandpapier,noun,B2
sandstein,noun,C2
sandstrand,noun,C2
sandweg,noun,B1
sandwich,noun,A1
sanft,adjective,B2
sanften,noun,C1
sanftmut,noun,C1
sangerin,noun,B2
sanieren,other,C2
saniert,adjective,B2
sanierung,noun,C2
sanierungsarbeit,noun,B2
sanierungskonzept,noun,B2
sanierungsprojekt,noun,B2
sanitär,adjective,C1
sanitäranlage,noun,B2
sanitäreinrichtung,noun,B2
sanitärtechnikund,noun,B1
sanitärversorgung,noun,C1
sanitäter,noun,A1
sanktionieren,other,C2
sanktionierer,noun,C2
sanskrit,noun,B2
saphir,noun,B2
sapiens,noun,C2
sapporo,noun,A1
sardelle,noun,A1
sarg,noun,B1
sari-stoff,noun,B2
sarong,noun,B2
sars,noun,C1
sat.1,noun,B2
sat.1besteht,noun,B2
satan,noun,C1
satellit,noun,C2
satellitenantenne,noun,A1
satellitenschüssel,noun,B1
satire,noun,C2
satiriker,noun,C1
satirisch,adjective,C1
satt,adjective,B2
sattel,noun,C1
satteln,other,B2
saturn-mond,noun,C2
saturn-rakete,noun,C2
satz,noun,A2
satzakzent,noun,A1
satzakzente,noun,A2
satzanfang,noun,B1
satzanfange,noun,B2
satzbau,noun,C2
satzkonstruktion,noun,B2
satzmelodie,noun,A1
satzstellung,noun,C2
satzstrukturen,noun,C1
satzteil,noun,B1
satzung,noun,C2
satzverbindung,noun,B2
satzverknüpfung,noun,C1
satzzeichen,noun,A1
sau,noun,C1
sauber,adjective,A1
sauberhaftes,noun,B1
sauberkeit,noun,A1
saudi,noun,C2
saudisch,adjective,B2
sauer,adjective,B1
sauerampferfeld,noun,B2
sauerampferwurzeln,noun,B2
sauerbraten,noun,C1
sauerbratens,noun,C1
sauerbruch,noun,C1
sauerkirsche,noun,B1
sauerkirschpüree,noun,B2
sauerkraut,noun,B1
sauerstoff,noun,C1
sauerstoffverbrauch,noun,B2
saugen,noun,C1
saugen,other,C1
sauger,noun,C1
saugleistung,noun,B1
saumagen,noun,A1
sauna,noun,A2
saunagarten,noun,B2
saunalandschaft,noun,C1
saunaoase,noun,B2
saunawelt,noun,B2
saure,noun,A1
saurierartige,adjective,C1
sausen,other,C2
savants,noun,A2
savoyischen,adjective,C2
saxofon,noun,A1
saxofonist,noun,A2
saxophon,noun,A1
sayonara,noun,A2
sbz,noun,C1
scala,noun,B2
scammer,noun,C2
scammern,noun,C2
scan,noun,B2
scannen,other,A2
scanner,noun,A2
scanner-funktion,noun,A2
scannte,other,C2
schach,noun,A1
schachbrett,noun,A2
schachbrettblume,noun,C2
schachclub,noun,A2
schachenschloss,noun,B1
schachgenie,noun,C2
schachspiel,noun,B2
schachspieler,noun,C2
schacht,noun,C2
schachtel,noun,A2
schade,adjective,A1
schaden,noun,C1
schaden,other,B2
schadenfroh,adjective,C1
schadensbekämpfung,noun,C2
schadensfall,noun,B1
schadenspotenzial,noun,C1
schadensrelevanten,adjective,C1
schadensstatistik,noun,C1
schadensstatistiken,noun,C1
schadhaft,adjective,B2
schadprogrammen,noun,B2
schadsoftware,noun,B2
schadstoff,noun,C2
schadstoff-höchstgrenzen,noun,C1
schadstoffbegrenzung,noun,C2
schadstoffbelastung,noun,B1
schadstoffpartikeln,noun,C2
schaf,noun,B1
schaffelhuber,noun,B2
schaffem,adjective,B2
schaffen,noun,C2
schaffen,other,A2
schaffenskraft,noun,C2
schaffensperiode,noun,B2
schaffer,noun,C1
schaffner,noun,A1
schaffts,noun,C1
schaffung,noun,C2
schafskopfhörer,noun,C2
schafskäse,noun,A1
schaften,noun,A2
schal,noun,A2
schale,noun,A1
schalenkofler,noun,B2
schalen|schalten,other,A2
schalk,noun,B1
schall,noun,C2
schalldicht,adjective,C1
schallen,other,B2
schallgedämpft,adjective,C1
schallisoliert,adjective,B2
schallplatte,noun,C2
schallquelle,noun,C2
schalten,other,A2
schalter,noun,A1
schaltgetriebe,noun,A2
schaltkreis,noun,C1
schaltstelle,noun,C2
schaltung,noun,C1
schaltzentrale,noun,C2
scham,noun,C2
schamane,noun,C1
schamlos,adjective,C1
schande,noun,C1
schanktisch,noun,C1
schanzenviertel,noun,A2
schar,noun,C2
scharf,adjective,B2
scharf,other,B1
scharfe,noun,A2
scharfkantig,adjective,C2
scharnier,noun,C2
schatten,noun,B2
schattenseite,noun,C2
schattig,adjective,B1
schatz,noun,A2
schatzfunde,noun,C2
schatzjäger,noun,C2
schatzsuche,noun,C2
schatzsucher,noun,C2
schatz|schätzen,noun,C2
schau,noun,A1
schaubild,noun,C1
schaubilds,noun,B2
schaubühne,noun,A1
schauder,noun,B2
schaudern,other,C1
schauen,noun,B2
schauen,other,A2
schauer,noun,C1
schauerlich,adjective,C2
schaufeln,other,C1
schaufel|schaufeln,noun,C1
schaufenster,noun,B2
schaukasten,noun,B2
schaukel,noun,A2
schaukeln,other,C1
schaulaufen,noun,C2
schaumstoff,noun,C1
schauplatz,noun,C2
schauseielhaus,noun,B2
schauspiel,noun,B1
schauspieler,noun,B1
schauspielerei,noun,A2
schauspielerin,noun,A2
schauspielerisch,adjective,C2
schauspielern,noun,A2
schauspielhaus,noun,C2
schauspielkunst,noun,C1
schauspielkünste,noun,C1
schauspielschule,noun,C1
schautafel,noun,B1
schau|schauen,noun,A2
scheck,noun,B1
scheckdaten,noun,C1
scheckig,adjective,C1
scheibe,noun,A1
scheich,noun,B1
scheichen,noun,B2
scheiden,other,A1
scheidung,noun,B2
scheidungsanwalt,noun,B2
scheidungsgrund,noun,C1
scheidungskind,noun,B2
scheidungskosten,noun,B2
scheidungsprozess,noun,B2
scheidungsrate,noun,C1
schein,noun,C2
scheinarbeit,noun,B2
scheinbar,adjective,C2
scheinbar,noun,C1
scheinehe,noun,B2
scheinen,other,B2
scheinheilig,adjective,C1
scheinmedikament,noun,C1
scheinpräparaten,noun,C2
scheinselbständigkeit,noun,C2
scheinsicherheiten,noun,C1
scheitelhöhe,noun,C1
scheiterhaufen,noun,B2
scheitern,noun,C1
scheitern,other,C1
scheiß-ausländer,noun,A2
scheiße,noun,C2
scheißen,other,B2
schemen,noun,A2
schemenlauf,noun,A2
schemmen,noun,A2
schenkel,noun,B2
schenken,other,A2
schenke|schenken,noun,C2
schenkung,noun,C2
scherbe,noun,B1
scherben-dienst,noun,B1
scherben-dienste,noun,B1
schere,noun,A1
scheren,other,B2
scherengeklapper,noun,B1
scherenschnittartige,adjective,C2
schere|scheren,noun,C1
scherf,noun,B1
scherf,other,B1
scherfs,noun,B1
scherz,noun,C1
scherzkeks,noun,C1
scheu,adjective,B1
scheu,noun,C1
scheuen,other,B2
scheune,noun,A2
scheußlich,adjective,A2
schi,noun,A1
schicht,noun,C2
schichtarbeit,noun,A2
schichtbetrieb,noun,A1
schichtdienst,noun,B2
schichtplan,noun,A2
schichtsystems,noun,C2
schichttausch,noun,A1
schick,adjective,A2
schicken,other,A1
schickimickis,noun,C2
schicksal,noun,C1
schicksalhaft,adjective,C2
schicksalhaftigkeit,noun,C2
schicksalsschlag,noun,B2
schiebedach,noun,B1
schieben,other,B1
schieber,noun,B2
schieberkasten,noun,B2
schiedsrichter,noun,A2
schiedsrichtern,noun,B2
schief,adjective,C2
schief,other,C2
schiefgehen,other,C2
schieflage,noun,C1
schieflaufen,other,B2
schielen,other,C1
schienbein,noun,C1
schiene,noun,A1
schienennetz,noun,C2
schier,adjective,C1
schießen,other,C2
schießpulver,noun,C2
schifahren,noun,A2
schiff,noun,B1
schiffbruch,noun,C1
schiffbrüchige,noun,C1
schiffe-versenken-übungen,noun,C2
schiffen,other,B1
schiffer,noun,C1
schifffahrt,noun,A1
schifffahrtswege,noun,C1
schiffsausrüstungen,noun,B2
schiffsbesatzung,noun,C2
schiffsboden,noun,B1
schiffscontainer,noun,B1
schiffsrecyclers,noun,C2
schiffsverwertung,noun,C2
schiffswaren,noun,B1
schiffszimmerer,noun,B2
schiftsschraube,noun,B2
schild,noun,A1
schildbürger,noun,B2
schildbürgerstreiche,noun,B2
schildchen,noun,C1
schildern,other,C1
schilderung,noun,C2
schildkröte,noun,C2
schild|schildern,noun,B1
schiller,noun,A1
schiller-gymnasium,noun,B1
schillerhauses,noun,B2
schillern,noun,C1
schillern,other,C1
schillerplatz,noun,A1
schillerschule,noun,B1
schillerstraße,noun,A1
schilling,noun,C1
schimanski,noun,B2
schimmel,noun,B2
schimmelpilz,noun,C1
schimmernd,adjective,C2
schimpanse,noun,C2
schimpfen,noun,A2
schimpfen,other,A2
schimpfwort,noun,A2
schinken,noun,A1
schinkenbrot,noun,A1
schinkenwürfel,noun,A1
schiphol,noun,B2
schippen,other,C2
schipper,noun,B2
schippern,other,C2
schirm,noun,A1
schirmen,other,A1
schirmer,noun,B1
schirmherr,noun,C1
schirmherrin,noun,C1
schirmherrschaft,noun,C2
schirrmacher,noun,C1
schkeuditz,noun,A1
schlachthof,noun,B2
schlachtplatte,noun,C1
schlacht|schlachten,noun,C1
schlaf,noun,B2
schlaf-wach-rhythmus,noun,B2
schlafanzug,noun,B1
schlafen,noun,A1
schlafen,other,A1
schlafend,adjective,B2
schlafengehen,noun,B1
schlaff,adjective,B2
schlafforscher,noun,B2
schlafforschern,noun,B2
schlafforschung,noun,B2
schlafforschungszentrum,adjective,B2
schlaflabor,noun,B2
schlaflied,noun,C2
schlaflos,adjective,C2
schlaflose,noun,B2
schlaflosigkeit,noun,C2
schlafmangel,noun,B2
schlafmedizin,noun,B2
schlafmediziner,noun,B2
schlafmedizinischen,adjective,B2
schlafnische,noun,B1
schlafplatz,noun,C2
schlafproblem,noun,A1
schlafraum,noun,B1
schlafrhythmen,noun,C1
schlafsack,noun,B2
schlafstube,noun,C1
schlafstunde,noun,B1
schlafstörung,noun,B2
schlaftablette,noun,A1
schlafwagen,noun,C2
schlafwandeln,noun,B2
schlafzimmer,adjective,A1
schlafzimmer,noun,A1
schlafzimmertemperatur,noun,B2
schlafzirmner,noun,B1
schlag,noun,B2
schlaganfall,noun,B2
schlagartig,adjective,C2
schlagbaum,noun,B2
schlagen,other,A2
schlager,noun,B2
schlagersanger,noun,B2
schlagersänger,noun,A1
schlagfertigkeit,noun,B2
schlagfluß,noun,C1
schlaghose,noun,B2
schlagsahne,noun,B1
schlagwort,noun,B2
schlagzeile,noun,C1
schlagzeug,noun,B2
schlagzeuger,noun,C1
schlagzeugerin,noun,B2
schlagzeuglehrer,noun,B2
schlagzeugunterricht,noun,B2
schlamassel,noun,C2
schlamm,noun,C1
schlammig,adjective,B1
schlammkur,noun,C1
schlammtümpel,noun,C2
schlange,noun,B2
schlank,adjective,B2
schlankheitskur,noun,C1
schlanksein,noun,B2
schlaraffenland,noun,C2
schlau,adjective,C1
schlauberger,noun,C1
schlaubär,noun,C1
schlaumeiertheorien,noun,C2
schlauste,noun,B1
schlecht,adjective,A2
schlecht,noun,B2
schlechte,noun,C2
schlechten,adjective,C2
schlechthin,adverb,C2
schlechtmachen,other,B2
schleckerei,noun,B1
schlegel,noun,B2
schleichen,other,C1
schleier,noun,C1
schleiermacher,noun,B2
schleiermacher-varnhagen,noun,B1
schleife,noun,B1
schleifen,noun,B2
schleifen,other,C1
schleifenblume,noun,C1
schleimhaut,noun,C1
schlemmen,noun,A2
schlemmen,other,C1
schlemmer,noun,B2
schlemmermeile,noun,B1
schleppen,other,C1
schleppend,adjective,C2
schlesier,noun,C2
schleswig-holsteinisch,adjective,B1
schletterstraße,noun,A1
schleudern,other,C2
schleuderreife,noun,B2
schleunig,adjective,B2
schleuse,noun,C1
schleusen,other,C2
schlich,noun,C1
schlicht,adjective,C1
schlichten,other,B2
schlichtung,noun,C2
schließen,noun,B2
schließen,other,A2
schließend,adjective,C1
schließfach,noun,C2
schließfachtür,noun,C2
schließlich,adverb,B1
schließung,noun,B1
schließzylinder,noun,B2
schlimm,adjective,A2
schlimme,noun,C2
schlimmere,noun,B2
schlimmste,noun,C2
schlimmstenfalls,adverb,B2
schlips,noun,B1
schlitten,noun,B1
schlittenfahrt,noun,B1
schlittenhund,noun,B1
schlittenpartys,noun,B1
schlittern,other,C1
schlittschuh,noun,C1
schloss,noun,B2
schlossanlage,noun,B2
schlossbesucher,noun,B2
schlosser,noun,B1
schlosser-,other,C1
schlosserei,noun,B1
schlossgarten,noun,B2
schlossgelände,noun,C2
schlosshof,noun,B1
schlosspark,noun,A1
schlottrige,adjective,C1
schluck,noun,A2
schlucken,other,C2
schluck|schlucken,noun,A2
schluderig,adjective,C2
schluderiger,adjective,C2
schlummer,noun,C2
schlummerlosen,adjective,B2
schlummern,other,C2
schlupfloch,noun,C1
schlurfen,noun,B2
schlurfend,adjective,C1
schluss,noun,A2
schlussbemerkung,noun,C2
schlussfolgern,other,C2
schlussfolgerung,noun,C1
schlusslicht,noun,C2
schlusspointe,noun,C1
schlusssatz,noun,B2
schlussteil,noun,C1
schlusswort,noun,C1
schläfchen,noun,B2
schläfe,noun,C2
schläfen-arterien,noun,C2
schläfer,noun,B2
schläfrig,adjective,C1
schläger,noun,A2
schlängeln,other,B2
schlösserbereich,noun,B2
schlösserland,noun,B2
schlüpfen,other,B2
schlürfen,noun,B1
schlürfen,other,A2
schlüssel,noun,B1
schlüsselbein,noun,C2
schlüsselblume,noun,C1
schlüsselbund,noun,A2
schlüsseldienst,noun,A2
schlüsselfaktor,noun,C1
schlüsselfigur,noun,C1
schlüsselinnovationen,noun,C2
schlüsselkompetenz,noun,C2
schlüsselpassage,noun,C1
schlüsselqualifikation,noun,C1
schlüsselrolle,noun,C2
schlüsselstruktur,noun,C2
schlüsseltechnologie,noun,C1
schlüsselwort,noun,C1
schlüssig,adjective,C1
schmackhaft,adjective,B2
schmal,adjective,B2
schmale,noun,C1
schmallippig,adjective,C1
schmalzig,adjective,B2
schmarotzer,noun,C1
schmarrn,noun,C1
schmatzen,noun,B1
schmatzen,other,A2
schmausen,other,C1
schmecken,noun,C1
schmecken,other,A1
schmeichelei,noun,C1
schmeichelhaft,adjective,C2
schmeichelhafte,noun,C2
schmeicheln,other,C1
schmeißen,other,C1
schmelzen,other,B1
schmelzschokolade,noun,B1
schmelztiegel,noun,C2
schmelzwasser,noun,C1
schmerz,noun,C2
schmerz-stress-kreislauf,noun,B2
schmerzarten,noun,C2
schmerzbehandlung,noun,C2
schmerzempfinden,noun,C2
schmerzen,other,C2
schmerzensschrei,noun,C2
schmerzfrei,adjective,C2
schmerzgrenze,noun,C1
schmerzhaft,adjective,C2
schmerzkontrollierenden,adjective,C2
schmerzlich,adjective,C1
schmerzlindernd,adjective,B2
schmerzlinderung,noun,C2
schmerzlos,adjective,B2
schmerzmittel,noun,C2
schmerzprotokoll,noun,C2
schmerzsinn,noun,C1
schmerztablette,noun,A1
schmerztherapie,noun,C2
schmerzzentrum,noun,B1
schmerzäußerung,noun,C2
schmerzüberwindung,noun,C2
schmetterling,noun,C2
schmetterlingsgefühl,noun,C2
schmid-könig,noun,C1
schmidt-lösse,noun,B1
schmieden,other,C1
schmied|schmiede,noun,C1
schmiere,noun,C1
schmiergeld,noun,C2
schmierig,adjective,C2
schmiermittel,noun,C2
schmierstoff,noun,C1
schminke,noun,C1
schminken,other,A2
schminke|schminken,noun,B2
schminkseminar,noun,B2
schmortomaten,noun,B2
schmuck,adjective,C1
schmuck,noun,C2
schmuckanhänger,noun,B1
schmuckinteressierte,noun,B2
schmucksteine,noun,B2
schmuckstück,noun,A2
schmuddelkind,noun,C1
schmuddelwetter,noun,B1
schmunzeln,other,C1
schmusetier,noun,A2
schmusewörter,noun,A2
schmutz,noun,C2
schmutzabweisende,adjective,B2
schmutzig,adjective,A1
schmutzteilchen,noun,B2
schmähend,adjective,B2
schmöker|schmökern,noun,C2
schmücken,other,A2
schnabel,noun,C1
schnallen,other,B2
schnalstal,noun,C1
schnappen,other,C2
schnappschuss,noun,B1
schnaps,noun,B1
schnarchen,noun,C1
schnarchen,other,C1
schnarchens,noun,C1
schnarcher,noun,B1
schnatz,noun,C2
schnaubend,adjective,C1
schnauze,noun,C2
schnecke,noun,C2
schneckentempi,noun,C1
schnee,noun,A2
schnee-lotto,noun,C1
schneeball,noun,C2
schneebedeckt,adjective,B1
schneedecke,noun,C1
schneedocht,adjective,B1
schneefall,noun,A2
schneeflocke,noun,A2
schneegefährten,adjective,B1
schneegestöber,noun,B2
schneekanone,noun,B1
schneelandschaft,noun,B1
schneeleopard,noun,B2
schneemangel,noun,B1
schneemann,noun,A1
schneeproblem,noun,B1
schneeregenschauer,noun,A2
schneeschauer,noun,A2
schneeschuhwanderer,noun,B1
schneeschuhwandern,noun,B1
schneesicher,adjective,B1
schneesturm,noun,B1
schneet,noun,A1
schneewehe,noun,C1
schneeweiß,adjective,C1
schneewittchen,noun,C2
schneide,noun,A1
schneidemaschine,noun,A2
schneiden,other,A1
schneidend,adjective,B1
schneiderei,noun,C1
schneiderin,noun,B1
schneiderlein,noun,C2
schneidern,other,C2
schneiderwerkstatt,noun,B1
schneien,other,A1
schneise,noun,B2
schnell,adjective,A2
schnelldurchgang,noun,B1
schnelldurchlauf,noun,C2
schnelle,noun,B1
schnellende,adjective,B2
schnelligkeit,noun,C1
schnellimbiss,noun,B1
schnellkontakte,noun,C2
schnellkurs,noun,B1
schnellrestaurant,noun,C1
schnellschlinger,noun,C2
schnellstmöglich,adjective,B2
schnellstraße,noun,C2
schnellverfahren,noun,C2
schnellzug,noun,C2
schneverdingen,noun,B1
schnickschnack,noun,C2
schnippen,other,C1
schnippenkoetter,noun,B1
schnitt,noun,B2
schnittbild,noun,C1
schnittwunde,noun,B1
schnitt|schnitte,noun,C1
schnitzel,noun,A1
schnitzen,noun,B2
schnitzen,other,C1
schnitzerei,noun,C1
schnuckelige,adjective,A2
schnuller,noun,C1
schnupfen,noun,A1
schnupperkurs,noun,A1
schnuppern,other,C2
schnäppchen,noun,C1
schnäppchenjagens,noun,B2
schnäppchenpreis,noun,A2
schnöde,adjective,C2
schnüffeln,other,C1
schnüffelnd,adjective,C1
schnürbein,noun,C2
schnüren,other,B1
schnürung,noun,B1
scho-ko-la-de,noun,A2
schock,noun,C1
schockieren,other,B1
schockierend,adjective,B1
schockiert,adjective,C2
schockzustände,noun,C2
schokocreme,noun,B2
schokoholic,noun,B2
schokolade,noun,A1
schokolade-essen,noun,A1
schokoladencreme,noun,B2
schokoladenessen,noun,B1
schokoladenfabrik,noun,B1
schokoladenfabrikant,noun,B1
schokoladenfabrikation,noun,B1
schokoladenfans,noun,B1
schokoladenfirma,noun,B2
schokoladenglasur,noun,B2
schokoladenhase,noun,A1
schokoladenhersteller,noun,B2
schokoladenkuchen,noun,B2
schokoladenliebhaber,noun,A1
schokoladenläden,noun,B1
schokoladenmanufaktur,noun,B1
schokoladenmarkt,noun,A1
schokoladenproduktion,noun,B1
schokoladenseite,noun,C2
schokoladentorte,noun,B2
schokoliebhaber,noun,B1
schokoriegel,noun,A1
schokoriegeln,noun,B2
schon,adverb,A1
schon,noun,C2
schonen,other,C1
schonend,adjective,B2
schoner,adjective,B2
schonhaltung,noun,C2
schonmal,adverb,A1
schonungslos,adjective,C2
school,other,C2
schorlau,noun,B1
schornstein,noun,B2
schornsteinfeger,noun,B1
schotten,other,C1
schotterinsel,noun,B2
schoß,noun,B1
schoßhund,noun,B2
schr,adjective,B1
schrank,noun,A2
schranke,noun,C2
schrankkoffer,noun,B2
schrankspiegel,noun,B1
schranktür,noun,B1
schrankwand,noun,A2
schrauben,other,C1
schraubenzieher,noun,A2
schrauber,noun,C1
schraube|schrauben,noun,A2
schreben,other,A2
schreber,noun,B1
schrebergarten,noun,B1
schrebergartenkolonie,noun,C2
schrebergärtchen,noun,B1
schreberplatz,noun,B1
schreberverein,noun,B1
schreck,noun,A1
schrecken,noun,C1
schrecken,other,C1
schreckensbild,noun,B2
schrecklich,adjective,A2
schrei,noun,B1
schreiattacke,noun,C1
schreibanlass,noun,A2
schreibarbeit,noun,A1
schreibberatung,noun,C1
schreibblockaden,noun,C1
schreibdidaktischen,adjective,C1
schreibdidaktisches,adjective,C1
schreiben,noun,A2
schreiben,other,A1
schreibend,adjective,C1
schreibende,noun,C2
schreibenlernen,noun,C1
schreiber,noun,C2
schreiberfahrung,noun,B1
schreibfaulen,noun,C1
schreibfehler,noun,B2
schreibmaschine,noun,A1
schreibpapier,noun,B2
schreibplan,noun,A2
schreibprojekten,noun,C1
schreibprozess,noun,C1
schreibprozesse,noun,C1
schreibschwierigkeit,noun,C1
schreibstil,noun,C1
schreibstrategien,noun,C1
schreibtafeln,noun,A2
schreibtisch,noun,A1
schreibtischlampe,noun,C2
schreibtischplatte,noun,B2
schreibtischstuhl,noun,B1
schreibtischsuche,noun,C1
schreibtraining,noun,C1
schreibtrainings,noun,C1
schreibtutoren,noun,C1
schreibtutorinnen,noun,C1
schreibunterlagen,noun,C2
schreibunterschiede,noun,C1
schreibware,noun,B2
schreibwarengeschäfts,noun,C1
schreibweise,noun,C2
schreibzentren,noun,C1
schreibzentrum,noun,C1
schreibzentrums,noun,C1
schreien,other,A2
schreiend,adjective,C1
schreiner,noun,C2
schreiner-lehrlinge,noun,C2
schreinerberuf,noun,C2
schreinerei,noun,C1
schreinerin,noun,A2
schreinermeister,noun,B2
schreiten,other,C1
schrei|schreien,noun,B2
schrems,noun,B1
schrift,noun,B2
schriftart,noun,B2
schriftbild,noun,C2
schriftgröße,noun,C2
schriftkompetenz,noun,C2
schriftlich,adjective,B1
schriftsprache,noun,B2
schriftsprachliche,adjective,C1
schriftsteller,noun,C1
schriftstellerin,noun,C1
schriftstellerisch,adjective,C1
schriftstellerverband,noun,C1
schriftverkehr,noun,C2
schriftzeichen,noun,B2
schrill,adjective,C1
schrillen,other,C2
schrippe,noun,B2
schrippen,noun,B2
schritt,noun,A2
schrittweise,adjective,C2
schrittzähler,noun,B2
schrott,noun,C2
schrotthändler,noun,C2
schrullig,adjective,C1
schrumpfen,other,C1
schrumpfend,adjective,B2
schräg,adjective,C2
schränken,other,C2
schteibtisch,noun,B1
schub,noun,C1
schubertstraße,noun,A1
schublade,noun,C1
schuften,other,B1
schuh,noun,A1
schuhabdrücke,noun,B2
schuhfabrik,noun,B1
schuhfans,noun,A1
schuhgeschäft,noun,A1
schuhgröße,noun,B1
schuhkarton,noun,A2
schuhkartons,noun,A2
schuhladen,noun,A1
schuhladenkette,noun,B2
schuhlager,noun,A2
schuhmacher,noun,B2
schuhmacherei,noun,B1
schuhregal,noun,C1
schuhsohle,noun,C2
schuhversand,noun,B1
schuhwerk,noun,B1
schul-theater-ag,noun,B1
schulabgänger,noun,C2
schulabschluss,adjective,B2
schulabschluss,noun,A2
schulalltag,noun,C2
schulamt,noun,C2
schulanfang,noun,B2
schulanfänger,noun,B2
schulanmeldung,noun,A2
schularbeit,noun,C2
schulausbildung,noun,B2
schulautonomie,noun,C2
schulbank,noun,B2
schulbasar,noun,B2
schulbeginn,noun,C1
schulbesuch,noun,C2
schulbildung,noun,C2
schulbiografie,noun,B1
schulbuch,noun,A2
schulbuch-verlag,noun,A2
schulbuchreihe,noun,B2
schulbus,noun,A2
schulchor,noun,A2
schuld,adjective,B1
schuld,noun,B1
schuld-denkweise,noun,C2
schuldbeweis,noun,C1
schulden,other,C2
schuldenberg,noun,C2
schuldenfalle,noun,C2
schuldenfrei,adjective,C1
schuldenkrise,noun,C2
schuldenprävention,noun,C1
schuldenregulierungsverfahren,noun,C1
schuldgefühl,noun,C1
schuldhaft,adjective,C2
schuldige,noun,C1
schuldigkeit,noun,C2
schuldirektor,noun,B1
schuldkomplexe,noun,C2
schuldlos,adjective,B1
schuldner,noun,C2
schuldner-atlas,noun,C1
schuldnerberaterin,noun,C1
schuldnerberatung,noun,C1
schuldvokabular,noun,C2
schule,noun,A2
schule-,noun,B2
schule-und-leben-ag,noun,B1
schulen,other,B1
schuler,noun,B2
schulerfahrung,noun,A2
schulerinnen,noun,B2
schulesse,noun,B2
schulfach,noun,B1
schulfest,noun,A1
schulform,noun,A2
schulfreund,noun,B1
schulfreundin,noun,B1
schulgarten,noun,B2
schulgebäude,noun,C2
schulhaus,noun,C2
schulheft,noun,C1
schulhof,noun,B1
schulisch,adjective,C1
schuljahr,noun,A2
schulkantine,noun,A2
schulkind,noun,A2
schulklasse,noun,C2
schulkleidung,noun,B2
schulleistung,noun,C2
schulleiter,noun,B2
schulleiterin,noun,B1
schulleitung,noun,C2
schulmedizin,noun,B2
schulmediziner,noun,C2
schulmedizinisch,adjective,B2
schulmüde,adjective,B1
schulnote,noun,C2
schulordnung,noun,C2
schulpferd,noun,B2
schulpflicht,noun,A2
schulproblem,noun,C1
schulprojekt,noun,A2
schulranzen,noun,B1
schulrat,noun,C2
schulratskind,noun,C2
schulreif,adjective,B2
schulrektoren,noun,C1
schulsache,noun,B1
schulsozialarbeiterin,noun,B1
schulsprecherin,noun,B1
schulstunde,noun,B2
schulsystem,noun,C2
schultafel,noun,C1
schultag,noun,A2
schulte-markwort,noun,C1
schulter,noun,C1
schulterklaps,noun,C2
schulterlang,adjective,B2
schultertasche,noun,B2
schulterträger,noun,B2
schultertuch,noun,B1
schulter|schultern,noun,B1
schultheiß,adjective,C1
schulthess,noun,B1
schultreffen,noun,A2
schulträger,noun,C2
schultyp,noun,A2
schultüte,noun,B2
schultütenbrauch,noun,B2
schulung,noun,C1
schulungsraum,noun,C1
schuluniform,noun,A2
schulunterricht,noun,C2
schulveranstaltung,noun,A2
schulweg,noun,B2
schulwesen,noun,C2
schulzahnärztin,noun,B1
schulzeit,noun,A2
schulzeugnis,noun,B1
schummeln,noun,C2
schummeln,other,B2
schummrig,adjective,C2
schummrigen,adjective,B1
schuppiger,noun,C1
schuss,noun,B2
schusseligen,adjective,C1
schusswechsel,noun,B2
schutt,noun,C2
schutz,noun,C2
schutz-und,noun,B2
schutzgebiet,noun,C2
schutzheilige,noun,A2
schutzinstinkt,noun,C1
schutzkleidung,noun,C2
schutzlos,adjective,C2
schutzmaßnahme,noun,C2
schutzpatron,noun,C2
schutzschild,noun,B2
schutzwürdig,adjective,C2
schwabe,noun,A1
schwabenland,noun,B2
schwabingen,noun,B2
schwach,adjective,A2
schwache,noun,B2
schwachen,noun,C2
schwachpunkt,noun,B2
schwachsinnige,noun,C1
schwachstelle,noun,B2
schwager,noun,A1
schwalbe,noun,B1
schwalmtal-waldniel,noun,A2
schwamm,noun,A1
schwanen,noun,B2
schwanger,adjective,A1
schwangerschaft,noun,A2
schwangerschaftsgymnastik,noun,B1
schwangre,noun,B1
schwank,noun,A2
schwanken,other,C1
schwankend,adjective,C1
schwankung,noun,C1
schwanthaler,noun,B1
schwappen,other,C2
schwappend,adjective,C2
schwarm,noun,B1
schwarm|schwärmen,noun,B2
schwarte,noun,B2
schwarz,adjective,A2
schwarz,noun,C2
schwarz-rot-gold,noun,C2
schwarz-rot-golden,adjective,B1
schwarz-weiß,adjective,A2
schwarz-weiß-bild,noun,C1
schwarz-weiß-film,noun,C1
schwarz-weiß-foto,noun,B1
schwarz-weiß-platten,noun,C1
schwarze,noun,A2
schwarzenegger,noun,A1
schwarzfahrer,noun,A2
schwarzgrünem,adjective,B1
schwarzhaarige,noun,B1
schwarzstorch,noun,B2
schwarzwald,noun,A1
schwarzwaldhaus,noun,A2
schwarzweiß,other,C2
schwaße,noun,A2
schwebebahn,noun,A1
schweben,other,B2
schwede,noun,C1
schwedisch,adjective,A2
schweif,noun,C2
schweifen,other,C2
schweige-partys,noun,C1
schweigekloster,noun,C1
schweigen,noun,B2
schweigen,other,C1
schweigend,adjective,C2
schweiger,noun,B1
schweigeseminaren,noun,C1
schweigsam,adjective,C1
schwein,noun,A2
schweinchenrosa,adjective,C1
schweinebraten,noun,A1
schweinefilet,noun,B2
schweinefleisch,noun,A1
schweinefutter,noun,C1
schweinegrippevirus,noun,C1
schweinehund,noun,C1
schweinepest,noun,C1
schweinezüchterin,noun,C1
schweinshaxe,noun,A2
schweiz-internen,adjective,B2
schweizer,adjective,B2
schweizer,noun,B2
schweizerdeutsch,adjective,B2
schweizerin,noun,B1
schweizerisch,adjective,B1
schweiß,noun,B1
schweißer,noun,B2
schweißhund,noun,C1
schwelle,noun,C1
schwellen,other,C1
schwellenland,noun,C1
schwellenwerts,noun,C1
schwenkbar,adjective,C1
schwenken,other,C1
schwer,adjective,A2
schwer,other,B2
schwerbehinderte,noun,C1
schwere,noun,C2
schwerelos,adjective,C2
schwerelosigkeit,noun,C2
schwerfallen,other,B1
schwerhörig,adjective,B2
schwerhörigenschule,noun,C2
schwerindustrie,noun,C1
schwerkrank,adjective,C2
schwermetall,noun,B2
schwerpunkt,noun,B2
schwerpunktfarbe,noun,C2
schwerreichen,other,C2
schwerstarbeiter,noun,C2
schwerste,noun,C2
schwerstkrank,adjective,C2
schwert,noun,C2
schwertun,other,C1
schwerverletzte,noun,B2
schwervermittelbare,noun,C2
schwerwiegend,adjective,C2
schwester,noun,A1
schwesterstadt,noun,B1
schwiegereltern,noun,A1
schwiegermutter,noun,B2
schwiegersohn,noun,C2
schwiegertochter,noun,C1
schwiegervater,noun,B2
schwiergig,adjective,A1
schwierig,adjective,B1
schwierigkeit,noun,B1
schwierigkeitsgrad,noun,B1
schwierigkeitsstufe,noun,C1
schwimm-olympiasieger,noun,C1
schwimmbad,noun,A1
schwimmbrille,noun,A2
schwimmen,noun,A2
schwimmen,other,A1
schwimmend,adjective,C2
schwimmer,noun,B2
schwimmerin,noun,A2
schwimmflosse,noun,B1
schwimmponton,noun,C2
schwimmtraining,noun,A2
schwind,noun,C1
schwindel,noun,C2
schwindelerregend,adjective,C1
schwindelig,adjective,B1
schwinden,other,C1
schwindler,noun,C2
schwingen,other,B2
schwinge|schwingen,noun,B2
schwitzen,noun,B2
schwitzen,other,B2
schwitzend,adjective,B2
schwitze|schwitzen,noun,B2
schwund,noun,C2
schwung,noun,C1
schwungsoll,other,B2
schwäbisch,adjective,C2
schwäche,noun,C2
schwächelt,other,C2
schwächen,other,C1
schwächere,noun,C2
schwächergestellte,noun,C1
schwägerin,noun,A1
schwänzen,other,B2
schwärmen,other,C1
schwärmerei,noun,C2
schwätzten,other,B1
schwör'n,other,B2
schwören,other,C1
schädel,noun,C1
schädigen,other,C1
schädigung,noun,C2
schädlich,adjective,C2
schädlichkeit,noun,C2
schädling,noun,B2
schädlingsbekämpfungsmittel,noun,C1
schäfchen,noun,B2
schäfer,noun,A1
schäferfest,noun,B1
schäferin,noun,B1
schäferkönig,noun,B1
schäferkönigin,noun,B1
schäferlauf,noun,B1
schälen,other,A2
schämen,other,C2
schärfe,noun,B1
schärfen,other,C2
schätzen,other,C1
schätzung,noun,C2
schätzungsweise,adverb,C2
schöffe,noun,C2
schöllkopf,noun,B1
schön,adjective,A1
schönbrunn,noun,A2
schöne,adjective,B2
schöne,noun,A1
schöneburg,noun,B2
schöneweide,noun,B2
schönfeld,noun,B1
schönfelders,noun,B1
schönfärberisch,adjective,C2
schöngeist,noun,C1
schönheit,noun,B2
schönheiten,noun,B2
schönheits-op,noun,B2
schönheitsbild,noun,B2
schönheitschirurg,noun,B2
schönheitschirurgie,noun,C2
schönheitsideal,noun,B2
schönheitsmaske,noun,B2
schönheitsoperation,noun,C2
schönheitsprodukten,noun,A2
schönheitssinn,noun,C1
schönheitswahn,noun,C2
schönherz,noun,B2
schönhof-pavillon,noun,A2
schönreden,noun,B2
schönste,noun,A2
schönverbundnes,noun,B2
schönwetter-kontaktlinsen,noun,A2
schöpfen,other,C2
schöpfer,noun,C2
schöpferisch,adjective,C1
schöpferspezies,noun,C1
schöpfung,noun,C2
schöpfungsakt,noun,C2
schöööön,noun,A1
schüchtern,adjective,B1
schüchterne,noun,B1
schüler,noun,C2
schülerarbeit,noun,C2
schüleraustausch,noun,C1
schülercafés,noun,B1
schülerdienste,noun,C1
schülergeneration,noun,C2
schülergruppe,noun,B2
schülerhilfe,noun,A2
schülerin,noun,A2
schülerleistung,noun,C2
schülerprojekt,noun,B2
schülerwettbewerb,noun,C2
schülerzahl,noun,C2
schürze,noun,B1
schüssel,noun,A2
schütte-lihotzky,noun,B2
schüttelfrost,noun,C2
schütteln,other,C1
schütten,other,C2
schütze,noun,C2
schützen,other,B2
schützend,adjective,C1
schützenfest,noun,B2
schützenhaus,noun,C1
schütze|schützen,noun,B2
science,noun,B2
science-fiction-spiele,noun,B1
scientist,noun,C1
sclera,noun,C1
scommettiamo,noun,B2
scuol,noun,B1
scuol-tarasp,noun,B1
seafood-restaurant,noun,C2
seal,noun,A1
sebastianstraße,noun,A1
sechs,noun,B1
sechs,number,A1
sechs-gänge-menü,noun,C2
sechs-hüte-übung,noun,C2
sechs-tage-woche,noun,C2
sechseckig,adjective,B2
sechseläuten,noun,A2
sechseläutenplatz,noun,A2
sechser,noun,C1
sechser-pasch,noun,B2
sechsfach,adjective,C1
sechshundertsechsundsechzig,number,A1
sechsjährig,adjective,B1
sechskornbrot,noun,C1
sechsmal,adverb,C1
sechsstellig,adjective,C2
sechst,adjective,A2
sechste,noun,A1
sechstel,noun,C2
sechstägig,adjective,C2
sechzehnt,adjective,C2
sechzig,number,C1
sechziger,noun,C2
sechzigerjahre,noun,C1
sechzigjährig,adjective,C1
second-hand-kleidern,noun,A2
second-hand-laden,noun,B2
second-hand-shop,noun,A2
secondhand-läden,noun,A2
seconhand,noun,A2
secret,noun,B2
secura,noun,A2
sedimentgestein,noun,C1
see,noun,A1
seeadler,noun,B2
seebad,noun,A1
seeblick,noun,B1
seebruck,noun,A2
seebühne,noun,B1
seedeich,noun,B2
seefahrer,noun,C2
seefahreressen,noun,A1
seefedern,noun,C2
seefracht,noun,B2
seeger,adjective,A1
seehaus,noun,A1
seeigel,noun,C2
seel,other,C2
seelachs,noun,B2
seelachsfilet,noun,B2
seeland,noun,A1
seele,noun,C1
seelengefängnis,noun,C1
seelenleben,noun,C1
seelenruhig,adverb,C2
seeleute,noun,C2
seeliger,adjective,A2
seelisch,adjective,C2
seemann,noun,B1
seenland,noun,C1
seenlandschaft,noun,B1
seenplatte,noun,A1
seenstadt,noun,B2
seepark,noun,A2
seepocken,noun,C2
seerecht,noun,B1
seerechtskonvention,noun,B1
seesack,noun,B2
seescharte,noun,B2
seestern,noun,C2
seevogel,noun,C2
seeweges,noun,C1
segel,noun,B1
segel-,other,B2
segel-schule,noun,A2
segelartigen,adjective,C1
segelboot,noun,A1
segeljacht,noun,C2
segeln,other,A1
segelschiff,noun,A2
segelsport-events,noun,A2
segelteams,noun,C1
segel|segeln,noun,A1
segen,noun,C2
segensreich,adjective,C2
segler,noun,C1
segmentieren,other,C2
segways,noun,B2
seh,other,B1
sehbehindert,adjective,B2
sehen,noun,C1
sehen,other,A1
sehende,noun,B2
sehenswert,adjective,A2
sehenswurdigkeiten,noun,A1
sehenswürdigkeit,noun,A2
seherfahrung,noun,C1
sehkraft,noun,C1
sehnen,other,C1
sehnerv,noun,C1
sehne|sehnen,noun,C2
sehnlich,adjective,B2
sehnsucht,noun,B2
sehnsuchtsort,noun,C2
sehnsüchtig,adjective,B2
sehorgan,noun,C1
sehr,adjective,C2
sehr,adverb,A1
sehre,other,C1
sehröder,noun,B2
sehsinn,noun,C1
sehtest,noun,B1
sehzentrum,noun,C1
seide,noun,B1
seiden,adjective,B2
seidenbändchen,noun,B2
seidenschnur,noun,C2
seiers,noun,B2
seife,noun,A2
seifenoper,noun,C2
seifenschaum,noun,B1
seifensieder,noun,C2
seil,noun,B2
seilbahn,noun,A2
seilfahrt,noun,B2
seilsicherung,noun,B2
seiltänzer,noun,B2
sein,noun,B2
sein,other,A1
seine,adjective,B2
seinerseils,adverb,B2
seinesgleichen,other,B1
seinester,noun,A1
seit,adjective,C1
seit,conjunction,A2
seit,noun,C2
seit,preposition,A1
seitdem,adverb,B2
seitdem,conjunction,B2
seitdem,other,B1
seite,noun,B2
seitenbesen,noun,B1
seitenlappen,noun,C1
seitenlänge,noun,C2
seitens,preposition,C2
seitensprung,noun,C2
seitenstraße,noun,A2
seitentasche,noun,B2
seitenverkehrt,adjective,C1
seitenästen,noun,B2
seither,adverb,B2
seitlich,adjective,C1
sekretariat,noun,A1
sekretär,noun,C1
sekretärin,noun,A1
sekt,noun,A2
sekte,noun,C2
sektempfang,noun,A2
sektor,noun,C1
sektorengrenze,noun,C1
sekundarschule,noun,A2
sekunde,noun,C1
sekundenbruchteil,noun,C1
sekundenkleber,noun,C2
sekundenschnell,adjective,B2
sekundenschnelle,noun,A2
sekundentakt,noun,B2
selb,other,B2
selber,adverb,C1
selber-nachbauen,noun,C2
selberhäkeln,noun,C1
selbst,adverb,B2
selbst,noun,C2
selbst,other,B2
selbstanzeige,noun,C2
selbstauflösung,noun,B2
selbstbedienung,noun,A1
selbstbeherrschung,noun,B2
selbstberührung,noun,C2
selbstbestimmen,other,B2
selbstbestimmt,adjective,C2
selbstbestimmung,noun,C1
selbstbewertung,noun,C2
selbstbewusst,adjective,B2
selbstbewusstsein,noun,B2
selbstbild,noun,C1
selbstdarsteller,noun,B2
selbstdarstellung,noun,B2
selbstdarstellungssätze,noun,C2
selbstdisziplin,noun,B2
selbsteinbindung,noun,C2
selbsteine,adjective,C2
selbsten,adjective,B2
selbstentwicklung,noun,B2
selbsterkenntnis,noun,C1
selbsternannt,adjective,B2
selbstfahrend,adjective,B2
selbstfindung,noun,C2
selbstgebacken,adjective,B1
selbstgemacht,adjective,B1
selbstgemachte,noun,B1
selbstgeschrieben,adjective,B1
selbsthass,noun,C2
selbstheilung,noun,C2
selbstheilungskraft,noun,C2
selbstherrlich,adjective,C2
selbsthilfe,noun,C2
selbsthilfegruppe,noun,C2
selbstihre,adjective,B2
selbstironie,noun,A1
selbstkontrolle,noun,C2
selbstkritisch,adjective,C1
selbstliebe,noun,C2
selbstlose,noun,B1
selbstläufer,noun,B2
selbstmanagement,noun,B2
selbstmord,noun,C2
selbstmordgedanke,noun,C2
selbstmordgefährdet,adjective,C2
selbstmordversuch,noun,C1
selbstorganisation,noun,B2
selbstpräsentation,noun,C1
selbstredend,adjective,C2
selbstreinigungs-,adjective,B2
selbstreinigungsprozess,noun,C2
selbstschussanlage,noun,C1
selbstsicher,adjective,B1
selbstsicherheit,noun,B1
selbststandig,adjective,B2
selbststudium,noun,B2
selbstsüchtig,adjective,C2
selbsttäuschung,noun,C2
selbstverliebtheit,noun,C2
selbstvermarktung,noun,C1
selbstverpflichtung,noun,C2
selbstverschuldet,adjective,C2
selbstversorger,noun,C1
selbstversorgung,noun,B1
selbstverständlich,adjective,B1
selbstverständliche,noun,C1
selbstverständlichkeit,noun,C2
selbstverständnis,noun,C2
selbstversuch,noun,C2
selbstvertrauen,noun,C1
selbstverwirklichung,noun,C2
selbstwahrnehmung,noun,C2
selbstwertgefühl,noun,C2
selbstzufriedenheit,noun,C1
selbständig,adjective,A2
selbständige,noun,A2
selbständigkeit,noun,B1
selbstüberwindung,noun,B2
seldorfer,adjective,B2
selektieren,other,C1
selektion,noun,C1
selektiv,adjective,C2
selen,noun,C1
selfies,noun,B1
selig,adjective,C2
seligkeit,noun,B2
seligsten,adjective,C2
sellerie,noun,B2
selten,adjective,A2
selten,adverb,C2
seltenheit,noun,B2
seltenheitswert,noun,C2
seltsam,adjective,B2
seltsame,noun,B2
semantisch,adjective,C2
semester,noun,A2
semesterarbeit,noun,B2
semesterbeginn,noun,B2
semesterferien,noun,A2
semi-,other,B2
seminar,noun,A2
seminarinhalt,noun,B1
seminarraum,noun,B2
seminartag,noun,C2
seminarteilnehmer,noun,A2
seminarteilnehmerin,noun,A2
semmel,noun,C2
semmelkren,noun,B1
semperoper,noun,C1
senat,noun,C1
senator,noun,B1
sendeanstalt,noun,C1
senden,other,B1
sendepause,noun,C1
sender,noun,A2
sendeschluss,noun,C1
sendewoche,noun,B2
sendezeit,noun,B2
sendlinger,adjective,A2
sendung,noun,A2
senf,noun,A1
senfgurke,noun,B2
senfsoße,noun,B2
senhor,noun,B2
senilität,noun,C1
senior,noun,B1
senioren-,other,C1
senioren-wohnheimen,noun,B1
seniorenakademien,noun,B1
seniorencafe,noun,C1
seniorenclub,noun,A2
seniorenfreundlichkeit,noun,B2
seniorenfußball,noun,A2
seniorenheim,noun,A2
seniorenhilfe,noun,B2
seniorenprogramm,noun,B1
seniorenresidenz,noun,B1
seniorensport,noun,C1
seniorenzeit,noun,C1
seniorin,noun,A2
senken,other,B2
senke|senken,noun,B2
senkrecht,adjective,C2
senkung,noun,C1
sennerin,noun,B1
sensation,noun,B2
sensationell,adjective,C1
sensationsfund,noun,C2
sensationssucher,noun,C2
sensibel,adjective,B2
sensibilisieren,other,C2
sensor,noun,C1
sensorisch,adjective,C1
sent,adjective,B1
sentimental,adjective,C1
separat,adjective,C2
september,noun,A1
september-heft,noun,B1
septembertag,noun,A2
septembor,noun,A2
serbe,noun,B1
serbisch,adjective,B1
serbischenals,noun,B2
serialität,noun,C2
serie,noun,C2
seriell,adjective,C2
serienausstattung,noun,C1
serienautomobil,noun,B2
serienheld,noun,C2
serienmörder,noun,B1
seriennummer,noun,C2
serienzuschauern,noun,C2
seriosität,noun,C2
seriös,adjective,C2
seriöses,adjective,C2
serke,noun,A2
serotonin,noun,C2
serotoninspiegel,noun,C1
server,noun,C1
service,noun,B1
service-abteilung,noun,A1
service-hotline,noun,A2
service-orientierte,adjective,C2
service-roboter,noun,B1
service-station,noun,B1
service-unternehmen,noun,B2
servicebereich,noun,B2
servicebereitschaft,noun,C1
serviceeinheit,noun,C1
servicekraft,noun,C2
serviceleistung,noun,B2
serviceorientiert,adjective,B1
serviceorientiert,other,B2
serviceorientierte,noun,C2
serviceorientierung,noun,B2
servicestandards,noun,B2
serviceteam,noun,C2
servieren,other,B1
servierst,other,C1
serviert,adjective,B2
serviette,noun,B1
servus,noun,A1
sesehen,adjective,A1
sessel,noun,A2
sesshaft,adjective,C1
sesshaftigkeit,noun,C1
sesterz,noun,C1
set,noun,C1
setzen,other,B2
seuche,noun,C1
seufzen,other,B1
severinstraße,noun,A1
sex,noun,C2
sexismusvorwürfen,noun,C2
sexistisch,adjective,C2
sexuell,adjective,B1
sexy,adjective,B2
sezieren,other,C2
shae,noun,A2
shampoo,noun,C1
shampooflasche,noun,A2
shantel,noun,B2
shantels,noun,B2
sharingmodelle,noun,B2
she,adjective,C2
shell,noun,B2
shimamoto,noun,B2
shirt,noun,B2
shoemaker,noun,B1
shoppen,noun,A1
shoppen,other,A1
shopper,noun,A2
shopperinnen,noun,A2
shopping,noun,A1
shopping-arkade,noun,C2
shopping-straße,noun,A1
shopping-tipps,noun,C2
shoppingangeboten,noun,B2
shoppingcenter,noun,C2
shoppingtour,noun,B2
short,noun,B2
show,noun,A2
showbeitrag,noun,A2
showbiz-größen,noun,C1
showbühne,noun,C1
showeinlage,noun,B2
showprogramm,noun,A1
showtanz,noun,A1
shriver,other,A1
shuttle,noun,C2
shuttle-ära,noun,C2
shuttleservice,noun,B2
sibirisch,adjective,B2
sich,noun,B1
sich,other,B1
sich-ausklinkens,noun,B2
sich-verben,adjective,A2
sich-verben,noun,A2
sich-verben,other,A2
sich-vorbereitens,noun,B2
sichbar,adjective,B1
sicher,adjective,A2
sicher,adverb,C1
sichere,noun,B1
sichergehen,other,B2
sicherheit,noun,B1
sicherheitsabsperrung,noun,C2
sicherheitsabstand,noun,B2
sicherheitsanspruch,noun,C1
sicherheitsausschuss,noun,C2
sicherheitsbeauftragte,noun,C1
sicherheitsbedürfnis,noun,B2
sicherheitsbestimmung,noun,C1
sicherheitsfrage,noun,B2
sicherheitsgrad,noun,C1
sicherheitsgrund,noun,C2
sicherheitsinteresse,noun,C2
sicherheitskontrolle,noun,B2
sicherheitsleiter,noun,B2
sicherheitslücke,noun,B2
sicherheitsmaßnahme,noun,C2
sicherheitsmoment,noun,C2
sicherheitspersonal,noun,B2
sicherheitsproblem,noun,B1
sicherheitsrat,noun,C2
sicherheitsratzu,noun,C2
sicherheitsrisiko,noun,B1
sicherheitsschloss,noun,A2
sicherheitsschlüssel,noun,C1
sicherheitssystem,noun,C2
sicherheitsthermostaten,noun,B2
sicherheitstür,noun,C1
sicherheitsventil,noun,C1
sicherheitsvorkehrung,noun,C1
sicherheitsvorschrift,noun,C1
sicherlich,adjective,B2
sicherlich,adverb,C2
sicherliche,noun,B2
sichern,noun,B1
sichern,other,C1
sicherstellen,other,C1
sicherstellung,noun,C2
sicherung,noun,B2
sicherungssystem,noun,C1
sichselbstfeilbieten,noun,C2
sicht,noun,C1
sichtbar,adjective,C2
sichtbare,noun,C2
sichtlich,adjective,C2
sichtung,noun,C1
sichtverhältnis,noun,C2
sichtweise,noun,C1
sichtweite,noun,C1
sickern,other,B2
sicora,noun,C1
sie,noun,B1
sie,pronoun,A1
sie-form,noun,A1
siebdruck,noun,B2
sieben,number,A1
sieben,other,B2
siebene,noun,C2
siebenjahres-zyklen,noun,C2
siebenjährig,adjective,B2
siebenjöhnge,adjective,B1
siebenmal,adverb,B2
siebentausend-seelen-gemeinde,noun,C1
siebenundachtzig,number,A1
siebenundzwanzigste,adjective,A1
siebers,noun,A1
siebt,adjective,A1
siebzehn,number,C2
siebzehnjährig,adjective,C2
siebzig,number,C2
siebziger,adjective,C2
siebziger,noun,B2
siebzigjährig,adjective,C1
sieb|sieben,noun,C1
siedeln,other,C2
siedelnd,adjective,B2
sieder,noun,B2
siedler,noun,B1
siedlung,noun,C2
siee,noun,A2
sieg,noun,C1
siegel,noun,B2
siegen,other,C2
sieger,noun,B2
siegerehrung,noun,C2
siegerin,noun,C1
siegermacht,noun,C2
siegertyp,noun,C2
siegerurkunde,noun,C2
siegeszug,noun,C1
siegrist,noun,C1
sielmann,noun,B2
sielmann-stiftung,noun,B2
siemens-sprecher,noun,C1
siemenssche,noun,B2
siemenssprecher,noun,C1
siesta,noun,B2
siezen,noun,A1
siezen,other,A1
siezu,adverb,B2
sightseeing,noun,A1
sightseeing-erlebnis,noun,B2
signal,noun,C1
signale,noun,B1
signalfunktion,noun,C2
signalisieren,other,B2
signalverarbeitung,noun,C1
signifikant,adjective,C2
silbe,noun,A2
silben-,other,A2
silbenanfang,noun,A1
silbengrenzen,noun,A2
silber,noun,C1
silberbesteck,noun,C1
silberhochzeit,noun,A2
silbermedaille,noun,C1
silbermond,noun,B2
silbermünze,noun,C2
silbern,adjective,C2
silberschicht,noun,C1
silberschiffe,noun,C2
silikon,noun,C1
silvester,noun,A2
silvester-open-air-party,noun,A1
silvesterabend,noun,A1
silvesterball,noun,A1
silvesterfeier,noun,C1
silvesterfeuerwerk,noun,B1
silvesterfeuerwerken,noun,C1
silvesternacht,noun,B2
silvesterparty,noun,A2
similaunhütte,noun,B2
simpel,adjective,C2
simplify,noun,B2
simplify-idee,noun,B2
simplify-ideen,noun,B2
simplify-weg,noun,B2
simplify-weges,noun,B2
simulation,noun,C1
simuliert,adjective,C1
simultan,adjective,C1
sind,noun,C2
sind,other,A1
sindie,noun,B2
sine,adjective,C1
sinfonie,noun,A1
sinfonisch,adjective,B2
singen,other,A1
singend,adjective,A2
singer-songwriter,noun,A1
single,noun,B1
single-auswahl,noun,B2
single-frauen,noun,A2
single-haushalt,noun,B1
single-jahren,noun,B1
single-küche,noun,A2
single-sammelalbum,noun,C2
singlebörse,noun,C2
singledämmerung,noun,B1
singlegesellschaft,noun,C1
singular,noun,A1
singvogel,noun,B2
sinken,other,C1
sinkend,adjective,C1
sinkex,noun,C2
sinn,noun,C1
sinnbild,noun,C1
sinnen,other,C1
sinneseindruck,noun,C1
sinnesmodalitäten,noun,C2
sinnesorgan,noun,C1
sinngebend,adjective,C2
sinnhaftes,adjective,C1
sinnieren,other,C1
sinnlich,adjective,C1
sinnlos,adjective,B2
sinnlose,adjective,A2
sinnst,other,B2
sinnstiftend,adjective,C2
sinnvoll,adjective,C1
sinnvolle,noun,B2
sinn|sinnen,noun,C2
sintflut,noun,C2
sinto,noun,B2
sinus-institut,noun,B2
sinvoll,adjective,B1
sinwvoll,adjective,B2
sioux,noun,B2
sir,noun,B2
sirene,noun,A1
sirupbeigaben,noun,C2
sisi,noun,A2
sissi,noun,B2
sister,noun,B2
sitcom,noun,C2
sitcom-format,noun,C2
sitcoms,noun,C2
sitte,noun,B1
sittenlose,noun,C1
situation,noun,B1
situationsbedingt,adjective,C2
situationsbezogen,adjective,C2
situationskomik,noun,C2
situationskomödie,noun,C2
situierte,adjective,C2
sitz,noun,B1
sitzbank,noun,C2
sitzbezug,noun,C1
sitzecke‚,noun,B1
sitzelement,noun,C1
sitzen,other,A1
sitzenbleiben,noun,C2
sitzenbleiber,noun,C2
sitzend,adjective,C2
sitzgelegenheit,noun,A2
sitzgruppe,noun,C2
sitzhaltung,noun,C1
sitzheizung,noun,C1
sitzordnung,noun,C1
sitzplatz,noun,B1
sitzung,noun,B2
sitzungsprotokoll,noun,A1
sitzungstischs,noun,C2
sitzungszimmer,noun,C2
sitz|sitzen,noun,C1
sixpack,noun,A2
sixtinische,adjective,B1
sizilianisch,adjective,C2
sizung,noun,B2
sjöwall,noun,C1
ska,adjective,C1
skala,noun,C1
skandal,noun,B1
skandalös,adjective,C2
skandinavisch,adjective,C2
skat,noun,A1
skateboard,noun,C1
skaterparadies,noun,A1
skatet,other,A1
skepsis,noun,B2
skeptisch,adjective,C1
ski,noun,A1
skierniewice,noun,B2
skifahren,noun,A1
skifahrer,noun,A1
skigebiet,noun,B1
skihütte,noun,C1
skikurs,noun,A2
skilehrer,noun,C1
skills,noun,C1
skiläufer,noun,B1
skimaske,noun,C1
skipass,noun,B2
skipiste,noun,B1
skiregion,noun,B1
skirennläufer,noun,B1
skiresort,noun,C1
skisaison,noun,A2
skischulleiter,noun,B1
skispringen,noun,C1
skitour,noun,A1
skiurlaub,noun,B1
skizze,noun,C1
skizziert,adjective,C2
sklave,noun,C2
sklaven,noun,C2
sklodowska,noun,B2
skorpion,noun,A2
skript,noun,C1
skrupellos,adjective,B2
skrupulös,adjective,C1
skulptur,noun,C1
skurril,adjective,B2
skurrile,noun,B2
skyline,noun,A1
skype,other,B2
skype-tag,noun,B1
skypen,adjective,B1
skypen,noun,A2
skypen,other,B1
skytala-verschlüsselung,noun,B2
slag,adjective,B2
slalom,noun,B2
slam,noun,A2
slam-welt,noun,A2
slams,noun,C2
slawenburg,noun,B2
slawisch,adjective,B2
slawistikstudentin,noun,C1
sleich,adjective,B2
sliantel,noun,B2
slippery-slope-modell,noun,C2
slogan,noun,C1
slow,adjective,C1
slow,noun,C2
slow-sport-bewegung,noun,C1
slowakisch,adjective,A1
slowenisch,adjective,B1
slowly,adjective,C1
slum,noun,C2
small,noun,C2
small,other,C1
smalltalk-thema,noun,B1
smalltalk-themen,noun,B1
smalltalks,noun,C1
smart,adjective,C1
smartphone,noun,B2
smartphone-apps,noun,C1
smartphone-nutzer,noun,B1
smartphone-nutzung,noun,C1
smartphonenutzung,noun,B2
smarttalk,noun,B2
smiley,noun,C2
smog,noun,C1
smoking,noun,C2
smoothie,noun,C1
sms-abkürzungen,noun,B2
sms-lesern,noun,C2
sms-schreiber,noun,B2
sms-sprache,noun,B2
smörebröd,adjective,B1
snack,noun,C1
snowboard-weltmeisterschaft,noun,B1
snowboard-wm,noun,B2
snowboarden,noun,B2
snowboardfahren,noun,B2
so,adjective,B2
so,adverb,A1
so,noun,A2
soap-formats,noun,C2
sobald,adverb,B1
sobald,conjunction,B2
sobald,noun,C2
social,noun,B2
social-media-instrumenten,noun,B2
society,noun,B2
socke,noun,A2
soda,noun,A2
sodal,noun,B2
sodann,adverb,C2
sodass,conjunction,B1
soeben,adverb,C2
sofa,noun,A2
sofa-landschaft,noun,A2
sofern,conjunction,C2
sofort,adverb,A1
soforthilfe,noun,A2
sofortig,adjective,B2
soft,adjective,C1
soft,noun,C2
software,noun,A1
software-firma,noun,A2
softwarefirma,noun,B2
softwaremodulen,noun,C1
softwareprogramm,noun,B2
sog,noun,C1
sogar,adverb,B1
sogenannt,adjective,C1
sohn,noun,A1
sohnemann,noun,B2
soiree,noun,B2
soja,noun,B1
solange,conjunction,B2
solar-,other,C1
solaranlage,noun,B2
solarenergie,noun,C2
solarium,noun,B2
solarmodul,noun,B2
solarprojekte,noun,C2
solarprojektentwicklung,noun,C2
solarspiegel,noun,C1
solarstrom,noun,B1
solartechnik,noun,B1
solarthermie,noun,C1
solarzelle,noun,C1
solche,other,C1
solcherlei,other,C1
soldat,noun,C1
sole,noun,B2
solebad,noun,B2
soleil,noun,A1
solidarisch,adjective,A2
solidarisieren,other,C2
solidarität,noun,C1
solidaritäts-t-shirts,noun,C1
solidaritätszuschlag,noun,C1
solide,adjective,B2
solidität,noun,C2
solist,noun,C1
solistin,noun,B1
solitären,adjective,C2
soll,noun,B2
sollen,other,A1
sollen,verb,A2
solo,adjective,B2
soloalbum,noun,A2
soloklettern,adjective,B2
solosprünge,noun,B2
soltani,noun,A2
solution,noun,B2
solutions,noun,B2
sombart,noun,A1
somit,adverb,C1
sommer,noun,A1
sommer-hit,noun,C1
sommer-sonderangebot,noun,A2
sommerabend,noun,C2
sommerakademie,noun,A2
sommerball,noun,B1
sommerblume,noun,C1
sommerfarben,noun,A1
sommerferien,noun,A1
sommerfest,noun,A2
sommergewitters,noun,C2
sommerhose,noun,A1
sommerhosen,noun,A2
sommerkleid,noun,B1
sommerkleidung,noun,B1
sommerlich,adjective,B1
sommerläubchen,noun,C2
sommermonat,noun,B1
sommermärchen,noun,C2
sommermärchenstimmung,noun,B1
sommernacht,noun,B2
sommerpalast,noun,C2
sommerparadies,noun,C2
sommerpause,noun,C1
sommerregen,noun,A2
sommerrock,noun,A1
sommersaison,noun,A2
sommersalate,noun,B1
sommerschlussverkauf,noun,C1
sommersprosse,noun,C2
sommerstart,noun,A1
sommertheater,noun,B2
sommerurlaub,noun,A1
sommerzeit,noun,A2
somnomat,noun,C1
sonde,noun,C2
sonderangebot,noun,A1
sonderausstellung,noun,B2
sonderbar,adjective,C2
sonderbare,noun,C1
sonderflug,noun,B2
sonderform,noun,B2
sonderklasse,noun,A1
sonderkondition,noun,B2
sonderkredit,noun,B1
sonderlich,adjective,C1
sonderling,noun,C2
sondern,conjunction,B2
sondern,other,C2
sonderorganisation,noun,C1
sonderpreis,noun,C2
sonderpädagogin,noun,C1
sonderteil,noun,C1
sonderwunsch,noun,B1
sonderzulage,noun,C2
sonette,noun,B2
song,noun,A2
song-wettbewerb,noun,B2
sonnabend,noun,A2
sonnarbeit,noun,A2
sonne,noun,A1
sonnen,other,B2
sonnen-,other,C1
sonnenallee,noun,C1
sonnenaufgang,noun,C2
sonnenaufgangsblick,noun,B1
sonnenblume,noun,B2
sonnenblumenöl,noun,B2
sonnenbrille,noun,A1
sonnencreme,noun,A2
sonneneinstrahlung,noun,C1
sonnenenergie,noun,B1
sonnenfeld,noun,B2
sonnenfinsternis,noun,B1
sonnenfinsternis-expedition,noun,B2
sonnengebräunt,adjective,B2
sonneninsel,noun,B1
sonnenkalender,noun,C2
sonnenklar,adjective,C1
sonnenlicht,noun,C2
sonnenlose,adjective,C1
sonnenmüden,adjective,B1
sonnenoberfläche,noun,C1
sonnenschein,noun,B2
sonnenschirm,noun,C2
sonnenstrahl,noun,B2
sonnenstrahlung,noun,C1
sonnenstudio,noun,A1
sonnenstunde,noun,A1
sonnensystem,noun,C2
sonnentag,noun,B1
sonnenterrasse,noun,C2
sonnenuhr,noun,B2
sonnenuntergang,noun,C1
sonnenwärmekollektoren,noun,C1
sonnenzeit,noun,C1
sonnenöle,noun,C2
sonnig,adjective,A1
sonntag,noun,A1
sonntag-abend-krimi,noun,B2
sonntagabend,noun,A2
sonntagmorgen,noun,B1
sonntagnachmittag,noun,C2
sonntags,adverb,A1
sonntagsarbeit,noun,A2
sonntagsfrühstück,noun,A1
sonntagskleid,noun,A2
sonntagsruhe,noun,B2
sonntagsspaziergang,noun,C1
sonographie-bildschirm,noun,B1
sonst,adverb,B1
sonstig,adjective,C1
sonstige,adjective,B2
sonstige,noun,A2
sony-center,noun,A1
sooft,conjunction,B1
sooooo,other,A2
soprana,noun,A1
sopranistin,noun,B2
sopranos,noun,C2
sorabei,adjective,B2
sorabistik,noun,B2
sorbe,noun,B2
sorben,noun,B2
sorbisch,adjective,B2
sorge,noun,C1
sorgen,other,B1
sorgenfrei,adjective,A2
sorgenkind,noun,C1
sorgentelefon,noun,B1
sorgerecht,noun,C2
sorgerechtsentzug,noun,C2
sorge|sorgen,noun,B1
sorgfalt,noun,B1
sorgfältig,adjective,C2
sorglos,adjective,B1
sorglosigkeit,noun,C1
sorgsam,adjective,C2
sorry,interjection,B1
sorte,noun,A1
sortieren,other,A2
sortierend,adjective,C2
sortiert,adjective,B2
sortiment,noun,B2
sos-kinderdorf,noun,C1
sos-kinderdorf-arbeit,noun,C1
sosein,noun,C2
soskinderdorf,noun,C1
soskinderdörfern,noun,C1
sotheby,noun,C1
soufflage,noun,B1
soul,noun,A1
sound,noun,B1
soundbites,noun,C1
soundcheck,noun,B1
sounddesign,noun,B1
soundtrack,noun,B2
souterrain,noun,C2
souvenir,noun,A2
souvenirladen,noun,C2
souvenirshop,noun,C2
souverän,adjective,B1
souverän,noun,C2
souveränität,noun,C2
sowas,other,B2
soweit,adverb,C1
soweit,conjunction,C2
sowie,conjunction,B2
sowieso,adverb,A2
sowjet,noun,C1
sowjetisch,adjective,C1
sowohl,conjunction,C1
soz.päd,noun,C2
sozial,adjective,C2
sozialabgabe,noun,A2
sozialarbeit,noun,C2
sozialarbeiterin,noun,A1
sozialberatung,noun,C1
sozialbürokratie,noun,B1
sozialdemokrat,noun,C1
sozialdemokratisch,adjective,C2
soziale,adjective,C2
sozialerhebung,noun,B2
soziales,adjective,B2
sozialfonds,noun,C1
sozialforscher,noun,C2
sozialforschung,noun,B2
sozialfürsorge,noun,B2
sozialgesetzgebung,noun,B1
sozialhelden,noun,B2
sozialhilfe,noun,C1
sozialhilfeempfänger,noun,B2
sozialisieren,other,C2
sozialismus,noun,B2
sozialist,noun,B1
sozialistisch,adjective,B1
sozialkompetenz,noun,C1
sozialkritik,noun,C1
sozialkritisch,adjective,C1
soziallast,noun,C2
sozialleistung,noun,C2
sozialplan,noun,C2
sozialpolitik,noun,C1
sozialpolitisch,adjective,C2
sozialpsychologe,noun,C2
sozialpsychologie,noun,C2
sozialpädagogik,noun,C1
sozialpädagogin,noun,B1
sozialschichtspezifisch,adjective,C2
sozialsiedlung,noun,B1
sozialstaat,noun,C2
sozialstandard,noun,B2
sozialstatistik,noun,C1
sozialstruktur,noun,C1
sozialsystem,noun,C1
sozialverhalten,noun,B1
sozialversichert,adjective,B2
sozialversicherung,noun,C2
sozialversicherungspflichtig,adjective,B1
sozialwerk,noun,C1
sozialwesen,noun,B2
sozialwirtschafts-visionär,noun,B1
sozialwissenschaft,noun,B2
sozialwissenschaftlich,adjective,B2
sozialwohnung,noun,A1
sozialzentren,noun,C1
soziobiologe,noun,C2
soziokulturell,adjective,C2
soziolekt,noun,C2
soziolinguistik,noun,C2
soziologe,noun,C2
soziologie,noun,C1
soziologieprofessor,noun,C1
soziologin,noun,C2
soziologisch,adjective,C2
sozioökonomisch,adjective,C1
soziularbeit,noun,A2
sozusagen,adverb,C1
soße,noun,A1
soßenkuchen,noun,C1
spa,noun,C1
spa-center,noun,C2
spa-oase,noun,C1
space-shuttles,noun,C2
spacelab,noun,C2
spaces,noun,C1
spaceshuttle,noun,C2
spacig,adjective,B1
spagat,noun,C1
spaghetti,noun,A2
spaghetti-ernte,noun,C1
spaghettisoße,noun,B1
spalenberg,noun,B2
spalt,noun,C1
spalte,noun,B2
spalten,other,C2
spaltung,noun,C1
spam-e-mails,noun,B2
spam-mail,noun,B2
spanier,noun,A1
spanierin,noun,B2
spanisch,adjective,B1
spanisch,noun,A1
spanische,noun,A2
spanisehen,adjective,C1
spannen,other,B2
spannend,adjective,A2
spannender,adjective,B2
spannendsten,adjective,B2
spannen|spinnen,other,C1
spannung,noun,B2
spannungsbogen,noun,C1
spannungsfeld,noun,C2
spannungskurve,noun,C2
spannungsmindernd,adjective,C1
spannungsverhältnis,noun,C2
sparbank,noun,C2
sparbuch,noun,C1
spareinlage,noun,C2
sparen,other,A2
sparend,adjective,A2
spargel,noun,C1
spargelsalat,noun,A2
sparkasse,noun,A1
sparkassenfiliale,noun,B2
sparkonto,noun,B2
sparmaßnahme,noun,C2
sparsam,adjective,A2
spartaner,noun,C2
spartanisch,adjective,C2
spartenprogramm,noun,C1
spartrend,noun,C1
spater,noun,B2
spatestens,adverb,B2
spatz,noun,B2
spazieren,noun,A1
spazieren,other,A1
spazierengehen,noun,C1
spaziergang,noun,A1
spaß,noun,A1
spaß-sportart,noun,B2
spaßen,other,C1
spaßfaktor,noun,C1
spaßig,adjective,C1
spaßvogel,noun,C1
spd-vorsitzende,noun,B1
speche,adjective,C2
specht,noun,A1
special,noun,C2
speck,noun,A2
spedition,noun,A1
speditionsunternehmen,noun,A1
speed,noun,A2
speed-date,noun,C2
speed-date-termin,noun,C2
speed-dating,noun,C2
speed-datings,noun,B1
speedminton,noun,C2
speichelfluss,noun,B2
speicher,noun,B1
speicherformen,noun,C2
speicherkarte,noun,C1
speichern,other,C1
speichernd,adjective,B2
speicherprogrammierbar,adjective,B2
speicherstadt,noun,A1
speicherung,noun,C2
speien,other,B2
speilzeugauto,noun,A1
speis,noun,B2
speise,noun,A1
speisefisch,noun,B1
speisekammer,noun,C2
speisekarte,noun,A1
speisen,other,C1
speiseplan,noun,C2
speiserest,noun,A2
speisewagen,noun,C2
speisezettel,noun,C2
speisezimmer,noun,B1
speise|speisen,noun,B2
spektakel,noun,C2
spektakulär,adjective,C2
spektakuläre,noun,C2
spektrum,noun,C2
spekulant,noun,C1
spekulation,noun,C2
spekulationsobjekt,noun,B1
spekulationsskandal,noun,B1
spekulatius,noun,C2
spekulativ,adjective,C1
spekulieren,other,B2
spende,noun,B2
spenden,other,C2
spendenaufruf,noun,B2
spendenbereitschaft,noun,B2
spendend,adjective,C2
spendengeld,noun,C1
spendenkonto,noun,B2
spender,noun,C2
spender,other,B2
spenderorgan,noun,C2
spende|spenden,noun,C2
spendieren,other,C1
sperranlage,noun,C1
sperren,other,B2
sperre|sperren,noun,C1
sperrig,adjective,B2
sperrmüll,noun,B2
sperrung,noun,A2
spezerei,noun,C1
spezial,adjective,A2
spezial-buchhandlung,noun,B1
spezialanfertigung,noun,B2
spezialeinheit,noun,B1
spezialgeschäft,noun,C2
spezialisieren,other,B1
spezialisiert,adjective,C1
spezialisierung,noun,B2
spezialist,noun,C2
spezialistin,noun,A1
spezialität,noun,A1
spezialklinik,noun,B1
spezialkurs,noun,C2
spezialmatratzen,noun,B2
spezialrichtung,noun,C2
spezialsoftware,noun,B2
spezialstift,noun,C1
spezialteam,noun,B2
spezialwissen,noun,C2
speziele,adjective,B1
speziell,adjective,B2
spezielle,noun,A2
spezies,noun,C2
spezifisch,adjective,C2
sphairomachia,noun,B2
spickzettel,noun,C2
spie1er,noun,B1
spiegel,noun,A1
spiegelbild,noun,C1
spiegelei,noun,A1
spiegelelementen,noun,C2
spiegeln,other,B2
spiegelschrank,noun,A2
spiegelstrich,noun,B2
spiegel|spiegeln,noun,B1
spieglein,noun,B2
spiel,noun,B1
spielanleitung,noun,B2
spielart,noun,C2
spielautomat,noun,B2
spielcasino,noun,B2
spielcasinoprinzip,noun,C1
spiele-apps,noun,A2
spieleabende,noun,B1
spielecke,noun,A1
spieledateien,noun,C2
spieleklassiker,noun,B1
spielekonsole,noun,C2
spielemarkt,noun,B1
spielen,other,A1
spielend,adjective,B1
spieler,noun,B1
spielerei,noun,B2
spielergebnis,noun,B1
spielerin,noun,B1
spielerisch,adjective,C1
spielerpaar,noun,C1
spielfeld,noun,A2
spielfeldrand,noun,B1
spielfigur,noun,B1
spielfilm,noun,A2
spielfilme‘,noun,B2
spielfilmlänge,noun,A2
spielfreude,noun,B1
spielgeld,noun,C2
spielkamerad,noun,B1
spielkarte,noun,B1
spielkleidung,noun,B1
spielkultur,noun,B1
spielleiter,noun,B1
spielmann,noun,C1
spielpartners,noun,C1
spielplan,noun,C2
spielplatz,noun,A1
spielraum,noun,B2
spielregel,noun,B2
spielsache,noun,A2
spielshow,noun,A2
spielstraße,noun,A2
spielsucht,noun,C1
spielszene,noun,C2
spielsüchtig,adjective,C1
spielsüchtige,noun,C1
spieltreffen,noun,B2
spieltrieb,noun,B1
spielvorschläge,noun,A1
spielweise,noun,B2
spielwert,noun,B2
spielzeit,noun,B1
spielzeug,noun,A2
spielzeugauto,noun,C1
spielzeugeisenbahn,noun,B2
spielzimmer,noun,B1
spielzug,noun,C1
spiel|spielen,noun,B1
spieß,noun,A2
spießer,noun,C2
spießig,adjective,C2
spießig-muffiges,adjective,C2
spinat,noun,A2
spindel,noun,B2
spinnen,other,B2
spinner,noun,B1
spinne|spinnen,noun,A1
spinning,noun,A2
spion,noun,B2
spionage-affäre,noun,B1
spiralbohrer,noun,C2
spirale,noun,B2
spirit,noun,A2
spiritualität,noun,C2
spirituell,adjective,B2
spirituose,noun,A1
spitz,adjective,C1
spitzdachbuden,noun,C1
spitze,noun,C1
spitzen,other,B1
spitzenbeamtin,noun,C1
spitzenforschung,noun,C2
spitzenfußballer,noun,B1
spitzenkandidat,noun,C1
spitzenkandidatin,noun,C1
spitzenkoch,noun,B2
spitzenkraft,noun,C2
spitzenköchin,noun,B1
spitzenleistung,noun,C2
spitzenläufer,noun,C1
spitzenplatz,noun,C1
spitzenposition,noun,C1
spitzenreiter,noun,B2
spitzensport,noun,C1
spitzensportler,noun,C1
spitzensportlerin,noun,B2
spitzenverdiener,noun,C2
spitzfindig,adjective,C2
spitzkegel,noun,B2
spitzname,noun,C2
spitzwegerich,noun,C1
spleen,noun,C1
splitter,noun,C1
splitternackt,adjective,C2
spoerl,noun,C2
sponsern,other,C1
sponsor,noun,C2
sponsoren-,other,C1
sponsorenvertrag,noun,C1
spontan,adjective,A2
spontane,noun,A2
spontaneität,noun,C2
spontanliebe,noun,C2
sporgasse,noun,A2
sporjacht,noun,C1
sport,noun,A1
sport-,other,A1
sportabteilung,noun,A1
sportangebot,noun,C1
sportanlage,noun,C2
sportart,noun,B2
sportartikelhersteller,noun,B2
sportauto,noun,B2
sportbegeistert,adjective,B2
sportbegeisterung,noun,B2
sportclub,noun,A1
sportergebnis,noun,A2
sportfanatiker,noun,B1
sportfotos,noun,C1
sportfreak,noun,B2
sportgel,noun,C1
sportgenuss,noun,B1
sportgerät,noun,A1
sportgeschäft,noun,B1
sporthalle,noun,B1
sporthighlights,noun,B2
sporthotel,noun,B1
sportjournalismus,noun,C1
sportkarriere,noun,B2
sportkegelclub,noun,B1
sportklamotte,noun,C2
sportkurs,noun,A1
sportl,adjective,B2
sportlehrerin,noun,A1
sportler,noun,C1
sportlerfamilie,noun,C2
sportlerin,noun,A2
sportlich,adjective,A1
sportliche,noun,A2
sportmassagen,noun,C2
sportmediziner,noun,B2
sportnachricht,noun,C1
sportpensum,noun,B2
sportplatz,noun,C2
sportprogramm,noun,B2
sportpsychologe,noun,B1
sportreporter,noun,A2
sportsache,noun,A2
sportsalbe,noun,A1
sportschau,noun,A2
sportschuh,noun,B2
sportshirts,noun,C2
sportstadien,noun,B1
sportstudio,noun,C1
sportstunde,noun,C1
sportstätte,noun,B2
sportsverein,noun,A2
sportteil,noun,A2
sporttraining,noun,B1
sporttreiben,noun,B2
sporttypen,noun,A2
sportvarianten,noun,C2
sportveranstaltung,noun,B2
sportverband,noun,C1
sportverein,noun,A2
sportverhalten,noun,B2
sportwagen,noun,A1
sportwissenschaft,noun,C1
sportzentrum,noun,C2
spot,noun,B2
spott,noun,C2
spotten,other,C1
spottster,noun,C1
spowi4,adjective,B1
sprach-,other,C1
sprach-lernprogramme,noun,B1
sprach-und,noun,B2
sprachabenteuer,noun,B2
sprachanwendung,noun,C2
sprachaustausch,noun,A2
sprachbarriere,noun,C2
sprachbegabt,adjective,C1
sprachbeherrschung,noun,C2
sprachbewusstsein,noun,C2
sprachbild,noun,C1
sprachbotschafter,noun,B2
sprache,noun,B2
sprache,other,C1
sprachen-,other,B2
sprachen-assistent,adjective,A1
sprachenbiografie,noun,A2
sprachenlernen,noun,B2
sprachenpolitik,noun,C1
sprachenschule,noun,A2
sprachensterben,noun,B2
sprachenstreit,noun,C1
sprachentwicklung,noun,C2
sprachenvielfalt,noun,B2
sprachenzentrum,noun,A1
spracherkennung,noun,C1
spracherkennungsareale,noun,C1
spracherwerb,noun,C2
spracherwerbende,adjective,C2
sprachfehler,noun,C2
sprachform,noun,C2
sprachforscher,noun,B2
sprachfähigkeit,noun,C2
sprachführer,noun,C1
sprachgebiet,noun,B2
sprachgebrauch,noun,B2
sprachgefügen,noun,C1
sprachgefühl,noun,C1
sprachgemeinschaft,noun,C2
sprachgemeinschaften,noun,C2
sprachgenie,noun,B1
sprachgruppe,noun,C1
sprachheilpädagogin,noun,C2
sprachinnovation,noun,C2
sprachinstitut,noun,A1
sprachkenntnis,noun,B1
sprachkontakte,noun,C1
sprachkontakten,noun,C1
sprachkontakts,noun,C1
sprachkurs,noun,A2
sprachlehre,noun,B1
sprachlehrerin,noun,A2
sprachlerin,adjective,A2
sprachlernberaterin,noun,B1
sprachlernbiografie,noun,A2
sprachlernbiografien,noun,A2
sprachlernmaterialien,noun,B1
sprachlich,adjective,C2
sprachlich-kognitive,adjective,C2
sprachlich-stilistische,adjective,A2
sprachlos,adjective,B2
sprachlosigkeit,noun,C1
sprachmelodie,noun,C2
sprachmoden,noun,C2
sprachnachweis,noun,B2
sprachniveau,noun,C1
sprachniveaus,noun,B2
sprachpaten,noun,B2
sprachpraxis,noun,A2
sprachprogramm,noun,C1
sprachprojekt,noun,C2
sprachprozessor,noun,C2
sprachpsychologe,noun,B1
sprachpsychologie,noun,B1
sprachpuristen,noun,C1
sprachraum,noun,C2
sprachregel,noun,C1
sprachregion,noun,B2
sprachregister,noun,B1
sprachreise,noun,A2
sprachrepertoire,noun,C2
sprachrhythmen,noun,C2
sprachrohr,noun,A2
sprachschatz,noun,B2
sprachschule,noun,A1
sprachstil,noun,C1
sprachstörung,noun,B2
sprachsystem,noun,C2
sprachtests,noun,B2
sprachtools,noun,B1
sprachtraining,noun,B1
sprachunterricht,noun,A1
sprachunterschied,noun,A2
sprachvariante,noun,C2
sprachvarianten,noun,B2
sprachverfall,noun,C2
sprachverhalten,noun,B1
sprachvermittlung,noun,B2
sprachvermögen,noun,C1
sprachverständnis,noun,C1
sprachwissenschaft,noun,C2
sprachwissenschaftler,noun,B2
sprachwissenschaftlerin,noun,C2
sprachwissenschaftlich,adjective,C2
sprachwissenschaftlichem,adjective,A2
sprachzweigs,noun,C1
sprak,noun,C2
spre,adjective,B2
spre-,adjective,C2
sprechangst,noun,C1
sprechen,adjective,C2
sprechen,noun,A1
sprechen,other,A1
sprechend,adjective,B2
sprechende,noun,C2
sprechenden,adjective,B1
sprecher,noun,C2
sprecherbeziehungen,noun,C2
sprecherin,noun,B2
sprechersignale,noun,A2
sprecherwechsel,noun,A2
sprechfähigkeit,noun,C2
sprechmotorik,noun,C2
sprechsituationen,noun,C2
sprechstunde,noun,A2
sprechstundenhilfe,noun,A1
sprechtempo,noun,B2
sprechtrainer,noun,B2
sprechtraining,noun,B1
sprechweise,noun,A2
sprechzeit,noun,A2
spree-wuhle,noun,C1
spreefahrt,noun,A1
spreewald,noun,B2
spreewald-originale,noun,B2
spreewaldgurke,noun,B2
spreewaldtherme,noun,B2
spreewuhle,noun,C1
sprendlingen,noun,A1
sprengen,other,C1
sprengstoff,noun,C2
sprengstoffexperte,noun,B2
sprenzinger,noun,C1
sprichwort,noun,C2
sprichwörtlich,adjective,C2
springen,noun,B2
springen,other,B2
springer,noun,B1
springerin,noun,B1
springreiten,noun,B2
sprinten,other,C1
sprit,noun,A2
sprite,noun,C2
spritverbrauch,noun,A2
spritze,noun,C2
spritzen,other,C1
spritzenprobe,noun,B2
spritzer,noun,C1
spritzig,adjective,C1
sprizz,noun,A2
spruch,noun,C2
spruchform,noun,C1
sprudeln,other,B1
sprung,noun,B2
sprunggewaltig,adjective,B2
spröde,adjective,C1
sprössling,noun,C2
sprühen,other,B2
sprüngli,noun,B1
sprüngli-ammann,noun,B1
sprüngli-schifferli,noun,B1
sprüngli-schwarz,noun,B1
spucken,other,C1
spulen,other,C1
spur,noun,B2
spure,noun,B2
spurenelement,noun,C1
spurensicherung,noun,B2
spurlos,adjective,B1
spur|spuren,noun,B2
sputnik,noun,C2
sputnik-schock,noun,C2
sputnik-start,noun,C2
spyri,noun,A2
späher,noun,C2
spärlich,adjective,C2
spät,adjective,A1
spätaussiedler,noun,C2
spätdienst,noun,A1
späte,noun,C2
spätentwickler,noun,C2
spätestens,adverb,B1
spätherbst,noun,C1
spätholzanteil,noun,C1
spätschicht,noun,C2
spätsommer,noun,C2
spätwerk,noun,B1
spätzle,noun,A1
spül-,other,B2
spülen,other,A1
spüle|spülen,noun,C1
spülmaschine,noun,A1
spülmittel,noun,C1
spülschwämme,noun,C2
spürbar,adjective,B2
spüren,other,B2
spürhund,noun,C1
squash,noun,A1
squba,noun,B2
squier,adjective,C1
squier,other,C1
sre,noun,C1
srh,noun,A2
sroße,adjective,A1
ss,adjective,B2
sssschtein,noun,B1
staat,noun,C2
staatlich,adjective,C2
staatliche,adjective,C2
staatsangehörigkeit,noun,A1
staatsanwalt,noun,C1
staatsanwaltschaft,noun,C2
staatsausgabe,noun,A2
staatsbegräbnis,noun,B1
staatsbürger,noun,B2
staatsbürgerin,noun,B1
staatschef,noun,B2
staatsdarlehens,noun,C2
staatsdienst,noun,B1
staatseinnahme,noun,C1
staatsexamen,noun,A2
staatsfeiertag,noun,B2
staatsform,noun,C2
staatsführer,noun,B2
staatsgalerie,noun,B1
staatsgast,noun,B1
staatsgrundgesetz,noun,B2
staatsinstitut,noun,C1
staatskanzlei,noun,C1
staatskosten,noun,B2
staatslenker,noun,C2
staatsmann,noun,C2
staatsoberhaupt,noun,C1
staatsoper,noun,C2
staatspräsident,noun,B2
staatsprüfung,noun,C1
staatsratsvorsitzende,noun,B2
staatssammlung,noun,C2
staatssicherheit,noun,C2
staatssicherheitsdienst,noun,B2
staatsverschuldung,noun,C2
staatsvertrag,noun,B1
staatsvertreter,noun,B2
staatswissenschaft,noun,B2
stab,noun,B2
stabil,adjective,C1
stabilisieren,other,C1
stabilisierend,adjective,B2
stabilität,noun,C2
staceys,noun,C1
stacheldraht,noun,B2
stacheldrahtzaun,noun,C1
stachelpanzer,noun,B2
stachelrochen,noun,C2
stacking,noun,A2
stadion,noun,B1
stadion|stadium,noun,C2
stadt,noun,A1
stadt-pärchen,noun,B2
stadt-zentrum,noun,A1
stadtabwässer,noun,C1
stadtalltag,noun,B1
stadtbad,noun,A2
stadtbekannt,adjective,C2
stadtbesichtigung,noun,A1
stadtbewohner,noun,B2
stadtbibliothek,noun,A2
stadtbild,noun,C1
stadtbummel,noun,A1
stadtbummel-klassiker,noun,C2
stadtbächen,noun,B1
stadtbücherei,noun,A2
stadtdetektiven,noun,B1
stadte,noun,B2
stadtenentwicklung,noun,B2
stadtentwickler,noun,C2
stadtentwicklung,noun,C2
stadterneuerung,noun,C1
stadtfest,noun,B2
stadtfläche,noun,B2
stadtforstamt,noun,C1
stadtführung,noun,B1
stadtgebiet,noun,B1
stadtgeschichte,noun,B2
stadtgrenze,noun,B2
stadtgärtner,noun,C1
stadthalle,noun,A2
stadtindianer,noun,B2
stadtkasse,noun,C2
stadtkern,noun,B1
stadtkirchenzentrum,noun,A2
stadtkämmerer,noun,C2
stadtleben,noun,C1
stadtluft,noun,C2
stadtmagazin,noun,A1
stadtmensch,noun,C2
stadtmission,noun,A2
stadtmitte,noun,A1
stadtmuseum,noun,A1
stadtnah,adjective,B1
stadtpark,noun,A1
stadtparlament,noun,B1
stadtpfarrkirche,noun,A2
stadtplan,noun,A1
stadtplaner,noun,C2
stadtrallye,noun,C2
stadtrallyes,noun,C2
stadtrand,noun,C2
stadtrat,noun,B2
stadtratssitzung,noun,B2
stadtrecht,noun,B2
stadtreiniger,noun,C2
stadtreinigung,noun,A2
stadtring,noun,B2
stadtrundfahrt,noun,A1
stadtrundgang,noun,C2
stadtspaziergangs,noun,C2
stadtstaat,noun,B2
stadtstempel,noun,C1
stadtteil,noun,A2
stadtteilfest,noun,C2
stadtteilschilder,noun,C1
stadtteilschule,noun,B1
stadtteilzeitung,noun,A2
stadttheater,noun,A1
stadttor,noun,A2
stadttour,noun,A1
stadturlauber,noun,A1
stadtver-kehr,noun,A1
stadtverkehr,noun,B1
stadtverordnetenversammlung,noun,C2
stadtverwaltung,noun,C1
stadtviertel,noun,A2
stadtwohnung,noun,B1
stadtzentrum,noun,A1
staffel,noun,C1
staffelei,noun,C1
staffelsee,noun,B1
stage,noun,C1
stagnieren,other,C2
stagnierend,adjective,C2
stahl,noun,C1
stahlfabrik,noun,B1
stahlindustrie,noun,B1
stahlkonzern,noun,B1
stahlproduktion,noun,B1
stahlskelett,noun,C1
stahlsäule,noun,B2
stahlträger,noun,C1
stahlwerk,noun,B1
staksen,other,C2
stalinallee,noun,C1
stall,noun,A1
stallarbeit,noun,A1
stallbesichtigung,noun,A2
stallgebäude,noun,C2
stalltür,noun,C1
stamm,noun,B2
stammbaum,noun,A2
stammen,other,B2
stammend,adjective,C1
stammesgeschichtliche,adjective,C1
stammesgruppe,noun,C1
stammeszugehörigkeit,noun,C2
stammgast,noun,B2
stammhaus,noun,B2
stammkneipe,noun,B1
stammtisch,noun,B1
stammtisch-freunde,noun,B1
stammtischrunde,noun,B1
stampfen,other,A1
stand,noun,B2
stand-by,noun,B1
standard,noun,B2
standardformulierung,noun,C2
standardfrage,noun,B1
standardisieren,other,C2
standardisiert,adjective,C1
standardisierung,noun,C1
standardkurs,noun,C1
standardlehrwerk,noun,B1
standardmenschen,noun,C2
standardnähe,noun,C2
standardsatz,noun,B1
standardschrift,noun,B2
standardsprache,noun,C2
standardsprachkurse,noun,A2
standardumweltbedingungen,noun,C2
standardwerk,noun,C1
standbein,noun,C1
standby-geräte,noun,B2
standesamt,noun,A2
standesgemäß,adjective,B2
standhalten,other,C2
standig,adjective,A1
standort,noun,C1
standortabhängig,adjective,C2
standortbedingung,noun,C1
standortfaktor,noun,C2
standortwahl,noun,B2
standpauke,noun,C1
standpreise,noun,A1
standpunkt,noun,C1
standuhr,noun,C1
standupmigranten,noun,A1
stange,noun,B2
stapel,noun,B1
stapeln,other,A2
stapfen,other,C2
star,noun,A2
star-gruppe,noun,C2
staraufgebot,noun,B2
starbrille,noun,A1
stargast,noun,B1
stark,adjective,C1
starke,noun,B1
starkritiker,noun,B1
starkstrom,noun,C2
starkstromanschluss,noun,B2
starkstromleitung,noun,C2
starling,noun,B1
starr,adjective,B2
starren,other,C1
starreporter,noun,C2
starreporters,noun,C2
starrsinnig,adjective,C1
start,noun,A1
start-,other,B1
start-up,noun,C1
start-up-unternehmen,noun,C1
startchance,noun,B2
starten,other,B1
startend,adjective,C2
startgeld,noun,A1
startkapital,noun,B1
startklar,adjective,A2
startloch,noun,C1
startpreis,noun,C1
startschuss,noun,C1
startsimulationen,noun,C2
starttermin,noun,A2
startup,noun,B1
startzeit,noun,A1
stasi-mitarbeiter,noun,A2
stasi-museum,noun,C2
state,noun,B2
statik,noun,B2
station,noun,A1
stationiert,adjective,C1
stationsarzt,noun,A1
stationsnetz,noun,C1
stationsschwester,noun,A1
stationsärztin,noun,C2
stationär,adjective,C2
statisch,adjective,C1
statist,noun,C1
statisterie,noun,B1
statistik,noun,C1
statistikbehörde,noun,C1
statistiker,noun,B2
statistisch,adjective,B2
stativ,noun,C1
statt,conjunction,B2
statt,other,A2
statt,preposition,C1
stattdessen,adverb,C2
statten,other,A2
stattfinden,other,B1
stattfindend,adjective,C2
stattlich,adjective,C2
statue,noun,A2
statuieren,other,C1
status,noun,C2
statussymbol,noun,C1
statut,noun,C1
stau,noun,A2
staub,noun,A1
stauben,other,A2
staubfänger,noun,B2
staubig,adjective,C1
staubkrümel,noun,C1
staubsaugen,noun,B2
staubsauger,noun,A1
staubschicht,noun,B2
staubwischen,noun,B2
staude,noun,C1
stauding,noun,B1
staufenplatz,noun,B1
stauff,noun,A2
stauffacher,noun,C1
staunen,noun,C1
staunen,other,C1
staunend,adjective,B2
stauraum,noun,B2
stausee,noun,C1
stauzeit,noun,B2
stauß,noun,C1
steak,noun,C2
steak-house-kette,noun,A2
steakhouse-kette,noun,B1
stechen,other,B1
stecher,noun,C1
stechuhr,noun,C2
steckbrief,noun,C2
steckdose,noun,B2
stecken,other,C1
steckend,adjective,C1
stecker,noun,B1
steckerleisten,noun,B2
stecknadelkopf,noun,C2
steff80,other,B2
stehcafé,noun,A2
stehen,noun,C2
stehen,other,A1
stehend,adjective,C2
stehenlassen,noun,B2
stehenlassen,other,C1
stehimbiss,noun,C1
stehlampe,noun,A2
stehlen,other,C2
stehn,other,C1
stehparty,noun,C1
steif,adjective,B1
steifgeschlagene,adjective,B1
steigen,other,B1
steigend,adjective,C1
steiger,noun,B2
steigern,other,B2
steigerung,noun,B2
steigerungsform,noun,B1
steil,adjective,B1
steilhang,noun,B1
steilküste,noun,B1
steilwandkletterer,noun,A1
stein,noun,C2
steinacker,noun,A2
steinarbeiten,noun,B1
steinbackofen,noun,B2
steinbeile,noun,C2
steinbock,noun,A2
steiner-texten,noun,C2
steinfeldt-reichenbacher,noun,A1
steingruber,noun,B2
steinig,adjective,A1
steinkohle,noun,B2
steinmetz,noun,C1
steinplatte,noun,C2
steinstraße,noun,B1
steinway-flügel,noun,B1
steinzeit,noun,A2
steinzeitlich,adjective,C2
stelle,noun,A2
stellen,noun,B1
stellen,other,A2
stellenanforderung,noun,B2
stellenangebot,noun,B1
stellenangebotsart,noun,B1
stellenantritt,noun,C1
stellenanzeige,noun,B1
stellenausschreibung,noun,B2
stellenbeschreibung,noun,B1
stellenbezeichnung,noun,B1
stelleninhaber,noun,C2
stellenwechsel,noun,B2
stellenweise,adjective,A2
stellenwert,noun,C1
stelle|stellen,noun,B2
stellplatz,noun,A1
stellshagen,noun,B1
stellung,noun,B2
stellungnahme,noun,C1
stellungslos,adjective,C1
stellvertretend,adjective,B2
stempel,noun,C1
stempel|stempeln,noun,C1
stengel,noun,A1
step,noun,A2
stephansdom,noun,A1
stephanusschule,noun,C2
steptanz,noun,B1
sterbebett,noun,C2
sterbefall,noun,C1
sterben,noun,B2
sterben,other,B1
sterbetafel,noun,C2
sterbewahrscheinlichkeit,noun,C2
sterblichkeit,noun,C1
stereoanlage,noun,C2
stereotyp,noun,B2
stereotype,noun,C2
stereotypisierung,noun,B1
steril,adjective,A2
stern,noun,A2
stern-umfrage,noun,C1
sternchen_thea,other,B2
sterne-restaurant,noun,C2
sterne-restaurants,noun,C2
sternenhimmel,noun,C2
sternenklar,adjective,B2
sternerestaurant,noun,C1
sternschnuppe,noun,A2
sternsinger,noun,A2
sternzeichen,noun,A1
steroid,noun,C1
stetig,adjective,C2
stets,adverb,C1
stettner,noun,C1
steuer,noun,C2
steueranlage,noun,B2
steueranwalt,noun,C2
steueraufkommen,noun,C2
steuerbar,adjective,C1
steuerberater,noun,C2
steuerehrlichkeit,noun,C2
steuereinnahme,noun,C2
steuererklärung,noun,C2
steuerersparnis,noun,C2
steuerfachangestellten,noun,B1
steuergeld,noun,B2
steuergeldernfinanziert,noun,B2
steuerhinterzieher,noun,C2
steuerhinterziehung,noun,C2
steuerlich,adjective,C2
steuermoral,noun,C2
steuern,other,C1
steuerrätsel,noun,C2
steuerschuld,noun,B1
steuersystem,noun,C2
steuersünder,noun,C2
steuertechnik,noun,B2
steuerung,noun,C1
steuerungsgeräte,noun,C1
steuervergehen,noun,C2
steuervorteil,noun,C1
steuerzahler,noun,C2
steuerzahlerrätsels,noun,C2
stewardess,noun,A1
stgb,noun,C1
stich,noun,C2
stichfest,adjective,C1
stichhaltig,adjective,C2
stichprobenartig,adjective,A2
stichpunkt,noun,A2
stichpunktartig,adjective,C1
stichwort,noun,B2
stichwortartig,adjective,C1
stichworten,noun,C2
stichwortzettels,noun,C1
stick,noun,B2
stickig,adjective,C2
stickstoff,noun,C1
stickte,other,C2
stief-,noun,B2
stiefel,noun,A1
stiefeltern,noun,C2
stiefmutter,noun,B2
stiefsohn,noun,B2
stieftochter,noun,B2
stiefvater,noun,B2
stier,noun,C1
stift,noun,A1
stiften,other,C2
stiftung,noun,C2
stiftungslösung,noun,C2
stiftungsprofessur,noun,C1
stift|stiften,noun,B2
stigma,noun,C2
stigmatisierung,noun,C2
stil,noun,C2
stilbruch,noun,C1
stilbruch-sound,noun,C1
stilelement,noun,C2
stilfenpyramide,noun,C1
stilisieren,other,C2
stilistisch,adjective,C2
still,adjective,A2
still,other,B1
stille,noun,C1
stillen,other,C1
stiller,noun,C1
stillers,noun,C1
stillhalten,other,B2
stillleben,noun,C2
stilllegen,other,C2
stillos,adjective,C1
stillschweigen,noun,C2
stillstand,noun,C1
stilmerkmal,noun,C2
stilmittel,noun,C1
stilrichtung,noun,B1
stilsicherheit,noun,B2
stilsprache,noun,C2
stilvoll,adjective,A2
stilvolle,noun,B2
stimmberechtigte,noun,C2
stimmberechtigung,noun,C2
stimme,noun,A2
stimmeigenschaften,noun,C1
stimmen,other,A2
stimmengewirr,noun,C1
stimmfarbe,noun,C1
stimmig,adjective,C1
stimmklang,noun,A2
stimmlage,noun,B2
stimmlos,adjective,A2
stimmrecht,noun,C1
stimmt,noun,A2
stimmtrakts,noun,C2
stimmung,noun,A2
stimmungsaufhellende,adjective,C2
stimmungsaufhellenden,adjective,C2
stimmungslage,noun,C1
stimmungsschub,noun,C2
stimmungsschwankung,noun,C2
stimmungsumschwung,noun,C1
stimmungsvoll,adjective,C2
stimmzettel,noun,C1
stimmübung,noun,B1
stimulanz,noun,B1
stimulation,noun,C2
stimulieren,other,C1
stimulierend,adjective,C2
stimuliert,adjective,C2
sting,noun,A1
stinken,other,C1
stinkend,adjective,C2
stinkfaul,adjective,C2
stinklangweilig,adjective,B2
stinksauer,adjective,B1
stinner,noun,B1
stipendiatin,noun,C1
stipendiendatenbank,noun,A2
stipendiengeber,noun,B2
stipendienorganisatonen,noun,B2
stipendium,noun,A2
stirn,noun,B1
stirnlampe,noun,B1
stock,noun,A1
stocken,noun,B2
stockwerk,noun,A2
stoff,noun,C1
stoffgebiets,noun,C2
stoffkreislauf,noun,C2
stofflager,noun,B1
stoffmenge,noun,B2
stoffrest,noun,B1
stofftier,noun,A1
stoffwechsel,noun,B2
stoffwechselprobleme,noun,C1
stoffwechselprodukt,noun,C2
stoffwechselstörung,noun,C1
stoffwechselwege,noun,C1
stollen,noun,C2
stollenfest,noun,C1
stollenmesser,noun,C1
stolpern,other,C2
stolperstein,noun,C1
stolpersteins,noun,B1
stolz,adjective,A2
stolz,noun,C2
stopfen,other,B1
stopp,noun,B2
stoppelfeld,noun,B1
stoppelmarkt,noun,B2
stoppen,other,C1
stoppschild,noun,C1
stoppuhr,noun,A2
stornieren,other,B2
stornierung,noun,C2
stornokosten,noun,B2
story,noun,A2
stoßen,other,C2
stoßschicht,noun,C2
stoßseufzer,noun,C1
stoßstange,noun,C1
stoßzahn,noun,C1
stoßzahn-instrument,noun,C1
stradivari,noun,B1
stradivari-cellos,noun,C1
stradivari-geige,noun,B1
stradivari-phänomen,noun,C1
stradivaris,noun,C1
strafantrag,noun,B2
strafanzeige,noun,B2
strafbar,adjective,C1
strafe,noun,C2
strafen,other,C2
strafenkatalog,noun,C2
straff,adjective,C2
strafgeld,noun,C2
strafgesetzbuch,noun,C1
strafminute,noun,C1
strafmündig,adjective,C1
strafmündigkeit,noun,C1
strafmündigkeitsalters,noun,C1
strafraum,noun,B2
strafrunde,noun,C2
strafsache,noun,C2
strafstoß,noun,B2
straftat,noun,C2
straftäter,noun,B2
strafzettel,noun,B1
strahl,noun,C1
strahlen,other,C1
strahlend,adjective,C2
strahlung,noun,C1
strahlungswert,noun,B2
stramm,adjective,B2
strammzustehen,other,C2
strand,noun,A1
strand-motto-party,noun,A1
strand-party,noun,A1
strand-partys,noun,A1
strandabschnitt,noun,C2
strandausflüge,noun,B2
strandbar,noun,A1
strandhaus,noun,A1
strandkorb,noun,A1
strandkorbproduktion,noun,C1
strandkorbvermieter,noun,A2
strandurlaub,noun,B2
strapaze,noun,C2
strapazieren,other,C2
strapazierfähig,adjective,B2
stratege,noun,B2
strategie,noun,B1
strategiespiel,noun,B1
strategisch,adjective,C2
strauch,noun,B2
strauß,noun,B2
strayer,noun,C1
straße,noun,A1
straßenasphalt,noun,C1
straßenbahn,noun,A2
straßenbahnfahrerin,noun,A1
straßenbahnlinie,noun,B2
straßenbahnschiene,noun,B1
straßenbahnstation,noun,A1
straßenbahnverbindung,noun,A2
straßenbedingungen,noun,B1
straßenbeleuchtung,noun,C2
straßenbesitzer,noun,B1
straßencafes,noun,A1
straßendienst,noun,B1
straßenfest,noun,A2
straßenkarte,noun,B2
straßenkilometer,noun,B1
straßenkreuzung,noun,B2
straßenkunst,noun,A2
straßenkunst-festival,noun,A2
straßenkünstler,noun,C2
straßenlaterne,noun,B1
straßenlärm,noun,C1
straßenmusiker,noun,B1
straßenmusiktourneen,noun,C1
straßenname,noun,C1
straßennetz,noun,B2
straßenpolizei,noun,C2
straßenrand,noun,B1
straßenreiniger,noun,C2
straßenreinigung,noun,B1
straßenräuber,noun,C1
straßenschuh,noun,A1
straßenseite,noun,C2
straßensozialarbeit,noun,C1
straßentheater-vorstellungen,noun,A2
straßentheaterprogramm,noun,A2
straßenumzug,noun,B1
straßenverkauf,noun,B2
straßenverkehr,noun,B2
straßenverkehrsordnung,noun,C2
straßenverkäufer,noun,B1
straßmannstraße,noun,B1
streben,other,C2
streber,noun,C2
strecke,noun,B2
strecken,other,C1
streckenlänge,noun,C1
streets,noun,B2
streich,noun,C2
streicheln,noun,C2
streicheln,other,B1
streichen,noun,B2
streichen,other,A2
streichholz,noun,B2
streichholzschachtel,noun,B1
streich|streichen,noun,C1
streife,noun,C2
streifen,noun,A1
streifen,other,B2
streifendienst,noun,A1
streifenhörnchen,noun,B1
streifenkarte,noun,B1
streifzug,noun,C2
streik,noun,C2
streiken,other,A2
streit,noun,B2
streiten,other,A2
streiterei,noun,B1
streiterin,noun,B1
streitfall,noun,B1
streitig,adjective,C2
streitigkeit,noun,C2
streitkraft,noun,C2
streitschlichter,noun,B1
streitschlichter-gruppe,noun,B1
streitthema,noun,C2
strend,adjective,B2
streng,adjective,A2
strenge,noun,C2
strengen,other,C1
strengstens,adverb,C2
stress,noun,A1
stress-resistenz,noun,C1
stress-situation,noun,C1
stressabbau,noun,B2
stressbeständiger,adjective,C2
stressbewältigung,noun,B2
stressempfinden,adjective,C1
stressempfinden,noun,C1
stressempfindens,noun,C2
stressen,other,B1
stressesser,noun,C2
stressforscher,noun,C1
stressfrei,adjective,B1
stressfreiheit,noun,B2
stressgefährdet,adjective,C1
stresshormon,noun,B1
stresshormonellen,adjective,C1
stressig,adjective,A1
stresspolster,noun,C2
stressreaktion,noun,C1
stressreduktion,noun,C2
stressresistenz,noun,C2
stresssituation,noun,C2
stresst,adjective,A1
stresszustand,noun,B1
stretchung,noun,B2
streuen,noun,A2
streuen,other,A2
streunend,adjective,C2
streuner,noun,C1
strich,noun,C2
strick,noun,C1
stricken,other,B1
strickend,adjective,B1
strickjacke,noun,B1
strickmütze,noun,A1
strickpullis,noun,B2
strick|stricken,noun,B1
striezel,noun,C1
striezelmarkt,noun,A1
striezelmarktes,noun,C1
strikt,adjective,C2
strippen,noun,B2
strittig,adjective,C1
strobel,noun,A1
stroh,noun,B2
strohhexe,noun,B2
strohl,noun,B2
strohmatte,noun,A1
strohpuppe,noun,B1
strom,noun,A2
strom-,other,C1
stromanschluss,noun,A2
stromausfall,noun,C1
strombedarf,noun,C1
stromern,noun,C1
stromerzeugung,noun,C1
stromgewinnung,noun,C1
stromkabel,noun,C1
stromkosten,noun,C1
stromleitung,noun,A2
stromlieferung,noun,C1
stromrechnung,noun,C2
stromstoß,noun,B2
stromtarif,noun,C1
stromverbrauch,noun,B2
stromversorgung,noun,C2
stromveränderungen,noun,B2
strom|strömen,noun,C1
stroop-effekt,noun,C1
strudel,noun,C2
struktur,noun,C2
strukturelement,noun,C2
strukturell,adjective,C2
strukturieren,other,C1
strukturiert,adjective,C1
strukturierung,noun,C2
strukturreform,noun,C2
strukturschwach,adjective,C2
strukturwandel,noun,C1
strumpf,noun,A1
strumpfhose,noun,A1
struppig,adjective,C2
strähne,noun,B1
sträuben,other,C1
sträußchen,noun,C1
strömen,other,B2
strömend,adjective,B1
strömung,noun,B2
stube,noun,B2
stubenarrest,noun,B2
stubenhocker,noun,C1
stubenrein,adjective,C2
stuber,noun,B2
student,noun,A1
studenten-wohngemeinschaften,noun,B1
studentenheim,noun,A1
studentenjob,noun,B2
studentenleben,noun,C1
studentenorganisation,noun,C1
studentenparlament,noun,B1
studentenqualitätsmonitors,noun,C2
studententag,noun,B2
studentenversammlung,noun,C2
studentenwahnheim,noun,A1
studentenwerk,noun,A2
studentenwohnheim,noun,A1
studentin,noun,A1
studentisch,adjective,C1
studi,noun,A2
studie,noun,B2
studien-,other,B2
studien-ergebnisse,noun,C1
studienabbrecher,noun,C2
studienabbrechern,noun,C2
studienabbruch,noun,C2
studienabschluss,noun,A2
studienanfängerin,noun,C1
studienangebot,noun,B2
studienanschluss,noun,C2
studienaufenthalt,noun,B2
studienautor,noun,B2
studienbeginn,noun,B2
studienberaterinnen,noun,C1
studienberatung,noun,B2
studieneinführungstagen,noun,B2
studienerfahrungen,noun,C1
studienfach,adjective,B2
studienfach,noun,B2
studienfinanzierung,noun,A2
studienfreund,noun,B2
studiengang,noun,C1
studiengebühr,noun,B1
studieninteressen,noun,C1
studieninteressierte,noun,B2
studienjahr,noun,C2
studienkredit,noun,B2
studienkrediten,noun,C2
studienleistung,noun,B2
studienleiter,noun,C2
studienort,noun,B2
studienplatz,noun,B2
studienprogramm,noun,C1
studienreise,noun,A2
studienrichtung,noun,C1
studienschwerpunkt,noun,B2
studiensemester,noun,B2
studiensemesters,noun,C2
studiensituation,noun,B2
studienstart,noun,B2
studienstatus,noun,C2
studienteilnehmer,noun,B2
studienteilnehmern,noun,C1
studienvorgaben,noun,C2
studienwahl,noun,B1
studienweges,noun,C1
studienwunsch,noun,B2
studienzeit,noun,A2
studieren,noun,C2
studieren,other,A1
studierende,noun,B2
studiert,adjective,C1
studie|studium,noun,B2
studio,noun,A1
studioauftritt,noun,C1
studiosus,noun,C2
studium,noun,B2
studivz,noun,B2
study,noun,B2
stufe,noun,B2
stufen,other,C2
stuhl,noun,A1
stuhlbein,noun,C2
stulle,noun,C1
stumm,adjective,C1
stummfilm,noun,B2
stumpen,noun,C1
stumpf,adjective,B2
stunde,noun,A1
stunden-anzahl,noun,B1
stunden-buch,noun,B2
stundenbasis,noun,B1
stundengefallen,noun,B1
stundenkilometer,noun,B2
stundenlang,adjective,A2
stundenlohn,noun,A1
stundenplan,noun,C2
stundenschlag,noun,C1
stundenschneller,adjective,C1
stundenzahl,noun,A2
stunde|stunden,noun,A1
stunt,noun,C1
stuntman,noun,B2
stuntschule,noun,B2
stur,adjective,B2
sturm,noun,B1
sturmbö,noun,C1
sturmflut,noun,B1
sturmflutwarnung,noun,B1
sturmfrei,adjective,C1
sturmtief,noun,B1
sturmwasserrückhaltung,noun,C2
sturm|stürmen,noun,C1
sturz,noun,C1
sturzentaler,noun,C1
stuttgarter,adjective,C1
stutz,noun,A2
stutzen,other,B1
style,noun,C2
stylen,other,B2
stylish,adjective,B2
stylist,noun,B2
styropor,noun,C1
styropor-kügelchen,noun,B2
stârkenden,adjective,B2
stäbchen,noun,B1
stäbchen-essern,noun,C1
stäbchenförmig,adjective,C2
städtchen,noun,C1
städte-touristen,noun,B2
städtebaulich,adjective,C1
städtename,noun,B2
städtepartnerschaft,noun,A1
städteplaner,noun,C2
städteplanung,noun,C1
städteporträt,noun,A1
städter,noun,C1
städtereise,noun,A2
städteteams,noun,C1
städtetrips,noun,B1
städtisch,adjective,C2
stählen,other,C1
ständeübergreifende,adjective,C2
ständig,adjective,B1
ständige,noun,C2
stärke,noun,C2
stärken,other,C2
stärkere,noun,C1
stärke|stärken,noun,C2
stärkst,other,B2
stärkung,noun,A2
stäubchen,noun,B1
stöbern,noun,B1
stöbern,other,A1
stöckelschuh,noun,B1
stöhnen,noun,C2
stöhnen,other,A1
stör,other,B2
stören,other,A2
störend,adjective,B2
störfall,noun,C2
störfallmanagement,noun,C2
störtebekker,noun,B1
störung,noun,C2
störungsarm,adjective,C1
störungsbild,noun,C1
stück,noun,A2
stückchen,noun,B1
stücken,other,B2
stückpreis,noun,B2
stückweise,adjective,C1
stückzahl,noun,C2
stündlich,adjective,C2
stürmen,other,B1
stürmer,noun,B1
stürmisch,adjective,C1
stürzen,other,B2
stützen,other,C2
stützräder,noun,C1
subjekt,noun,B2
subjektiv,adjective,C1
subjektive,noun,C1
subjunktion,noun,B2
subjunktionen,adjective,B2
subjunktionen,noun,B2
subkultur,noun,C2
submarine,noun,B2
suborbitalen,adjective,C2
substantiell,adjective,C2
substantiv,noun,B1
substantivketten,noun,C1
substanz,noun,C2
substanzklasse,noun,C2
subsumieren,other,C1
subtropisch,adjective,B2
subvention,noun,C2
subventionieren,other,B1
subventionsbetrug,noun,C2
subventionsmentalität,noun,C2
subventionspolitik,noun,C2
such,noun,B1
such-aufgaben,noun,B1
suchaktion,noun,C1
suchanzeige,noun,C2
suche,noun,B1
suchen,other,A1
suchend,adjective,C2
suchende,noun,C1
sucher,noun,C1
suche|suchen,noun,A2
suchflugzeuge,noun,C2
suchfunktion,noun,B2
suchmaschine,noun,B1
suchmaschinenkonzern,noun,C1
sucht,noun,C1
suchtbefund,noun,C1
suchtberaterin,noun,C2
suchtkranke,noun,C2
suchtmittel,noun,B1
suchtproblem,noun,C2
suchtprävention,noun,C2
suchtrupp,noun,C2
suchtt,other,B1
suchtverhalten,noun,B1
sud,noun,C1
suffixe,noun,C2
suggerieren,other,C1
suite,noun,B2
suizid,noun,C1
sukzessiv,adjective,C2
summe,noun,C1
summen,other,A1
summer,noun,B2
summer-fun-preisrätsel,noun,A1
summe|summen,noun,A1
sumpffußball,adjective,B2
sumpffußball,noun,B2
sumpffußball-cup,noun,B2
sumpffußballfeld,noun,B2
sumpfschildkröte,noun,B2
sumpfspielfeld,noun,B2
sundbeck,noun,B1
sunshine-hotel,noun,B2
suntex,noun,A1
super,adjective,A1
super,noun,A2
super-badestrand,noun,A1
super-bakterie,noun,C1
super-bakterien,noun,C1
super-brillen,noun,A1
super-g-lauf,noun,B1
super-philologen,noun,C2
super-preis,noun,A1
super-preise,noun,A1
super-sturm,noun,B1
superangebot,noun,A2
superbenzin,noun,A2
superbilliges,adjective,A1
superclean,adjective,A2
supergut,adjective,A2
supergünstig,adjective,A2
superior,noun,C2
superklebstoff,noun,C2
superlativ,noun,A2
superleicht,adjective,A2
supermann,noun,B1
supermarkt,noun,A1
supermarktdesigner,noun,B1
supermarktschlange,noun,C2
supernase,noun,B2
supernett,adjective,A1
superordentlich,adjective,A2
superpünktlich,adjective,A2
superschnell,adjective,A2
superschnäppchen,noun,C2
superstar,noun,C1
supertoll,noun,A1
supertrockene,adjective,C1
suppe,noun,A1
suppenfleisch,noun,A1
suppenfreunde,noun,B2
suppenhuhn,noun,A1
suppenküche,noun,A2
suppression,noun,C1
surf-mode,noun,A2
surf-schule,noun,A2
surfe,other,A2
surfen,noun,A2
surfen,other,A1
surfer,noun,B1
surfschule,noun,A2
surfverhalten,noun,A2
surinam,adjective,B2
surinam,noun,B2
surreal,adjective,B2
surrealismus,noun,B2
surren,other,C1
survival-training,noun,B2
survival-trip,noun,B2
sus,adjective,A2
sus,other,A2
sushi-häppchen,noun,B2
sushi-kurs,noun,A2
sushi-köche,noun,B2
suspekt,adjective,C2
suters,noun,C1
suße,noun,B2
swap,noun,C2
swap-boutique,noun,C2
swarovski,noun,B1
sweatshirts,noun,C2
sweet,adjective,B2
sweet,other,A1
swimmingpool,noun,C2
swisskom,noun,B1
swr-radio-tatort,noun,B2
symbol,noun,C2
symbolfigur,noun,B2
symbolhaft,adjective,B1
symbolik,noun,C2
symbolisch,adjective,C2
symbolisieren,other,A1
symbolisiert,adjective,C1
sympathie,noun,C2
sympathiepunkt,noun,B2
sympathisch,adjective,A2
symphonie-orchestern,noun,C1
symptom,noun,C1
synagoge,noun,B1
synaptische,adjective,C2
synchron,adjective,C1
synchronisation,noun,C1
synchronisiert,adjective,C1
synergiesitzung,noun,C1
synonym,adjective,B2
synonym,noun,C2
syntaktisch,adjective,C2
syntax,noun,C2
synthese,noun,B2
synthetisch,adjective,C1
synästhesie,noun,C1
synästhetikerin,noun,C1
synästhetikern,noun,C1
synästhetisch,adjective,C1
system,noun,C1
systematik,noun,B1
systematisch,adjective,C2
systematische,noun,B2
systemlos,adjective,C2
systemmangel,noun,C2
systemverständnis,noun,C2
szeemann,noun,C1
szenarium,noun,C2
szene,noun,C2
szeneführer,noun,B1
szenerie,noun,B2
szenig,adjective,B2
sächsin,noun,C1
sächsisch,adjective,B2
sächsisch,noun,C1
sächsische,noun,B2
säen,other,C1
säge,noun,B2
sägeblatt,noun,C2
sägemaschine,noun,C2
sägen,other,B2
sägespan,noun,B1
säge|sägen,noun,B2
säkularisiert,adjective,C2
sämtliche,other,C2
sänchez,noun,A1
sänger,noun,A1
sängerin,noun,A1
sättige,other,A2
sättigend,adjective,B2
sättigungsgefühl,noun,B2
säubern,other,B2
säugetier,noun,C2
säugetierart,noun,C1
säugling,noun,A2
säuglingspfleger,noun,B1
säuglingssterblichkeit,noun,B2
säule,noun,C2
säulen,noun,C1
säure,noun,C1
säuregehalt,noun,A2
söderbaum,noun,A2
söhne,noun,A1
süchtig,adjective,B1
süd,noun,B2
südafrikanerin,noun,A2
südamerikanisch,adjective,B2
süddeutsch,adjective,C1
süden,noun,A1
südeuropäer,noun,A1
südfassade,noun,C1
südhalbkugel,noun,C1
südkoreaner,noun,C2
südkoreanisch,adjective,C2
südlich,adjective,A2
südländisch,adjective,B1
südosten,noun,A2
südostfassade,noun,C1
südostküste,noun,C2
südraum,noun,B1
südseeinsel,noun,B2
südseereisen,noun,C2
südseite,noun,B1
südstadt,noun,A1
südtiroler,noun,C1
südwestdeutsch,adjective,A2
südwesten,noun,B1
südwestfassade,noun,C1
südwestich,noun,A1
südwestlich,adjective,A2
südzimmer,noun,C1
südöstlich,preposition,A2
sünde,noun,C2
sündenregister,noun,C1
sündhaften,adjective,C1
sündig,adjective,C2
süppchen,noun,B1
süß,adjective,A1
süße,adjective,B2
süße,noun,A2
süßholzraspeln,noun,C1
süßigkeit,noun,A1
süßigkeitenregal,noun,C1
süßmut,noun,A1
süßspeise,noun,A1
süßstoff,noun,B2
süßware,noun,C1
süßwaren-industrie,noun,B2
süßwarenabteilung,noun,B2
süßwarenfabrik,noun,B2
süßwarenfirma,noun,B2
süßwarenkonzern,noun,B2
süßwarenproduzenten,noun,B2
süßwasser,noun,C1
sıch,adjective,A2
sınd,adjective,A2
t,noun,B2
t-mobil,noun,C1
t-shirt,noun,A1
t-shirtund,noun,A2
tabak,noun,B2
tabakplantage,noun,B2
tabakware,noun,A1
tabellarisch,adjective,A2
tabellarischem,adjective,A2
tabelle,noun,A1
tabellenplatz,noun,C2
tablet,noun,A2
tablet-,other,B1
tablet-computer,noun,A2
tablet-pc,noun,C1
tablets,noun,B1
tablett,noun,A2
tablettenkonsum,noun,C2
tablett|tablette,noun,A1
tabu,adjective,B2
tabu,noun,C1
tabula,noun,C2
tabuzone,noun,C1
tach,other,B2
tacker,noun,C2
tadel,noun,C2
tadellos,adjective,B2
taekwondo,noun,B2
taekwondo-training,noun,B2
tafel,noun,A1
tafel-mitarbeiter,noun,B2
tafel-mitarbeiterin,noun,B2
tafelbetreiber,noun,B2
tafelbild,noun,C1
tafelkultur,noun,C1
tafeln,noun,A2
tafelsilber,noun,C2
tafelspitz,noun,B1
tafelwischen,noun,C1
tag,noun,A1
tag-nacht-rhythmus,noun,C2
tage,noun,B2
tagebuch,noun,B1
tagebuchartig,adjective,C1
tagebucheintrag,noun,B1
tagebuchschreibers,noun,C1
tagelang,adjective,B2
tagen,other,B2
tages-anzeiger,noun,C1
tages-make-ups,noun,B2
tagesablauf,noun,A1
tagesausflug,noun,A2
tagesbetreuung,noun,B1
tagesblatt,noun,A2
tagesdurchschnitt,noun,C1
tagesereignis,noun,C2
tagesform,noun,C1
tagesgeschehen,noun,C1
tagesgeschäft,noun,C2
tageshöchstwert,noun,C1
tageskalender,noun,A2
tageskurs,noun,B1
tageslicht,noun,C1
tagesmutter,noun,B1
tagesmüdigkeit,noun,B2
tagesordnung,noun,B2
tagesordnungspunkt,noun,B2
tagespresse,noun,B2
tagesprogramm,noun,A2
tagesrhythmen,noun,B2
tagesschau,noun,C2
tagesstimmung,noun,B2
tagesstätte,noun,B2
tagesthema,noun,C1
tagestief,noun,B2
tagesveranstaltung,noun,C2
tagesverlauf,noun,C1
tagesvätern,noun,B1
tageszeit,noun,A1
tageszeitung,noun,B1
tageweise,adjective,C2
taghell,adjective,C2
taglich,adjective,A1
tagnachtlampe,noun,C2
tags,adverb,B1
tagsüber,adverb,B2
tagtäglich,adjective,C2
tagung,noun,C1
tagungshotel,noun,C1
tagungszentrum,noun,B2
tahitianischen,adjective,C2
taillenweite,noun,C1
takt,noun,C2
taktisch,adjective,B2
tal,noun,B1
talbot,noun,C1
talent,noun,C1
talentiert,adjective,C2
talentierte,noun,C2
talentshow,noun,A2
taler,noun,C1
talfahrt,noun,B2
talgkerzen,noun,C2
talk,noun,C1
talkmasterin,noun,B1
talkrunde,noun,B1
talkshow,noun,B1
talkshow-moderator,noun,B1
tamatave,noun,A1
tanager,noun,A2
tandem,noun,A2
tandem-partnerin,noun,B2
tandempartner,noun,B1
tandemsprünge,noun,B2
tang,noun,A1
tanganjika,noun,C1
tango,noun,B1
tango-nacht,noun,A1
tank,noun,A1
tanken,other,A2
tanker,noun,B2
tankgutscheinen,noun,C1
tankstelle,noun,A2
tankwagen,noun,C1
tankwart,noun,A2
tann,noun,C1
tanne,noun,B2
tannen-,other,C1
tannenbaum,noun,A1
tannöd,adjective,B2
tansanier,noun,C1
tante,noun,A1
tante-emma-laden,noun,C2
tanz,noun,A2
tanzabend,noun,A2
tanzakademie,noun,B1
tanzbar,adjective,B2
tanzen,noun,A1
tanzen,other,A1
tanzfan,noun,A2
tanzgruppe,noun,C2
tanzkurs,noun,A1
tanzlehrer,noun,A1
tanzmusik,noun,C2
tanzpartner,noun,B2
tanzpartnerin,noun,B1
tanzparty,noun,B1
tanzsaal,noun,A2
tanzschritt,noun,B1
tanzschule,noun,B1
tanzstunde,noun,C1
tanztee,noun,B1
tanztheaterszene,noun,A2
tanzunterricht,noun,B1
tanzwettbewerb,noun,B1
tanzwirtschaft,noun,C2
tapete,noun,A2
tapezieren,other,A2
tapfer,adjective,C2
tapferen,noun,C1
tapferkeit,noun,C2
tarif,noun,A2
tarifbereich,noun,A1
tarifdschungel,noun,A2
tariffrei,adjective,A1
tarifgebiet,noun,A2
tariflich,adjective,A2
tarnen,other,B2
tarnlook,noun,C2
tarnung,noun,C1
tarzan,noun,A1
tasche,noun,A1
taschen-modelle,noun,A1
taschenbuch,noun,B2
taschenbuchformat,noun,C1
taschendiebstahl,noun,B2
taschengeld,noun,B2
taschenkalender,noun,B1
taschenlampe,noun,A2
taschenrechner,noun,C1
taschentuch,noun,A1
tasse,noun,A1
tastatur,noun,B1
tastaturstaubsauger,noun,B1
taste,noun,B2
tasten,other,B1
taste|tasten,noun,B1
tastsinn,noun,C1
tat,noun,C1
tatami,noun,A1
tatau,noun,C2
tataus,noun,C2
tatendurstig,adjective,C1
tatenlos,adjective,B2
tathergang,noun,B1
tatigen,adjective,B2
tatkräftig,adjective,C2
tatmerkmalen,noun,B1
tatort,noun,B2
tatort-public,noun,A2
tatort-public-viewing,noun,C1
tatort-publicviewing,noun,B2
tatort-sendungen,noun,A2
tatorten,noun,B2
tatsache,noun,C2
tatsächlich,adjective,C2
tatsächlich,adverb,C1
tattoo,noun,C2
tatverdächtig,adjective,C1
tatverdächtige,noun,B2
tatwaffe,noun,B1
tatze,noun,C1
taub,adjective,C2
taube,noun,C2
taubstumm,adjective,B2
tauchauto,adjective,B2
tauchauto,noun,B2
tauchen,noun,B2
tauchen,other,C1
taucher,noun,C2
taucherbrille,noun,A2
tauchgang,noun,B2
tauchlehrerin,noun,A1
tauchschule,noun,B2
tauchstation,noun,B2
tauen,other,C1
taufen,other,B2
taugen,other,C2
taumeln,other,C1
taumelnd,adjective,C2
tausch,noun,B1
tauschbeziehung,noun,C2
tauschbörse,noun,A2
tauschen,noun,A1
tauschen,other,A1
tauschgeld,noun,A1
tauschgespräch,noun,B1
tauschmarkt,noun,C2
tauschpartner,noun,B1
tauschring,noun,B1
tauschst,other,A1
tauschstationen,noun,C2
tausend,noun,B1
tausend,number,A1
tausende,adjective,A2
tausender,noun,B1
tausender-einheiten,noun,B2
tausendfüßler,noun,C1
tausendjährig,adjective,C2
tausendmal,adverb,C1
tausendst,adjective,B2
tausendstelsekunde,noun,C1
tausendvierhundert,adjective,C1
tausendvierhundert,noun,C1
taverne,noun,C1
taxi,noun,A1
taxi-zentral,adjective,A1
taxieren,other,C2
taxifahren,noun,B1
taxifahrer,noun,A1
taxifahrerin,noun,A1
taxifahrt,noun,A1
te,other,C1
team,noun,B1
team-tag,noun,B2
teamarbeit,noun,B2
teamarbeitsplätzen,noun,B1
teambesprechung,noun,C1
teambildung,noun,C1
teambildungsworkshop,noun,C1
teamchef,noun,A2
teamevent,noun,B2
teamevents,noun,B2
teamfähig,adjective,C1
teamfähigkeit,noun,C1
teamgefühl,noun,A2
teamgeist,noun,B2
teamkollege,noun,B1
teamkompetenz,noun,B2
teamkompetenzen,noun,B2
teamsitzungsräumen,noun,C1
tech,other,A1
technik,noun,A2
technikautor,noun,B2
techniker,noun,A2
techniker-krankenkasse,noun,C1
technikflut,noun,C1
technikfreak,noun,B1
technikkenntnisse,noun,B2
technikkonzerne,noun,B2
technikmuseum,noun,A1
technikversagen,noun,C1
technikverwöhnte,adjective,C1
technisch,adjective,C2
technische,adjective,C2
technischer,noun,B2
technisiert,adjective,C2
technisiertes,adjective,C1
technisierung,noun,C1
techno,noun,C2
techno-szene,noun,C2
technofans,noun,B1
technokratischen,adjective,C2
technologie,noun,B1
technologiefirmen,noun,C2
technologieintensiven,adjective,C1
technologieintensivere,adjective,C1
technologiekonzern,noun,B2
technologieriese,noun,B2
technologietransfer,noun,C1
technologieunternehmen,noun,C1
technologiezentrum,noun,A2
technologisch,adjective,C2
technology,adjective,C1
teddy,noun,A2
teddybär,noun,A1
tee,noun,A1
teehaus,noun,A1
teekonsum,noun,C1
teekränzchen,noun,B1
teeküche,noun,C1
teelöffel,noun,C1
teenager,noun,B1
teenager-zeit,noun,B2
teenie,noun,B1
teesorte,noun,B2
teetasse,noun,C1
teewasser,noun,B2
teezubereitung,noun,C2
teflon,noun,C2
tegernseer,adjective,A1
teig,noun,C2
teighügel,noun,C2
teigklumpen,noun,C2
teigware,noun,B2
teigwarenhersteller,noun,B2
teil,noun,B2
teil,other,B1
teilbereich,noun,C2
teilchen,noun,B2
teilen,noun,C2
teilen,other,B1
teilfläche,noun,C1
teilgebiet,noun,C2
teilhaben,other,C2
teiln,noun,C2
teilnahme,noun,B1
teilnahmeberechtigter,noun,B1
teilnahmebescheinigung,noun,B1
teilnahmebestätigung,noun,B2
teilnahmezeitraum,noun,B1
teilnahmslosigkeit,noun,C2
teilnahnmejahr,noun,B1
teilnanmebedingungen,adjective,B1
teilnehmen,noun,A2
teilnehmen,other,A2
teilnehmend,adjective,C2
teilnehmende,noun,B1
teilnehmer,noun,B2
teilnehmeranzahl,noun,B2
teilnehmerin,noun,C2
teilnehmerliste,noun,C2
teilnehmerorientierter,adjective,B2
teilnehmerzahl,noun,B1
teilprojekt,noun,B2
teils,adverb,B2
teilstadt,noun,C1
teilstipendien,noun,B2
teilung,noun,B1
teilweise,adverb,B1
teilzeit,noun,A2
teilzeit-stellen,noun,A2
teilzeit-vegetarier,noun,B2
teilzeitarbeit,noun,B1
teilzeitbeschaftigung,noun,B2
teilzeitkurse,noun,B2
teilzeitmodellen,noun,B1
teilzeitstelle,noun,B1
teilzenbeschäftigungen,adjective,B2
teilziel,noun,C1
teil|teilen,noun,B2
telearbeit,noun,C1
telefax,noun,C2
telefon,noun,A1
telefon-hotline,noun,A1
telefonanbieter,noun,C1
telefonanruf,noun,A1
telefonat,noun,C2
telefonbuch,noun,A1
telefondatum,noun,C1
telefondienst,noun,A2
telefongeld,noun,B1
telefongesellschaft,noun,B1
telefongesellschalft,noun,B1
telefongespräch,noun,B1
telefonhörer,noun,B1
telefonieren,noun,A1
telefonieren,other,A1
telefonierend,adjective,B1
telefonierst,other,B1
telefonisch,adjective,B1
telefonkarte,noun,A1
telefonkonferenz,noun,B2
telefonkosten,noun,A1
telefonleitung,noun,C1
telefonnummer,noun,A1
telefonpartner,noun,B2
telefonrechnung,noun,B1
telefonsex,noun,C1
telefonstimme,noun,C2
telefonvotum,noun,C1
telefonzelle,noun,A2
telegrafendienst,noun,B2
telegrafenlinie,noun,B2
telegrafennetz,noun,B2
telegrafenverbindungen,noun,B2
telegrafie,noun,B2
telegramm,noun,A2
telekom-chef,noun,B2
telekomfirma,noun,B2
telekommunikation,noun,A1
telekommunikationsanbietern,noun,C2
telekommunıkatıon,noun,B2
telenovela-freund,noun,A2
teleskopstöcken,noun,B1
teller,noun,B1
tellerrand,noun,C1
tempel,noun,C2
tempelhof,noun,C1
tempelmusik,noun,C1
temperament,noun,C1
temperamentvoll,adjective,B1
temperatur,noun,A2
temperaturaufzeichnung,noun,C1
temperaturschwankung,noun,C2
temperatursinn,noun,C1
tempo,noun,B2
tempojagd,noun,C1
tempolimit,noun,B2
temporal,adjective,B1
temporaladverbien,noun,A2
temporalangabe,noun,A1
temporalangaben,noun,A1
temporales,adjective,B2
temporalsätze,noun,B1
tempore,noun,C1
tempus,noun,B1
tempusformen,noun,B1
tenberg,noun,B2
tendenz,noun,B2
tendenziell,adjective,C2
tendieren,other,B2
tennis,noun,A1
tennis-jugendmeister,noun,C1
tennisanlage,noun,B2
tennisball,noun,A1
tennisballs,noun,C1
tennisoder,noun,A1
tennisplatz,noun,B2
tennisprofi,noun,B2
tennisschläger,noun,B2
tennisspiel,noun,A2
tennisspielem,noun,A2
tennisspieler,noun,C1
tennisspiel|tennisspielen,noun,C1
tennissport,noun,B2
tennisstar,noun,B2
tenor,noun,C1
teppich,noun,A2
teppichverlegen,noun,B1
ter,other,B2
termin,noun,A1
terminabstimmungen,noun,B2
terminator,noun,A1
terminerinnerung,noun,C2
terminkalender,noun,A1
terminplan,noun,B2
terminplanung,noun,B1
terminproblem,noun,A1
terminus,noun,C2
terminverschiebung,noun,B1
terminvorschlag,noun,A1
terminänderung,noun,C1
termite,noun,C1
terrainfremden,adjective,C2
terrakottafliesen,noun,B2
terrasse,noun,C2
terrassenvorsprung,noun,B1
terribel,adjective,C2
territorium,noun,C1
terror,noun,C1
terroranschlag,noun,C1
terrorgefahr,noun,C2
terrorisieren,other,C1
terrorismus,noun,C2
terrorist,noun,C2
terroristisch,adjective,C1
tert,adjective,B2
test,noun,C1
testament,noun,C2
testamentarisch,adjective,C2
testbacken,other,C2
testen,adjective,C2
testen,other,C1
testfahrer,noun,B2
testfahrt,noun,B2
testlauf,noun,B2
testperson,noun,C1
testrunde,noun,C2
testsieger,noun,B1
teststrecke,noun,B2
testverfahren,noun,C1
tetrafluorethylen,noun,C2
tetzlaff,noun,C2
teubel,noun,B1
teuer,adjective,A1
teuer.x.,adjective,A2
teufel,noun,A2
teufelskreis,noun,C2
teuflisch,adjective,A2
texanischen,adjective,C2
text,noun,A1
textabschnitt,noun,B2
textbauplan,noun,C1
textbauplanes,noun,C1
texten,other,A1
textende,noun,C2
texter,noun,C1
texterin,noun,B1
texterkennung,noun,C1
texterzeugnissen,noun,C2
textfassung,noun,A2
textil,adjective,B2
textilbereich,noun,B2
textilbranche,noun,B1
textildiscounter,noun,B2
textilfabrik,noun,C2
textilfaser,noun,C1
textilherstellern,noun,B2
textilie,noun,B2
textilindustrie,noun,A2
textilkonsums,noun,B2
textilreste,noun,A2
textilskandale,noun,B2
textilunternehmerin,noun,B2
textinhalt,noun,B2
textinterpretation,noun,C1
textorte,noun,B2
textpassage,noun,B1
textprodukt,noun,C1
textqualität,noun,B1
textsorte,noun,A2
textsortenwissen,noun,A2
textstelle,noun,B2
textstruktur,noun,A2
textteil,noun,C1
textvarianten,noun,C1
textverstehen,noun,B1
textvorlage,noun,C1
textzusammenfassung,noun,B2
textzusammenhänge,noun,B2
text|texten,noun,B1
thai,noun,B1
thai-tänze,noun,A2
thailänder,noun,A2
thailändisch,adjective,A2
that,other,C2
thaten,other,C2
the,noun,C1
the,other,C2
the-ema,noun,A2
theater,noun,A1
theater-festival,noun,A1
theateraufführung,noun,C2
theaterbesuch,noun,A1
theaterbetrieb,noun,B1
theaterbuhnen,noun,B2
theaterensemble,noun,B1
theaterfan,noun,A2
theaterfestspielen,noun,B1
theatergruppe,noun,C1
theaterhalle,noun,B1
theaterhaus,noun,A1
theaterinstitut,noun,B2
theaterinszenierung,noun,C1
theaterkarte,noun,A1
theaterleute,noun,C1
theaterplatz,noun,B1
theaterprojekt,noun,B2
theaterschauspielerin,noun,B2
theaterschneider,noun,B1
theaterschriftsteller,noun,B2
theaterspiel,noun,C2
theaterspiel|theaterspielen,noun,C1
theaterstück,noun,A2
theaterszene,noun,C1
theaterund,noun,A1
theaterversion,noun,B1
theatervorstellung,noun,C1
theaterwissenschaft,noun,B1
theatre,noun,B1
them,other,C2
thema,noun,B2
themafestgehalten,noun,C1
thematik,noun,B2
thematisch,adjective,A1
thematisieren,other,C2
thematisierse,other,B2
thematisierung,noun,C1
themen-tour,noun,B2
themenabend,noun,C2
themenauswahl,noun,B2
themenblock,noun,B2
themenblätter,noun,C1
themenblöcken,noun,B2
themenfeld,noun,B2
themenfindung,noun,C1
themenkarriere,noun,B2
themenkomplexe,noun,B2
themenkreis,noun,C1
themenschwerpunkt,noun,C1
themenspaziergang,noun,A2
themenvorschlag,noun,A1
themenwahl,noun,B2
themenwanderungen,noun,B2
themenwunsch,noun,A1
theologe,noun,B1
theologieprofessor,noun,C1
theologiestudent,noun,B2
theologisch,adjective,C2
theoretisch,adjective,B2
theorie,noun,C2
theorie-unterricht,noun,B1
theorieunterricht,noun,B2
theoriezeiten,noun,B1
theory,noun,C2
therapeut,noun,C1
therapeutin,noun,B2
therapeutisch,adjective,C1
therapie,noun,C1
therapieerfolg,noun,C1
therapieform,noun,B1
therapiehund,noun,B1
therapiemethode,noun,B2
therapieplatz,noun,C2
therapierbar,adjective,C2
therapieren,other,C1
therapiestunde,noun,C1
thermisch,adjective,C1
thermoisolation,noun,B2
thermokonstruktion,noun,B2
thermometer,noun,B1
therna,noun,B2
therrien,noun,C1
these,noun,C2
they,adjective,C2
thiere,noun,C2
thomanerchor,noun,B2
thomaskantor,noun,C1
thomaskantorat,noun,C1
thomaskantoren,noun,C1
thomaskirche,noun,A1
thomaskirchplatz,noun,A1
thomasschule,noun,C1
thonet-stuhl,noun,B2
thorndike,adjective,C1
thr,noun,B2
thriller,noun,C1
thron,noun,A2
thronbesteigung,noun,C2
thronen,other,B1
thunersee,noun,C1
thut,noun,C1
thymian,noun,C2
thymin,noun,C2
thüringer,noun,B1
tibeter,noun,C1
tick,noun,A1
ticken,noun,B2
ticken,other,A2
tickend,adjective,B2
ticket,noun,A1
ticket-kauf,noun,C1
tief,adjective,B2
tief,noun,A2
tiefblau,adjective,B2
tiefblau,noun,C1
tiefdruckeinfluss,noun,C1
tiefdruckgebiet,noun,A2
tiefe,adjective,B2
tiefe,noun,C2
tiefenentspannung,noun,C1
tiefenpsychologe,noun,C1
tiefenschärfe,noun,C1
tieffieger,noun,C2
tiefflieger,noun,C2
tiefgarage,noun,C2
tiefgefrieren,other,C2
tiefgefroren,adjective,C2
tiefgefrorene,noun,C2
tiefgekühlt,adjective,B1
tiefgründig,adjective,C2
tiefin,noun,B1
tiefkühl-lieferservice,noun,B1
tiefkühl-pizza,noun,A1
tiefkühlkost,noun,A1
tiefkühlkost-und,noun,B2
tiefschlafphase,noun,B2
tiefsee,noun,C2
tiefseetaucher,noun,B2
tiefseetaucheranzug,noun,C1
tiefsinn,noun,C2
tiefsttemperatur,noun,C1
tieftraurig,adjective,C2
tiefverwurzeln,other,B2
tiemanns,noun,C1
tier,noun,B1
tier-,other,B2
tier-und,noun,B2
tierart,noun,C2
tierarzt,noun,C2
tierbestand,noun,C1
tierbestandes,noun,B2
tierdokumentationen,noun,B2
tiere,noun,B1
tiereiweißfreie,adjective,B1
tierexperiment,noun,C2
tierfell,noun,C2
tierfilmer,noun,C1
tierfilmers,noun,C1
tierforschung,noun,C1
tierfutter,noun,B1
tiergarten,noun,A2
tierhaltung,noun,B1
tierhaut,noun,C2
tierheim,noun,B1
tierherden,noun,C1
tierisch,adjective,B2
tierkadaver,noun,C2
tierklinik,noun,B2
tierkliniken,noun,A1
tierlaut,noun,C2
tierleben,noun,C1
tierliches,adjective,B2
tierlieb,adjective,C2
tierliebe,noun,B1
tiermedizin,noun,C1
tiername,noun,A2
tierpark,noun,B1
tierpsychologin,noun,B1
tierreich,noun,C2
tierschutz,noun,B2
tierschutzverein,noun,C2
tierschützer,noun,C1
tierspur,noun,B2
tiertrainerin,noun,B1
tierund,noun,B2
tierversuch,noun,C2
tierwelt,noun,B2
tierärztin,noun,B1
tiger,noun,C2
tilgen,other,C2
tilgung,noun,C2
tilgungszahlung,noun,C2
tilsiter,noun,B1
timberlake,noun,C2
timbre,noun,C1
timbuktu,noun,B2
timen,other,C1
timmschen,adjective,C1
tinktur,noun,C1
tinte,noun,C1
tionen,noun,C2
tip,noun,A1
tipi,noun,B2
tipp,noun,B1
tippen,noun,B2
tippen,other,B2
tippfehler,noun,C2
tipps,noun,B2
tippst,other,B2
tipptopp,adjective,C1
tiramisu,noun,B2
tiroler,noun,C1
tisch,noun,A1
tischcomputern,noun,C1
tischdecke,noun,A2
tischdekoration,noun,A2
tischen,other,C2
tischende,noun,C1
tischlein,noun,B2
tischlein-deck-dich,noun,B1
tischler,noun,B2
tischlerei,noun,B1
tischlerin,noun,A2
tischleuchte,noun,A2
tischmanier,noun,B1
tischnachbar,noun,B1
tischordnung,noun,C1
tischpaare,noun,C1
tischpartner,noun,C1
tischpartnerinnen,noun,C1
tischpartnern,noun,C1
tischreihe,noun,B1
tischsitte,noun,C1
tischtennis,noun,A2
titan,noun,C2
titanic-unglück,noun,C1
titel,noun,B2
titelgebend,adjective,C1
titelmelodie,noun,C1
titelseite,noun,C2
titulieren,other,C2
tiv,noun,B2
tja,interjection,A2
tja,noun,C2
tns,noun,C2
to,adjective,C2
to,other,C1
toast,noun,C1
toaster,noun,C1
toben,noun,C1
toben,other,C2
tochte,noun,A2
tochter,noun,A1
tochtergesellschaft,noun,C2
tochterunternehmen,noun,C1
tocknen,noun,B1
tod,noun,B1
todbringend,adjective,C2
todernst,adjective,C1
todesart,noun,C2
todesfall,noun,C1
todesmutig,adjective,B2
todesopfer,noun,B1
todesritter,noun,C2
todesstrafe,noun,C2
todesstreifen,noun,C1
todestag,noun,C1
todesurteil,noun,B2
todix800,noun,B2
todlangweilig,adjective,B1
todmüde,adjective,B1
todt,adjective,C2
todunglücklich,adjective,C1
tofu,noun,C2
togoerin,noun,B2
tohlene,adjective,C2
toilette,noun,A1
toilettenartikelfirma,noun,A2
toilettengängen,noun,B1
toilettenpapier,noun,A1
toilettenspülung,noun,B2
toilettenwände,noun,A1
tokioter,noun,B2
tolerant,adjective,B1
toleranz,noun,C2
tolerierbaren,noun,C2
tolerieren,other,B2
toleriert,adjective,C2
toll,adjective,A1
tolle,noun,A1
tollpatschigen,adjective,C1
tollste,noun,B2
tomate,noun,A1
tomatenhaus,noun,A2
tomatensalat,noun,A1
tomatensoße,noun,A2
ton,noun,C1
tonabfolge,noun,C2
tonalität,noun,C1
tonangebend,adjective,C2
tonarbeit,noun,B1
tondokument,noun,C2
tonerkartusche,noun,A2
tonerzeugung,noun,C1
tonfall,noun,C1
tonhöhe,noun,C2
toningenieur,noun,C1
toningenieurin,noun,A1
toningenieurinnen,noun,C1
tonmeister,noun,C1
tonne,noun,B1
tonstudio,noun,C1
tontechnik,noun,B1
tonwechsel,noun,C1
ton|tönen,noun,C1
tonänderung,noun,C1
top,noun,B2
top-cd-spieler,noun,A2
top-designerin,noun,A1
top-favorit,noun,A1
top-hits,noun,C1
top-kunden,noun,C2
top-leute,noun,C2
top-preis,noun,A2
top-punktzahl,noun,C2
top-qualität,noun,B2
top-ten-hit,noun,A2
top-ten-tätowierungen,noun,C2
top-tipp,noun,A2
top-ziel,noun,B2
topadressen,noun,B2
topaktuell,adjective,A1
topangebot,noun,B2
topf,noun,A1
topfen,noun,B1
topfklappern,noun,C1
topfpalme,noun,B2
topmanagements,noun,C2
topmanager,noun,C1
topmanagern,noun,C2
topmanagers,noun,C2
topmodel,noun,A1
topmoderne,adjective,A2
topmodernen,adjective,B2
topologie,noun,C1
topologisch,adjective,C1
toppen,other,B1
topqualifizierte,adjective,C1
topreiseziele,noun,A1
toprenoviertes,adjective,C1
topstars,noun,B1
toptalente,noun,C1
topverkäufer,noun,B2
topwert,noun,C1
tor,noun,A1
torchance,noun,B2
torhüter,noun,B2
tornister,noun,C1
torte,noun,A2
tortellini,noun,C2
tortenabschnitt,noun,B2
tortenboden,noun,B1
tortenfreak,noun,B2
tortenstück,noun,B2
tortur,noun,C2
torwand,noun,A2
torwart,noun,B2
tosend,adjective,B1
toskana-therme,noun,C1
toskanischer,adjective,B2
tot,adjective,B2
tot,other,B1
total,adjective,A1
tote,noun,C1
totenbett,noun,C1
toterklärte,noun,C2
toterklärten,noun,C2
totlachen,other,C1
totschlag,noun,B2
toubon-gesetz,noun,C1
touch,noun,C2
touchpoint,noun,B1
touchscreen,noun,A1
toughs,noun,C1
tour,noun,B2
tourbus,noun,B2
tourette,noun,B1
tourismus,noun,B1
tourismus-börse,noun,B2
tourismusbranche,noun,C2
tourismusbüro,noun,C1
tourismusforscher,noun,B2
tourismusforschung,noun,B2
tourismusindustrie,noun,B2
tourismuskonzern,noun,C2
tourismusmanagement,noun,C1
tourist,noun,A1
touristen-kram,noun,B1
touristenattraktion,noun,B1
touristengruppe,noun,B2
touristeninformation,noun,A1
touristenmagnet,noun,B2
touristenschiffe,noun,B1
touristik,noun,C2
touristikmesse,noun,A1
touristin,noun,C2
touristisch,adjective,C2
tournee,noun,B1
tower,noun,A1
trab,noun,C1
trabant,noun,B2
trabbis,noun,A2
traber,noun,B2
trabi,noun,C1
trabis,noun,C1
trabzonspor,noun,C2
tracht,noun,B2
tracht|trachten,noun,A2
trade,noun,C2
tradieren,other,C1
tradion,noun,A1
tradition,noun,C2
traditionell,adjective,B1
traditionelle,noun,B2
traditionellerweise,adverb,C2
traditionsbetrieb,noun,B1
traditionsgeprägten,adjective,C1
traditionsmarke,noun,B2
traditionsreich,adjective,B2
traf,other,C1
tragbar,adjective,C1
tragbarer,adjective,C1
trage,noun,A1
tragekomfort,noun,B2
tragen,other,A1
tragend,adjective,C1
trage|tragen,noun,C2
tragfläche,noun,C1
tragfähig,adjective,C2
tragik,noun,C1
tragisch,adjective,B1
tragödie,noun,C1
trailer,noun,C1
train,noun,A2
trainee,noun,C2
traineeprogramme,noun,C1
trainer,noun,C1
trainerin,noun,B2
trainerjob,noun,B2
trainerschein,noun,B2
trainieren,noun,C2
trainieren,other,A1
trainiert,adjective,C1
trainina,noun,A2
training,noun,B2
trainingsangeboten,noun,C1
trainingsanzug,noun,A1
trainingsbedingung,noun,C1
trainingsfortschritte,noun,C2
trainingsgelände,noun,B1
trainingslager,noun,C1
trainingsmöglichkeit,noun,C2
trainingsplan,noun,A2
trainingsprogramm,noun,B1
trainingstag,noun,C2
trainingszeit,noun,C1
trainingszustand,noun,B2
traktieren,other,C2
traktor,noun,A2
tram,noun,A1
trampen,other,B2
tramper,noun,C1
trank,noun,B2
transaktion,noun,C1
transaktionsanalyse,noun,C2
transfair,adjective,A1
transfer,noun,C2
transferdauer,noun,C2
transferieren,other,C2
transfettsäuren,noun,B2
transio-unternehmensgruppe,noun,C2
translation,noun,C1
translator,noun,B1
transnational,adjective,B2
transparency,noun,C2
transparent,adjective,C2
transparent,noun,B2
transparenz,noun,C1
transport,noun,C2
transportband,noun,B2
transportcontainer,noun,B1
transporter,noun,A1
transportgelegenheit,noun,C2
transportgelegenheiten,noun,C2
transportieren,other,B1
transportiert,adjective,C1
transportkosten,noun,B1
transportmittel,noun,B1
transportmodus,noun,B2
transportmöglichkeit,noun,C2
transportvehikel,noun,C2
transportverpackung,noun,C2
transzendenz,noun,C2
trash,noun,C2
tratsch,noun,B1
traube,noun,B2
traubenzucker,noun,B2
trauen,other,B1
trauer,noun,C1
trauerarbeit,noun,C2
trauerfeier,noun,A2
trauern,other,C1
trauernde,noun,B1
traum,noun,A1
traumatisch,adjective,C2
traumatisiert,adjective,C1
traumberuf,noun,A2
traumdeutung,noun,C1
traumerinnerung,noun,C1
traumfabrik,noun,B1
traumfrau,noun,A1
traumhaft,adjective,B2
traumhafter,adjective,C2
traumhaus,noun,C2
traumjob,noun,B2
traumlandschaft,noun,C1
traummann,noun,A2
traumpartner,noun,C2
traumpartners,noun,B2
traumreise,noun,A2
traumsituation,noun,C2
traumstraße,noun,A2
traumstudiums,noun,C2
traumtag,noun,C1
traumtagebuch,noun,C1
traumtemperaturen,noun,A2
traumurlaub,noun,A1
traumwelt,noun,B1
traumwetter,noun,A1
traumwohnung,noun,C2
traumziel,noun,B2
traumzustand,noun,B1
traurig,adjective,A1
traurigkeit,noun,C2
traurigsein,noun,B1
trauringen,noun,B1
trauschein,noun,B1
traut,adjective,C2
trauung,noun,A2
trauzeugin,noun,B1
travel-programme,noun,A2
traveller,noun,B2
travolta,noun,C2
treck,noun,C1
treff,noun,C1
treffen,noun,A2
treffen,other,A2
treffend,adjective,C1
treffen|triefen,other,A2
treffer,noun,C2
trefferquote,noun,C2
treffgenauigkeit,noun,C1
treffpunkt,noun,A2
treffsicherheit,noun,C1
treiben,noun,B2
treiben,other,B2
treibend,adjective,C2
treibhaus,noun,C1
treibhauseffekt,noun,C1
treibhausgas,noun,C1
treibhausgemüse,noun,C1
treibhauswirkung,noun,C1
treibstoff,noun,C1
trekking,noun,C1
trekking-tour,noun,A1
trekkingtour,noun,B2
trend,noun,B2
trendchecks,noun,C2
trendforscher,noun,C1
trendforscherin,noun,B2
trendforschung,noun,C1
trendig,adjective,C2
trendiges,adjective,B2
trendsportart,noun,C2
trendsportarten,noun,C2
trendstadt,noun,B2
trendwende,noun,B2
trenkelbach,noun,B2
trennbar,adjective,A1
trennbare,adjective,A1
trennen,other,B1
trennkraft,noun,C1
trennlinie,noun,C1
trennung,noun,B2
trennungsgrüße,noun,C1
trennungsquote,noun,B2
treppe,noun,A1
treppenaufgang,noun,C2
treppenhaus,noun,A1
treppenreinigung,noun,A1
treppensteigen,noun,C1
treppenstufe,noun,B2
tresor,noun,C1
tresorraum,noun,B2
tretboot,noun,B1
treten,other,C1
tretter,noun,B2
tretton,noun,C1
treu,adjective,C1
treue,noun,C2
treugeblieben,adjective,B2
triathlon-läufer,noun,C2
tribal-elemente,noun,C2
tribal-motive,noun,C2
tribut,noun,C1
trick,noun,B1
trickbetrügermafia,noun,C2
trickfilm,noun,C1
trickkiste,noun,C1
tricksen,other,B2
triftig,adjective,C2
trimmen,other,C2
trinkbar,adjective,C1
trinken,noun,A1
trinken,other,A1
trinkgeld,noun,A2
trinkgeldregelung,noun,B1
trinkwalder,noun,B2
trinkwasser,noun,C1
trinkwasserqualität,noun,C1
trinkwasserverbrauch,noun,C1
trinkwasserzugang,noun,C1
trio,noun,C2
triple,adjective,B2
trippen,noun,A1
triptychon,noun,C2
tristesse,noun,C1
tritschler,noun,B2
tritt,noun,B1
trittbrettfahrer,noun,C2
triumphieren,other,C2
triumphierend,adjective,B2
triumphzug,noun,C2
trivial,adjective,C1
trocken,adjective,C2
trockenheit,noun,A2
trockenhuhn,noun,B2
trockenkartoffeln,noun,C1
trocknen,noun,A2
trocknen,other,A2
trojaner,noun,B2
trolley,noun,B2
trolleys,noun,A2
trolleytyp,noun,B2
trommelfell,noun,B2
trommelkursen,noun,B1
trommeln,other,B2
trommel|trommeln,noun,B2
trompeter,noun,C1
trompete|trompeten,noun,C1
tropen,noun,C2
tropenbad,noun,B2
tropenkrankheit,noun,B2
tropenstürme,noun,B1
tropfen,noun,B2
tropfen,other,A2
tropfenfänger,noun,B1
trophäe,noun,B2
tropisch,adjective,C2
troplowitz,noun,A1
trost,noun,C2
trostlos,adjective,C1
trott,noun,B2
trottel,noun,C1
trotz,noun,C2
trotz,preposition,C2
trotzdem,adjective,C1
trotzdem,conjunction,B2
trotzdem,other,B1
trotzen,other,C1
trubel,noun,B1
trugbild,noun,C2
trumpf,noun,C2
trunksucht,noun,C1
trupp,noun,B2
truppe,noun,B1
trx,other,C2
träge,adjective,A2
träge,noun,B2
träger,noun,C2
trägerin,noun,B1
trägersystem,noun,C2
trällere,adjective,C2
tränend,adjective,C2
tränenpalast,noun,B2
tränensack,noun,B2
träne|tränen,noun,A1
träume,noun,C1
träumen,other,A1
träumend,adjective,C1
träumerisch,adjective,C1
trödel-event,noun,A1
trödelmarkt,noun,A1
tröst,adjective,C2
trösten,other,B2
tröstende,noun,C2
tröstliche,noun,C1
trüb,adjective,B2
trüben,other,C1
trümmer,noun,C1
trınken,other,B1
tsantiais,noun,A1
tscheche,noun,B2
tschechin,noun,A1
tschechisch,adjective,A1
tschechische,noun,B2
tschick,adjective,C2
tschick,noun,C2
tschillen,noun,C2
tschüss,adjective,A1
tschüss,noun,B1
tshirt,noun,A1
tsunami,noun,C2
tuareg,noun,C1
tuberkulose,noun,B2
tuch,noun,B2
tucherzeugnissen,noun,C1
tuchkoffer,noun,B2
tuend,adjective,B2
tuffstein,noun,C2
tugend,noun,C2
tuk-tuk,noun,C2
tukur,noun,A2
tulpe,noun,B2
tummeln,other,C1
tummetott,noun,C1
tumor,noun,C2
tumorerkrankung,noun,B1
tumorproben,noun,C1
tumorschmerzen,noun,C2
tun,noun,C1
tun,other,A1
tundra,noun,B2
tunier,noun,B1
tuningfirma,noun,B2
tunlich,adjective,C2
tunnel,noun,B2
tunnelbau,noun,B1
tunnelblick,noun,C1
tupfen,other,B2
tur,other,B2
turbine,noun,C1
turbokäufer,noun,C1
turboprogramm,noun,C2
turboschnell,noun,B2
turm,noun,A1
turmbau,noun,C2
turmbläser,noun,C1
turnen,noun,A2
turner,noun,C1
turnerheim,noun,B1
turnhalle,noun,A2
turnier,noun,A2
turnschuh,noun,C2
turnusgemäß,adjective,C1
turnverein,noun,B2
turquoise,adjective,B2
tusch|tusche,noun,C2
tut,other,A1
tutor,noun,C1
tutorenausbildung,noun,C1
tutorin,noun,C1
tutorinnen,noun,C1
tutte,other,B1
tuwa-nomaden,noun,B2
tv-doku,noun,B1
tv-erfolgsgeschichten,noun,A2
tv-gerät,noun,B2
tv-journalist,noun,C1
tv-kommissarin,noun,B1
tv-kriminalreporter,noun,C1
tv-produktion,noun,C2
tv-produzent,noun,B2
tv-satellit,noun,C2
tv-sendung,noun,C1
tv-show,noun,A2
tv-spot,noun,C1
tv-studio,noun,C2
tweed,noun,B2
tweet,noun,C1
twenty,noun,A2
twitter,noun,C2
twitter-account,noun,B2
twitter-kommunikation,noun,B1
twitternachrichten,noun,C1
typ,noun,A2
typ-serie,noun,C2
typisch,adjective,B2
typische,adjective,B1
typischer,adjective,C1
typisches,noun,B2
typografie,noun,C2
typus,noun,C1
tz-,other,B1
tägig,adjective,B2
täglich,adjective,B1
tänzer,noun,B2
tänzerin,noun,C1
tät,noun,B2
täter,noun,C1
täter-opfer-ausgleich,noun,C2
tätig,adjective,B1
tätigeit,noun,C2
tätigkeit,noun,B2
tätigkeitsbeispielen,noun,B2
tätigkeitsbereich,noun,C2
tätigkeitsbezogenen,adjective,C1
tätigkeitsprofil,noun,C2
tätowieren,noun,C2
tätowieren,other,C2
tätowierfreude,noun,C2
tätowierfreudige,noun,C2
tätowierung,noun,C2
täubchen,noun,B1
täuschen,other,C1
täuschend,adjective,C1
täuschung,noun,C2
tödlich,adjective,C1
tönend,adjective,C1
töpfer,noun,A2
töpfer|töpfern,noun,B2
töricht,adjective,C1
törtchen,noun,B1
töten,other,C1
tötungsdelikt,noun,C1
tübinger,noun,C2
tüchtig,adjective,B2
tücke,noun,B2
tüftelei,noun,B2
tümpel,noun,C1
tür,noun,A2
türenbranche,noun,C2
türenindustrie,noun,C2
türenknallen,noun,B2
türflügel,noun,B2
türglas,noun,B1
türke,noun,A1
türkis,adjective,B2
türkisch,adjective,A2
türkische,noun,C2
türkischn,noun,A1
türklinke,noun,B1
türmen,other,B2
türspalt,noun,A2
türsteher,noun,B1
tüte,noun,B2
tüv-kontrollen,noun,B1
u,adjective,C2
u,noun,C2
u,other,B2
u-,other,B1
u-bahn,noun,A1
u-bahn-betreiber,noun,C2
u-bahn-haltestelle,noun,A2
u-bahn-kiosk,noun,C1
u-bahn-linie,noun,B2
u-bahn-nachbarn,noun,B2
u-bahn-netz,noun,C2
u-bahn-station,noun,A1
u-bahn-waggon,noun,C2
u-bahnhof,noun,A2
u-bahnpassagiere,noun,C2
u-bahntüren,noun,C2
u-bhf,noun,C2
u.a.,adverb,B2
u.s.,other,C1
u.v.a.m.,adjective,B1
u.v.m.,adjective,A2
u.v.m.,other,B1
u6,adjective,C2
u6,noun,A1
uber,adjective,B2
uber,noun,B1
uberhaupt,adjective,B2
uberraschungseffekt,noun,B2
ubersetzungsprobe,noun,B1
ubersicht,noun,B2
ucksack,noun,B2
uefa-pokal,noun,A2
ufer,noun,B1
ufern,other,C1
uff,noun,B2
uhland-realschule,noun,A2
uhlenflucht,noun,C1
uhr,noun,A1
uhr,other,B1
uhrenkonzern,noun,B2
uhriin,noun,A1
uhrmacher,noun,B2
uhrmacherkunst,noun,A2
uhrwerk,noun,B2
uhrzeigersinn,noun,B1
uhrzeit,noun,A1
uhu,noun,C1
ukrainisch,adjective,A2
ul,other,B2
ulfs,adjective,A2
ulk,noun,C1
ulkig,adjective,C1
ulknudel,noun,C1
ulme,noun,C1
ultimativ,adjective,B2
ultimatum,noun,C1
ultra,noun,A1
ultrahocherhitzt,adjective,C1
ultrakonzentrierten,adjective,C1
um,adverb,B2
um,conjunction,B1
um,noun,C2
um,other,B1
um,preposition,A1
um+die,preposition,B2
umarmen,other,B1
umarmung,noun,C1
umbasteln,other,C2
umbau,noun,C1
umbauen,other,C2
umblättern,other,B2
umbringen,other,B2
umbruch,noun,C2
umbuchung,noun,C2
umdenken,noun,C1
umdenken,other,C2
umdenkprozess,noun,C2
umdrehen,other,B1
umdrehung,noun,C1
umerziehen,other,C1
umfahren,other,C1
umfallen,noun,C2
umfallen,other,C1
umfang,noun,C1
umfangreich,adjective,C1
umfangreichsten,adjective,C2
umfassen,other,C2
umfassend,adjective,C2
umfassendsten,adjective,C2
umfasst,adjective,C2
umfeld,noun,C2
umformen,other,C2
umformulieren,noun,C1
umformulieren,other,C1
umformung,noun,C1
umfrage,noun,B2
umfrageergebnis,noun,C1
umfragewert,noun,C2
umfunktionieren,other,B1
umgang,noun,B2
umgangsform,noun,C2
umgangssprache,noun,B1
umgangssprachlich,adjective,C1
umgangston,noun,C2
umgebaut,adjective,B2
umgeben,other,C1
umgebung,noun,B2
umgehen,noun,C2
umgehen,other,B1
umgehend,adjective,C2
umgekehrt,adjective,C2
umgekehrte,noun,C1
umgestalten,other,C2
umgestaltung,noun,B2
umgestürzt,adjective,B1
umgeworfen,adjective,B2
umgrenzt,adjective,C2
umhang,noun,B2
umher,other,C1
umherschwimmende,adjective,C2
umhängen,other,C2
umhören,other,C2
umjubeln,other,C2
umkehren,other,C1
umklammern,other,C1
umkleidekabine,noun,A1
umkommen,other,C1
umkreis,noun,C2
umkreisen,other,C2
umlagesysteme,noun,C1
umland,noun,C2
umlauf,noun,C2
umlaufbahn,noun,C2
umleiten,other,B1
umliegend,adjective,C2
ummelden,other,B2
umorientierung,noun,C1
umrahmen,other,C1
umrandet,adjective,B1
umringen,other,B1
umrunden,other,C2
umräumen,other,B1
umrüsten,other,C2
umsatz,noun,C1
umsatzanstieg,noun,C2
umsatzeinbruch,noun,C1
umsatzsteigernde,adjective,C1
umsatzstärksten,adjective,A2
umsatzvolumen,noun,C1
umschalten,other,C1
umschatten,other,C1
umschauen,other,B1
umschiffen,other,C2
umschlag,noun,A2
umschlagen,other,C1
umschlagplatz,noun,C1
umschließen,other,B2
umschreiben,other,C1
umschreibend,adjective,B2
umschreibung,noun,C2
umschulen,other,B2
umschulung,noun,A2
umschwärmen,other,B2
umsehen,other,B2
umsetzbar,adjective,C2
umsetzen,other,C1
umsetzung,noun,B2
umsichtigem,adjective,C2
umso,adverb,B2
umsonst,adverb,B2
umsonstläden,noun,C1
umspannen,other,C1
umstand,noun,C2
umsteigebahnhof,noun,B1
umsteigen,noun,B1
umsteigen,other,B2
umsteigeweg,noun,B2
umstellen,other,C1
umstellung,noun,C2
umstritten,adjective,C2
umstrukturieren,other,C2
umstrukturierung,noun,C1
umständlich,adjective,C1
umstürzen,other,B2
umtaufen,other,C1
umtausch,noun,B2
umtauschen,other,A2
umtreiben,other,C2
umtrunk,noun,A2
umverpackung,noun,C2
umwandeln,other,A2
umwandlung,noun,C1
umweg,noun,C2
umweit,noun,C1
umwelsiegel,noun,B2
umwelt,noun,B1
umwelt-zeitbomben,noun,B1
umweltagentur,noun,C1
umweltaktion,noun,C2
umweltauflage,noun,B2
umweltauswirkung,noun,C2
umweltbeauftragte,noun,B2
umweltbedingung,noun,B2
umweltbedrohung,noun,B2
umweltbehörde,noun,C2
umweltbelastend,adjective,C2
umweltbelastung,noun,C2
umweltberater,noun,C1
umweltbewegung,noun,C2
umweltbewusst,adjective,A2
umweltbewusstsein,noun,B2
umwelteinfluss,noun,B2
umweltexperte,noun,B1
umweltfaktor,noun,C2
umweltfreundlich,adjective,B1
umweltfreundlichkeit,noun,A2
umweltfreundlichsten,adjective,B1
umweltgefahr,noun,B2
umweltgefährdendes,adjective,C2
umweltinitiative,noun,B2
umweltkatastrophe,noun,C1
umweltkonferenz,noun,B2
umweltkrise,noun,B1
umweltminister,noun,B2
umweltministerium,noun,B2
umweltplakette,noun,A2
umweltpolitik,noun,C2
umweltpolitisch,adjective,C1
umweltproblem,noun,B1
umweltproblematik,noun,B2
umweltprojekt,noun,B1
umweltregel,noun,C1
umweltschonend,adjective,B1
umweltschutz,noun,B1
umweltschutzbehörde,noun,C2
umweltschutzorganisation,noun,B2
umweltschädigend,adjective,C2
umweltschützer,noun,C2
umweltsiegel,noun,B2
umweltsiegeln,noun,B2
umweltstaatssekretär,noun,C1
umweltsünder,noun,C2
umwelttechnik,noun,A2
umwelttechnik-firmen,noun,A2
umwelttechniker,noun,A2
umwelttechnikerin,noun,B1
umweltthema,noun,B1
umweltverantwortliche,noun,C2
umweltverband,noun,B2
umweltverbrechen,noun,B1
umweltverein,noun,B2
umweltverhalten,noun,B2
umweltverschmutzer,noun,B1
umweltverschmutzung,noun,C1
umweltverträglich,adjective,C2
umweltverträglichkeit,noun,C2
umweltveränderung,noun,B2
umweltwissenschaft,noun,C2
umweltwissenschaftler,noun,B1
umweltzerstörung,noun,B2
umwerfen,other,B1
umwerfend,adjective,C1
umwälzend,adjective,C1
umwälzung,noun,C1
umziehen,noun,B1
umziehen,other,A2
umzingeln,other,C1
umzug,noun,A1
umzugshelfer,noun,B1
umzugskarton,noun,A1
umzugslärm,noun,B2
umzugsmobile,noun,B2
umzugstag,noun,B2
umzugsunternehmen,noun,B1
un,other,A2
un-,other,B1
un-akkreditierten,noun,C1
un-generalversammlung,noun,B2
un-klimareport,noun,B1
un-konventionen,noun,C2
un-vollversammlung,noun,C2
unabdingbar,adjective,C2
unabhängig,adjective,C2
unabhängige,noun,C2
unabhängigkeit,noun,C2
unabsichtlich,adjective,C1
unabänderlich,adjective,C2
unachtsam,adjective,A2
unachtsamkeit,noun,C2
unangebracht,adjective,C1
unangefochten,adjective,C2
unangeleinten,adjective,C2
unangemeldet,adjective,C1
unangemessen,adjective,C2
unangenehm,adjective,C2
unangenehme,noun,B1
unangetastet,adjective,C2
unangreifbar,adjective,C2
unannehmlichkeit,noun,B1
unanständig,adjective,C1
unantastbar,adjective,B2
unappetitlich,adjective,B1
unart,noun,B2
unattraktiv,adjective,B2
unattraktiver,adjective,B2
unauffällig,adjective,C2
unaufmerksam,adjective,C2
unaufrichtig,adjective,C1
unausdenkbar,adjective,C1
unausgeglichen,adjective,C1
unausgepackten,adjective,B2
unausgesprochen,adjective,C1
unausgewogen,adjective,C1
unbeabsichtigt,adjective,C1
unbeachtet,adjective,C2
unbeantwortet,adjective,B2
unbearbeitet,adjective,C1
unbeaufsichtigt,adjective,B2
unbedacht,adjective,C2
unbedarftheit,noun,C2
unbedenklich,adjective,C1
unbedeutend,adjective,C2
unbedingt,adjective,A2
unbeeindruckt,adjective,C2
unbefangen,adjective,C1
unbefangenheit,noun,C2
unbefriedigend,adjective,B2
unbefristet,adjective,B2
unbegleitet,adjective,B2
unbegrenzt,adjective,B2
unbegründet,adjective,B1
unbehagen,noun,B2
unbehandelt,adjective,C1
unbehelligt,adjective,C1
unbehilflichen,adjective,C1
unbeirrt,adjective,B2
unbekannt,adjective,B2
unbekannte,noun,B2
unbekleidet,adjective,C1
unbekümmert,adjective,B2
unbelebt,adjective,C1
unbelehrbar,adjective,C1
unbeleuchtet,adjective,C1
unbeliebt,adjective,C2
unbemannt,adjective,C2
unbemerkt,adjective,B2
unbenutzt,adjective,C1
unbequem,adjective,A2
unberechenbarkeit,noun,C2
unberechtigt,adjective,C2
unberücksichtigt,adjective,C2
unberührt,adjective,C2
unbeschrieben,adjective,C2
unbeschwert,adjective,C2
unbeschädigt,adjective,B1
unbeschäftigt,adjective,C1
unbesetzt,adjective,C1
unbestechlich,adjective,C1
unbestellt,adjective,C1
unbestimmt,adjective,A1
unbestritten,adjective,C1
unbeteiligt,adjective,C2
unbewohnbar,adjective,C1
unbewohnt,adjective,B2
unbewusst,adjective,C1
unbewusste,noun,C1
unbewältigt,adjective,C1
unbezahlbar,adjective,B2
unbezahlt,adjective,B2
unbezähmbar,adjective,C2
unbrauchbar,adjective,C2
unbrennbaren,adjective,C2
unbändig,adjective,C1
unbäurische,adjective,C1
unbürokratisch,adjective,B2
unclos,noun,B1
und,conjunction,A1
und,noun,C2
undankbarkeit,noun,B2
undemokratisch,adjective,A2
undenkbar,adjective,C1
underdressed,adjective,B2
underground,noun,C2
undersea,noun,B1
undeutlich,adjective,C2
undformale,adjective,C1
undicht,adjective,B2
undiszipliniert,adjective,B2
undrehte,adjective,B2
undsich,adjective,B2
undurchbrechbarer,adjective,C1
undurchdringlich,adjective,C2
undurchdringlichkeit,noun,C2
undurchschaubar,adjective,B1
une,adjective,A1
uneffektiver,adjective,B2
uneffizient,adjective,C2
unegal,adjective,C2
unehelich,adjective,C1
unehrlich,adjective,B1
uneingelöst,adjective,C1
uneingelöstes,adjective,C1
uneingeschränkt,adjective,C2
uneingeweihte,noun,C2
uneinigkeit,noun,C1
uneins,adjective,C2
unelaublich,adjective,A1
unendlich,adjective,C1
unendlichkeit,noun,C2
unentbehrlich,adjective,C2
unentdeckt,adjective,C1
unentgeltlich,adjective,B2
unentschlossen,adjective,B2
unentschlossenheit,noun,C1
unentspanmnt,adjective,C1
unentwegt,adjective,C2
unerbittlich,adjective,C2
unerfahren,adjective,C2
unerfreulich,adjective,B1
unerfüllbar,adjective,C2
unerfüllt,adjective,C1
unerheblich,adjective,C2
unerkannt,adjective,B2
unerklärlich,adjective,C2
unerlaubt,adjective,C1
unerlässlich,adjective,B1
unermesslich,adjective,C2
unermesslichkeit,noun,C2
unermüdlich,adjective,C1
unerprobte,adjective,B2
unerreichbar,adjective,B1
unerschwinglich,adjective,C2
unerschöpflich,adjective,C1
unersetzlich,adjective,B2
unerträglich,adjective,C1
unerwartet,adjective,C1
unerwähnt,adjective,C1
unerwünscht,adjective,C2
unesco-biosphärenreservat,noun,B2
unesco-welterbe,noun,C1
unesco-weltkulturerbe,noun,A2
unfairerweise,adverb,C2
unfaithful,adjective,C1
unfall,noun,A1
unfallbeteiligte,noun,C1
unfallfrei,adjective,A2
unfallgefahr,noun,B1
unfallhilfe,noun,B2
unfallhäufigkeit,noun,B1
unfallopfer,noun,A1
unfallort,noun,A1
unfallquote,noun,C1
unfallrisiko,noun,C1
unfallschaden,noun,A2
unfallstelle,noun,B2
unfallursache,noun,B2
unfallversicherung,noun,B1
unfallverursacher,noun,B2
unfassbar,adjective,B2
unfaßbare,noun,A2
unfinanzierbare,adjective,C2
unflexibel,adjective,C1
unfreiheit,noun,C1
unfreiwillig,adjective,C2
unfreundlich,adjective,A1
unfreundlichkeit,noun,B2
unfruchtbar,adjective,C2
unfruchtbarkeit,noun,C1
unfug,noun,C1
unfähig,adjective,B1
unfähigkeit,noun,C2
ungarisch,adjective,A2
ungeachtet,preposition,C2
ungeahnt,adjective,C2
ungebaute,adjective,B2
ungebildet,adjective,C1
ungebremsten,adjective,C1
ungebrochen,adjective,C1
ungedeckt,adjective,B2
ungeduld,noun,C2
ungeduldig,adjective,C1
ungeeignet,adjective,C2
ungefangenen,adjective,C1
ungefiltert,adjective,C2
ungefragt,adjective,B2
ungefähr,adjective,A1
ungefährlich,adjective,B1
ungegrüft,adjective,C2
ungehalten,adjective,B1
ungehemmt,adjective,C1
ungeheuer,adjective,C2
ungeheuerlichkeit,noun,C2
ungehindert,adjective,B2
ungehorsam,noun,C2
ungehört,adjective,B2
ungeklärt,adjective,C2
ungelenk,adjective,C1
ungelernt,adjective,B2
ungeliebt,adjective,B2
ungeliebtem,adjective,C1
ungelogen,adverb,C2
ungelöst,adjective,C1
ungemahlene,adjective,C1
ungemein,adjective,B1
ungemütlich,adjective,C2
ungenau,adjective,B2
ungenießbar,adjective,C1
ungenutzt,adjective,C2
ungenügend,adjective,B1
ungeplante,adjective,B1
ungerecht,adjective,C1
ungerechtigkeit,noun,B1
ungern,adverb,B2
ungeschickt,adjective,C1
ungeschlagen,adjective,B2
ungestört,adjective,B1
ungestüm,adjective,B2
ungesund,adjective,B1
ungesättigt,adjective,B2
ungesünderen,adjective,C2
ungesüßtem,adjective,B2
ungeteiltheit,noun,B2
ungetrübt,adjective,C1
ungetüm,noun,B2
ungewiss,adjective,C2
ungewissheit,noun,C2
ungewohnt,adjective,C2
ungewollt,adjective,C2
ungewöhlichen,adjective,A2
ungewöhnlich,adjective,B1
ungeziefer,noun,B2
ungezwungen,adjective,B1
ungeöffnet,adjective,B1
ungeübte,noun,B1
ungiftig,adjective,C1
unglaublich,adjective,B2
unglaubliche,noun,A2
unglaubwürdig,adjective,C2
ungleich,adjective,C2
ungleichgewicht,noun,C2
ungleichheit,noun,C2
ungläubig,adjective,C2
unglück,noun,A2
unglücklich,adjective,B1
unglücksrabe,noun,C1
unglückstag,noun,C1
ungut,adjective,B2
ungültig,adjective,A2
ungünstig,adjective,C2
unhaltbar,adjective,B2
unhandlich,adjective,C1
unheil,noun,B2
unheilvoll,adjective,C1
unheilvolle,noun,C2
unheimlich,adjective,B1
unhöflich,adjective,B2
uni,noun,A1
uni-abschluss,noun,C2
uni-aktiv,adjective,B2
uni-chor,noun,B2
uni-klinik,noun,A1
uni-lehrbeauftragten,noun,C2
uni-zeitung,noun,C1
uniaktiv,adjective,B2
uniaktiv,noun,B2
unicef-aktivitäten,noun,B2
unicef-arbeitsgruppe,noun,B2
uniform,adjective,C2
uniform,noun,A1
unikat,noun,C1
unimag,noun,B2
uninteressant,adjective,B2
union,noun,B1
unisono,adverb,C2
unistadt,noun,A1
univers,noun,C1
universal,adjective,C2
universalgelehrte,noun,C2
universalgenie,noun,B2
universalisten,noun,C1
universell,adjective,C2
universitat,noun,B2
universities,noun,C2
university,noun,C1
universitär,adjective,B2
universität,noun,B2
universitätsabschluss,noun,B2
universitätsbibliothek,noun,B2
universitätsklinik,noun,B2
universitätsklinika,noun,C1
universitätsprofessor,noun,A2
universitätsspital,noun,C2
universitätsstadt,noun,A2
universum,noun,C2
uniwechsel,noun,B1
unkel,noun,C1
unkenntnis,noun,C2
unklar,adjective,B2
unkompl,adjective,B2
unkompliziert,adjective,C2
unkontrolliert,adjective,C2
unkonventionell,adjective,B2
unkonzentriert,adjective,C2
unkorrekt,adjective,B1
unkreativen,adjective,C1
unkritisch,adjective,B1
unleserlich,adjective,B2
unliebsam,adjective,C2
unlust,noun,C1
unlängst,adverb,C1
unmenge,noun,C1
unmenschlich,adjective,C2
unmissverständlich,adjective,C2
unmittelbar,adjective,C2
unmittelbarkeit,noun,B1
unmodern,adjective,A2
unmoralisch,adjective,C1
unmotiviert,adjective,C1
unmut,noun,C2
unmännlich,adjective,B1
unmöbliert,adjective,A2
unmöglich,adjective,B2
unmöglichkeit,noun,C1
unmündig,adjective,B2
unnachahmlich,adjective,C2
unnatürlich,adjective,C2
unnötig,adjective,B1
unnötigerweise,adverb,C1
unnütz,adjective,C1
uno,adjective,B2
uno-gebäude,noun,B1
unordentlich,adjective,C2
unordnung,noun,B2
unorthodox,adjective,C2
unpassend,adjective,B1
unpersönlich,adjective,A1
unpolitische,noun,C2
unpopulär,adjective,C2
unpraktisch,adjective,A2
unproblematisch,adjective,C2
unprofessionell,adjective,C1
unpräsent,adjective,C1
unpünktlich,adjective,A1
unpünktlichkeit,noun,A2
unrat,noun,C2
unrealisierbar,adjective,C1
unrealistisch,adjective,C2
unrecht,adjective,C1
unrecht,noun,C1
unrechtsbewusstsein,noun,C2
unregelmäßig,adjective,C2
unregelmäßigkeit,noun,C1
unreif,adjective,C2
unrentabel,adjective,B2
unromantisch,adjective,B1
unruhe,noun,C2
unruhig,adjective,A2
unrühmlich,adjective,C1
unsauber,adjective,C2
unscharf,adjective,B1
unscheinbar,adjective,C2
unschlagbar,adjective,B2
unschuld,noun,C2
unschädlich,adjective,B2
unschätzbar,adjective,C2
unschön,adjective,B2
unser,adjective,A1
unser,other,A1
unsere,adjective,C2
unsere,noun,B2
unserem,adjective,B1
unseriös,adjective,C2
unsicher,adjective,B1
unsicherheit,noun,C1
unsicherheitsfaktor,noun,C1
unsicherheitsmoment,noun,C2
unsichtbar,adjective,C2
unsinn,noun,A2
unsinnig,adjective,B2
unsitte,noun,C2
unsozial,adjective,C2
unspezifisch,adjective,C2
unsportlich,adjective,B1
unsterblich,adjective,C2
unstimmigkeit,noun,B2
unsumme,noun,B1
unsympathisch,adjective,B1
unsystematisch,adjective,C2
untat,noun,C2
unten,adverb,A1
unten,other,B1
unter,adjective,B2
unter,other,A2
unter,preposition,B2
unter+die,preposition,B2
unterarm,noun,C2
unterbegriff,noun,B2
unterbereich,noun,C1
unterbesetzen,other,C1
unterbewusst,adjective,C1
unterbewusste,noun,C1
unterbewusstsein,noun,C1
unterbinden,other,C2
unterbrechen,other,B2
unterbrecherquote,noun,B2
unterbrechung,noun,B2
unterbreiten,other,B2
unterbreitung,noun,C2
unterbringen,other,C2
unterbringung,noun,B2
unterbringungsmöglichkeit,noun,B2
unterdessen,adverb,C1
unterdisziplinen,noun,B2
unterdrücken,other,C1
unterdrückt,adjective,C1
unterdrückung,noun,B2
untereinander,adverb,B1
unterengadiner,noun,B1
unterfahrt,noun,C1
unterfangen,noun,B2
unterfinanzierung,noun,C2
unterfordern,other,C2
unterforderung,noun,C2
unterfränkischen,adjective,C2
unterführung,noun,A2
untergang,noun,C2
untergangsprophet,noun,C1
untergehen,other,C2
untergehend,adjective,C2
untergeordnet,adjective,C1
untergeschoss,noun,C2
untergetaucht,adjective,C2
untergewicht,noun,C1
untergewichtig,adjective,C1
untergraben,other,B2
untergrund,noun,C2
untergruppe,noun,B2
unterhalb,preposition,C2
unterhalt,noun,B2
unterhalten,other,A2
unterhaltend,adjective,B2
unterhalter,noun,B1
unterhaltsam,adjective,C1
unterhaltsame,noun,B2
unterhaltung,noun,C2
unterhaltungsformate,noun,C1
unterhaltungskonzern,noun,C1
unterhaltungsliteratur,noun,B2
unterhaltungsprogramm,noun,C2
unterhaltungssendung,noun,B1
unterhaltungssport,noun,B2
unterhaltungsund,noun,B2
unterhaltungsvorgang,noun,C1
unterheben,other,B1
unterhemd,noun,B2
unterholz,noun,C2
unterhose,noun,B2
unterhändler,noun,C1
unterirdisch,adjective,C1
unterkiefer,noun,B2
unterkommen,other,C2
unterkonstruktion,noun,B2
unterkriegen,other,B1
unterkunft,noun,B1
unterkunftsmöglichkeit,noun,B2
unterlage,noun,B1
unterland,noun,B1
unterlasse,noun,C2
unterlassen,other,C1
unterlaufen,other,B2
unterlegenheit,noun,C2
unterliegen,other,C2
untermauern,other,C2
untermauerung,noun,C2
untermiet-erlaubnis,noun,C1
untermiete,noun,B1
untermieter,noun,C1
untermietszimmer,noun,C1
untermischen,other,A1
unternehmem,noun,C1
unternehmen,noun,B1
unternehmen,other,B1
unternehmen+märkte,adjective,B1
unternehmens-pr,noun,B1
unternehmensberater,noun,C2
unternehmensberatung,noun,C1
unternehmensberatungsfirma,noun,C1
unternehmensbereich,noun,B2
unternehmenserfolg,noun,C2
unternehmensform,noun,A2
unternehmensgruppe,noun,C2
unternehmensgründer,noun,B1
unternehmenshierarchie,noun,B1
unternehmensinitiative,noun,C1
unternehmenskosten,noun,C1
unternehmenskultur,noun,C1
unternehmensleitung,noun,B1
unternehmensplanung,noun,C2
unternehmensrichtlinien,noun,C2
unternehmenssprecher,noun,C1
unternehmensstandort,noun,C1
unternehmensstrategie,noun,B2
unternehmensteil,noun,C1
unternehmensverantwortung,noun,B2
unternehmensvertreter,noun,B2
unternehmenswachstums,noun,C2
unternehmenszusammenschluss,noun,C1
unternehmer,noun,B1
unternehmergeist,noun,C1
unternehmerin,noun,A2
unternehmerisch,adjective,C1
unternehmertum,noun,B1
unternehmung,noun,A2
unternenmenskommunikation,noun,B2
unternimm,noun,B1
unterprivilegiert,adjective,C1
unterrepräsentieren,other,C2
unterricht,noun,C2
unterrichten,noun,A2
unterrichten,other,B1
unterrichtlich,adjective,C2
unterrichtsalltag,noun,B2
unterrichtsgegenstand,noun,C2
unterrichtskonzept,noun,C2
unterrichtsprogramm,noun,B2
unterrichtssprache,noun,B2
unterrichtsstil,noun,C2
unterrichtsstunde,noun,C1
unterrichtsstörungen,noun,C2
unterrichtstag,noun,C2
unterrichtsveranstaltung,noun,A2
unterrühren,other,A2
untersagen,other,C2
untersch,other,B2
unterscheiden,other,B2
unterscheidung,noun,C2
unterschenkel,noun,C2
unterschicht,noun,B2
unterschied,noun,B1
unterschieden,adjective,C1
unterschiedlich,adjective,B2
unterschiedliche,noun,C1
unterschiedlichkeit,noun,C1
unterschiedslos,adjective,C2
unterschlupf,noun,C2
unterschreiben,other,A2
unterschreibende,adjective,B2
unterschrift,noun,B1
unterschätzen,other,C1
unterschätzend,adjective,C2
unterschätzt,adjective,C2
unterseeischer,adjective,B1
unterstehen,other,C2
unterstellen,other,C2
unterstellt,adjective,C2
unterstreichen,noun,A1
unterstreichen,other,A1
unterstrichen,adjective,B2
unterstufe,noun,C2
unterstützen,other,B1
unterstützend,adjective,B1
unterstützer,noun,C1
unterstützt,adjective,B2
unterstützung,noun,B2
unterstützungsmöglichkeit,noun,C2
untersuchen,other,C1
untersucht,adjective,C2
untersuchung,noun,C1
untersuchungsbericht,noun,C1
untersuchungsergebnis,noun,B2
untersuchungshaft,noun,C2
untersuchungsrichteramt,noun,B1
untersuchungsteilnehmer,noun,C2
untersuchungsteilnehmern,noun,C1
untersuchungsverfahren,noun,C2
untertan,noun,A2
unterteilen,other,C1
unterteilung,noun,B2
untertitel,noun,A2
untertitel|untertiteln,noun,B1
untertreiben,other,B2
untervermieten,other,B2
unterwegs,adverb,A2
unterwegssein,noun,B2
unterwelt,noun,A2
unterwerfen,other,C2
unterwerfung,noun,C2
unterwäsche,noun,C2
unterwürfigkeit,noun,C2
unterzeichnen,other,C1
unterzeichner,noun,C1
unterzeichnet,adjective,B1
unterzeichnung,noun,C1
unterziehen,other,C1
unterzogen,adjective,C2
untiefe,noun,C2
untragbar,adjective,C2
untrainiert,adjective,C1
untypisch,adjective,B2
unumgänglich,adjective,C2
unumkehrbar,adjective,C2
unumstritten,adjective,C2
ununterbrochen,adjective,C2
unverantwortlich,adjective,C2
unverbindlich,adjective,C2
unverfänglich,adjective,C2
unvergessen,adjective,B2
unvergesslich,adjective,B1
unvergessliche‚,adjective,B1
unvergleichlich,adjective,B2
unverheiratet,adjective,A2
unverhofft,adjective,C1
unverhohlen,adjective,C1
unverhältnismäßig,adverb,C2
unverkrampft,adjective,C2
unverkäuflich,adjective,B2
unverlangt,adjective,C1
unverletzlich,adjective,B2
unverletzt,adjective,A1
unvermeidbar,adjective,C1
unvermeidlich,adjective,C1
unvermeidlichkeit,noun,C2
unvermittelt,adjective,C1
unvermutet,adjective,C2
unverputzt,adjective,C2
unverrückbar,adjective,C2
unverschlossen,adjective,B2
unversehens,adverb,C2
unversehrt,adjective,C2
unverstanden,adjective,C2
unverständlich,adjective,C1
unverständnis,noun,C2
unverwechselbar,adjective,B2
unverwechselbare,noun,C1
unverweilt,adjective,B2
unverwundnes,adjective,B2
unverzichtbar,adjective,C2
unverzüglich,adjective,B2
unverändert,adjective,B2
unvollkommen,adjective,C2
unvollkommenheit,noun,C1
unvollständig,adjective,C2
unvorhergesehene,noun,B2
unvorhersehbar,adjective,C2
unvorsichtig,adjective,C1
unvorstellbar,adjective,C2
unwahr,adjective,C2
unwahrheit,noun,C1
unwahrscheinlich,adjective,C1
unwahrscheinlicherweise,adjective,C1
unwegsam,adjective,C2
unweigerlich,adjective,C2
unweit,adjective,B2
unweit,preposition,B2
unwesen,noun,B2
unwesentlich,adjective,C1
unwetter,noun,B1
unwichtig,adjective,A1
unwichtige,noun,C1
unwiderstehlich,adjective,B1
unwille,noun,C2
unwillige,noun,C2
unwillkürlich,adjective,C1
unwirksam,adjective,C2
unwirsch,adjective,C1
unwissend,adjective,B2
unwohl,adjective,C1
unwohlsein,noun,B2
unwürdig,adjective,C1
unzahl,noun,C2
unzerkaut,adjective,A2
unzerkleinerte,adjective,C1
unzerstörte,adjective,B1
unzufrieden,adjective,C1
unzufriedenheit,noun,B2
unzufriedensten,adjective,B1
unzugänglich,adjective,C2
unzulässig,adjective,C2
unzureichend,adjective,B2
unzuträglich,adjective,C2
unzuverlässig,adjective,A2
unzählig,adjective,C1
unüberbrückbar,adjective,C1
unüberlegt,adjective,B1
unüberschaubar,adjective,B1
unüberschaubarer,adjective,C2
unübersehbar,adjective,C1
unübersichtlich,adjective,B1
unüberwindlich,adjective,C2
unüblich,adjective,B2
up,noun,C2
upcycling,noun,A2
upcyling,noun,A2
update,noun,C1
uperisieringssitzung,noun,C1
ups,interjection,B1
upzugraden,noun,C2
ur,noun,A2
ur-couch,noun,C1
ur-erde,noun,C1
ur-konzept,noun,C2
ur-strandkorb,noun,C1
uralt,adjective,B2
urban,adjective,C2
urban,noun,C1
urbanisation,noun,C1
urbanisierung,noun,C2
urd,adjective,A2
ureinwohner,noun,C2
urenkel,noun,A2
urform,noun,C2
urgemütlich,adjective,C1
urgeschichte,noun,C2
urgroßmutter,noun,A2
urgroßvater,noun,A2
urhebergesetz,noun,C1
urheberrecht,noun,B2
urhg,noun,C1
urig,adjective,B1
urigen,adjective,C1
urin,noun,C1
urin-elektrolyse,noun,C1
urinprobe,noun,A1
urinstinktlich,adjective,C2
urkunde,noun,C2
urkundenfälschung,noun,C1
urkundlich,adjective,C1
urlaub,noun,A1
urlauber,noun,A1
urlauberin,noun,B2
urlauberjet,noun,B1
urlaubs-,other,A1
urlaubs-souvenirs,noun,A2
urlaubsantrag,noun,B2
urlaubsbekanntschaft,noun,B2
urlaubsbild,noun,B1
urlaubsbudget,noun,B2
urlaubsdestinationen,noun,C2
urlaubsfoto,noun,A1
urlaubsfreude,noun,B2
urlaubsgeld,noun,C2
urlaubsgepäck,noun,C1
urlaubsgeschichte,noun,A1
urlaubsgewohnheit,noun,B2
urlaubsgruß,noun,A1
urlaubskarte,noun,B1
urlaubskleidung,noun,A1
urlaubsland,noun,B2
urlaubsort,noun,B1
urlaubsphase,noun,B2
urlaubsplanung,noun,A1
urlaubsregion,noun,B1
urlaubsreif,adjective,B2
urlaubsreise,noun,A1
urlaubsreisende,noun,B2
urlaubsschlaf,noun,B2
urlaubssouvenirs,noun,A2
urlaubstag,noun,A2
urlaubsvertretung,noun,B2
urlaubszeit,noun,B1
urlaubsziel,noun,C1
urmel,noun,B1
urologe,noun,B2
urquell,noun,B2
ursache,noun,B2
ursachenanalyse,noun,B1
ursprung,noun,C2
ursprungsort,noun,C1
ursprungssprache,noun,C2
ursprünglich,adjective,C2
urteil,noun,B2
urteilen,other,C2
urteilskraft,noun,C2
urteilsvermögen,noun,C2
urtyp,noun,B2
urtümlich,adjective,C2
urwald,noun,C2
urwaldgebiet,noun,C1
urwaldkrankenstation,noun,B2
urwüchsig,adjective,B2
urzeit,noun,C2
us,other,B2
us-amerikaner,noun,C2
us-amerikanisch,adjective,C2
us-anthropologin,noun,C2
us-autor,noun,C2
us-bundesstaat,noun,C2
us-bürger,noun,C2
us-charts,noun,C2
us-chemie-konzern,noun,C2
us-chemiekonzern,noun,C2
us-dollar,noun,C1
us-forscher,noun,C1
us-forschungsgruppe,noun,C2
us-general,noun,C1
us-helden,noun,C2
us-indianer,noun,B2
us-kollege,noun,C1
us-marine,noun,C2
us-neurowissenschaftler,noun,C2
us-originals,noun,B2
us-präsident,noun,C2
us-psychologe,noun,C2
us-raumprogramms,noun,C2
us-regierung,noun,B2
us-schauspie,noun,B2
us-soziologe,noun,B2
usa-liebhaber,noun,C1
usb-anschluss,noun,B2
user,noun,B2
usw,other,B2
utensil,noun,C2
utopie,noun,C1
utopisch,adjective,C1
uv-strahlung,noun,C1
v,noun,C1
v,other,C1
v-bahn,noun,A1
v.a.,noun,B1
vacation,noun,C2
vage,adjective,C2
vakuum,noun,C2
vakuumpumpe,noun,B1
vallade,noun,B1
valérie,adjective,C2
vampir,noun,B1
vanessa‚,adjective,B1
vanille,noun,C1
vanilleernte,noun,C1
vanillesoße,noun,B2
vanilletee,noun,A1
vanillinzucker,noun,B1
variabel,adjective,B1
variante,noun,C2
variantenwörterbuch,noun,B2
variation,noun,C1
variationsbreite,noun,C2
varietät,noun,C2
variieren,other,C1
varimobile,noun,B2
vase,noun,A1
vater,noun,A2
vaterland,noun,C2
vaterlandsliebe,noun,C2
vaterlos,adjective,B2
vaterpflanze,noun,C2
vaterschaft,noun,B1
vatertag,noun,A2
vatikan,noun,A1
vegan,adjective,A2
vegane,noun,B2
vegetariana,noun,B2
vegetarier,noun,B1
vegetarierbewegung,noun,B2
vegetarierbund,noun,B2
vegetarierin,noun,A1
vegetarisch,adjective,A2
vegetarische,noun,B2
vegetationszone,noun,A2
vegetativ,adjective,C1
vegetaux,noun,C2
veggie,noun,B1
veggie-burger,noun,B1
vehement,adjective,B2
vehikel,noun,C1
velo,noun,A1
velo-mann,noun,A2
velo-touren,noun,A2
velo-verleih,noun,A1
velofahren,noun,B1
velovermieter,noun,A2
ven,other,C2
vene,noun,C1
venenleiden,noun,C1
venezianischer,adjective,B2
vent,adjective,B2
ventil,noun,C1
ventzke,adjective,B1
venus,noun,C1
ver,adjective,A2
verabreden,other,A1
verabredet,adjective,B1
verabredung,noun,A1
verabreichen,other,C2
verabschieden,noun,B1
verabschieden,other,B1
verabschiedet,adjective,C2
verabschiedung,noun,B2
verabschiedungshalle,noun,B2
verachten,other,C2
verachtend,adjective,C2
verachtenswert,adjective,C2
verachtung,noun,C2
veralbern,other,C1
verallgemeinern,noun,C2
verallgemeinern,other,C1
verallgemeinernd,adjective,C1
verallgemeinerung,noun,C2
veralten,other,C1
veraltet,adjective,C2
veranderungsprozesse,noun,B2
verankern,other,B2
verankert,adjective,C2
veranlagen,other,C2
veranlagung,noun,C1
veranlassen,other,C1
veranlassung,noun,B2
veranschaulichen,other,B2
veranschlagt,adjective,C2
veranstalten,other,B2
veranstalter,noun,C1
veranstaltung,noun,B2
veranstaltungs-gruppe,noun,B2
veranstaltungsagenturen,noun,B2
veranstaltungsform,noun,B2
veranstaltungskalender,noun,A2
veranstaltungsmoderationen,noun,C2
veranstaltungsort,noun,B1
veranstaltungsprogramm,noun,A2
veranstaltungsreihe,noun,C2
veranstaltungstag,noun,C2
veranstaltungstip,noun,A1
verantworten,other,C2
verantwortlich,adjective,B2
verantwortliche,noun,C2
verantwortlichkeit,noun,C2
verantwortung,noun,C2
verantwortungsbewusst,adjective,C2
verantwortungsbewusstsein,noun,C2
verantwortungsflucht,noun,C2
verantwortungslos,adjective,C2
verantwortungslosigkeit,noun,C2
verantwortungsvoll,adjective,C2
verarbeiten,other,B2
verarbeitet,adjective,B2
verarbeitung,noun,C2
verarbeitungssysteme,noun,C2
verargumentieren,other,C1
verarmen,other,C2
veratmen,other,C1
verausgabung,noun,C1
verb,noun,A1
verbal,adjective,C1
verbalform,noun,B2
verbalsprache,noun,C2
verband,noun,B2
verbannen,other,C1
verbauen,other,B2
verbeamtung,noun,C2
verbeißen,other,C1
verbergen,other,B2
verbessern,noun,C1
verbessern,other,B1
verbessert,adjective,B2
verbesserung,noun,B2
verbesserungsvorschlag,noun,C2
verbesserungswunsch,noun,B2
verbieten,other,B1
verbilligen,other,B2
verbinden,other,A2
verbindend,adjective,C2
verbindlich,adjective,B2
verbindlichkeit,noun,B2
verbindung,noun,B2
verbindungsdatum,noun,B1
verbindungskabel,noun,B1
verblassen,other,C1
verbleib,noun,C2
verbleiben,other,C1
verblichen,adjective,C1
verblüffen,other,C1
verblüffend,adjective,C1
verblüfft,adjective,C1
verblühen,other,B2
verborgen,adjective,B2
verborgene,noun,C2
verbot,noun,B1
verboten,adjective,C1
verboten,noun,C2
verbrannt,adjective,B2
verbrauch,noun,C1
verbrauchen,other,B1
verbraucher,noun,C2
verbrauchergemeinschaften,noun,C1
verbraucherin,noun,B2
verbraucherinsolvenzverfahren,noun,C1
verbraucherpolitik,noun,C1
verbraucherreklamation,noun,B2
verbraucherschutz,noun,B2
verbraucherschutzorganisation,noun,B1
verbraucherschützer,noun,B2
verbraucherzentrale,noun,B1
verbrauchsdatum,noun,B2
verbrauchsgüterindustrie,noun,C2
verbraucht,adjective,B1
verbrechen,noun,B2
verbrechen,other,B2
verbrecher,noun,B2
verbrecherhochburgen,noun,B2
verbrecherisch,adjective,C1
verbrecherjagd,noun,C1
verbreiten,other,B2
verbreitet,adjective,B2
verbreitung,noun,B2
verbrennen,noun,C2
verbrennen,other,C2
verbrennung,noun,B2
verbrennungsmotor,noun,C1
verbrennungsprozess,noun,C1
verbringen,other,B1
verbstamm,noun,A1
verbuchen,other,B2
verbummeln,other,C1
verbunden,adjective,C1
verbundenheit,noun,C2
verbverbindungen,noun,B2
verbünden,other,C1
verbündete,noun,C1
verbürgen,other,C1
verdacht,noun,C2
verdammen,other,C1
verdammt,adjective,B1
verdanken,other,C1
verdaulich,adjective,B2
verdauung,noun,C2
verdauungsorgan,noun,C2
verdecken,other,B2
verdeckt,adjective,C2
verdener,adjective,A2
verderb,noun,C2
verderben,noun,C2
verderben,other,B2
verderblich,adjective,B2
verdeutlichen,other,C1
verdichten,other,B1
verdienen,other,B1
verdienend,adjective,B1
verdienst,noun,A2
verdienstmöglichkeit,noun,A2
verdienstsituation,noun,B2
verdient,adjective,B1
verdoppeln,other,C1
verdoppelt,adjective,C1
verdoppelung,noun,C1
verdorben,adjective,C2
verdrahten,other,C2
verdrahtung,noun,C1
verdreckt,adjective,C2
verdrehen,other,B2
verdreht,adjective,C1
verdreifachen,other,B2
verdrängen,other,C1
verdrängung,noun,C2
verdrücken,other,C2
verdummen,other,C1
verdummung,noun,C1
verdunkelt,adjective,B2
verdunstung,noun,C1
verdursten,noun,C1
verdursten,other,C1
verdächtig,adjective,C2
verdächtige,noun,C2
verdächtigen,other,B1
verdächtige|verdächtigen,noun,B2
verdächtigte,noun,C1
verdächtigung,noun,C1
verdünnen,other,C2
verdünnt,adjective,C1
verdüstern,other,C2
veredeln,other,C2
verehren,other,B2
verehrer,noun,C1
verehrt,adjective,B1
verehrung,noun,B2
vereidigen,other,C2
verein,noun,A2
vereinbar,adjective,A2
vereinbaren,other,B1
vereinbarkeit,noun,C1
vereinbart,adjective,B2
vereinbarung,noun,A2
vereinen,noun,B2
vereinen,other,B2
vereinfachen,other,B2
vereinheitlichen,other,C1
vereinheitlichung,noun,C1
vereinigt,adjective,B2
vereinigter,noun,C1
vereinigung,noun,B2
vereinnahmen,other,C1
vereinnahmend,adjective,C1
vereinsamen,other,C1
vereinsamung,noun,C1
vereinsangebot,noun,B2
vereinsarbeit,noun,A2
vereinsbeitrag,noun,A1
vereinsboom,noun,C2
vereinsdichte,noun,C2
vereinsgeist,noun,C1
vereinsgründung,noun,B2
vereinsland,noun,C2
vereinsleben,noun,C1
vereinsmeier,noun,C2
vereinsmeierei,noun,C1
vereinsmitglied,noun,B1
vereinsrecht,noun,B2
vereint,adjective,C2
vereinte,noun,C2
vereinwesen,noun,B2
vereinzeln,other,C2
vereinzelt,adjective,C1
vereinzelt,noun,C1
verein|vereinen,noun,B2
vereiteln,other,C2
verengung,noun,C2
vererben,other,C2
vererbung,noun,C2
verewigen,other,C1
verfahren,noun,C2
verfahren,other,C1
verfahrenstechniker,noun,C1
verfahrensweise,noun,C2
verfall,noun,C2
verfallen,other,B2
verfallsdatum,noun,B2
verfangen,other,B2
verfassen,noun,C2
verfassen,other,B2
verfasser,noun,C2
verfasserin,noun,B2
verfasst,adjective,B1
verfassung,noun,C2
verfassungswidrig,adjective,C2
verfechter,noun,B1
verfehlen,other,C1
verfeinern,other,C2
verfilmen,other,B1
verfinstern,other,B1
verflachen,other,C2
verfliegen,other,B2
verflixt,adjective,A1
verflucht,adjective,C2
verfolgen,other,B1
verfolger,noun,C1
verfolgt,adjective,C1
verfolgte,noun,B1
verfolgung,noun,B1
verfolgungsjagd,noun,B1
verformen,other,B2
verfrachten,other,C2
verfremdend,adjective,C2
verfremdet,adjective,C2
verfremdung,noun,C2
verfremdungseffekt,noun,C1
verfriebsplanung,noun,C2
verfugung,noun,B2
verfälscht,adjective,C1
verfügbar,adjective,C2
verfügbarkeit,noun,C1
verfügen,other,B2
verfügend,adjective,C2
verfügt,adjective,B2
verfügung,noun,B2
verfügungsgewalt,noun,B2
verführen,other,C2
verführerin,noun,C1
verführerisch,adjective,C1
vergabe,noun,C2
vergangen,adjective,C2
vergangene,noun,A2
vergangenheit,noun,B2
vergangenheitsform,noun,B2
vergangenheitsorientierter,adjective,C1
vergaser,noun,C1
vergeben,other,C2
vergebens,adverb,C1
vergeblich,adjective,C1
vergegenwärtigen,other,C2
vergeh'n,noun,A1
vergehen,noun,C1
vergehen,other,B1
vergeigen,noun,C1
vergeltung,noun,C2
vergeltungsschlag,noun,C2
vergessen,noun,A2
vergessen,other,A1
vergessenheit,noun,B2
vergesslich,adjective,C1
vergesslichkeit,noun,C1
vergeuden,other,B2
vergewissern,other,B1
vergießen,other,B2
vergiften,other,C1
vergiftet,adjective,C2
vergiftung,noun,C1
vergilbt,adjective,B1
vergiss,noun,A1
vergissmeinnicht,noun,A2
verglast,adjective,C1
vergleich,noun,C2
vergleichbar,adjective,C1
vergleiche,noun,C2
vergleichen,other,A2
vergleichsdimension,noun,C2
vergleichsgruppe,noun,C1
vergleichsperson,noun,C2
vergleichssatz,noun,B1
vergleichssätze,noun,B1
vergleichsweise,adverb,C2
vergleich|vergleichen,noun,B1
vergnügen,noun,B1
vergnügen,other,B1
vergnügung,noun,A2
vergnügungspark,noun,B1
vergolden,noun,B2
vergolden,other,B2
vergoldung,noun,B2
vergraben,adjective,C2
vergraben,other,A2
vergreisung,noun,C1
vergrößern,other,A2
vergrößert,adjective,C2
vergucken,other,C2
vergänglich,adjective,C1
vergönnen,other,C1
vergüten,other,C2
vergütung,noun,A2
vergütungspaket,noun,C2
verhaften,other,C2
verhaftung,noun,B1
verhalten,adjective,B1
verhalten,noun,B2
verhalten,other,B1
verhaltensauffällig,adjective,C2
verhaltensauftälligkeiten,noun,C2
verhaltensforscher,noun,C1
verhaltensforschung,noun,C1
verhaltensmuster,noun,C2
verhaltensregel,noun,B1
verhaltenstherapeutisch,adjective,B2
verhaltenstherapie,noun,B1
verhaltensunterricht,noun,C1
verhaltensvokabular,noun,C2
verhaltensweise,noun,C2
verhaltnissen,noun,B2
verhandelbar,adjective,B2
verhandeln,other,A2
verhandlung,noun,B2
verhandlungsbeginn,noun,C2
verhandlungsergebnis,noun,B2
verhandlungsgeschick,noun,C2
verhandlungsgrundsatz,noun,B2
verhandlungspartner,noun,B2
verhandlungspunkt,noun,C1
verhandlungsrunde,noun,B2
verhandlungssicher,adjective,B2
verhandlungssicher,other,B2
verhandlungssichere,adjective,C2
verhandlungssicheres,adjective,C1
verhandlungsstärke,noun,C2
verharren,other,B2
verhasst,adjective,C2
verheerend,adjective,C2
verheilen,other,C2
verheimlichen,other,C1
verheiraten,other,A1
verheiratet,adjective,A1
verheiratete,noun,B2
verhelfen,other,C1
verherrlichen,other,C2
verherrlichung,noun,C2
verhindern,other,C2
verhinderung,noun,C2
verhungern,other,C2
verhältnis,noun,B2
verhängen,other,C1
verhängnis,noun,C1
verhängt,adjective,C1
verhöhnung,noun,C2
verhökern,other,C2
verhör,noun,C2
verhören,other,C1
verhör|verhören,noun,C1
verhüllen,other,B2
verhüllung,noun,B2
verifizieren,other,C2
verinnerlichen,other,C2
verirren,other,A2
verirrung,noun,C2
veritabel,adjective,A1
verjagen,other,B2
verjährung,noun,C1
verkappt,adjective,C1
verkatert,adjective,C2
verkauf,noun,C1
verkaufen,noun,C1
verkaufen,other,A1
verkaufs-kommunikation,noun,C2
verkaufs-lyrik,noun,C2
verkaufsabteilung,noun,B2
verkaufsaktion,noun,C2
verkaufsargument,noun,C1
verkaufsausstellung,noun,B2
verkaufsbezeichnung,noun,C1
verkaufsfördernd,adjective,C1
verkaufsgespräch,noun,A2
verkaufshit,noun,A1
verkaufsleiter,noun,C1
verkaufsmaterialien,noun,B2
verkaufspersonal,noun,B1
verkaufspreis,noun,C2
verkaufsprofis,noun,A2
verkaufsprozedur,noun,C2
verkaufsschlager,noun,B2
verkaufsstand,noun,B1
verkaufsstelle,noun,B2
verkaufstisch,noun,C1
verkaufstricks,noun,B1
verkaufstüchtig,adjective,B1
verkaufsverhandlung,noun,C1
verkaufszahl,noun,B2
verkauft,adjective,B1
verkehr,noun,C1
verkehren,other,A2
verkehrsader,noun,C1
verkehrsanbindung,noun,C2
verkehrsaufkommen,noun,B2
verkehrsbehinderung,noun,B1
verkehrsbetrieb,noun,A2
verkehrschaos,noun,B2
verkehrsdichte,noun,B2
verkehrsdurchsage,noun,A2
verkehrsfluss,noun,B2
verkehrsgesellschaft,noun,B2
verkehrsgünstig,adjective,A1
verkehrsinsel,noun,C1
verkehrsklub,noun,B2
verkehrskontrolle,noun,B1
verkehrskonzept,noun,B2
verkehrslage,noun,B2
verkehrslichtern,noun,C1
verkehrslärm,noun,C1
verkehrsmittel,noun,A1
verkehrsmittelund,noun,C1
verkehrsmuseum,noun,C2
verkehrsnetz,noun,A1
verkehrspolitik,noun,B2
verkehrsproblem,noun,B2
verkehrsschild,noun,B2
verkehrssektor,noun,C1
verkehrssicherheit,noun,B2
verkehrssituation,noun,B2
verkehrssprache,noun,C1
verkehrsstau,noun,C1
verkehrssystem,noun,B1
verkehrssünde,noun,B1
verkehrsteilnehmer,noun,B2
verkehrsunfall,noun,C1
verkehrsunternehmen,noun,A2
verkehrsunterricht,noun,C1
verkehrsverbindung,noun,A2
verkehrsverhältnis,noun,B2
verkehrsweg,noun,C2
verkehrszeichen,noun,A2
verkennen,other,C2
verkiezte,adjective,C2
verkiezung,noun,C2
verklagen,other,B2
verkleben,other,B2
verklebt,adjective,B2
verkleiden,other,A2
verkleidung,noun,C1
verkleinern,other,B2
verkleinert,adjective,C1
verkleinerungsformen,noun,B1
verklingen,other,B1
verkneifen,other,C1
verknüpfen,other,B2
verknüpfung,noun,C2
verkohlt,adjective,C2
verkostung,noun,B2
verkraften,other,C1
verkrampft,adjective,C2
verkrampfung,noun,C1
verkuppeln,other,C2
verkupplungsmaschinerie,noun,C2
verkäufer,noun,A1
verkäuferin,noun,A1
verkäuferinnnen,noun,C2
verkörpern,other,C2
verköstigen,other,C1
verkühlen,other,B2
verkümmern,other,C1
verkünden,other,C2
verkürzen,other,C2
verkürzt,adjective,C2
verkürzung,noun,C2
verlachen,other,C2
verladen,noun,B2
verlag,noun,B1
verlagern,other,B2
verlagerung,noun,C1
verlagsbuchhandel,noun,B2
verlagsbüro,noun,C1
verlagshaus,noun,A1
verlagsprogramm,noun,B2
verlangen,noun,C2
verlangen,other,B2
verlangsamen,other,C2
verlassen,adjective,B2
verlassen,noun,B2
verlassen,other,B1
verlassenheit,noun,C2
verlassensein,noun,B2
verlauf,noun,C2
verlaufen,other,C2
verlaufend,adjective,B2
verlautbarung,noun,C2
verleben,other,C2
verlegen,adjective,B1
verlegen,other,C2
verlegenheit,noun,B1
verlegenheitsargumente,noun,C1
verlegenheitsfarbe,noun,C2
verleger,noun,C2
verlegung,noun,B1
verleiden,other,C2
verleihen,other,B2
verleihung,noun,B2
verleimen,other,C1
verleiten,other,C2
verlernen,other,C1
verlesen,other,C2
verletzen,other,C2
verletzlich,adjective,C2
verletzlichkeit,noun,C2
verletzt,adjective,C2
verletzte,noun,A2
verletzung,noun,A2
verletzungsbedingt,adjective,C1
verleugnen,other,C2
verlieben,noun,C2
verlieben,other,A2
verliebt,adjective,C2
verliebte,noun,C2
verliebtheit,noun,C2
verliebtsein,noun,B2
verlieren,noun,C1
verlieren,other,A2
verlierer,noun,C1
verliererkultur,noun,C1
verlink,other,A1
verlinken,other,B1
verloben,other,B1
verlobte,noun,B1
verlobung,noun,C2
verlockend,adjective,C1
verlockung,noun,B2
verlogen,adjective,C2
verloren,adjective,C2
verloren,other,B2
verlorenzugehen,other,B1
verlust,noun,C1
verlustanzeige,noun,A2
verlustfrei,adjective,C2
verlustig,adjective,C1
verlustrechnung,noun,C2
verlängern,other,B1
verlängert,adjective,B2
verlängerung,noun,B2
verlässlich,adjective,C2
verlässlichkeit,noun,C2
verläufst,other,C2
vermag,other,C2
vermarkt,adjective,B2
vermarkten,other,C2
vermarktung,noun,C1
vermasseln,other,C1
vermehren,other,B2
vermehrt,adjective,C2
vermehrung,noun,C2
vermeidbar,adjective,B2
vermeiden,noun,B2
vermeiden,other,B2
vermeidend,adjective,C2
vermeidung,noun,C2
vermeintlich,adjective,C2
vermelden,other,C2
vermengen,other,C1
vermenschlichen,other,C2
vermerk,noun,C2
vermerken,other,C1
vermerkt,adjective,C2
vermessen,other,B2
vermessung,noun,B1
vermieten,noun,B2
vermieten,other,A1
vermieter,noun,B2
vermieterin,noun,A2
vermieterverein,noun,B2
vermindern,other,C2
verminderung,noun,C2
vermischen,other,A2
vermischte,noun,B1
vermissen,other,B1
vermisst,adjective,C2
vermittelbar,adjective,B1
vermitteln,other,C2
vermittelnd,adjective,C2
vermittels,preposition,C2
vermittelte,noun,C2
vermittler,noun,C1
vermittler-rolle,noun,C2
vermittlerrolle,noun,B2
vermittlung,noun,C2
vermittlungsquote,noun,C2
vermittlungsquoten,noun,B2
vermuten,other,C1
vermutet,adjective,C2
vermutlich,adverb,B2
vermutung,noun,B1
vermächtnis,noun,C1
vermögen,noun,C2
vermögen,other,C2
vermögend,adjective,C2
vermögensbildung,noun,C2
vermögensgut,noun,C2
vermüllung,noun,C1
vernachlässigen,other,C1
vernachlässigenswert,adjective,B2
vernarren,other,B2
vernebele,other,C2
vernebelt,adjective,C2
vernehmen,other,C2
verneinen,other,C2
verneinung,noun,A1
vernetzen,other,C1
vernetzt,adjective,C1
vernetzung,noun,B2
vernichten,other,C2
vernichtend,adjective,C1
vernichtung,noun,C2
vernissage,noun,C1
vernunft,noun,C1
vernünftig,adjective,B2
verordnen,other,C2
verordnet,adjective,C2
verordnung,noun,B2
verortete,adjective,C1
verpacken,other,B1
verpacker,noun,B2
verpackt,adjective,A2
verpackung,noun,B2
verpackungskonzept,noun,B2
verpackungskosten,noun,B2
verpackungsmüll,noun,C1
verpassen,other,B1
verpasst,adjective,C1
verpennen,other,C2
verpesten,other,B2
verpflegung,noun,C2
verpflegungsangebot,noun,B2
verpflichten,other,B2
verpflichtend,adjective,C2
verpflichtet,adjective,A2
verpflichtung,noun,C2
verplempern,other,C1
verprügeln,other,B1
verpuffen,other,C1
verpönt,adjective,B2
verrat,noun,C1
verraten,other,C1
verrechnen,other,C1
verreisen,other,A2
verrichten,other,B1
verringern,other,C1
verringerung,noun,C2
verrohung,noun,C2
verruchte,noun,C2
verrufen,adjective,C1
verrücken,other,A2
verrückt,adjective,B1
verrückt,noun,C2
verrückte,noun,B1
verrücktheit,noun,C1
verrühren,other,A1
vers,noun,B1
versagen,noun,C2
versagen,other,C1
versagensangst,noun,C2
versager,noun,C1
versagerquote,noun,C2
versammeln,other,A2
versammlung,noun,B1
versammlungsraum,noun,A2
versand,noun,B2
versandhaus,noun,C2
versandhauskonzern,noun,C2
versandkosten,noun,B2
versandt,adjective,B2
versaut,adjective,C2
versch,noun,A2
verschaffen,other,C1
verschaltungen,noun,C2
verschanzen,other,B1
verscheiden,other,A2
verschen,noun,C2
verschenken,other,C1
verscherzen,other,C1
verscheuchen,other,C2
verschicken,noun,B2
verschicken,other,C2
verschickt,adjective,B2
verschieben,other,A1
verschiebung,noun,C2
verschieden,adjective,B1
verschiedenartig,adjective,B1
verschiedenartigkeit,noun,C1
verschiedene,noun,B2
verschiedenheitsgrad,noun,C1
verschießen,other,B1
verschlafen,other,B1
verschlagen,other,C2
verschlechtern,other,B2
verschleiern,other,C2
verschleißen,other,C2
verschleudern,other,C2
verschließbar,adjective,C2
verschließen,other,C1
verschlimmern,other,C1
verschlingen,other,C2
verschlossen,adjective,B1
verschlucken,noun,C2
verschlucken,other,C1
verschlungene,adjective,C2
verschluss,noun,B1
verschlüsseln,other,C1
verschlüsselt,adjective,B2
verschmelzen,other,C2
verschmelzung,noun,C1
verschmieren,other,A2
verschmutzen,other,C1
verschmutzt,adjective,C1
verschmutzung,noun,C2
verschnaufen,other,C1
verschollen,adjective,C1
verschonen,other,C2
verschont,adjective,C2
verschrecken,other,C1
verschreiben,noun,C1
verschreiben,other,C2
verschrieben,adjective,C2
verschroben,adjective,C1
verschränken,other,B2
verschulden,other,C2
verschuldet,adjective,C2
verschuldung,noun,C1
verschweigen,other,A2
verschwenden,other,C1
verschwendergesellschaft,noun,C1
verschwenderisch,adjective,C2
verschwendung,noun,C2
verschwendungssucht,noun,C2
verschwimmen,other,C2
verschwinden,noun,C1
verschwinden,other,C1
verschwindend,adjective,B2
verschwitzen,other,B2
verschwunden,adjective,B2
verschwörerisch,adjective,C2
verschwörung,noun,C1
verschwörungstheoretikers,noun,C2
verschärfen,other,B2
verschärfung,noun,C2
verschönern,other,C1
verschönerung,noun,C2
verschönerungskonzepten,noun,C1
verschütten,other,A2
verschüttet,adjective,C2
versehen,noun,B1
versehen,other,B2
versehentlich,adjective,B1
versenden,other,B2
versenkbarer,adjective,B1
versenken,other,C2
versetzen,other,C2
versetzt,adjective,C2
versetzung,noun,C2
verseuchen,other,C1
versichern,other,B1
versichert,adjective,B1
versicherte,noun,A1
versicherung,noun,B1
versicherungsagent,noun,B1
versicherungsangestellte,noun,B2
versicherungsfirma,noun,C1
versicherungsgesellschaft,noun,C2
versicherungskarte,noun,B2
versicherungsschutz,noun,C1
versicherungsunternehmen,noun,C1
versicherungsvertreter,noun,B2
versicherungswirtschaft,noun,C2
versicherungszentren,noun,B1
versickern,other,C2
versiegeln,other,C2
versiegen,other,C2
versiert,adjective,C1
versinken,noun,C2
versinken,other,C2
version,noun,B2
versorgen,noun,B1
versorgen,other,C1
versorgt,adjective,C2
versorgung,noun,B2
versorgungseinrichtung,noun,B2
versorgungsleistung,noun,B2
verspannen,other,C1
verspannung,noun,C1
verspeisen,other,C1
versperren,other,C1
versperrt,adjective,B2
verspielen,other,C1
verspotten,other,C1
versprechen,noun,B1
versprechen,other,B1
versprechend,adjective,B1
versprechender,adjective,B2
versprecher,noun,B1
versprechung,noun,C2
versprengen,other,C2
versprochen,adjective,A2
versprühen,other,B1
verspäte,other,B1
verspäten,other,B1
verspätet,adjective,B1
verspätung,noun,B1
verspätungsfall,noun,B2
verspätungsgrund,noun,B2
verspätungszeit,noun,B2
verspüren,other,C1
verstaatlichen,other,B2
verstaatlichung,noun,C2
verstand,noun,C2
verstanden,adjective,C2
verstands,noun,B2
verstaubar,adjective,B2
verstaubt,adjective,B2
verstauen,other,C1
versteck,noun,C2
verstecken,other,A2
versteckt,adjective,C2
versteh'n,noun,A1
verstehen,noun,A1
verstehen,other,A1
versteher,noun,C2
versteigern,noun,B2
versteigern,other,C1
versteigerung,noun,C1
versteigerungspreis,noun,C1
versteinern,other,C1
verstellbar,adjective,A2
verstellen,other,A2
versterben,other,C2
verstimmung,noun,C1
verstopfen,other,C2
verstorben,adjective,B2
verstorbene,noun,C2
verstoß,noun,C2
verstoßen,other,C2
verstreuen,other,C1
verstreut,adjective,C2
verstricken,other,B1
verströmen,other,C1
verstummen,other,C2
verstädterung,noun,B2
verständigen,other,C2
verständigung,noun,C2
verständigungsebene,noun,C2
verständigungsschwierigkeit,noun,C1
verständlich,adjective,C2
verständlicherweise,adverb,B2
verständnis,noun,C2
verständnisproblem,noun,C1
verständnisvoll,adjective,B1
verstärken,other,C1
verstärker,noun,B2
verstärkt,adjective,C1
verstärkung,noun,B1
verstören,other,C2
verstörend,adjective,C1
verstümmelung,noun,C2
versuch,noun,C1
versuchen,other,B2
versuchsanlage,noun,C1
versuchsgut,noun,C2
versuchshaus,noun,C2
versuchsjahrgang,noun,C2
versuchskaninchen,noun,B1
versuchsleiter,noun,C1
versuchsperson,noun,C1
versuchsreihe,noun,C1
versuchsteilnehmer,noun,C2
versuchsweise,adverb,C2
versucht,adjective,C1
versuchung,noun,B2
versuch|versuchen,noun,C2
versunken,adjective,C2
versäumen,other,C1
versäumnis,noun,C2
versäumt,adjective,A2
versöhnung,noun,C2
versüßen,other,B2
verteidigen,other,C2
verteidiger,noun,C1
verteidigung,noun,C2
verteidigungsbereitschaft,noun,C2
verteidigungsminister,noun,C1
verteilen,other,C2
verteilend,adjective,C2
verteilt,adjective,B2
verteilung,noun,C2
verteuern,other,C2
verteufeln,other,C2
vertiefen,other,B2
vertiefend,adjective,B2
vertieft,adjective,C1
vertiefung,noun,C2
vertikal,adjective,B2
vertikalgarten,noun,C2
vertilgen,other,A1
vertonen,other,B2
vertrag,noun,B1
vertragen,other,B1
vertraglich,adjective,C2
vertragsabschluss,noun,B2
vertragsangebot,noun,C2
vertragsauflösung,noun,C2
vertragsbedingung,noun,B1
vertragsbindung,noun,C2
vertragslaufzeit,noun,A2
vertragspartner,noun,B1
vertragsverhandlung,noun,C2
vertrauen,noun,C2
vertrauen,other,B2
vertrauensangebot,noun,B2
vertrauensperson,noun,C1
vertrauensschwund,noun,C1
vertrauensselig,adjective,C1
vertrauensvoll,adjective,B2
vertrauenswürdig,adjective,B1
vertrauenswürdigkeit,noun,C2
vertraulich,adjective,C2
vertraut,adjective,B2
vertraute,noun,C2
vertrautheit,noun,B2
vertreiben,other,B2
vertreibung,noun,C2
vertretbar,adjective,C1
vertreten,other,B2
vertretend,adjective,B1
vertreter,noun,B2
vertreterin,noun,B1
vertretung,noun,B2
vertrieb,noun,C2
vertriebscontrolling,noun,C2
vertriebsgebiet,noun,C2
vertriebsleiter,noun,C2
vertriebsregionen,noun,C2
vertriebsstrategie,noun,C2
vertriebstools,noun,C2
vertrunkene,adjective,C1
verträglich,adjective,C2
verträglichkeit,noun,C2
verträumen,other,C2
vertrödeln,other,B2
vertun,other,C2
vertuschen,noun,B2
vertuschen,other,C2
vertuschung,noun,C2
verunglücken,other,C1
verunglückst,other,B1
verunreinigen,other,C2
verunsichern,other,C1
verunsicherung,noun,C2
veruntreuen,other,C2
veruntreuung,noun,C2
verursachen,other,B1
verursacht,adjective,C1
verurteilen,other,C2
verurteilte,noun,B1
verurteilung,noun,B2
vervielfältigen,other,C2
vervollkommnen,other,C2
vervollkommnung,noun,B2
vervollständigen,other,C2
vervollständigt,adjective,C1
verwahren,other,C1
verwahrlosen,other,C1
verwahrlost,adjective,B2
verwaist,adjective,B2
verwalten,noun,B1
verwalten,other,C1
verwalter,noun,C2
verwaltung,noun,B2
verwaltungsbereich,noun,C1
verwaltungsgebied,noun,B2
verwaltungskosten,noun,C2
verwaltungsleiterin,noun,C1
verwaltungsrat,noun,C1
verwaltungssprache,noun,B2
verwandeln,other,C1
verwandlung,noun,C2
verwandt,adjective,C1
verwandte,noun,B2
verwandtschaft,noun,A1
verwandtschaftsbesuche,noun,C1
verwarngelder,noun,B1
verwarnung,noun,A2
verweben,other,C1
verwebt,adjective,C2
verwechseln,noun,C1
verwechseln,other,C2
verwechslung,noun,B1
verwechslungskomödie,noun,C1
verwehen,other,B2
verwehren,other,C1
verweigern,noun,C2
verweigern,other,C1
verweildauer,noun,C2
verweilen,noun,C1
verweilen,other,B2
verweis,noun,B2
verweisen,other,C2
verwell,noun,A2
verwendbar,adjective,B2
verwendbarkeit,noun,C1
verwenden,other,B2
verwendern,noun,C1
verwendet,adjective,C1
verwendung,noun,C1
verwendungsmöglichkeit,noun,C1
verwendungsweise,noun,C1
verwerfen,other,C2
verwerfliche,noun,C2
verwertungschance,noun,C2
verwesung,noun,C2
verwickeln,other,C2
verwicklung,noun,C2
verwildert,adjective,C1
verwinkelt,adjective,C2
verwirklichen,other,B1
verwirklichung,noun,C2
verwirren,other,C1
verwirrend,adjective,C1
verwirrt,adjective,C1
verwirrtheit,noun,C2
verwirrung,noun,C2
verworrenheit,noun,C2
verwundbarkeit,noun,C2
verwunden,other,C2
verwunderlich,adjective,C1
verwundern,other,C1
verwundert,adjective,C2
verwundete,noun,C2
verwurzeln,other,C2
verwählte,other,C1
verwöhnen,other,A2
verwöhntage,noun,C1
verwöhnurlaub,noun,C1
verwüsten,other,C2
verwüstung,noun,C2
verzahnung,noun,C2
verzaubern,other,B2
verzehr,noun,C1
verzehren,other,C1
verzeichnen,other,C1
verzeihen,other,A2
verzeihen|verziehen,other,C2
verzeihung,noun,A1
verzerrt,adjective,C1
verzicht,noun,B2
verzichten,noun,B2
verzichten,other,B2
verziehen,other,C1
verzieren,other,B2
verziert,adjective,B2
verzierung,noun,B2
verzweifeln,noun,C1
verzweifeln,other,C1
verzweifelt,adjective,B2
verzweiflung,noun,C1
verzweigen,other,C1
verzweigt,adjective,B2
verzweigung,noun,C2
verzwickt,adjective,B2
verzögern,other,C1
verzögerung,noun,C2
verzückung,noun,C1
verächtlichkeit,noun,C1
verändern,other,B2
verändernd,adjective,C1
verändert,adjective,B2
veränderung,noun,C1
veränderungsbedürfnis,noun,C1
veränderungsmanagement,noun,C2
veränderungswunsch,noun,B2
verängstigen,other,C2
veräppeln,other,C1
verärgern,other,B2
verärgert,adjective,B2
verätzen,other,C2
veräußern,other,C2
veräußert,adjective,C2
veröden,other,C1
veröffentlichen,other,B2
veröffentlicht,adjective,B2
veröffentlichung,noun,C1
veröffetlicht,other,C1
verüben,other,B2
verübt,adjective,C2
vespa-fahrern,noun,B2
veto,noun,C2
vettel,noun,B2
vetter,noun,C1
vfl,noun,C2
vhs,noun,B1
vhs-kurs,noun,B2
via,preposition,B1
viadukt,noun,B2
viaduktbogen,noun,B2
vibration,noun,C1
vibrieren,other,A2
vibrio,noun,C2
video,noun,A1
video-format,noun,C1
video-konferenz,noun,B1
video-leinwand,noun,C1
video-system,noun,B1
videoaufnahme,noun,A2
videoausgang,noun,C1
videoausschnitt,noun,B1
videojournalist,noun,C1
videokamera,noun,A1
videokonferenz,noun,C1
videorekorder,noun,A1
videoschnitt,noun,C2
videospiel,noun,C2
videotext,noun,A2
videothek,noun,A1
videotheke,noun,C1
videoüberwachung,noun,C2
vieh,noun,C2
viehbestand,noun,C2
viel,adverb,A1
viel-leser,noun,A2
vielbeschäftigt,adjective,B2
viele,noun,C2
viele,other,A1
vielechancen,adjective,B1
vieleckig,adjective,C2
vieleicht,adjective,B2
vielen,noun,C1
vielerlei,adjective,C2
vielerorts,adverb,C1
vieles,noun,C2
viele‚,adjective,B2
vielfach,adjective,B1
vielfach,adverb,C2
vielfache,noun,C2
vielfalt,noun,C1
vielfältig,adjective,C1
vielfältigkeit,noun,C1
vielleicht,adverb,A1
vielmehr,adjective,C2
vielmehr,adverb,C2
vielredner,noun,B2
vielschichtig,adjective,C2
vielschreiber,noun,C1
vielschwieriger,adjective,B2
vielseitig,adjective,C1
vielseitigkeit,noun,C1
vielsprachig,adjective,B2
vielsurfer,noun,A2
vielversprechend,adjective,C1
vielzahl,noun,B2
vier,noun,C2
vier,number,A1
vier-augen-prinzip,noun,B2
vier-und,noun,C1
vierbeiner,noun,B2
vierblättrig,adjective,A2
viereinhalb,number,C2
vierfach,adjective,B1
vierjährig,adjective,C1
vierköpfig,adjective,A2
vierköpfige,adjective,B1
vierlagig,adjective,C2
vierlinge,noun,C1
viermal,adverb,A2
viermonatig,adjective,C1
vierschanzentournee,noun,C1
viersektorenstadt,noun,C1
vierstündig,adjective,B2
viert,adjective,C1
viertaktmotors,noun,B2
vierte,noun,A1
viertel,noun,A1
viertelfinale,noun,C2
vierteljahr,noun,B1
vierteljahrhundert,noun,C2
viertelstunde,noun,A2
viertens,adverb,C2
vierundfünfzig,number,C1
vierundsiebzig,number,C1
vierundzwanzig,number,B2
vierzehn,number,B2
vierzig,number,A2
vierzigjährig,adjective,C1
vietnamesisch,adjective,A2
viewing,adjective,B1
viewing,other,A2
viiier,adjective,C2
viking,noun,C2
viking-sonden,noun,C2
viktoria-luise-platz,noun,A1
viktualienmarkt,noun,A2
villa,noun,C2
violett,adjective,A2
violine,noun,A1
violine-studenten,noun,C2
violinenkasten,noun,B1
violinist,noun,B1
violinistin,noun,B1
vip-lounge,noun,C2
vip-status,noun,C2
virtual,adjective,C1
virtual-reality-brille,noun,C1
virtual-reality-brillen,noun,C1
virtualität,noun,B2
virtuell,adjective,B2
virtuelle,noun,C1
virtuos,adjective,C2
virus,noun,C2
virusattacke,noun,A2
visagist,noun,A2
viseu,adjective,A2
viseu,noun,A2
visier,noun,B2
vision,adjective,C1
vision,noun,B1
visionär,adjective,C2
visionäre,noun,B1
visite,noun,B2
visitenkarte,noun,B2
visualisierung,noun,C1
visuell,adjective,C1
visuelle,noun,B2
visum,noun,B2
visumszwang,noun,B2
vita,noun,B1
vita-assistenzhunde,noun,B1
vita-patin,noun,B1
vital,adjective,B1
vitalität,noun,C2
vitamin,noun,A1
vitamin-a-gehalt,noun,A2
vitaminreich,adjective,C1
vitamintablette,noun,C1
vitesse,noun,B1
vitra,noun,A1
vivaldi-effekt,noun,B1
vizebürgermeister,noun,C2
vizekanzler,noun,B1
vocale,noun,A1
vogel,noun,A1
vogelart,noun,B2
vogelflug,noun,B2
vogelfutter,noun,C1
vogelhochzeit,noun,B2
vogelkundlers,noun,C1
vogelpark,noun,B1
vogelperspektive,noun,A2
vogelstimme,noun,A2
vogelstimmenimitator,noun,A2
vogeltrainerin,noun,B1
vogelwelt,noun,C2
vogt,noun,C1
vogtländischen,adjective,C1
vokabel,noun,B2
vokabel-lernen,noun,C2
vokabelheft,noun,B1
vokabelkartei,noun,B1
vokabellernen,noun,B1
vokabelwissen,noun,C1
vokabular,noun,C2
vokal,noun,A1
vokalbuchstaben,noun,A1
vokalmusik,noun,C1
volk,noun,C2
volksabstimmung,noun,C2
volksarmee,noun,C1
volksbedarf,noun,C2
volksbote,noun,B1
volksentscheid,noun,C2
volksfest,noun,B1
volksforschung,noun,B2
volksglaube,noun,C1
volksgruppe,noun,B2
volksgut,noun,C2
volkshochschule,noun,B1
volkshochschulkurs,noun,A2
volkskultur,noun,B2
volkskunde-professor,noun,A1
volkslied,noun,C2
volksmund,noun,C1
volksmusik,noun,C1
volksmusikabend,noun,C1
volksmusiken,noun,B2
volksmusikfreund,noun,C1
volksmärchen,noun,C2
volksnah,adjective,B1
volksnähe,noun,A1
volkspartei,noun,B1
volkspolizei,noun,C1
volksschule,noun,C1
volksschulklasse,noun,B1
volksschullehrerin,noun,B1
volksschulzeit,noun,B1
volkssport,noun,B2
volkssprachen,noun,C2
volkstanz,noun,C2
volkstanzgruppe,noun,B2
volkstheater,noun,B2
volkstümlich,adjective,C2
volksversammlung,noun,C2
volksvertreter,noun,B1
volkswagens,noun,B2
volksweisheit,noun,B1
volkswirt,noun,C2
volkswirtschaft,noun,C2
volkswirtschaftlich,adjective,C2
volkszeitung,noun,A1
volksähnlichen,adjective,C2
voll,adjective,A1
voll,other,B1
vollarbeitsstellen,noun,B2
vollauf,adverb,C2
vollbeschäftigung,noun,C1
vollblutmusiker,noun,C1
vollbracht,adjective,C1
vollbringen,other,C1
volle,noun,C2
vollenden,other,B2
vollendet,adjective,C1
vollends,adverb,C2
vollendung,noun,C2
volleyball,noun,A1
volleyballspiel|volleyballspielen,noun,B1
volleyballverein,noun,A1
vollführen,other,B2
vollgas,noun,C1
vollgeschrieben,adjective,C1
vollig,adjective,B2
volljährig,adjective,B2
volljährigkeit,noun,B2
vollklimatisiert,adjective,B2
vollkommen,adjective,B2
vollkommenheit,noun,C2
vollkorn,noun,B1
vollkorngetreideprodukten,noun,C2
vollkornnudel,noun,A2
vollmahagoni,noun,C1
vollmilch,noun,A2
vollmilchschokolade,noun,A1
vollmond,noun,C1
vollpension,noun,C2
vollschlank,adjective,C1
vollstopfen,other,B2
vollständig,adjective,C1
volltanken,other,C1
volltätowiert,other,C1
vollwertig,adjective,C2
vollwertkostler,noun,C2
vollwollöko,noun,C2
vollzeit,noun,B1
vollzeit-beschäftigte,noun,B2
vollzeitarbeitsplatz,noun,B2
vollzeitbeschaftigung,noun,B2
vollzeitbeschäftigte,noun,B2
vollzeiterwerbstätigkeit,noun,B2
vollzeitjob,noun,C1
vollzeitkurse,noun,B2
vollzeitstelle,noun,A2
vollzeitund,noun,C2
vollziehen,other,C1
volontariat,noun,B2
volumen,noun,B2
vom,noun,C1
von,noun,C2
von,preposition,B1
von+die,preposition,A1
vonarno,adverb,B2
vond,adverb,B2
voneinander,adverb,B2
vonihnen,adverb,B2
vonseiten,preposition,C2
vonstatten,adverb,C2
vonstattengehen,adverb,C2
vonstattengeht,other,B2
vor,adjective,C2
vor,adverb,B2
vor,noun,B1
vor,other,A2
vor,preposition,A1
vor+die,preposition,B1
vor-,other,B2
vor-sich-hin-starren,noun,B2
vorab,adverb,C1
vorab,other,C1
vorabend,noun,C2
vorabendprogramm,noun,C1
vorabendzeit,noun,C1
voralberg,noun,B1
voran,adverb,C1
voran,other,B1
voranbringen,other,C2
vorangegangen,adjective,C2
vorangehen,other,A2
vorankommen,other,C2
voranmeldung,noun,B2
voranschreiten,other,C2
vorantreiben,other,C1
vorarbeiten,other,C1
vorarlberger,noun,A2
voraufgehenden,adjective,C2
voraus,adverb,C1
voraus,noun,B2
voraus,other,C2
vorauseilend,adjective,C2
vorausgegangen,adjective,C1
vorausgehen,other,C1
vorausgesetzt,adjective,C2
voraussage,noun,C1
voraussagen,other,C2
voraussehen,other,C2
voraussetzen,other,C1
voraussetzung,noun,C1
voraussicht,noun,C2
voraussichtlich,adjective,B2
vorauswahl,noun,B2
vorbehalt,noun,C2
vorbehalten,other,C2
vorbei,adverb,A2
vorbei,other,A1
vorbeifahren,other,A1
vorbeifahren|vorbeiführen,other,C1
vorbeiführen,other,B2
vorbeigehen,other,C2
vorbeikommen,other,B1
vorbeilassen,other,A2
vorbeilaufen,other,C1
vorbeilaufend,adjective,C1
vorbeiliefe,other,C2
vorbeischauen,other,B2
vorbeiziehender,adjective,C1
vorbellassen,other,A2
vorbereiten,other,B1
vorbereitet,adjective,B1
vorbereitung,noun,B1
vorbereitungsprogramm,noun,B2
vorbereitungszeit,noun,C1
vorbestimmen,other,C2
vorbeugen,other,C2
vorbeugung,noun,C1
vorbild,noun,C2
vorbildfunktion,noun,B2
vorbildlich,adjective,C2
vorbildliches,adjective,B1
vorbildpersonen,noun,C2
vorbringen,other,C1
vorchristlich,adjective,B2
vordefiniertes,adjective,C2
vordem,adverb,C1
vordenker,noun,C2
vorder,adjective,C1
vorderfrau,noun,B1
vordergrund,noun,C1
vordergründig,adjective,B2
vordermann,noun,B1
vorderrad,noun,B1
vorderseite,noun,B2
vordormann,noun,B2
vordringen,other,C2
voreilig,adjective,B2
vorenthalten,other,C1
vorerlahrung,noun,B1
vorerst,adverb,B1
vorerst,noun,C1
vorfahrt,noun,B1
vorfahr|vorfahren,noun,B2
vorfall,noun,B2
vorfeld,noun,B1
vorfinanzieren,other,C1
vorfinden,other,C2
vorfolgung,noun,B1
vorformulieren,other,B2
vorfreude,noun,C1
vorführen,other,B2
vorgabe,noun,C2
vorgang,noun,C1
vorgarten,noun,B1
vorgaukeln,other,C2
vorgeben,other,C1
vorgefasst,adjective,C2
vorgefertigt,adjective,C2
vorgegeben,adjective,C1
vorgehabt,other,B2
vorgehen,noun,C1
vorgehen,other,B1
vorgehensweise,noun,B2
vorgeschichte,noun,C2
vorgeschichtlich,adjective,C2
vorgeschrieben,adjective,C2
vorgesehen,adjective,C2
vorgesetzte,noun,B2
vorgestellt,adjective,C2
vorgestellte,noun,C2
vorgestern,adverb,A1
vorgetragen,adjective,C2
vorgänger,noun,C1
vorgängerin,noun,C2
vorhaben,noun,C2
vorhalten,other,C1
vorhanden,adjective,B2
vorhandensein,noun,C2
vorhang,noun,C2
vorhangschnur,noun,C1
vorhat,other,C1
vorhatte,other,B1
vorheizen,other,A1
vorher,adverb,B1
vorher,other,B1
vorherig,adjective,B2
vorhersage,noun,C1
vorhersagen,other,C1
vorhersagezeitraum,noun,C1
vorhersehbar,adjective,C1
vorhersehbarkeit,noun,C2
vorhersehen,other,C2
vorhin,adverb,B1
vorhängen,noun,C1
vorig,adjective,B2
vorindustriell,adjective,C1
vorjahr,noun,B2
vorjahressieger,noun,B2
vorkasse,noun,B1
vorkehrsmitteln,noun,B2
vorkenntnis,noun,B1
vorkommen,noun,C1
vorkommen,other,C1
vorkommend,adjective,C2
vorkurs,noun,C2
vorlage,noun,B2
vorlassen,other,B1
vorlaut,adjective,B2
vorleben,other,C2
vorlegen,other,B2
vorlehre,noun,C2
vorlese-botschafterin,noun,B1
vorlese-initiativen,noun,A2
vorlese-nachmittage,noun,A2
vorlese-nachmittagen,noun,A2
vorlese-tandem,noun,A2
vorlesen,noun,A2
vorlesen,other,A2
vorleser,noun,A2
vorleserin,noun,A2
vorlesewettbewerben,noun,C1
vorlesung,noun,B2
vorlesungsräume,noun,B2
vorletzt,adjective,A2
vorliebe,noun,C1
vorliegen,other,C2
vorliegend,adjective,C1
vorläufer,noun,C2
vorläufig,adjective,C2
vormachen,other,C1
vormachtstellung,noun,C2
vormarsch,noun,A1
vormerken,noun,B1
vormerken,other,B2
vormieter,noun,A1
vormittag,noun,A1
vormittags,adverb,A1
vormittagsgruppe,noun,B1
vormoderne,adjective,C2
vormund,noun,B2
vorn,adverb,B2
vorname,noun,A1
vorne,adverb,A2
vornehm,adjective,C1
vornehmen,other,B2
vornherein,adverb,C2
vornüber,adverb,C1
voroder,adjective,A2
vorort,noun,B1
vorortbewohner,noun,C2
vorprodukte,noun,C1
vorprogrammieren,other,B2
vorrang,noun,C2
vorrangig,adjective,C2
vorrat,noun,B2
vorratslager,noun,B2
vorraum,noun,C1
vorraussetzung,noun,C2
vorrechnen,other,C2
vorrecht,noun,B1
vorrede,noun,C2
vorreiter,noun,C2
vorreiterrolle,noun,C1
vorrichtung,noun,B2
vorrücken,other,B1
vorsatz,noun,C1
vorschau,noun,C1
vorschein,noun,C2
vorschieben,other,C2
vorschlag,noun,C1
vorschlagen,other,B2
vorschnell,adjective,C2
vorschreiben,other,B2
vorschrift,noun,C1
vorschulalter,noun,C2
vorschule,noun,C1
vorschulkind,noun,C2
vorschüler,noun,C1
vorsehen,other,C2
vorsicht,noun,B2
vorsichtig,adjective,A2
vorsichtshalber,adverb,C2
vorsichtsmaßnahme,noun,C1
vorsilbe,noun,B1
vorsingen,other,C1
vorsitz,noun,B1
vorsitzende,noun,C1
vorsorge,noun,A1
vorsorgetermine,noun,C1
vorsorgeuntersuchung,noun,C1
vorspann,noun,B2
vorspeile,noun,B1
vorspeise,noun,B2
vorspeiseplatte,noun,A1
vorspielen,other,C1
vorspiel|vorspielen,noun,B2
vorsprache,noun,C2
vorsprechen,noun,C1
vorsprechen,other,B2
vorsprung,noun,C1
vorstadt,noun,B1
vorstand,noun,C2
vorstandschef,noun,B2
vorstandsvorsitzende,noun,C1
vorstehen,other,C2
vorsteher,noun,C2
vorstellbar,adjective,C2
vorstellen,other,B1
vorstellung,noun,B1
vorstellungsgespräch,noun,B1
vorstellungsgesprächs,noun,C2
vorstellungstermin,noun,A2
vorstellungstermins,noun,B1
vorstellungsvermögen,noun,C1
vorstoß,noun,C2
vorstoßen,other,C2
vorstudie,noun,C2
vorstufe,noun,C1
vorsätzlich,adjective,C1
vortag,noun,B2
vortasten,other,C1
vorteil,noun,B1
vorteilhaft,adjective,C2
vorteilsnahme,noun,C2
vortrag,noun,C1
vortragen,other,B1
vortragsleistungen,noun,C2
vortragsort,noun,C1
vortragsreihe,noun,B2
vortragssaal,noun,C2
vortragsweise,noun,C2
vortäuschen,other,C1
vorund,noun,A2
vorurteil,noun,A2
vorurteilsbeladenes,adjective,C2
vorverkaufsstelle,noun,A2
vorwahl,noun,A1
vorwand,noun,C1
vorwarnung,noun,C2
vorweg,adverb,B1
vorweg,other,C2
vorweihnachtszeit,noun,A2
vorweisen,other,B2
vorwerfen,other,C2
vorwiegend,adjective,C1
vorwort,noun,C1
vorwurf,noun,B2
vorwurfsvoll,adjective,B1
vorwärts,adverb,A2
vorwärts,other,C1
vorzeigemodell,noun,C2
vorzeigen,other,A2
vorzeit,noun,C2
vorzeitig,adjective,C2
vorziehen,other,C2
vorzug,noun,C2
vorzugsweise,adjective,C1
vorzüglich,adjective,B1
vorüber,adverb,C1
vorüber,other,B1
vorübergehend,adjective,C2
vorübergehn,noun,B2
vorüberziehen,other,C2
vox-chefredakteur,noun,B2
vox-tierarzt-doku,noun,B2
vr-brille,noun,C1
vr-gerät,noun,C1
vr-geräten,noun,C1
vuitton-koffern,noun,B2
vulkanausbruch,noun,B2
vulkanologie,noun,B1
vvest-sandmännchen,noun,C1
vw-bus,noun,B2
vw-golf,noun,A2
vw-käfer,noun,B1
vw-lupo,noun,A1
väterlich,adjective,C1
väterlicherseits,adverb,A2
vöcklabruck,noun,A1
vögelchen,noun,B1
vögeln,other,B2
völkchen,noun,C1
völkerkunde,noun,B1
völkermord,noun,C2
völkerrecht,noun,C2
völkerrechtlich,adjective,C2
völkerrechtsbestimmung,noun,C2
völkerrechtswidrig,adjective,C2
völkerschlachtdenkmal,noun,B2
völkerstamm,noun,B2
völkerverständigung,noun,B2
völkerwanderung,noun,B2
völkisch-nationalistisches,adjective,C2
völlerei,noun,C2
völlig,adjective,B1
w,adjective,B1
w,noun,C1
w,other,B1
w-,other,A2
w-frage,noun,A1
w-wort,noun,A2
waage,noun,C2
waage-menschen,noun,A2
waagerecht,adjective,B2
wabern,other,C1
wach,adjective,A1
wach,other,B2
wachauer,adjective,A2
wache,noun,A1
wachen,other,A1
wachhalten,other,C1
wachheit,noun,B2
wachhund,noun,B1
wacholder,noun,C2
wachrufen,other,A2
wachs,noun,B2
wachsam,adjective,C1
wachsamkeit,noun,C2
wachsen,noun,C2
wachsen,other,B1
wachsend,adjective,B2
wachsfigur,noun,B2
wachskreiden,noun,B2
wachsmalstift,noun,C1
wachstum,noun,C1
wachstumshormon,noun,C1
wachstumsimpuls,noun,B2
wachstumsmotor,noun,C1
wachstumspotenzial,noun,C1
wachstumsrate,noun,B1
wachturm,noun,B2
wachzustand,noun,C1
wackelbrücke,noun,C2
wackelig,adjective,C1
wackeln,other,C1
wacklig,adjective,B2
wade,noun,B2
wadenwickel,noun,B2
waffe,noun,C2
waffenangebot,noun,C2
waffengewalt,noun,C1
waffenrock,noun,B2
waffenschieberei,noun,C2
waffensystem,noun,C2
wagen,noun,B1
wagen,other,C2
wagenfeld-lampe,noun,C2
wagenrennen,noun,C1
waggon,noun,C2
waghalsig,adjective,C2
wagin,noun,B1
wahl,noun,B1
wahl-o-mat,noun,B1
wahl-o-mat-nutzer,noun,B1
wahlalter,noun,C2
wahlberechtigen,noun,C1
wahlberechtigt,adjective,C1
wahlberechtigte,noun,C1
wahlberichterstattung,noun,C1
wahlbeteiligung,noun,C1
wahlen,other,B2
wahlergebnis,noun,B2
wahlfach,noun,B2
wahlfaches,noun,B2
wahlkabine,noun,A2
wahlkampf,noun,C1
wahlkampfthema,noun,C2
wahlkarte,noun,C2
wahlkreis,noun,C1
wahlkurses,noun,B2
wahllokal,noun,A2
wahllos,adjective,C2
wahlmodulen,noun,C1
wahlmöglichkeit,noun,B2
wahlpflichtfach,noun,B2
wahlplakat,noun,A2
wahlprognose,noun,C1
wahlrecht,noun,C1
wahlrede,noun,C1
wahlsendung,noun,C1
wahlsieger,noun,C1
wahlsonntag,noun,C1
wahlurne,noun,C1
wahlveranstaltung,noun,C1
wahlverlierer,noun,C1
wahlversammlung,noun,C2
wahlversprechen,noun,B1
wahlverwandtschaft,noun,B2
wahlverweigerer,noun,C1
wahlverweigerung,noun,C1
wahlvolk,noun,C2
wahlvorstand,noun,A2
wahlweise,adjective,C2
wahn,noun,C2
wahnsinn,noun,C2
wahnsinnig,adjective,C1
wahnsinnige,noun,B2
wahnvorstellung,noun,C2
wahnwitzig,adjective,C1
wahr,adjective,C1
wahre,noun,C1
wahren,other,B2
wahrend,adjective,B1
wahrer,noun,C2
wahrgenommen,adjective,C1
wahrhaft,adjective,C2
wahrhaftig,adjective,C2
wahrheit,noun,C2
wahrheitsgehalt,noun,C2
wahrheitsgemäß,adjective,C2
wahrheitsliebe,noun,C2
wahrheitssuche,noun,C1
wahrnehmbar,adjective,C1
wahrnehmen,noun,C2
wahrnehmen,other,C1
wahrnehmung,noun,C1
wahrnehmungsbereich,noun,B2
wahrnehmungsgrenze,noun,C1
wahrnehmungsschwelle,noun,C1
wahrsager,noun,C1
wahrscheinlich,adjective,B1
wahrscheinlichkeit,noun,C1
wahrscheinlichkeitsgrad,noun,C1
wahrung,noun,C2
wahrzeichen,noun,A1
waise,noun,B2
wakeboard,noun,B2
wakeboardcamp,noun,B2
wakeboarden,noun,B2
wakeboarder,noun,B2
wakeboarding,noun,C2
wal,noun,B1
walachei,noun,C2
wald,noun,B1
waldarbeiter,noun,C2
waldboden,noun,C2
waldbrand,noun,C1
walder,noun,A1
walderdbeere,noun,B1
waldfläche,noun,C1
waldführer,noun,B2
waldgebirge,noun,A2
waldis,noun,C2
waldkindergarten,noun,B2
waldkirche,noun,A2
waldlandschaft,noun,B2
waldleben,noun,B1
waldlichtung,noun,C1
waldliebhaber,noun,B1
waldlied,noun,B2
waldmeister,noun,C2
waldorf,noun,C2
waldorf-abschluss,noun,C2
waldorf-astoria,noun,B2
waldorfschule,noun,C2
waldregion,noun,C1
waldreich,adjective,B2
waldschutzgebiet,noun,B2
waldspielplätze,noun,B2
waldstraße,noun,A1
waldviertler,noun,B1
waldwanderung,noun,B2
waldwirtschaft,noun,A2
walfang,noun,C2
walfischhaus,noun,B1
walforscher,noun,B1
walfänger,noun,C2
walisisch,adjective,C2
walk,other,A2
walking,noun,B2
wallegewänder,noun,C2
waller,noun,A2
walnussöl,noun,A1
walten,noun,C1
walten,other,C2
walter-gropius-schule,noun,C1
walterplatz,noun,C1
walz,noun,B1
walze,noun,C1
walzen,other,B2
walzer,noun,A1
walzgebiete,noun,C1
wand,noun,A2
wande,noun,B2
wandel,noun,C1
wandeln,other,C1
wander-,other,C1
wander-und,noun,B2
wanderarbeiter,noun,B2
wanderbuch,noun,C1
wanderer,noun,C1
wanderfalke,noun,C1
wanderführer,noun,B1
wandergebiet,noun,B2
wandergesellin,noun,C1
wandergruppe,noun,C2
wanderjahr,noun,A2
wanderjahre,noun,B1
wanderleben,noun,C1
wanderlust,noun,B2
wandern,noun,A1
wandern,other,B1
wanderroute,noun,C1
wanderschaft,noun,C1
wanderschuh,noun,B1
wandertour,noun,B2
wanderung,noun,B2
wandervogel,noun,C1
wanderweg,noun,A1
wandgergeselle,noun,C1
wandlung,noun,C2
wandlungsprozess,noun,C2
wandmalerei,noun,C2
wandseite,noun,C1
wandtönungen,noun,C2
wange,noun,B1
wanken,noun,B2
wann,other,A1
wanna,noun,B2
wanne,noun,A2
wanne-eickel,noun,C1
wants,noun,C1
wappen,noun,C1
wappentier,noun,B2
war,noun,B1
ware,noun,B1
waren,noun,C2
warenannahme,noun,B2
warenbewegungen,noun,C2
warenhaus,noun,B2
warenkontrolle,noun,B2
warenmeer,noun,C1
warenpräsentation,noun,B2
warentest,noun,C2
warentheorie,noun,C2
warenwirtschaft,noun,C1
waren‘s,adjective,C1
warm,adjective,A1
warm,other,A2
warme,noun,B2
warmen,adjective,C1
warmhalteautomatik,noun,B2
warmherzig,adjective,A2
warmmiete,noun,A1
warmwasser,noun,A2
warnemünder,noun,C1
warnen,other,C1
warnend,adjective,C1
warnmeldung,noun,C1
warnstreik,noun,B2
warnung,noun,C1
warriors,noun,C2
warschauer,noun,C1
warte,noun,B1
warteliste,noun,C2
warten,other,A1
wartende,noun,B1
warteschlange,noun,C2
wartezeit,noun,B2
wartezimmer,noun,A1
warte|warten,noun,B2
wartung,noun,B2
wartungsfrei,adjective,C2
wartungskosten,noun,C2
warum,noun,B1
warum,other,A2
war‘s,other,C1
was,adjective,B2
was,noun,C1
was,other,A1
waschbecken,noun,A2
waschbenzin,noun,C1
waschecht,adjective,C2
waschen,noun,A2
waschen,other,A1
waschfrau,noun,A2
waschküche,noun,A1
waschmaschine,noun,A1
waschmittel,noun,C2
waschpulver,noun,C2
waschraum,noun,C1
waschsalon,noun,C2
waschvorgang,noun,B2
waschzeit,noun,A1
washingtoner,noun,C2
wasser,noun,A1
wasser-,other,B2
wasser-kaffee-mischung,noun,C1
wasserabfluss,noun,C1
wasserbad,noun,B2
wasserball,noun,A1
wasserbecken,noun,B1
wasserbedarf,noun,C1
wasserberg,noun,B2
wasserdicht,adjective,B1
wasserexperte,noun,C1
wasserfall,noun,A2
wasserfarbe,noun,B2
wasserfarbenen,adjective,C1
wasserfeindlichen,adjective,B2
wasserfest,adjective,B2
wasserflasche,noun,B2
wasserfleck,noun,A2
wasserfontäne,noun,B2
wasserfreundliche,adjective,B2
wassergymnastik,noun,A2
wasserhahn,noun,C1
wasserknappheit,noun,C1
wasserkocher,noun,C2
wasserkonsum,noun,C1
wasserkraft-,other,C1
wasserkraftmaschine,noun,C1
wasserkraftwerk,noun,C1
wasserkreislauf,noun,C1
wasserlauf,noun,C2
wasserleiche,noun,C1
wasserleitung,noun,B1
wassermangel,noun,C1
wassermann,noun,A2
wassermasse,noun,C1
wassermenge,noun,C2
wassermühle,noun,B2
wassernachfrage,noun,C1
wasseroberfläche,noun,C2
wasserpistole,noun,A2
wasserpumpe,noun,A2
wasserqualität,noun,B2
wasserratte,noun,B2
wasserrauschen,noun,B1
wasserski,noun,B2
wasserskifahren,noun,B2
wasserskischulen,noun,B2
wasserspiel,noun,A2
wassersport,noun,B2
wassersportart,noun,C2
wasserspuren,noun,C2
wasserstand,noun,B2
wasserstoff,noun,C1
wasserstrahl,noun,B2
wassertaxi,noun,A1
wasserteilchen,noun,B2
wassertemperatur,noun,B2
wassertropfen,noun,B2
wasserturm,noun,C2
wasserverbrauch,noun,C1
wasserverbraucher,noun,C1
wasserversorgung,noun,C1
wasserwaage,noun,B1
wasserwandern,noun,A2
wasserweg,noun,C1
wasserwegenetz,noun,B2
watt,noun,A2
watte,noun,A2
wattenmeer,noun,B1
wattenmeer-landschaft,noun,B2
wattführer,noun,B1
wattführerin,noun,B1
wauwau,noun,C2
way,other,A2
wbs,noun,A1
wc,noun,C2
wearables,noun,C1
web,noun,B2
web-design,noun,C2
web-guerillas,noun,B2
web-sites,noun,B2
web-travel-agent,noun,C2
web-werkzeuge,noun,B2
webauftritt,noun,B2
webbasiert,adjective,C2
webbasierter,adjective,B2
webcam,noun,A2
webdesign,noun,C2
weben,other,B2
weber,noun,A1
weberei,noun,C2
weblog,noun,C1
webportale,noun,C1
webseite,noun,B2
website,noun,A1
webstars,noun,C1
wechsel,noun,B2
wechselgeld,noun,A2
wechselhaft,adjective,A2
wechselkurs,noun,C1
wechseln,other,A2
wechselnd,adjective,C1
wechselpräpositionen,noun,B1
wechselschicht,noun,A2
wechselseitig,adjective,C2
wechselspiel,noun,C2
wechselvoll,adjective,C2
wechselwirkung,noun,C1
wecken,noun,B2
wecken,other,B1
wecker,noun,A1
weckruf,noun,C1
wede,other,B1
weder,conjunction,B1
wedersehen,other,B1
weeg,noun,C1
weg,adverb,A2
weg,noun,B1
weg,other,A1
wegargumentieren,other,B2
wegbekommen,other,B2
wegbeschreibung,noun,A1
wegbewegen,other,C1
wegbleiben,other,B1
wegbrechen,other,C1
wegbringen,other,B1
wegbücken,other,C1
wegdenken,other,C2
wegdiskutieren,other,B2
wegdöst,other,C1
wegele,other,A1
wegen,noun,C2
wegen,preposition,B1
wegener,noun,C2
wegesrand,noun,C1
wegfahren,other,A1
wegfallen,other,B1
wegfliegen,other,B2
weggang,noun,B2
weggeben,other,B2
weggehen,other,A2
weggeworfen,adjective,B2
weggli,noun,B2
wegkommen,other,B2
weglassen,noun,B2
weglassen,other,C2
weglaufen,other,A2
weglegen,other,B1
wegnehmen,other,B1
wegpacken,other,C2
wegrationalisieren,other,B2
wegreißen,other,A2
wegrennen,other,A2
wegräumen,other,A1
wegschieben,noun,B2
wegschieben,other,B2
wegschlucken,other,C2
wegschnappen,other,C1
wegsehen,other,B2
wegsperren,other,C1
wegverbindungen,noun,B2
wegwartenhimmel,noun,B1
wegwerfen,noun,A2
wegwerfen,other,B2
wegwerfend,adjective,C1
wegwerfgesellschaft,noun,B2
wegziehen,other,C2
weh,adjective,A1
weh,noun,B1
wehen,other,A2
wehend,adjective,B2
wehe|wehen,noun,B1
wehgetan,adjective,C2
wehmütig,adjective,C2
wehr,noun,B2
wehren,other,C2
wehrmacht,noun,C1
wehrpflicht,noun,B2
wehrpflichtige,noun,C2
wehrtüren,noun,C1
wehtun,other,C2
weib,noun,B2
weibchen,noun,C2
weiblich,adjective,C1
weibliche,adjective,B2
weiblichkeit,noun,A2
weich,adjective,A2
weichen,other,C1
weichenstellung,noun,C2
weiche|weichen,noun,C1
weichgekocht,adjective,A2
weide,noun,A1
weidefläche,noun,C1
weideland,noun,C2
weiden,other,C1
weidenreich,noun,C1
weidenrinde,noun,C1
weide|weiden,noun,B2
weidmann,noun,B2
weigern,other,C1
weigerung,noun,C2
weihen,other,B2
weihnachten,noun,A2
weihnachtlich,adjective,C1
weihnachtsabend,noun,A2
weihnachtsbaum,noun,A2
weihnachtsbescherung,noun,C2
weihnachtsdorf,noun,C1
weihnachtseinkauf,noun,C1
weihnachtsesse,noun,A2
weihnachtsfeier,noun,A2
weihnachtsfeiertag,noun,A1
weihnachtsferien,noun,A1
weihnachtsfest,noun,A2
weihnachtsfotos,noun,A2
weihnachtsgans,noun,A2
weihnachtsgebäck,noun,A1
weihnachtsgeld,noun,C1
weihnachtsgeruch,noun,B2
weihnachtsgeschenk,noun,C2
weihnachtsgeschichte,noun,A2
weihnachtsgeschäft,noun,C2
weihnachtsgewürzen,noun,C1
weihnachtsgruß,noun,B1
weihnachtshund,noun,B1
weihnachtslied,noun,A2
weihnachtsmann,noun,C2
weihnachtsmannsprechstunden,noun,C1
weihnachtsmarkt,noun,C1
weihnachtsmusik,noun,C1
weihnachtsoratorium,noun,C1
weihnachtspäckchen,noun,C2
weihnachtsschmuck,noun,A2
weihnachtsschokolade,noun,C1
weihnachtsstimmung,noun,A2
weihnachtsstress,noun,B2
weihnachtszeit,noun,A2
weil,adjective,C1
weil,conjunction,A2
weil,noun,B1
weil,other,C1
weil-satz,noun,A1
weile,noun,B1
weilen,other,C1
weiler,noun,C2
weilerin,noun,B2
weimarer,noun,C2
wein,noun,A1
weinanbaugebiet,noun,A2
weinberg,noun,A2
weinblatt,noun,C1
weinbäuerin,noun,A2
weinen,other,A1
weinend,adjective,C2
weinfass,noun,A2
weinfest,noun,A2
weingarten,noun,A1
weingartner,noun,B2
weinglas,noun,A2
weingut,noun,A2
weinheim,noun,C2
weinhändler,noun,A2
weinkeller,noun,C2
weinkorken,noun,C2
weinlage,noun,C2
weinlaub,noun,C1
weinlese,noun,A2
weinlokale,noun,A1
weinläden,noun,B2
weinsorte,noun,B2
weinstube,noun,C1
weintraube,noun,B1
wein|weinen,noun,A2
weise,adjective,C1
weise,noun,C1
weisen,other,B2
weisheit,noun,C1
weismachen,other,C1
weisman,noun,B2
weit,adjective,B1
weitaus,adverb,B2
weitblick,noun,A2
weitblickend,adjective,C2
weite,noun,C1
weiten,other,B1
weitentfernt,adjective,B2
weiter,adverb,B1
weiter,noun,C1
weiter,other,A2
weiter-,other,B2
weiterarbeiten,other,B1
weiterbauen,other,A2
weiterbeschäftigung,noun,C2
weiterbilden,other,B1
weiterbildung,noun,B1
weiterbildungsangebot,noun,B1
weiterbildungskosten,noun,B2
weiterbildungsmöglichkeit,noun,A2
weiterbildungsprogramm,noun,C1
weiterbringen,other,B2
weiterdenken,other,B2
weiterempfehlen,other,C2
weiterentwickeln,other,C2
weiterentwicklung,noun,C2
weitererzählen,other,B2
weiteressen,other,B1
weiterfahren,other,A1
weiterfahrt,noun,A1
weiterführen,other,C2
weiterführend,adjective,B1
weitergabe,noun,C1
weitergeben,other,B2
weitergehen,other,B1
weitergetanzt,other,B1
weiterhelfen,other,C1
weiterhin,adverb,C2
weiterklicken,noun,B1
weiterkommen,other,C1
weiterkönnen,other,C1
weiterleben,noun,B2
weiterleben,other,A1
weiterleiten,other,B2
weiterleitung,noun,C2
weiterlernen,other,A1
weiterlesen,other,A2
weitermachen,other,A1
weiterqualifizieren,other,B2
weiterreden,other,C1
weiterreisen,other,B2
weitersagen,other,B2
weiterschlafen,other,A1
weiterschreiben,other,B1
weiterstudieren,other,B2
weitersuchen,other,A1
weitertragen,other,B1
weiterverarbeiten,other,B2
weiterverarbeitung,noun,C1
weiterverkaufen,other,C1
weiterverwenden,other,B1
weiterwinkendes,noun,B2
weiterwürfeln,other,B2
weiterzumalen,other,A2
weiterzusuchen,other,C2
weiterzuvererben,other,B2
weiterzuwachsen,other,B2
weite|weiten,noun,B2
weitgehend,adjective,C2
weither,adverb,B2
weitläufig,adjective,C2
weitreichend,adjective,C2
weiträumig,adjective,B2
weitsichtig,adjective,B1
weitsprung,noun,C1
weitwurf-weltmeisterschaft,noun,B2
weiwei,noun,C1
weizen,noun,B1
weizenmehl,noun,B2
weiß,adjective,A2
weiß,noun,A2
weiß,other,C1
weißbrot,noun,C2
weiße,noun,B1
weißen,adjective,B1
weißen,other,B2
weißlich-blaue,adjective,C2
weißmehl,noun,C2
weißt,other,B1
weißwein,noun,A1
weißweinessig,noun,A1
weißwurst,noun,A2
welch-,other,A1
welche,noun,C1
welche,other,A1
welcher,adjective,B1
welches,noun,B2
welcome,adjective,C2
welk,adjective,B2
welle,noun,B1
wellenbad,noun,A2
wellenkamm,noun,C1
wellenlange,noun,C1
wellenlänge,noun,C1
wellenreiten,noun,B2
wellensittich,noun,B1
wellness-badezimmer,noun,B2
wellness-bereich,noun,A2
wellness-business,noun,C1
wellness-wahn,noun,C1
wellnessbehandlungen,noun,C2
wellnessbereich,noun,A2
wellnessbereichs,noun,B2
wellnessgalerie,noun,B2
wellnesshostel4000,adjective,A2
wellnesshotel,noun,C2
wellnessurlaub,noun,C1
welpe,noun,C2
welpenprägung,noun,C2
welt,noun,A2
welt-sprachgemeinschaft,noun,C2
welt-vegetariertag,noun,B2
weltall,noun,C2
weltanschaulich,adjective,B2
weltanschauung,noun,B1
weltanschauungsschule,noun,C2
weltausstellung,noun,C2
weltbank,noun,C2
weltbekannt,adjective,A2
weltberühmt,adjective,B1
weltbest,adjective,C2
weltbestseller,noun,B2
weltbevölkerung,noun,C1
weltbewegende,noun,C2
weltbild,noun,C2
weltenbummler,noun,B2
weltende,noun,C1
welterbe,noun,B1
welterfolg,noun,B2
welters,noun,C1
welterschütterndes,adjective,B2
weltfamilien,adjective,B2
weltformat,noun,B2
weltformel,noun,B2
weltfremd,adjective,C2
weltfremdheit,noun,C2
weltgegend,noun,C2
weltgeltung,noun,C1
weltgemeinde,noun,B2
weltgeschehen,noun,B2
weltgeschichte,noun,B2
weltgesundheitsbericht,noun,C1
weltgesundheitsberichts,noun,C1
weltgesundheitsorganisation,noun,C1
weltgesundheitsversammlung,noun,C1
weltgrößt,adjective,C2
welthandel,noun,C1
weltherrschaft,noun,C2
weltkarriere,noun,C2
weltklasse,noun,C2
weltklimakonferenz,noun,B1
weltklimarat,noun,C1
weltkrieg,noun,B1
weltkugel,noun,C2
weltkulturerbe,noun,C1
weltlich,adjective,B1
weltliteratur,noun,C1
weltmarkt,noun,A2
weltmarktführer,noun,B2
weltmeer,noun,C2
weltmeister,noun,C1
weltmeisterin,noun,A2
weltmeisterschaft,noun,B2
weltmeistertitel,noun,B1
weltmode,noun,A1
weltnaturschutzorganisation,noun,C1
weltoffen,adjective,C1
weltoffenheit,noun,C2
weltpokal,noun,A2
weltpolitisch,adjective,C2
weltraum,noun,C2
weltraumausstieg,noun,C2
weltraummission,noun,C1
weltraumteleskopen,noun,C2
weltregierung,noun,B1
weltregion,noun,B2
weltreise,noun,B1
weltrekord,noun,C1
weltrekordzeit,noun,C1
weltreligion,noun,C2
weltrevolution,noun,C2
weltspitze,noun,C1
weltsprache,noun,C1
weltstadt,noun,C2
weltstar,noun,B1
weltumspannend,adjective,C1
weltverband,noun,B2
weltverbesserer,noun,C2
weltweit,adjective,B2
weltwirtschaft,noun,B2
weltwissen,noun,A2
weltwunder,noun,C2
weltzin,noun,C2
wen,noun,C1
wende,noun,B2
wende/wenden,noun,B2
wendejahr,noun,C2
wendemöglichkeiten,noun,B2
wenden,other,B1
wendepunkt,noun,B1
wendig,adjective,A2
wendung,noun,B2
wenig,adverb,A2
wenige,other,A2
weniger,adjective,B1
weniger,adverb,B2
wenigste,other,B1
wenigsten,adverb,C2
wenigstens,adverb,C2
wenn,adjective,C2
wenn,conjunction,A2
wenn,noun,B1
wenn,other,B1
wenn-satz,noun,A2
wenngleich,conjunction,C1
wer,adjective,B1
wer,noun,C2
wer,other,A1
werbeaffinen,adjective,C2
werbeagentur,noun,A2
werbeaktion,noun,B1
werbeanzeige,noun,B2
werbeaufnahme,noun,B1
werbeblock,noun,C1
werbebotschaft,noun,C1
werbebranche,noun,B2
werbebrief,noun,C2
werbebroschüre,noun,C1
werbeeinahmen,noun,B2
werbeeinnahme,noun,B2
werbeereignissen,noun,C1
werbefachfrau,noun,C1
werbefachmann,noun,C1
werbefallen,noun,B1
werbefilm,noun,C2
werbefirma,noun,B2
werbeform,noun,B2
werbefoto,noun,B1
werbefotograf,noun,C1
werbegag,noun,C2
werbegrafik,noun,B2
werbegrafikerin,noun,B2
werbeindustrie,noun,C1
werbekampagne,noun,C1
werbeklischee,noun,B1
werbekonzept,noun,C1
werbekosten,noun,B2
werbematerial,noun,B2
werbemittel,noun,B1
werben,other,B2
werbende,noun,B1
werbepartner,noun,B2
werbeplakat,noun,B2
werbeprospekt,noun,A1
werbepsychologe,noun,B1
werber,noun,B1
werbeslogan,noun,C1
werbespot,noun,C1
werbespruch,noun,C1
werbestrategie,noun,B1
werbeteam,noun,B1
werbetext,noun,C1
werbetreibend,adjective,C1
werbetreibende,noun,B2
werbeträger,noun,C2
werbeverbot,noun,B2
werbewirksam,adjective,C1
werbewirkung,noun,C1
werbezweck,noun,C2
werbung,noun,B1
werbungskosten,noun,C2
werd,other,C2
werdegang,noun,B1
werden,noun,B2
werden,other,B1
werdend,adjective,B2
werdenen,adjective,B2
werfen,noun,C1
werfen,other,B1
werk,noun,C2
werkbank,noun,C2
werkbund,noun,C2
werken,other,B2
werksbesichtigung,noun,A2
werkstatt,noun,B1
werkstattladen,noun,A2
werkstattrenovierung,noun,B2
werkstoff,noun,C2
werkstoffentwicklung,noun,C1
werkstudent,noun,B2
werkstätte,noun,C2
werktag,noun,B2
werktags,adverb,A2
werkunterricht,noun,B1
werkzeug,noun,C2
werkzeugkasten,noun,A2
wert,adjective,B1
wert,noun,B2
wert,other,C1
wertarbeit,noun,C2
werten,other,C2
wertevorstellung,noun,B2
wertewandel,noun,B2
wertgefühl,noun,C2
wertgegenstand,noun,C2
werthaltung,noun,B2
werther,noun,C2
wertkonservativ,adjective,C2
wertlos,adjective,C2
wertlosen,other,B2
wertorientierung,noun,B2
wertpapier,noun,C1
wertpapiergeschäft,noun,B1
wertsache,noun,C2
wertschätzung,noun,C1
wertung,noun,B2
werturteil,noun,C1
wertvoll,adjective,C2
wertvolle,noun,B2
wertvollste,noun,B2
wertvollsten,adjective,B1
wertvorstellung,noun,C2
wert|werten,noun,B2
wesel-datteln-kanal,noun,B1
wesen,noun,C2
wesensunterschied,noun,C2
wesenszug,noun,C2
wesentlich,adjective,C2
wesentliche,noun,C2
weserpromenade,noun,C1
weshalb,other,C1
wessi,noun,C1
wessis,noun,C1
west,noun,A2
west-berliner,noun,B1
west-kleidung,noun,B2
west-lotto,noun,B1
west-teil,noun,B2
westalliierte,noun,C1
westberliner,noun,B1
westbürger,noun,B2
westdeutsch,adjective,C1
westdeutsche,noun,B2
weste,noun,C2
westen,noun,C2
westerland-sylt,noun,B1
westeuropäer,noun,B2
westeuropäisch,adjective,C1
weste|westen,noun,A2
westfernsehen,adjective,A2
westfernsehen,noun,B2
westfälisch,adjective,C2
westkappel,noun,B1
westküste,noun,C2
westlich,adjective,B2
westlich,preposition,A2
westmacht,noun,C1
westmedium,noun,B1
westniveau,noun,C2
westseite,noun,C1
westslawisch,adjective,B2
westslawisches,adjective,B2
weststraße,noun,A1
westteil,noun,B1
westwind,noun,A2
westzone,noun,C1
weswegen,other,C2
wetbebotschaft,noun,C1
wett,other,B1
wettanbieter,noun,B2
wettausgang,noun,B2
wettbewerb,noun,A2
wettbewerberanalysen,noun,C1
wettbewerbs-,other,C1
wettbewerbsanalyse,noun,C2
wettbewerbsbeobachtung,noun,C2
wettbewerbscharakter,noun,B1
wettbewerbsdruck,noun,C2
wettbewerbsfähigkeit,noun,C1
wettbewerbsgesellschaft,noun,C1
wettbewerbsnachteil,noun,C1
wettbewerbsorientierung,noun,C2
wettbewerbsvorteil,noun,C1
wette,noun,B2
wetteifern,other,C2
wetteinsatz,noun,B2
wetten,noun,B2
wetten,other,B2
wetter,noun,A1
wetter-erfahrungen,noun,B1
wetter-smalltalk,noun,C1
wetteraufzeichnung,noun,C1
wetteraussicht,noun,C1
wetterballons,noun,C1
wetterbedingt,adjective,C1
wetterbeobachtung,noun,C1
wetterbericht,noun,C2
wetterdienst,noun,B1
wetterentwicklung,noun,C1
wetterextrem,noun,C1
wetterfest,adjective,B2
wetterfühlig,adjective,C1
wetterfühlige,noun,C1
wetterfühligkeit,noun,C1
wettergeschichten,noun,B2
wetterinformationen,noun,A1
wetterlage,noun,C1
wettern,other,C2
wetterphänomen,noun,C1
wetterprognose,noun,C2
wetterrekorde,noun,A2
wetterrelevante,adjective,C1
wettersatellit,noun,C2
wetterschießen,noun,B2
wettersituation,noun,B2
wettersituationen,noun,C1
wetterstationen-netz,noun,C1
wettersteingebirges,noun,B1
wetterumstände,noun,C2
wetterverhältnis,noun,A1
wetterverlauf,noun,C1
wetterveränderung,noun,C1
wettervorhersage,noun,C1
wetterwörter,noun,A1
wetterzonen,noun,A2
wette|wetten,noun,C1
wettkampf,noun,B2
wettkampfsieger,noun,B2
wettkampftag,noun,A2
wettkampfveranstalter,noun,B2
wettkampfverhalten,noun,C1
wettkandidat,noun,B2
wettlauf,noun,C2
wettpate,noun,B2
wettskandal,noun,B1
wettspiel,noun,B1
wettstreit,noun,C2
wettsucht,noun,B2
weßling,noun,A1
weıß,other,B2
wg,adjective,C1
wg-bewohner,noun,C2
wg-klo,noun,B2
wg-küche,noun,C1
wg-leben,noun,C1
wg-mitglied,noun,B1
wg-party,noun,C1
wgs,noun,C1
whatsapp,noun,C2
whirlpool,noun,A2
whisky,noun,C1
whistler,noun,B1
whiteboard,noun,C1
whiteboards,noun,C1
who-kritiker,noun,C1
who-mitglieder,noun,C1
who-mitgliedstaaten,noun,C1
who-programm,noun,C1
who-strategie,noun,C1
whomitgliedstaaten,noun,C1
why,adjective,C1
wichtig,adjective,A2
wichtige,noun,B1
wichtiger,noun,B2
wichtigere,noun,B1
wichtigfür,adjective,C1
wichtigkeit,noun,C2
wichtigste,noun,B1
wichtigtuerisch,adjective,C2
wickeln,other,C1
wickelrock,noun,B2
wickert,other,B1
widder,noun,A1
widdermenschen,noun,A2
wide,adjective,C2
wider,other,B2
wider,preposition,C2
widerfahren,other,C2
widerlegen,other,C2
widerrechtlich,adjective,C2
widerruf,noun,B1
widerrufen,other,B1
widerrufsrecht,noun,B1
widersetzen,other,C1
widerspiegeln,other,C1
widerspiegelung,noun,C2
widersprechen,noun,C1
widersprechen,other,C1
widerspruch,noun,C2
widersprüchlich,adjective,B1
widersprüchlichkeit,noun,B2
widerstand,noun,B2
widerstandsfähig,adjective,B2
widerstandsgruppe,noun,B2
widerstandskraft,noun,C1
widerstehen,other,C2
widerwille,noun,C2
widerwillig,adjective,C2
widmen,other,B2
widu,noun,B2
wie,adjective,C1
wie,conjunction,A1
wie,noun,A2
wieder,adverb,A1
wieder,other,A1
wiederansiedlung,noun,C1
wiederaufbau,noun,B1
wiederaufbereitbar,adjective,C2
wiederauferstehung,noun,C2
wiederbeleben,other,C1
wiederbelebung,noun,C2
wiedereinstieg,noun,B1
wiederentdecken,other,B2
wiederentdeckung,noun,C1
wiedererkennbarkeit,noun,C2
wiedererkennen,other,C2
wiedererkennungswert,noun,B2
wiedererlangung,noun,C2
wiedererrichtung,noun,B1
wiedereröffnen,other,B1
wiederfinden,other,B1
wiedergabe,noun,C1
wiedergeben,other,B2
wiedergeburt,noun,C2
wiedergefunden,adjective,A2
wiedergutmachen,other,B1
wiedergutmachungsleistung,noun,C1
wiederhat,other,B1
wiederheirat,noun,B2
wiederherstellen,other,C2
wiederherstellung,noun,C1
wiederholbar,adjective,B2
wiederholen,noun,B1
wiederholen,other,A1
wiederholt,adjective,B2
wiederholung,noun,B1
wiederholungstäter,noun,B1
wiederhören,noun,A1
wiederkehren,other,C2
wiederkehrend,adjective,C2
wiederkommen,other,A2
wiederküssen,other,C1
wiederluege,noun,A1
wiedersehen,noun,A1
wiedersehen,other,B2
wiedertreffen,other,B2
wiederum,adverb,C1
wiedervereinigen,other,B1
wiedervereinigung,noun,B2
wiederverwendbar,adjective,C2
wiederverwenden,noun,B1
wiederverwenden,other,C2
wiederverwertbar,adjective,C2
wiederverwertungssystem,noun,C2
wiege,noun,C2
wiegen,other,B2
wiegenlied,noun,B2
wiegen|wägen,other,B1
wiehern,other,C1
wien-city-tour,noun,A1
wiener,adjective,A1
wiener,noun,B1
wienerin,noun,C1
wiese,noun,A2
wieseligen,adjective,B2
wiesenblume,noun,B1
wiesenblümchen,noun,C2
wiesenstraße,noun,B1
wiesler,noun,B2
wieso,adverb,B1
wieso,other,A2
wieviele,other,C1
wiewohl,conjunction,C2
wii-spielekonsole,noun,C2
wiki,noun,B2
wild,adjective,C1
wildbahn,noun,B1
wilde,noun,C2
wildernd,adjective,B2
wildernder,adjective,B2
wildfremd,adjective,C2
wildfütterungen,noun,B1
wildgärten,noun,C2
wildheit,noun,C2
wildkatze,noun,C1
wildnis,noun,B1
wildniscamp,noun,B2
wildpferd,noun,A2
wildpflanze,noun,C1
wildschwein,noun,A2
wildschweinkeiler,noun,C1
wildtier,noun,B1
wildwasser-rafting,noun,B1
wilhelmsburg,noun,C1
wilhelmshöhe,noun,B2
wilhelmstraße,noun,C2
will,noun,C1
will-das-auto-haben,noun,C1
wille,noun,C2
willen,preposition,C1
willenlos,adjective,C1
willenskrieg,noun,C2
willensschlacht,noun,C2
willkomen,noun,B1
willkommen,adjective,A2
willkommen,noun,A1
willkür,noun,B2
wimmeln,other,B2
wind,noun,A1
windanlage,noun,C1
winddruck,noun,C1
windeltorte,noun,A2
windenergie,noun,C1
windenergieprojekten,noun,C2
windeseile,noun,B1
windgeschwindigkeit,noun,B1
windhuk,noun,A1
windig,adjective,A1
windigsten,adjective,A2
windjammerparade,noun,A2
windkind,noun,A2
windkraft,noun,C1
windkraft-branche,noun,B1
windkraft-ingenieurin,noun,B1
windkraftanlage,noun,C1
windlast,noun,B2
windmühle,noun,C1
windmünhlen,noun,C1
windpark,noun,C1
windparkprojekte,noun,C2
windprojektentwicklung,noun,C2
windrichtung,noun,C1
windsor-college-freiburg,adjective,A2
windstille,noun,C1
windstärke,noun,A2
windsurfen,noun,C2
wind|winde,noun,C1
wing,adjective,C2
wink,noun,C1
winkel,noun,C1
winkelschleifers,noun,C1
winken,other,A2
wink|winken,noun,B2
winnetou-filme,noun,C1
winter,noun,A1
winterfeldtplatz,noun,A1
winterfeldtstraße,noun,A1
winterferien,noun,A1
wintergarten,noun,C1
winterlandschaft,noun,B2
winterlich,adjective,C1
winterluft,noun,B1
wintermantel,noun,A1
wintermonat,noun,A2
wintermärchen,noun,B2
winterolympiade,noun,C2
winterpalais,noun,C2
winterpalast,noun,C2
winterreifen,noun,C2
wintersaison,noun,A2
winterschuh,noun,A1
wintersemester,noun,B2
winterspiel,noun,B1
wintersport,noun,A1
wintersportart,noun,B1
wintersportgebiet,noun,B1
wintersportler,noun,A1
wintersportort,noun,B1
wintersporttouristen,noun,B1
winterurlaub,noun,B1
winterwelt,noun,B1
winterwochenende,noun,B1
winzig,adjective,C1
wippend,adjective,A2
wir,noun,B1
wir,other,A2
wir,pronoun,A1
wirbel,noun,C1
wirbeln,other,C1
wirbelsturm-management,noun,C2
wirbelsäule,noun,B1
wird,adjective,C2
wire,noun,C2
wirken,noun,B2
wirken,other,B2
wirkend,adjective,B1
wirklich,adjective,A1
wirkliche,noun,B2
wirklichkeit,noun,C1
wirklichkeitsfern,adjective,B2
wirksam,adjective,C2
wirksamkeit,noun,C2
wirkstoff,noun,C1
wirkung,noun,C1
wirkungsforschung,noun,C1
wirkungslos,adjective,C2
wirkungsstudien,noun,C1
wirkungsvoll,adjective,B2
wirkungsweise,noun,C1
wirr,adjective,C2
wirt,noun,B1
wirtin,noun,C1
wirtschaft,noun,B2
wirtschaften,other,C1
wirtschaftlich,adjective,B2
wirtschaftlicher,adjective,C1
wirtschaftlichkeit,noun,C1
wirtschaftlichkeitsanalysen,noun,C2
wirtschaftsaufschwung,noun,C2
wirtschaftsberater,noun,C1
wirtschaftsbetrieb,noun,C2
wirtschaftsenglisch,noun,A2
wirtschaftsexperte,noun,C2
wirtschaftsfaktor,noun,C2
wirtschaftsforschung,noun,C2
wirtschaftsgebaren,noun,C2
wirtschaftsgeografie,noun,B1
wirtschaftsgipfel,noun,C1
wirtschaftsinformatik,noun,C1
wirtschaftsinformatikerin,noun,C1
wirtschaftsingenieur,noun,C2
wirtschaftsingenieurwesen,noun,C1
wirtschaftsinstitut,noun,C1
wirtschaftskommunikation,noun,C1
wirtschaftskonzern,noun,C2
wirtschaftskreislauf,noun,C1
wirtschaftskrise,noun,C2
wirtschaftslage,noun,C1
wirtschaftsleben,noun,C1
wirtschaftsmacht,noun,C2
wirtschaftsmagazin,noun,C1
wirtschaftsminister,noun,B2
wirtschaftsministerium,noun,C2
wirtschaftspolitik,noun,A2
wirtschaftsprognose,noun,C1
wirtschaftsprozess,noun,B2
wirtschaftsprüfer,noun,C2
wirtschaftsprüfungsunternehmen,noun,C2
wirtschaftspsychologe,noun,C2
wirtschaftspsychologen,noun,C2
wirtschaftsraum,noun,A2
wirtschaftsrecht,noun,C1
wirtschaftsregion,noun,B2
wirtschaftsschäden,noun,C1
wirtschaftssektor,noun,B2
wirtschaftsstandort,noun,C1
wirtschaftsstruktur,noun,C1
wirtschaftssystem,noun,C1
wirtschaftsund,noun,C1
wirtschaftsunternehmen,noun,C2
wirtschaftsvertreter,noun,B2
wirtschaftswachstum,noun,C1
wirtschaftswald,noun,C1
wirtschaftswissenschaft,noun,C2
wirtschaftswissenschaftler,noun,C2
wirtschaftswunder,noun,B1
wirtschaftszentren,noun,B2
wirtschaftszweig,noun,C1
wirtschaftwunders,noun,B2
wirtschaft|wirtschaften,noun,C1
wirtsehepaar,noun,B1
wirtshaus,noun,C1
wischen,other,B1
wisenten,noun,C1
wispern,other,C1
wissbegierig,adjective,C2
wissen,noun,B2
wissen,other,A2
wissend,adjective,C2
wissensangebot,noun,C2
wissensarbeiter,noun,C2
wissensbeschaffung,noun,B2
wissensbestand,noun,C1
wissenschaft,noun,C1
wissenschaftler,noun,C1
wissenschaftlerin,noun,C1
wissenschaftlich,adjective,C1
wissenschaftlich-politisch,adjective,C2
wissenschaftlich-technisch,adjective,B2
wissenschaftlichen,adjective,C2
wissenschaftsdirektorats,noun,C2
wissenschaftsgemeinde,noun,C2
wissenschaftsgremium,noun,C2
wissenschaftskarriere,noun,C1
wissenschaftsministerin,noun,C1
wissenschaftspublizist,noun,C1
wissenschaftssprache,noun,C1
wissenschaftssprachen,noun,C1
wissenschaftswelt,noun,C2
wissenschaftszentrum,noun,B2
wissensdickicht,noun,C2
wissenserwerb,noun,C2
wissenserwerbs,noun,C2
wissensgebiet,noun,B1
wissensgesellschaft,noun,B2
wissenshungrig,adjective,C1
wissenslücke,noun,C2
wissensmanager,noun,B2
wissensrückstände,noun,C2
wissensspiel,noun,B2
wissensstand,noun,C2
wissenstest,noun,C2
wissenswerte,noun,A1
wissenwertes,noun,A1
wisson,noun,B2
without,noun,B2
witter,noun,B2
wittern,other,C1
witterung,noun,C2
witwe,noun,C2
witwer,noun,B2
witz,noun,C1
witz-postkarten,noun,C1
witzbold,noun,C1
witzchen,noun,C2
witzig,adjective,B1
witzigerweise,adverb,B2
witzleben,noun,C2
wlan,noun,B1
wm-party,noun,C1
wo,adverb,A1
wo,other,A1
woanders,adverb,C1
wobei,other,C2
woche,noun,A1
wochenanfang,noun,B2
wochenarbeitszeit,noun,A2
wochenblatt,noun,C2
wocheneinkauf,noun,B1
wochenend-,other,B2
wochenendarbeit,noun,A2
wochenendausflug,noun,B1
wochenendbeziehung,noun,B1
wochenendbeziehungen,noun,B2
wochenende,noun,A1
wochenendeinkauf,noun,B1
wochenendpendler,noun,B2
wochenendreise,noun,A1
wochenendtelefonierer,noun,A2
wochenendtourist,noun,B1
wochenendworkshops,noun,C1
wochengeschehen,noun,C2
wochenlage,noun,A1
wochenlang,adjective,B1
wochenmarkt,noun,C2
wochenschau,noun,A2
wochenschrift,noun,C1
wochenstunde,noun,A2
wochentag,noun,A1
wochentags,adverb,B2
wochenweise,adjective,C2
wochenzeitung,noun,C2
wodurch,other,C2
wofür,other,B1
wogegen,other,C1
woher,adverb,C1
woher,other,A1
wohin,other,A1
wohl,adjective,B2
wohl,adverb,A2
wohl,noun,C2
wohl,other,B1
wohlan,noun,B2
wohlbefinden,noun,C1
wohlbehagen,noun,B2
wohlbehüten,other,C2
wohldosieren,other,C2
wohldosiert,adjective,C2
wohlergehen,noun,C1
wohlfahrt,noun,A1
wohlfahrtsverband,noun,C2
wohlfühlen,noun,B2
wohlfühlen,other,B1
wohlfühlfaktoren,noun,B2
wohlfühlst,other,A2
wohlfühlumgebung,noun,C1
wohlgefühl,noun,C2
wohlgemerkt,adjective,B1
wohlgemut,adjective,C2
wohlgepackte,adjective,B2
wohlgeruch,noun,C2
wohlhabend,adjective,C2
wohlhabendem,adjective,C2
wohlleben,noun,B1
wohllöblichen,adjective,C2
wohlmeinend,adjective,B1
wohlsituiert,adjective,C1
wohlstand,noun,C2
wohltuend,adjective,B2
wohltätig,adjective,B2
wohltönend,adjective,C2
wohlwollen,noun,C2
wohlwollend,adjective,C2
wohlüberlegt,adjective,C1
wohn-,other,A1
wohnanlage,noun,C1
wohnbedingung,noun,B2
wohnbeihilfe,noun,A1
wohnberechtigungsschein,noun,A1
wohnbereich,noun,C2
wohneigentum,noun,C2
wohneinheit,noun,C2
wohnen,noun,B1
wohnen,other,A1
wohnend,adjective,C2
wohnfläche,noun,B1
wohnform,noun,B1
wohngebiet,noun,C2
wohngegend,noun,C1
wohngeld,noun,A1
wohngemeinschaft,noun,B1
wohngemeinschaftszimmer,noun,C1
wohngestaltung,noun,C1
wohngruppe,noun,B2
wohnhaus,noun,C2
wohnhauskomplex,noun,C1
wohnheim,noun,A2
wohnkonzept,noun,B1
wohnlage,noun,A1
wohnlich,adjective,C2
wohnlichkeit,noun,B1
wohnmobil,noun,A1
wohnmöglichkeit,noun,B2
wohnobjekt,noun,A1
wohnort,noun,C2
wohnpark,noun,A1
wohnphilosophie,noun,C1
wohnprojekt,noun,B1
wohnquartier,noun,C2
wohnraum,noun,A2
wohnsiedlung,noun,B1
wohnsituation,noun,A2
wohnsitz,noun,B1
wohnträume,noun,B2
wohnung,noun,A1
wohnungsangebot,noun,C1
wohnungsaufgabe,adjective,A1
wohnungsauflösung,noun,A2
wohnungsbau,noun,C1
wohnungsbedarf,noun,C2
wohnungsbewerberin,noun,B1
wohnungseinbruch,noun,B2
wohnungseinbruchsdiebstahl,noun,B2
wohnungseinrichtung,noun,C1
wohnungseinweihung,noun,B1
wohnungsfrage,noun,C2
wohnungsgröße,noun,B2
wohnungsmangel,noun,B1
wohnungsmarkt,noun,B2
wohnungsnachbar,noun,C2
wohnungsplanung,noun,B2
wohnungspolitik,noun,C1
wohnungsschlüssel,noun,A2
wohnungssuche,noun,A1
wohnungssuche-outfit,noun,A2
wohnungssuchende,noun,C1
wohnungssucher-herz,noun,B2
wohnungssucht,noun,A1
wohnungstausch,noun,B1
wohnungstest,noun,B2
wohnungstür,noun,A2
wohnungsverkauf,noun,C2
wohnungsverwaltung,noun,A2
wohnvorstellung,noun,C2
wohnwagen,noun,A1
wohnweisen,noun,B2
wohnzimmer,noun,A1
wohnzimmercouch,noun,C2
wohnzimmertisch,noun,A2
wohnzimmerwand,noun,C2
wok,noun,B1
wok-weltmeisterschaft,noun,A2
wolf,noun,C2
wolfgang,adjective,A2
wolfgang,noun,B1
wolfratshausen,noun,B1
wolfsbruder,noun,C2
wolfsburger,adjective,C2
wolfsfamilien,noun,B2
wolfsgebiet,noun,B2
wolfsspuren,noun,B2
wolfswelpen,noun,C2
wolke,noun,C1
wolkenfrei,adjective,C2
wolkenkratzer,noun,C2
wolkenkuckucksheim,noun,B1
wolkenlos,adjective,A1
wolkig,adjective,C1
wolldecke,noun,B1
wolle,noun,B1
wollen,verb,A2
wollend,adjective,C1
wollfaden,noun,C1
wollmilchsau,noun,C1
wollmütze,noun,C1
wollpullover,noun,C2
wollsocke,noun,C1
wolmung,noun,C1
womit,other,C2
womöglich,adverb,C2
wonach,other,C1
wondrak,noun,A1
wonnebeats,noun,B1
wonnesauger,noun,C1
wonngeld,noun,A1
woran,other,B1
worauf,other,A2
word,noun,A1
worden,adjective,C2
worin,other,C1
work,noun,A2
work-life-balance,noun,B2
work-lifebalance,noun,C1
workaholic,noun,B2
workaholics,noun,C1
workcamp,noun,B1
workcamper,noun,B1
workcampern,noun,B1
workcamps,noun,B1
worker,noun,C2
workshop,noun,B2
world,adjective,B2
world,noun,C2
world,other,C2
worpswede,noun,B2
wort,noun,A1
wort-verdrehern,noun,B1
wortabkürzungen,noun,C2
wortakzent,noun,A1
wortart,noun,C2
wortaustausch,noun,B1
wortbildung,noun,A2
worte,noun,C2
wortfamilien,noun,B1
wortfeld,noun,A1
wortfetzen,noun,C1
wortführer,noun,C2
wortgetreu,adjective,C2
wortgetreue,noun,C1
wortgetreuer,adjective,C1
wortgrenzen,noun,A2
wortgruppe,noun,A1
worthülse,noun,C2
wortkombination,noun,C1
wortlaut,noun,C1
wortlos,adjective,B1
wortreich,adjective,C2
wortschatz,noun,A1
wortschatz-app,noun,C1
wortschatzfragen,noun,C1
wortspiel,noun,C1
wortspielerei,noun,B1
worttreue,noun,C1
wortwahl,noun,B2
wortwechsel,noun,C1
wortwelt,noun,B2
wortwörtlich,adjective,B1
wortwörtlichkeit,noun,C1
woruber,other,B2
worum,other,B2
worüber,other,B2
wovon,other,B1
wovor,other,B1
wow,noun,A1
wozu,other,C1
wrack,noun,C2
wringen,other,B2
wuchernd,adjective,B2
wucht,noun,B1
wund,adjective,B1
wunde,noun,C2
wunden,noun,C2
wunder,noun,C1
wunderbar,adjective,A1
wunderbar,noun,B1
wunderkind,noun,C2
wunderkindern,noun,C2
wunderland,noun,B2
wunderlich,adjective,C2
wundermittel,noun,C1
wundermöbel,noun,B2
wundern,other,A2
wunderpille,noun,B1
wundersam,adjective,C2
wunderschön,adjective,A2
wunderschöne,noun,C2
wunderstoffes,noun,C2
wundervoll,adjective,A2
wundervolle,noun,B1
wundheilung,noun,C1
wunsch,noun,B1
wunschagentur,noun,A2
wunschauto,noun,A2
wunschbaum,noun,A1
wunschberuf,noun,B2
wunschbäume,noun,A1
wunschfarbe,noun,C1
wunschfigur,noun,B2
wunschobjekt,noun,C2
wunschpädagoge,noun,B1
wunschs,noun,C1
wunschtermin,noun,C2
wunschtraum,noun,C2
wunschunternehmen,noun,B2
wunschvorstellung,noun,B1
wunschzettel,noun,A2
wurf,noun,B2
wurftechnik,noun,B2
wurlitzer,noun,B1
wurm,noun,A1
wurst,noun,A1
wurstfabrikant,noun,B2
wurstladen,noun,A1
wurstsorte,noun,B1
wurstware,noun,A2
wurzel,noun,C2
wurzelpeter,noun,C1
wurzelstock,noun,C1
wuschelig,adjective,C2
wuschelköpfigen,adjective,C1
wust,noun,C2
wut,noun,C1
wutanfall,noun,A2
wutbürger,noun,C2
wut‘,adjective,B2
www,noun,B2
wzb,noun,B2
wägen,other,C2
wählbar,adjective,C2
wählen,noun,A2
wählen,other,A2
wähler,noun,C1
wählerisch,adjective,C1
wählerstimme,noun,C1
wählscheibe,noun,C2
wähnen,other,C2
währen,other,A2
während,adjective,B1
während,conjunction,B1
während,preposition,B2
währenddessen,other,C1
währung,noun,C1
währungsreform,noun,C1
währungsunion,noun,B2
wäldchen,noun,B1
wälzen,other,C2
wäre,noun,C2
wärens,noun,B2
wärme,noun,C1
wärmebelastung,noun,C1
wärmeempfindung,noun,C1
wärmegewinnung,noun,C1
wärmelieferant,noun,C1
wärmen,other,B2
wärmeschutz,noun,B2
wärmesparverordnungen,noun,C2
wärmestrahlung,noun,C1
wärmetauscher,noun,C1
wärmeverlust,noun,C1
wärmflasche,noun,B2
wärmstens,adverb,B2
wäsche,noun,A1
wäschepflege,noun,B1
wäscherei,noun,B1
wäschestück,noun,B2
wäschetrocknen,noun,A1
wäschewaschen,noun,A2
wöchentlich,adjective,A2
wörtchen,noun,C2
wörte,noun,A1
wörterbuch,noun,A1
wörthersee,noun,C2
wörtlich,adjective,C2
wühlen,other,C1
wühlte,other,B1
wühltischszenen,noun,C2
wünschbarkeit,noun,C2
wünschen,other,B1
wünschenswert,adjective,B1
würd,other,A2
würde,noun,C2
würdevoll,adjective,C1
würdig,adjective,C1
würdigen,other,C2
würfel,noun,B2
würfelbecher,noun,B2
würfelergebnis,noun,B2
würfeln,other,B1
würfel|würfeln,noun,A2
würgen,other,C2
würstchen,noun,A1
würsteessen,noun,B2
würtschen,adjective,A1
würzen,noun,C1
würzen,other,A1
würzig,adjective,B2
würzmittel,noun,C1
würzwurst,noun,C1
wüst,adjective,C1
wüste,noun,C1
wüste-filmproduktion,noun,B2
wüstendramolett,noun,C1
wüstenfahrt,noun,B2
wüstengebiet,noun,B2
wüstenkahlen,adjective,C2
wütend,adjective,A2
x,noun,A2
x-pedition,noun,C2
x-strahlen,noun,B2
xenophob,other,C2
xenophobie,noun,C2
xing,adjective,B2
xing,noun,B2
xiv,number,C2
xp,noun,B2
xs-modewelt,noun,C1
xs-version,noun,B2
xv,number,C2
xy-mobile,noun,A2
y,noun,C1
yacht,noun,A2
yafen,noun,A1
yako,noun,C1
yamamoto,noun,C1
ybbs,noun,B1
yearbook,noun,B1
yellow,noun,B2
yellowstone-nationalpark,noun,B2
yen,noun,A1
yielding,noun,C2
yieldmanagement,noun,C2
yoga,noun,A1
yoga-kurs,noun,A2
yogakurs,noun,A2
yorker,adjective,C2
yorker,noun,C2
yorker-bahn,noun,B2
yosemite,noun,A2
you,other,A2
young,noun,B2
your,noun,A1
youtube,noun,C2
youtube-fußball-kanal,noun,C1
ypsilon,noun,B1
z,adjective,A1
z,noun,A1
z,other,B2
z.b.,adverb,A1
z.h.,adjective,B1
zacken,noun,B2
zafran,noun,A1
zagen,noun,B2
zaghaft,adjective,C1
zahl,noun,A2
zahlen,other,C2
zahlenaffinität,noun,C2
zahlend,adjective,B1
zahlenform,noun,B2
zahlenmäßig,adjective,C2
zahlenreihe,noun,C2
zahlenverständnis,noun,C2
zahllos,adjective,C1
zahlreich,adjective,B2
zahlung,noun,C1
zahlungsbedingung,noun,B2
zahlungsfähigkeit,noun,C1
zahlungsmittel,noun,C1
zahlungsunfähig,adjective,C2
zahlungsunfähigkeit,noun,C2
zahlungsunwilligkeit,noun,C2
zahm,adjective,B1
zahn,noun,B1
zahnarzt,noun,B2
zahnarztpraxen,noun,A1
zahnarzttermin,noun,B1
zahnbürste,noun,B1
zahngerechten,adjective,C1
zahnhygiene,noun,C2
zahnlose,noun,C2
zahnmediziner,noun,C1
zahnpasta,noun,B1
zahnpastatube,noun,B2
zahnrad,noun,C1
zahnschmerz,noun,A1
zahntechniker,noun,A1
zahnwechsel,noun,C2
zahnärztin,noun,A1
zams,noun,B2
zange,noun,A2
zangenschalen,noun,B2
zapfen,noun,C1
zapfen,other,B2
zapfenart,noun,C1
zapfentypen,noun,C1
zappeln,other,B2
zappelphilipp-syndrom,noun,C2
zappen,noun,C2
zappt,other,B1
zar,noun,C2
zarentochter,noun,C2
zarin,noun,C2
zarskoje,noun,C2
zart,adjective,C2
zauber,noun,B2
zauberberg,noun,A2
zauberer,noun,A1
zauberflöte,noun,B1
zauberformel,noun,B2
zauberkraft,noun,C2
zaubern,other,B1
zaubershows,noun,C2
zaubertrick,noun,A2
zaun,noun,C1
zaziki,noun,A1
zb,other,B2
zdf-morgenmagazin,noun,B2
zdf-nachricht,noun,C2
zdf-publikum,noun,C1
zdf-reportern,noun,B2
zdf-sendung,noun,B2
zebra,noun,C1
zebrastreifen,noun,C1
zeche,noun,B1
zeche|zechen,noun,B1
zeh,noun,B2
zehn,noun,C1
zehn,number,A1
zehn-finger-system,noun,B1
zehn-jährigen,noun,C1
zehnerstellen,noun,B2
zehnjährig,adjective,A2
zehnmal,adverb,C2
zehnstündig,adjective,C2
zehnt,adjective,A2
zehntausend,noun,C1
zehntausende,adjective,B1
zehntausendmal,adverb,C1
zehnte,noun,A1
zehntelsekunde,noun,C1
zehntklässlerin,noun,C2
zehrgeld,noun,C1
zeh|zehe,noun,B2
zeichen,noun,B2
zeichenhilfe,noun,C1
zeichenknappheit,noun,B2
zeichensprache,noun,C2
zeichenstift,noun,B2
zeichentrickfilm,noun,B2
zeichnen,other,B2
zeichnerin,noun,B1
zeichnung,noun,A1
zeigefinger,noun,B2
zeigegesten,noun,C2
zeigen,noun,C2
zeigen,other,B1
zeigend,adjective,C2
zeigertelegrafen,noun,B2
zeihen,other,B1
zeihen|ziehen,other,A2
zeile,noun,C1
zeisig,noun,B1
zeit,noun,A1
zeit,preposition,C1
zeit-raffer,noun,C1
zeitablauf,noun,B2
zeitalter,noun,C2
zeitangabe,noun,A1
zeitarbeitsagenturen,noun,B2
zeitarbeitsfirma,noun,A1
zeitarbeitskraft,noun,A1
zeitaufwand,noun,B2
zeitaufwendig,adjective,C2
zeitbombe,noun,C1
zeitbudget,noun,C2
zeitdauer,noun,B2
zeitdruck,noun,B1
zeiteinteilung,noun,C1
zeiterscheinung,noun,C2
zeitfalle,noun,C1
zeitform,noun,C1
zeitforscher,noun,C1
zeitgefühl,noun,B1
zeitgeist,noun,C2
zeitgeistkabarett,noun,B1
zeitgemäß,adjective,C2
zeitgenosse,noun,C2
zeitgenossenschaft,noun,C2
zeitgenossin,noun,C1
zeitgenössisch,adjective,C2
zeitgeschehen,noun,C2
zeitgeschichte,noun,B2
zeitgeschmack,noun,B2
zeitgewinn,noun,B2
zeitgleich,adjective,C2
zeitglockenturm,noun,B2
zeithorizonts,noun,C1
zeitig,adjective,B2
zeitintensiv,adjective,B2
zeitintervall,noun,C1
zeitlebens,adverb,C2
zeitlich,adjective,B2
zeitlos,adjective,C2
zeitlosigkeit,noun,C2
zeitlupe,noun,B2
zeitmanagement,noun,C1
zeitmangel,noun,B2
zeitnah,adjective,C2
zeitnot,noun,B1
zeitplan,noun,B2
zeitplanung,noun,B2
zeitproblem,noun,C2
zeitpuffer,noun,B2
zeitpunkt,noun,B2
zeitraffer,noun,B2
zeitraubend,adjective,C2
zeitraum,noun,C1
zeitrechnung,noun,B2
zeitreise,noun,B2
zeitschaltuhr,noun,B1
zeitschrift,noun,B1
zeitschriftenabonnement,noun,B1
zeitschriftenartikel,noun,C2
zeitschriftenkiosk,noun,B2
zeitschriftensektor,noun,C2
zeitspanne,noun,C2
zeitsparend,adjective,B2
zeitstrafe,noun,B2
zeitumstellung,noun,A2
zeitunabhängigen,adjective,C1
zeitung,noun,A1
zeitunglese,noun,A2
zeitungsanzeige,noun,A2
zeitungsartikel,noun,B2
zeitungsbericht,noun,C2
zeitungsgeschäftes,noun,C1
zeitungsinserat,noun,C2
zeitungsinterview,noun,A2
zeitungskiosk,noun,A1
zeitungskrise,noun,C2
zeitungsmarkt,noun,B1
zeitungsmeldung,noun,C2
zeitungsreporter,noun,A2
zeitungszusteller,noun,A1
zeitungszusteller-gärtnerhausmeister-hundesitter,noun,A1
zeitverlust,noun,C1
zeitverschwendung,noun,B2
zeitversetzt,adjective,C1
zeitvertreib,noun,C2
zeitverzögert,adjective,C1
zeitweilig,adjective,C1
zeitweise,adverb,A2
zeitwähler,noun,B2
zeitzeuge,noun,C2
zeitzeugenbericht,noun,B2
zelebrieren,other,C2
zelle,noun,C2
zellenpyjama,noun,B2
zellkontakte,noun,C2
zelluloid,noun,A2
zelluloidfilms,noun,C1
zelt,noun,A1
zelten,other,A1
zelträume,noun,B2
zelt|zelten,noun,B1
zement,noun,C2
zementbedarf,noun,C2
zementsack,noun,C2
zen,noun,A2
zen-weisheit,noun,B2
zensieren,noun,C2
zensieren,other,C2
zensur,noun,C2
zensurenliste,noun,C2
zensus,noun,B2
zentimeter,noun,C1
zentis,adjective,B2
zentis,noun,B2
zentner,noun,C2
zentral,adjective,C1
zentralasienstudien,noun,C1
zentralbank,noun,B1
zentrale,noun,C2
zentralheizung,noun,A2
zentralinstitut,noun,C2
zentralisiert,adjective,C2
zentralistisch,adjective,C2
zentralorgan,noun,C2
zentrieren,other,C2
zentrum,noun,A1
zentrum-südost,noun,A1
zeppelin-luftschifffahrt,noun,A2
zerbeißen,other,C2
zerbrechen,other,A1
zerbrechlich,adjective,C2
zerbrochen,adjective,C1
zerbröseln,other,C2
zerdeppern,noun,B1
zerdrücken,other,B2
zerfallen,other,B2
zerfließen,other,B2
zerfressen,adjective,C1
zerfressen,other,C1
zerkleinern,noun,C1
zerkleinern,other,C1
zerkochen,other,C1
zerlege,other,C1
zerlegen,other,C1
zermürben,other,C1
zermürbt,adjective,C1
zero,noun,B2
zerplatzen,other,C1
zerreden,other,C1
zerreiben,other,C2
zerreißen,other,B2
zerren,other,C1
zerrissen,adjective,B2
zerrissenheit,noun,C2
zerrüttetem,adjective,C2
zerschlagen,other,C2
zerschlissen,adjective,C1
zerschneiden,other,C2
zerschnitten,adjective,C1
zersetzen,other,C2
zerstreuen,other,C2
zerstreuung,noun,C1
zerstören,other,C2
zerstört,adjective,C2
zerstörung,noun,C1
zerstörungsminimierenden,adjective,C2
zerteilen,other,C2
zertifikat,noun,B2
zertifikatskurses,noun,B1
zerwürfnis,noun,B2
zettel,noun,A1
zeug,noun,A2
zeuge,noun,C2
zeugen,other,C1
zeugenaussage,noun,C1
zeugnis,noun,A2
zeugniszeilen,noun,B1
zi,noun,A1
zi,other,A1
zickig,adjective,C1
zickzackzetteln,noun,B1
ziege,noun,B1
ziegelwand,noun,C2
ziehen,noun,C1
ziehen,other,A2
ziehn,other,B2
ziehung,noun,B1
ziel,noun,B1
zielen,other,C1
zielführend,adjective,C2
zielgerade,noun,C2
zielgerichtet,adjective,C2
zielgruppe,noun,C1
zielgruppenanalyse,noun,B2
zielland,noun,B1
ziellinie,noun,B2
ziellos,adjective,C1
zielorientiert,adjective,A2
zielorientierter,adjective,C2
zielorientierung,noun,B1
zielort,noun,B1
zielperson,noun,B2
zielplmuss,other,B2
zielsetzung,noun,C2
zielsprache,noun,C1
zielstrebig,adjective,C2
zielstrebigkeit,noun,B2
zielvereinbarung,noun,C1
zielvereinbarungsgespräche,noun,B2
zielwert,noun,C1
ziel|zielen,noun,C1
zielübung,noun,C2
ziemer,noun,B2
ziemlich,adjective,C2
ziemlich,adverb,A2
zieren,other,C1
zierlich,adjective,C2
ziffer,noun,B2
zifferblatt,noun,B2
zigarette,noun,A1
zigarettenrauch,noun,C2
zigarettenschachtel,noun,C1
zigarre,noun,C1
zigarrenkiste,noun,C1
zigeuner,noun,B1
zigeunerin,noun,A2
zigmal,adverb,B2
zigtausend,adjective,C2
zigtausende,noun,A2
zimmen,noun,B1
zimmer,noun,A1
zimmer-neubau-dienstwohnung,noun,B1
zimmer-wohnung,noun,A1
zimmerdecke,noun,A2
zimmerer,noun,A1
zimmerleute,noun,B1
zimmermann,noun,B2
zimmermeister,noun,C1
zimmern,other,C2
zimmernachbar,noun,C1
zimmerpflanze,noun,B2
zimmerschlüssel,noun,A1
zimmerservice,noun,A2
zimmertemperatur,noun,C2
zimmertür,noun,C1
zimt,noun,A2
zimtstange,noun,C1
zimtstern,noun,C1
zingli,noun,B2
zink,noun,C1
zinn,noun,C1
zinne,noun,B2
zinnoberrot,noun,C2
zins,noun,C2
zinsgünstig,adjective,C2
zinslos,adjective,C2
zinssatz,noun,C2
zinszahlung,noun,C2
zipfel,noun,C1
zirka,adverb,A1
zirkel,noun,C2
zirkulieren,other,C1
zirkus,noun,A1
zirkusartistik,noun,A2
zirkustag,noun,B2
zirkuswagen,noun,B1
zirkuszelt,noun,A2
zirpe|zirpen,noun,C1
zischen,noun,B2
zitat,noun,A2
zitieren,noun,C2
zitieren,other,B2
zitierregeln,noun,C2
zitiert,adjective,C2
zitrone,noun,A1
zitronenduft,noun,C1
zitronenpresse,noun,B2
zitronensaft,noun,A1
zitrus,noun,C1
zitrusfrucht,noun,B1
zittern,noun,C2
zittern,other,C1
zitternd,adjective,C2
zivil,adjective,C1
zivildienst,noun,A2
zivildienstleistende,noun,C1
zivilisation,noun,C2
zivilisationskrankheit,noun,B2
zivilisationsmüll,noun,C2
zivilisatorisch,adjective,C2
zivilisieren,other,C2
zivilisiert,adjective,B2
zivilrechtlich,adjective,C2
zkb,noun,A2
zocken,noun,C1
zockt,other,C1
zogich,other,B2
zoll,noun,C1
zollkontrolleur,noun,B1
zollverein,noun,B1
zone,noun,B2
zonengrenze,noun,B1
zoni,noun,C1
zoo,noun,A1
zoo-brücke,noun,B1
zoobesuch,noun,B1
zoodirektor,noun,C1
zooleiter,noun,C1
zoologie,noun,B1
zoologisch,adjective,A1
zopf,noun,A2
zornig,adjective,C2
zottelig,adjective,C1
zu,adverb,B1
zu,noun,C1
zu,other,B1
zu,preposition,A1
zu+die,preposition,A1
zu-sich-kommen,noun,B2
zu-zweit-sein,noun,B2
zuallererst,adverb,C1
zuarbeiten,other,C1
zubehör,noun,C2
zubeißen,noun,C1
zubeißen,other,B2
zubereiten,other,B1
zubereitung,noun,A2
zubereitungszeit,noun,A2
zucchini,noun,A1
zucchinischeiben,noun,A1
zuchgarn,noun,A2
zucht,noun,C1
zucken,other,C1
zucker,noun,A1
zuckerbeigaben,noun,C2
zuckerdose,noun,A2
zuckerfreie,adjective,C1
zuckergehalt,noun,A2
zuckerhaltig,adjective,C1
zuckerhut,noun,B2
zuckerkrankheit,noun,C1
zuckerschlecken,noun,C2
zuckertüte,noun,B2
zuckertütenbaum,noun,B2
zuckertütenbäume,noun,B2
zudecken,other,B2
zudem,adverb,C1
zudrücken,other,B1
zueinander,adverb,C1
zueinander,other,B1
zueinanderfinden,other,B2
zuerst,adverb,A1
zuerstist,noun,A2
zufahrtsweg,noun,C1
zufall,noun,B1
zufallen,other,C2
zufallsbekanntschaft,noun,B2
zufallskontakt,noun,C2
zufallsprinzip,noun,C2
zufallsprodukt,noun,C1
zufolge,preposition,C2
zufreiden,adjective,B2
zufrieden,adjective,A1
zufriedengeben,other,C1
zufriedenheit,noun,B2
zufriedenheitsgefühl,noun,B2
zufriedenstellen,other,C2
zufriedenstellend,adjective,C2
zufriedenstellung,noun,C2
zufrieren,other,B2
zufällig,adjective,B1
zufügen,other,C2
zug,noun,A1
zugabe,noun,B2
zugang,noun,B2
zugange,other,C1
zugangsdatum,noun,A2
zugbegleiter,noun,B1
zugeben,other,B1
zugegebenermaßen,adverb,C2
zugehen,other,C1
zugehörig,adjective,C1
zugehörigkeit,noun,C1
zugehörigkeitsgefühl,noun,B2
zugelächelt,other,B2
zugemüllt,other,B2
zugeschneiten,adjective,C1
zugesichert,adjective,C2
zugestehen|zustehen,other,C2
zugeständnis,noun,B2
zugetraut-,other,B2
zugewanderte,noun,B2
zugezogen,adjective,C2
zugfahrplanangebot,noun,B2
zugfahrt,noun,C1
zugleich,adverb,B2
zugobteil,noun,B2
zugreifen,other,C1
zugriff,noun,C2
zugrunde,adverb,C2
zugrunde,other,C2
zugstunde,noun,B2
zugticket,noun,B2
zugtoilette,noun,B1
zugucken,other,C1
zugunglück,noun,B2
zugunsten,preposition,C2
zugute,adverb,C1
zugute,other,C2
zugutekommen,other,C2
zugvogel,noun,B2
zugänglich,adjective,C1
zuhauf,adverb,C2
zuhaus,noun,B1
zuhause,adverb,C2
zuhause,noun,A1
zuhören,noun,C1
zuhören,other,C1
zuhörer,noun,B2
zuhörlaute,noun,C1
zukaufen,other,C1
zuklappen,other,B2
zuknallt,other,C2
zuknöpfen,other,C1
zukommen,other,B2
zukor,noun,B2
zukunft,noun,B1
zukunftsabsichten,noun,B1
zukunftsangst,noun,C1
zukunftsaussicht,noun,C2
zukunftsberufe,noun,C1
zukunftsbranche,noun,C1
zukunftschance,noun,C1
zukunftsforscherin,noun,C1
zukunftsfrage,noun,A2
zukunftsfrohes,adjective,C2
zukunftsidee,noun,B1
zukunftsmarkt,noun,C2
zukunftsmaterialien,noun,C1
zukunftsmodell,noun,B1
zukunftsmusik,noun,B2
zukunftsoptimismus,noun,C1
zukunftsorientiert,adjective,C1
zukunftsperspektive,noun,B1
zukunftsplan,noun,A2
zukunftsproblem,noun,C2
zukunftssorge,noun,C2
zukunftsstory,noun,C1
zukunftstechnologie,noun,C2
zukunftstraum,noun,C2
zukunftsvision,noun,B1
zukunftsvorhersagen,adjective,C1
zukunftsvorhersagen,noun,C1
zukunftsvorstellung,noun,B2
zukunftsweisend,adjective,B2
zukünftig,adjective,C1
zukünftige,noun,C1
zulage,noun,A2
zulassen,other,C2
zulassung,noun,B2
zulassungsbeschränkung,noun,B2
zulassungschancen,noun,B2
zulasten,other,C1
zulauf,noun,B2
zulaufend,adjective,B2
zulegen,other,C2
zuletzt,adverb,B1
zuliebe,preposition,C1
zulieferer,noun,C2
zulässig,adjective,A2
zum,noun,C1
zumachen,other,A1
zumailen,other,B2
zumal,adverb,C1
zumal,conjunction,C2
zumauern,other,B2
zumba,noun,B2
zumba-kurse,noun,B2
zumeist,adverb,B2
zumindest,adverb,C1
zumute,adverb,C1
zumuten,other,C2
zumutung,noun,C2
zunahme,noun,C2
zunehmen,other,C1
zunehmend,adjective,C1
zuneigen,other,C1
zuneigung,noun,C2
zunft,noun,C1
zunftbetrieben,noun,C1
zunge,noun,C1
zunichte,adverb,C2
zunutze,adverb,B2
zunutze,other,B2
zunächst,adverb,C2
zuordnen,noun,C1
zuordnen,other,C2
zuordnung,noun,C2
zupacken,other,B1
zur,noun,B2
zuraunen,other,C1
zurecht,other,C1
zurechtfinden,noun,B2
zurechtfinden,other,B2
zurechtkommen,other,C1
zurich,noun,B2
zuruck,noun,A1
zuruf,noun,B2
zurzeit,adverb,A1
zurück,adverb,B1
zurück,other,A1
zurückbauen,other,C2
zurückbekommen,other,B2
zurückbleiben,other,B1
zurückblicken,other,C1
zurückbringen,other,C2
zurückdenken,other,B2
zurückdrehen,other,B1
zurückerlangen,other,B2
zurückerobern,other,B2
zurückfahren,other,A1
zurückfahren|zurückführen,other,C1
zurückfallen,other,B2
zurückfinden,other,B1
zurückfordern,other,B1
zurückführen,other,C1
zurückgeben,other,C2
zurückgegeben,adjective,C2
zurückgehen,other,B1
zurückgelassen,adjective,C2
zurückgesetztes,adjective,C2
zurückgewinnen,other,B2
zurückgezogen,adjective,C1
zurückgreifen,other,C1
zurückhaben,other,B1
zurückhalten,other,C1
zurückhaltend,adjective,C1
zurückhaltung,noun,C1
zurückkehren,other,B1
zurückkommen,other,B1
zurücklassen,other,B1
zurücklegen,other,C2
zurücklehnen,noun,C1
zurücklehnen,other,C2
zurückliegen,other,C2
zurückmelde,adjective,B2
zurücknehmen,other,C1
zurückreichen,other,C1
zurückrufen,other,B2
zurückschalten,other,C1
zurückschicken,other,B2
zurücksehnen,other,C1
zurücksenden,other,B2
zurückspeisen,other,C1
zurückstellen,other,A2
zurücktransportieren,other,B2
zurücktreten,other,B2
zurückverfolgen,other,B2
zurückversetzen,other,B2
zurückweichen,other,B1
zurückweisen,other,C1
zurückweisung,noun,B2
zurückwerfen,other,C1
zurückzahlen,other,C2
zurückziehen,other,C1
zurückzuzahlende,adjective,B2
zusage,noun,B2
zusagen,other,A2
zusammen,adverb,A1
zusammen,noun,B1
zusammen,other,A1
zusammenarbeit,noun,B1
zusammenarbeiten,other,B1
zusammenarbeitest,other,B2
zusammenbasteln,other,C1
zusammenbauen,other,C1
zusammenbekommen,other,C2
zusammenbinden,other,B1
zusammenbrechen,other,C1
zusammenbringen,other,A2
zusammenbruch,noun,B2
zusammendrängen,other,C1
zusammenfalten,other,B1
zusammenfassen,other,C1
zusammenfassend,adjective,C1
zusammenfassung,noun,B2
zusammenfegte,other,C1
zusammenfinden,other,B2
zusammenfügen,other,C1
zusammenführen,other,C2
zusammenführung,noun,C2
zusammengehören,other,B1
zusammengehörigkeitsgefühl,noun,C1
zusammengeladen,adjective,C1
zusammengeschlossener,adjective,C1
zusammengesetzt,adjective,C2
zusammengestellt,adjective,B1
zusammenhalt,noun,C1
zusammenhalten,other,B2
zusammenhang,noun,C1
zusammenhängen,other,C2
zusammenhängend,adjective,C1
zusammenkauern,other,C2
zusammenkleben,noun,C1
zusammenkleben,other,C1
zusammenkommen,other,C1
zusammenkunft,noun,C1
zusammenleben,noun,B1
zusammenleben,other,A2
zusammenlegen,other,B1
zusammennehmen,other,C2
zusammenpacken,other,B1
zusammenpassen,other,B1
zusammenreißen,other,C2
zusammenrollen,other,A1
zusammenrücken,noun,C2
zusammenrücken,other,C1
zusammenscheißen,other,C1
zusammenschlagen,other,C2
zusammenschließen,other,B1
zusammenschluss,noun,B2
zusammenschnitte,noun,C1
zusammenschreiben,other,C1
zusammenschweißen,other,C1
zusammensein,noun,A2
zusammensetzen,other,C1
zusammensetzung,noun,C1
zusammensinken,other,C1
zusammensitzen,other,A2
zusammenspiel,noun,C2
zusammenstehen,other,C1
zusammenstellen,other,B1
zusammenstellung,noun,C1
zusammenstoß,noun,B2
zusammentragen,other,B2
zusammentreffen,noun,C2
zusammentreffen,other,A2
zusammentun,other,C1
zusammenwachsen,noun,C2
zusammenwachsen,other,C2
zusammenwachsend,adjective,B1
zusammenwirken,noun,C2
zusammenziehen,noun,C1
zusammenziehen,other,B1
zusammenzählen,other,C2
zusatz,noun,B1
zusatzeinrichtung,noun,C1
zusatzgeschäft,noun,C2
zusatzmaterial,noun,B1
zusatzprogrammen,noun,B2
zusatzpunkt,noun,B2
zusatzqualifikation,noun,B2
zusatzqualifikationen,noun,B2
zusatzschicht,noun,B1
zusatzstoff,noun,C2
zusatzstudium,noun,C2
zusatztraining,noun,C1
zuschauen,other,B2
zuschauer,noun,B2
zuschauermenge,noun,C2
zuschauerrekord,noun,C2
zuschicken,other,B1
zuschlag,noun,A2
zuschlagen,noun,B2
zuschlagen,other,C2
zuschneiden,other,B2
zuschreiben,other,C1
zuschrift,noun,A1
zuschuss,noun,A2
zusehen,other,B2
zusehends,adverb,C2
zusenden,other,C2
zuspitzen,other,C1
zusprechen,other,B2
zuspruch,noun,B1
zustand,noun,B2
zustande,adverb,C2
zustande,other,C2
zustandekommen,noun,B1
zustandsänderung,noun,B2
zustehen,other,B2
zusteigen,other,C1
zustelldienste,noun,C1
zustellen,other,B2
zusteller,noun,A1
zustimmen,other,A2
zustimmung,noun,B2
zustopfen,other,C1
zustrom,noun,C1
zuständig,adjective,C2
zuständigkeit,noun,C2
zustürzen,other,C2
zusätzlich,adjective,C1
zutat,noun,B2
zutaten,noun,A1
zutatenverzeichnis,noun,B1
zuteil,adverb,C2
zuteilen,other,C1
zuteilwerden,noun,C2
zutiefst,adverb,C2
zutragen,other,C1
zutrauen,other,C2
zutreffen,other,C1
zutreffend,adjective,C2
zutreiben,other,C2
zutritt,noun,B2
zutun,other,C2
zuverlässig,adjective,A2
zuverlässigkeit,noun,C2
zuverlässigstes,adjective,C1
zuversicht,noun,C1
zuversichtlich,adjective,B2
zuviel,noun,C1
zuviele,other,C2
zuvor,adverb,C1
zuvor,other,B2
zuvorkommen,other,B2
zuvorkommend,adjective,C2
zuwachs,noun,C2
zuwachsrate,noun,B1
zuwanderer,noun,C2
zuwanderer-wunschland,noun,C2
zuwandern,other,C1
zuwanderung,noun,C2
zuwanderungsgeschichte,noun,B2
zuweilen,adverb,C2
zuweisen,other,C1
zuwenden,other,B1
zuwendung,noun,C2
zuwider,adverb,C2
zuwiderhandeln,noun,C2
zuwuchern,other,C2
zuzug,noun,C1
zuzugehenwer,other,C1
zuzunicken,other,C1
zuzunähen,other,C1
zuzuschließen,other,B2
zwang,noun,C2
zwanghaft,adjective,C1
zwangslage,noun,C2
zwangsläufig,adjective,C2
zwangspause,noun,C2
zwangsrekrutierung,noun,C2
zwanzig,adjective,C1
zwanzig,noun,B2
zwanzig,number,A2
zwanzigjährig,adjective,C1
zwanzigminutenstrecke,noun,B1
zwanzigst,adjective,A1
zwanzigtausend,number,A1
zwar,adverb,B1
zweck,noun,C2
zweckentfremden,other,C1
zweckesser,noun,C2
zweckgebunden,adjective,C1
zwecklos,adjective,C1
zweckmäßig,adjective,B2
zwecks,preposition,C2
zweeei,adjective,C2
zwei,adjective,C2
zwei,noun,B2
zwei,number,A1
zwei-bis-fünf-jährigen,adjective,C2
zwei-eurofünfzig-anteil,noun,C1
zwei-fach-bachelor,noun,B2
zwei-früchte-frühstücksdrink,noun,B2
zwei-minuten-soundtracks,noun,C1
zwei-zimmer-penthouse-wohnung,noun,C1
zwei-zimmer-wohnung,noun,A1
zweibeiner,noun,B2
zweieinhalb,number,C1
zweiergespräch,noun,B1
zweierlei,other,C1
zweifach,adjective,B1
zweifel,noun,C1
zweifelhaft,adjective,C2
zweifellos,adjective,C2
zweifeln,other,B2
zweifelsfall,noun,C2
zweifelsohne,adverb,C2
zweifel|zweifeln,noun,C1
zweifler,noun,B2
zweig,noun,B2
zweigeteilt,adjective,C1
zweigleisig,adjective,C1
zweigstelle,noun,B1
zweijährig,adjective,B1
zweijährige,noun,C1
zweilagige,adjective,B2
zweimal,adverb,A1
zweimalig,adjective,B2
zweischneidig,adjective,C2
zweisprachig,adjective,B2
zweisprachigkeit,noun,A2
zweistellig,adjective,B2
zweistufig,adjective,C2
zweistündig,adjective,B2
zweit,adjective,A1
zweitausend,number,B1
zweitausendzehn,number,A1
zweitbest,adjective,B2
zweite,noun,A2
zweiteilig,adjective,B1
zweiteilung,noun,B1
zweitens,adverb,A2
zweitgrößt,adjective,C2
zweitklassig,adjective,C1
zweitplaziert,adjective,B2
zweitrangig,adjective,C1
zweitschnellst,adjective,B2
zweitsprache,noun,C2
zweitstärkst,adjective,B2
zweitwichtigst,adjective,C1
zweitägig,adjective,B2
zweiunddreißig,number,B2
zweiundsiebzig,number,C1
zweiundzwanzig,number,C2
zweiwöchig,adjective,B2
zweizimmerwohnung,noun,B2
zwerg,noun,B2
zwickmühle,noun,B2
zwieback,noun,C1
zwiebel,noun,A1
zwiebelkuchen,noun,A1
zwiebelmodell,noun,B2
zwiebelschale,noun,B1
zwiebelwürfel,noun,A2
zwielicht,noun,B2
zwiespältig,adjective,C2
zwilling,noun,A2
zwillingsforschungen,noun,C1
zwillingsgeburt,noun,A2
zwillingsschwester,noun,A2
zwingen,other,C1
zwingend,adjective,B2
zwinger,noun,C1
zwinkernd,adjective,C2
zwischen,noun,C1
zwischen,other,C1
zwischen,preposition,A2
zwischenbericht,noun,C1
zwischenbilanz,noun,B1
zwischendurch,adverb,B2
zwischenfall,noun,C2
zwischenfazit,noun,C1
zwischenfrage,noun,B1
zwischenhändler,noun,C1
zwischenkorrekturen,noun,C1
zwischenlagern,other,C2
zwischenlandung,noun,B1
zwischenmahlzeit,noun,C2
zwischenmenschlich,adjective,C2
zwischenprodukt,noun,C1
zwischenprüfung,noun,C2
zwischenruf,noun,C2
zwischenspeicher,noun,B2
zwischenstation,noun,C2
zwischenton,noun,C1
zwischenzeit,noun,C2
zwischenzeitlich,adjective,C1
zwischenüberschrift,noun,B1
zwölf,number,A1
zwölf-jahres-grenze,noun,C1
zwölf-jährige,noun,C1
zwölfeinhalb,number,B2
zwölfjährig,adjective,C1
zwölft,adjective,C2
zwölfte,noun,A1
zyklon,noun,C1
zyklop,noun,C1
zylinder,noun,B2
zynisch,adjective,C1
zytglogge,noun,B2
zäh,adjective,B2
zählen,noun,B2
zählen,other,B2
zähneknirschen,noun,B2
zähneknirschend,adjective,C2
zähneputzen,noun,C2
zärtlich,adjective,A2
zärtliche,noun,B2
zärtlichkeit,noun,C2
zäsur,noun,C2
zögern,noun,C2
zögern,other,C2
zögernd,adjective,B2
zöllner,noun,B2
zöpfchen,noun,B2
züchten,other,C1
zücken,other,C1
zügel,noun,B2
zügig,adjective,C2
zünden,other,A2
zündend,adjective,C1
zündkerze,noun,B2
zündschlüssel,noun,B2
zürcher,adjective,A1
zürcher,noun,A1
zürich-card,noun,B2
züricher,adjective,C1
§,noun,C1
§§,noun,C1
«,adjective,C1
«,noun,C1
«,other,C1
­,adjective,A1
­,noun,A2
®,adjective,A2
°,adjective,A2
°,noun,A2
µ,adjective,C1
·und,noun,A2
¹,noun,A1
»,adjective,C1
»,noun,C1
ß,noun,B2
à,other,B2
à-la-carte-restaurant,noun,C2
ächzen,other,C2
ächzend,adjective,B2
äffisch,adjective,C2
ägyptisch,adjective,C2
ägyptologen,noun,C1
äh,adjective,A2
äh,interjection,A2
äh,noun,B1
ähm,interjection,A1
ähneln,other,B2
ähnlich,adjective,B2
ähnlich,preposition,C2
ähnliche,noun,C2
ähnlicheren,adjective,C2
ähnlichkeit,noun,B2
ähnlichkeitsprinzip,noun,C2
ähre,noun,B2
älteen,adjective,B2
ältere,noun,C1
älterwerden,noun,C1
änderen,adjective,A2
ändern,other,B2
ändernd,adjective,C1
änderung,noun,C1
änderungsgrund,noun,B2
änderungsschneiderei,noun,B1
änderungswunsch,noun,B2
ängstigen,other,C2
ängstlich,adjective,B1
ängstlichkeit,noun,B2
ära,noun,C2
ärger,noun,A2
ärgerlich,adjective,B1
ärgern,other,A2
ärgerst,other,B1
ärmel,noun,A1
ärmelkanal,noun,B1
ärmere,noun,C2
ärmlich,adjective,C1
ärmste,noun,B1
ärtzin,noun,A1
ärztebedarf,noun,B2
ärzteblatt,noun,B1
ärztehaus,noun,A1
ärztemangel,noun,C1
ärztin,noun,A1
ärztlich,adjective,C2
äsop,noun,B1
ästhetik,noun,C2
ästhetisch,adjective,B2
ästhetisch-plastische,noun,B2
ätherisch,adjective,C1
äthernarkose,noun,C2
äthiopisch,adjective,B2
äußer,adjective,C1
äußere,noun,C1
äußerlich,adjective,C1
äußerlichkeit,noun,C2
äußern,noun,A2
äußern,other,B2
äußerst,adverb,B2
äußerung,noun,C2
ö,adjective,B1
ö,other,A2
ö-laute,noun,A1
öde,adjective,C2
ödland,noun,C2
ödön,noun,B2
öffentlich,adjective,C2
öffentlich-rechtlich,adjective,A2
öffentlich-rechtliche,adjective,A2
öffentlichkeit,noun,C2
öffentlichkeitsarbeit,noun,B2
öffnen,noun,B1
öffnen,other,A2
öffnung,noun,B2
öffnungszeit,noun,A2
öfter,adverb,A2
öfters,adverb,B1
öhme,noun,C1
öko-effektivität,noun,C2
öko-effizienz,noun,C2
öko-haus,noun,B1
öko-kiste,noun,B1
öko-schuhe,noun,B1
öko-sozial,adjective,B2
öko-wellness,noun,A2
ökobewegung,noun,B1
ökobilanz,noun,C2
ökodorf,noun,C1
ökoeffektiv,adjective,C2
ökoeffektive,adjective,C2
ökoeffektiven,adjective,C2
ökoeffektives,adjective,C2
ökoeffektivität,noun,C2
ökoeffizient,adjective,C2
ökoeffizienz,noun,C2
ökoeffzienz,noun,C2
ökofantasie,noun,B2
ökoligisch,adjective,A1
ökologe,noun,B2
ökologie,noun,B2
ökologie-bewegung,noun,C1
ökologisch,adjective,C2
ökololgisches,adjective,B2
ökonom,noun,C2
ökonomie,noun,C1
ökonomisch,adjective,C2
ökonomisierung,noun,C1
ökosystem,noun,C1
ökotex,noun,B2
ökovollkornbrot,noun,C1
öl,noun,A1
ölbohrexperten,noun,B1
ölen,other,B2
ölfertigprodukte,noun,C1
ölfläche,noun,B2
ölgetränktem,adjective,C2
ölleitung,noun,B1
ölpumpe,noun,B1
ölreserve,noun,C1
ölrest,noun,C1
ölverschmiert,adjective,B2
ölverschmutzung,noun,B2
örtchen,noun,C1
örtlich,adjective,B2
österreich-hungarn,noun,B2
österreich-kochbuch,noun,B1
österreich-touristen,noun,A1
österreicher,noun,B2
österreicherin,noun,A2
österreichisch,adjective,A2
österreichisch-schwedische,adjective,C1
österreichisch-ungarisch,adjective,B2
österreichische,noun,B2
östlich,adjective,B2
östlich,preposition,A1
östteil,noun,B2
ötfnet,other,A2
ü,other,B1
ü-60-gangster,noun,B2
ü-60-gangstern,noun,B2
ü-laute,noun,A1
übel,adjective,C1
übel,noun,C1
übelkeit,noun,C2
übelriechend,adjective,C1
üben,noun,B1
üben,other,B2
über,adjective,C1
über,noun,C2
über,other,B1
über,preposition,A1
über+die,preposition,B2
über-80-jährige,noun,C1
überall,adverb,A2
überallhin,adverb,B2
überaltert,adjective,C2
überalterung,noun,C2
überangebot,noun,C2
überarbeiten,noun,C1
überarbeiten,other,A2
überarbeitung,noun,A2
überaus,adverb,B1
überbegriff,noun,B2
überbelastung,noun,C1
überbevölkerung,noun,C2
überbewerten,other,C2
überbieten,other,B2
überbleibsel,noun,C2
überblick,noun,B2
überbringen,other,C1
überbringung,noun,C2
überbrücken,other,B2
überbuchen,other,B1
überbuchung,noun,B2
überdauern,other,B2
überdecken,other,C2
überdenken,other,C2
überdeutlichkeit,noun,C2
überdies,adverb,B2
überdimensional,adjective,C2
überdruck,noun,C1
überdurchschnittlich,adjective,C2
übereilt,adjective,C2
überein,other,C1
übereinander,adverb,C1
übereinanderlegen,other,B2
übereinkunft,noun,C2
übereinstimmen,other,B1
übereinstimmung,noun,C2
überempfindlichkeit,noun,A2
überfahren,other,B2
überfall,noun,B2
überfallen,other,C2
überfischen,other,B2
überfixiert,adjective,C2
überfixiert,other,C2
überfliegen,noun,A2
überfliegen,other,B2
überflieger,noun,C2
überfluss,noun,C1
überfluss-,other,B2
überfluss-konsum-leiter,noun,C1
überfluten,other,C1
überflutung,noun,C1
überflüssig,adjective,C2
überflüssige,noun,A2
überfordern,other,C1
überfordert,adjective,C1
überfrachten,other,B2
überfreundlich,adjective,C1
überfördert,adjective,C1
überführen,other,C1
überführt,adjective,B2
überführung,noun,B1
überfüllen,other,B2
überfüllt,adjective,C2
übergabe,noun,C2
übergabeprotokoll,noun,B2
übergang,noun,C2
übergange,noun,B2
übergangslösung,noun,C1
übergangsweise,adjective,C2
übergeben,other,B2
übergehen,other,C1
übergewicht,noun,C1
übergewichtig,adjective,C1
übergewichtige,noun,C1
übergießen,other,B2
übergluckst,other,C1
überglücklich,adjective,B1
übergroß,adjective,B2
überhall,noun,A1
überhand,other,C2
überhandnehme,other,C2
überhandnehmen,other,C2
überhaupt,adverb,B1
überheblich,adjective,C1
überhitzung,noun,B2
überholen,noun,A1
überholen,other,C2
überholt,adjective,C2
überhöhen,other,C2
überhöht,adjective,C2
überhören,other,C1
überindividuell,adjective,C1
überinterpretieren,other,C1
überkochen,other,C1
überkreuzen,other,B1
überkritisch,adjective,C2
überladen,other,C2
überlagern,other,C2
überlandtransport,noun,B2
überlappen,other,C2
überlassen,other,B2
überlasten,other,B2
überlastet,adjective,C2
überlastung,noun,B1
überleben,noun,C2
überleben,other,C1
überlebende,noun,C2
überlebenschance,noun,C1
überlebensmöglichkeit,noun,C1
überlebensreflex,noun,C1
überlebenstraining,noun,B2
überlebenstrieb,noun,C2
überlebenswichtig,adjective,B2
überlebenswille,noun,C2
überlegen,adjective,C1
überlegen,noun,A2
überlegen,other,B1
überlegenswerte,adjective,C2
überlegung,noun,C2
überliefern,other,C1
überliefert,adjective,C1
überlieferung,noun,C1
übermacht,noun,C1
übermitteln,other,C2
übermittelnd,adjective,C2
übermittelt,adjective,C2
übermittlung,noun,C2
übermorgen,adverb,B1
übermäßig,adjective,C1
übermüdet,adjective,B1
übernachten,other,B1
übernachtung,noun,B2
übernachtungserlebnis,noun,C2
übernachtungsmöglichkeit,noun,B2
übernah,adjective,C2
übernahme,noun,C2
übernehmen,noun,C1
übernehmen,other,B1
übernehmvorübergehend,adjective,C2
übernommen,adjective,C2
übernutzt,adjective,C1
überordnen,other,C2
überparteilich,adjective,B2
überprüfbar,adjective,B2
überprüfen,noun,C2
überprüfen,other,B1
überprüft,adjective,C1
überprüfung,noun,C1
überqualifizieren,other,B2
überqueren,other,B1
überquerung,noun,B2
überragend,adjective,C2
überraschen,other,B1
überraschend,adjective,B2
überraschenderweise,adverb,B2
überrascht,adjective,C2
überraschtem,adjective,C1
überraschung,noun,B1
überraschungs-wochenende,noun,B1
überraschungseier,noun,A1
überraschungsgast,noun,B2
überraschungsort,noun,B2
überraschungsparty,noun,A1
überraschungstag,noun,A1
überraschungswochenende,noun,B2
überreden,other,B1
überregional,adjective,B2
überreichen,other,B2
überreichung,noun,B2
überrennen,other,C1
überrest,noun,C2
überschatten,other,B2
überschaubar,adjective,C1
überschlafen,other,C1
überschlagen,other,B2
überschneiden,other,C1
überschreiben,other,C2
überschreiten,other,C1
überschreitung,noun,C1
überschrift,noun,B2
überschrittenes,adjective,B2
überschulden,other,C2
überschuss,noun,C2
überschwemmen,other,B2
überschwemmung,noun,C1
überschwenglich,adjective,C2
überschätzen,other,C1
überschüssig,adjective,B2
übersee,noun,B1
übersehen,adjective,B2
übersehen,other,C1
übersenden,other,C2
übersetzen,noun,B1
übersetzen,other,B1
übersetzend,adjective,C1
übersetzer,noun,C1
übersetzerin,noun,B2
übersetzertätigkeiten,noun,C1
übersetzt,adjective,B2
übersetzung,noun,C1
übersetzungsagenturen,noun,A2
übersetzungsanfragen,noun,B1
übersetzungsbüro,noun,A1
übersetzungsfehler,noun,B2
übersetzungsprogramme,noun,B1
übersicht,noun,B2
übersichtlich,adjective,B2
übersiedeln,other,B2
übersinnlich,adjective,C2
überspielen,other,C1
überspringen,other,C2
überspringend,adjective,C2
überstehen,other,C2
übersteigen,other,C1
überstrapazieren,other,C1
überstunde,noun,A2
übersäen,other,C2
übersättigung,noun,C2
überteuert,adjective,C2
übertopf,noun,C2
übertragbar,adjective,A2
übertragen,adjective,C2
übertragen,noun,B1
übertragen,other,B2
übertragung,noun,B2
übertragungsart,noun,C2
übertragungsmöglichkeit,noun,C2
übertragungsrecht,noun,B2
übertragungsweg,noun,C2
übertreffen,other,C2
übertreiben,other,B1
übertreibung,noun,B2
übertreten,other,C2
übertrieben,adjective,C2
übertriebenen,adjective,B2
übertrumpfen,other,C1
übertünchen,other,C1
übervoll,adjective,B2
übervorsicht,noun,C1
übervorteilung,noun,C2
überwachen,other,B1
überwachung,noun,B2
überwachungskamera,noun,C1
überwachungsmechanismus,noun,C2
überwachungssystem,noun,B2
überwachungsverein,noun,A2
überwachungsvideo,noun,C1
überweisen,other,A1
überweisung,noun,C1
überwiegen,other,B2
überwiegend,adjective,B2
überwindbar,adjective,B2
überwinden,other,B2
überwindung,noun,B2
überwuchern,other,C2
überwältigen,other,C2
überwältigend,adjective,A2
überzahl,noun,C1
überzeichnen,other,C2
überzeigen,other,B1
überzeugen,other,B1
überzeugend,adjective,B1
überzeugenwollen,noun,C2
überzeugt,adjective,B2
überzeugung,noun,C2
überzeugungskraft,noun,B2
überziehen,other,B1
überzogen,adjective,C2
überzug,noun,B1
üblich,adjective,C1
üblicherweise,adverb,C1
übrig,adjective,B1
übrige,noun,C2
übrigens,adverb,B1
übung,noun,B1
übungsstunde,noun,C2
übungszeit,noun,C1
üngerer,adjective,C1
üppig,adjective,C2
üstun,noun,A2
ıein,adjective,B2
ım,adjective,C1
