headword,pos,CEFR
a,noun,C1
a,preposition,A1
a_el_aire_libre,adverb,B1
a_el_borde_de,preposition,A2
a_la_moda,adverb,B2
a_media_luz,adverb,B1
a_medida_que,preposition,B2
a_menos_que,preposition,C1
a_muerte,adverb,B1
a_partir_de,preposition,B2
a_propósito_de,preposition,A2
a_través_de,determiner,A1
aaaahhhhh,interjection,B1
abad,noun,B1
abadía,noun,B1
abajo,adverb,B1
abandonar,verb,B2
abandono,noun,C1
abanicar,verb,B2
abanico,noun,B2
abaratar,verb,C1
abarcar,verb,A1
abarrotar,verb,A2
abasto,noun,C1
abastos,noun,C1
abatir,verb,B1
abdicar,verb,A2
abdomen,noun,C1
abdominal,adjective,A1
abducir,verb,C1
abeja,noun,B2
aberrante,adjective,C1
abertura,noun,A2
abeto,noun,B1
abierto,adjective,B1
abismo,noun,C1
ablandador,noun,B1
ablandar,verb,B1
abnegación,noun,C1
abocar,verb,B2
abogacía_de_el_estado,noun,C1
abogado,noun,A1
abogar,verb,B1
abolición,noun,A2
abolir,verb,A2
abonar,verb,C1
abono,noun,B2
abordar,verb,C1
aborigen,noun,B1
aborrecer,verb,C1
aborto,noun,C1
abrasar,verb,B2
abrazar,verb,A2
abrazo,noun,A1
abrebotellas,noun,C1
abreviación,noun,A1
abreviar,verb,C1
abreviatura,noun,A1
abridor,noun,C1
abrigo,noun,B1
abrir,verb,A2
abro,noun,A2
abrochar,verb,B1
abrumar,verb,C1
absentismo,noun,C1
absolutista,adjective,A2
absoluto,adjective,B2
absolver,verb,C1
absorbente,adjective,B1
absorber,verb,C1
absorción,noun,B2
abstemio,adjective,C1
abstención,noun,C1
abstracción,noun,B2
abstracto,adjective,C1
absurdo,adjective,B2
absurdo,noun,C1
abuela,noun,B1
abuelo,noun,A1
abultar,verb,C1
abundancia,noun,B1
abundante,adjective,C1
abundar,verb,B2
aburrar,verb,A1
aburrimiento,noun,B2
aburrir,verb,A1
abusar,verb,B2
abuso,noun,C1
acabado,noun,A2
acabar,verb,B2
academia,noun,A2
academia_de_cine,noun,B1
academicismo,noun,B2
académico,adjective,C1
académico,noun,C1
acaecer,verb,B1
acallar,verb,C1
acampada,noun,B1
acampar,verb,B1
acant,noun,A1
acantilado,noun,B2
acanto,noun,A2
acaparar,verb,B1
acariciar,verb,C1
acarrear,verb,C1
acaso,adverb,B1
acceder,verb,C1
accesibilidad,noun,C1
accesible,adjective,B2
acceso,noun,C1
accesorio,noun,A1
accidentado,noun,B2
accidentar,verb,B2
accidente,noun,B1
accionar,verb,B2
accionista,noun,B2
acción,noun,C1
acción_de_gracias,noun,A1
acción_social,noun,C1
ace,noun,B1
aceite,noun,A1
aceite_de_oliva,noun,B1
aceite_esencial,noun,A2
aceituna,noun,A2
aceitunero,noun,B1
aceituno,adjective,C1
acelerar,verb,B2
acelga,noun,B1
acento,adjective,C1
acento,noun,B1
acentuar,verb,C1
aceptable,adjective,C1
aceptación,noun,C1
aceptación_de_el_beneficiario,noun,C1
aceptar,verb,B2
acepto,adjective,B1
acera,noun,C1
acercamiento,noun,B2
acercar,verb,A1
acero,noun,C1
acertar,verb,B2
acetato,noun,B2
achacable,adjective,C1
achacar,verb,C1
acierto,noun,B2
aclaración,noun,B2
aclarar,verb,B1
aclimatación,noun,A1
aclimatar,verb,A2
acné,noun,B2
acogedor,adjective,B2
acoger,verb,B2
acogida,noun,B2
acomodar,verb,C1
acompañamiento,noun,B2
acompañante,noun,A2
acompañar,verb,A2
acomplejar,verb,C1
acondicionamiento,noun,B2
acondicionar,verb,A1
aconsejable,adjective,A2
aconsejar,verb,A1
acontecer,verb,C1
acontecimiento,noun,B2
acopiar,verb,B2
acoplar,verb,B2
acorazado,noun,B2
acordar,verb,B2
acorde,adjective,C1
acorde,noun,C1
acordeón,noun,B1
acortamiento,noun,A2
acortar,verb,C1
acosar,verb,B2
acoso,noun,B2
acostar,verb,A1
acostumbrar,verb,B1
acreditación,noun,B2
acreditar,verb,C1
acrónimo,noun,B2
acta,noun,B2
actitud,noun,B2
activar,verb,A2
actividad,noun,A1
activista,noun,C1
activo,adjective,A1
activo,noun,C1
acto,noun,B2
actor,noun,A1
actriz,noun,A1
actuación,noun,A1
actual,adjective,B2
actualidad,noun,A1
actualización,noun,B2
actualizar,verb,B1
actuar,verb,A1
acuarela,noun,C1
acuario,noun,A2
acuarium,noun,A1
acuartelamiento,noun,C1
acuchillar,verb,C1
acudir,verb,B2
acueducto,noun,A1
acuerdo,noun,A2
acumulación,noun,B2
acumular,verb,C1
acupuntor,noun,B2
acupuntura,noun,B2
acurrucar,verb,B2
acusación,noun,C1
acusado,noun,C1
acusar,verb,C1
acuático,adjective,B1
acuñar,verb,C1
acá,adverb,A1
acústico,adjective,B2
adaptable,adjective,B2
adaptación,noun,B1
adaptar,verb,B2
adaptativo,adjective,C1
addición,noun,A2
adecentar,verb,B1
adecuación,noun,C1
adecuado,adjective,B2
adecuar,verb,C1
adefesio,noun,B2
adelantado,noun,B1
adelantamiento,noun,C1
adelantar,verb,B2
adelante,adverb,C1
adelante,interjection,B2
adelgazamiento,noun,C1
adelgazante,adjective,A2
adelgazar,verb,A2
además,adverb,A1
adentrar,verb,B1
adentro,adverb,A1
adepto,adjective,B2
aderezar,verb,C1
adherente,adjective,B1
adherir,verb,C1
adhesión,noun,B2
adicción,noun,B2
adicional,adjective,B1
adicto,adjective,B1
adicto,noun,B2
adiestrar,verb,C1
adinerar,verb,B2
adiosito,interjection,B1
adiposo,adjective,B2
adir,verb,B2
adivinar,verb,A2
adiós,interjection,A1
adiós,noun,A2
adjetivo,adjective,A2
adjetivo,noun,B1
adjudicación,noun,C1
adjudicar,verb,A2
adjuntar,verb,B2
adjunto,adjective,C1
adjunto,noun,A1
administración,noun,B2
administrador,noun,B2
administrar,verb,A2
administrativo,adjective,B2
admirable,adjective,C1
admiración,noun,A2
admirador,adjective,B1
admirador,noun,A2
admirar,verb,B2
admirativo,adjective,B1
admisión,noun,C1
admitir,verb,B2
adn,noun,B1
adobar,verb,A1
adobe,noun,C1
adolescencia,noun,B2
adolescente,adjective,B2
adolescente,noun,B2
adonde,conjunction,A2
adonde,pronoun,A2
adopción,noun,B1
adoptar,verb,B1
adoptivo,adjective,B1
adoquinar,verb,A2
adoquín,noun,C1
adorar,verb,A2
adornar,verb,B1
adorno,noun,C1
adosar,verb,A2
adquirir,verb,C1
adquisición,noun,C1
adquisitivo,adjective,B2
adrede,adverb,B2
adrenalina,noun,B2
adscribir,verb,B2
adsl,noun,A2
aduana,noun,B1
aduanero,adjective,B2
adueñar,verb,C1
adulador,adjective,C1
adular,verb,C1
adulto,adjective,C1
adulto,noun,A1
adverbio,noun,B1
adverso,adjective,C1
advertencia,noun,B2
advertir,verb,B2
adyacente,adjective,C1
aec,noun,C1
aerolínea,noun,C1
aeronave,noun,B2
aeronáutico,adjective,B2
aeropuerto,noun,A1
aerosol,noun,B2
aeróbic,noun,A1
aeróbico,adjective,A2
afanar,verb,C1
afectado,noun,B2
afectar,verb,B2
afectivo,adjective,A2
afecto,noun,B2
afectuoso,adjective,A2
afeitado,noun,C1
afeitar,verb,A2
aferrar,verb,C1
afianzar,verb,A2
aficionado,noun,A1
aficionar,verb,A1
afición,noun,A2
afiebrar,verb,C1
afilador,adjective,B2
afilar,verb,C1
afiliación,noun,B2
afiliar,verb,B2
afinar,verb,C1
afincar,verb,C1
afirmación,noun,A2
afirmar,verb,B2
afirmativo,adjective,A1
aflorar,verb,C1
afluencia,noun,B2
aforo,noun,A2
afortunado,adjective,B2
afrentar,verb,C1
africano,adjective,A2
africano,noun,A1
afroamericano,adjective,A2
afroamericano,noun,B2
afrocubano,adjective,A2
afrodisíaco,adjective,C1
afrodisíaco,noun,B1
afrontar,verb,B2
afuera,adverb,B1
afuera,noun,A1
afueras,noun,A2
afán,noun,C1
afín,adjective,C1
agachar,verb,A2
agarrar,verb,A2
agencia,noun,A1
agencia_de_detectives,noun,A2
agencia_de_publicidad,noun,B2
agencia_española,noun,C1
agenda,noun,A2
agente,noun,C1
agente_de_viajes,noun,C1
agigantar,verb,B2
agilidad,noun,B2
agitación,noun,A2
agitar,verb,A2
aglomeración,noun,C1
aglomerar,verb,B2
agobiante,adjective,B2
agobiar,verb,C1
agobio,noun,B2
agonizar,verb,B1
agora,noun,A1
agorero,noun,C1
agotamiento,noun,B2
agotar,verb,B2
agradable,adjective,A1
agradar,verb,B1
agradecer,verb,C1
agradecimiento,noun,B2
agrado,noun,C1
agrandar,verb,C1
agrario,adjective,B2
agravante,noun,C1
agravar,verb,C1
agredir,verb,C1
agregar,verb,B1
agresividad,noun,B1
agresivo,adjective,B2
agresión,noun,C1
agresor,adjective,C1
agresor,noun,C1
agricultor,noun,B2
agricultora,noun,A1
agricultura,noun,A2
agridulce,adjective,B1
agrio,adjective,C1
agronomía,noun,B2
agroturístico,adjective,A1
agrupación,noun,B1
agrupar,verb,C1
agrícola,adjective,A2
agrónomo,adjective,A2
agua,noun,A1
aguacate,noun,B1
aguacero,noun,A2
aguafiestas,noun,C1
aguantar,verb,C1
aguante,noun,C1
aguardar,verb,C1
aguardiente,noun,A2
aguascalientes,noun,B2
agudo,adjective,A1
aguijón,noun,C1
aguileño,adjective,B2
aguja,noun,A1
agujero,noun,C1
agujeta,noun,A2
agujetas,noun,A2
ah,interjection,A1
ahogado,noun,C1
ahogar,verb,C1
ahondar,verb,C1
ahora,adverb,A1
ahorita,adverb,B1
ahorrar,verb,B2
ahorro,noun,C1
ahuehuete,noun,B1
ahumado,noun,C1
ahumar,verb,B1
ahuyentar,verb,C1
ahí,adverb,B1
ahínco,noun,C1
aikido,noun,A2
aimara,noun,A2
airbag,noun,B2
aire,noun,A2
aire_libre,noun,A1
airear,verb,C1
airoso,adjective,C1
aislamiento,noun,B2
aislante,adjective,A2
aislar,verb,B1
ajedrecista,noun,B2
ajedrez,noun,B2
ajeno,adjective,B1
ajetreo,noun,B2
ajillo,noun,A2
ajo,noun,A1
ajoblanco,noun,C1
ajustable,adjective,B2
ajustar,verb,B2
ajuste,noun,C1
ajá,interjection,A2
ají,noun,B1
al_tiempo_que,preposition,C1
ala,noun,C1
alabanza,noun,B1
alabar,verb,C1
alacrán,noun,A1
alambre,noun,C1
alano,noun,A2
alardear,verb,B2
alargar,verb,B1
alarma,noun,A2
alarmante,adjective,C1
alarmar,verb,C1
alba,noun,A2
albaceteño,adjective,B2
albar,adjective,B1
albariño,noun,B1
albatros,noun,B1
albañil,noun,C1
alberca,noun,C1
albergar,verb,B2
albergue,noun,A1
alboroto,noun,B1
albóndiga,noun,A1
alcachofa,noun,A2
alcahuete,noun,C1
alcalde,noun,B2
alcaldesa,noun,C1
alcaldía,noun,C1
alcance,noun,C1
alcantarillado,noun,A2
alcanzable,adjective,B2
alcanzar,verb,C1
alcazaba,noun,C1
alcista,adjective,B2
alcohol,noun,A1
alcoholemia,noun,A2
alcoholismo,noun,B1
alcohólico,adjective,A2
alcázar,noun,C1
aldea,noun,A1
aldeano,adjective,B1
aledaño,adjective,C1
alegar,verb,C1
alegato,noun,C1
alegoría,noun,B1
alegrar,verb,A2
alegre,adjective,A1
alegría,noun,A2
alegórico,adjective,B2
alejar,verb,B1
alemán,adjective,A1
alemán,noun,A1
alergia,noun,C1
alerta,noun,A2
alertar,verb,B2
aleta,noun,B2
alfa,noun,A2
alfabetización,noun,C1
alfabetizado,noun,B1
alfabeto,noun,C1
alfabético,adjective,C1
alfajor,noun,B1
alfarería,noun,B2
alfil,noun,A2
alfiler,noun,C1
alfombra,noun,A2
alga,noun,B1
algo,adverb,A2
algo,determiner,B1
algo,pronoun,A2
algodón,noun,A2
alguien,determiner,B1
alguien,pronoun,A2
alguno,determiner,A1
alguno,pronoun,A1
algún,determiner,A2
algún,pronoun,B1
alhaja,noun,B1
alhóndiga,noun,C1
aliado,noun,C1
alianza,noun,A2
alicantino,adjective,A2
alicantino,noun,A2
aliento,noun,C1
aligerar,verb,A2
alimaña,noun,B2
alimentación,noun,B1
alimentar,verb,A2
alimentario,adjective,C1
alimenticio,adjective,C1
alimento,noun,A1
alinear,verb,B2
alioli,noun,B2
alisar,verb,C1
alistar,verb,C1
aliviar,verb,B1
alivio,noun,B2
aliñar,verb,A2
allegado,noun,C1
allende,adverb,B2
allá,adverb,A2
allí,adverb,A1
alma,noun,C1
almacenamiento,noun,C1
almacenar,verb,C1
almacén,noun,A2
almagrista,adjective,C1
almanaque,noun,C1
almeja,noun,C1
almenar,verb,B1
almendra,noun,C1
almendro,noun,A1
almidón,noun,B1
almirante,noun,C1
almirez,noun,C1
almohada,noun,B2
almorrana,noun,C1
almorzar,verb,A1
almuerzo,noun,A1
almíbar,noun,B1
alocado,adjective,B2
aloja,noun,B1
alojamiento,noun,A1
alojar,verb,A1
alondra,noun,B2
alpaca,noun,A2
alpinismo,noun,A2
alquilar,verb,A1
alquiler,noun,B2
alquilo,noun,A2
alrededor,adverb,B1
alrededor,noun,A1
altamira,noun,B2
altar,noun,B1
altavoz,noun,B1
alteración,noun,C1
alterar,verb,C1
alternar,verb,B2
alternativa,noun,B2
alternativo,adjective,B2
altiplano,noun,A2
altitud,noun,A2
altivo,adjective,B1
alto,adjective,A1
alto,noun,A2
altruismo,noun,C1
altruista,adjective,A1
altura,noun,A1
alubia,noun,A1
alucinación,noun,B2
alucinante,adjective,C1
alucinar,verb,B2
alud,noun,C1
aludir,verb,C1
alumbrado,noun,A2
alumbramiento,noun,C1
alumbrar,verb,C1
aluminio,noun,B2
alumnado,noun,B2
alumno,noun,B2
alusivo,adjective,B1
aluvión,noun,C1
alzamiento,noun,A2
alzar,verb,B2
alérgico,adjective,B2
aló,interjection,A2
alópata,adjective,C1
ama,noun,A1
amabilidad,noun,C1
amable,adjective,A1
amado,noun,B2
amaestrar,verb,C1
amamantar,verb,C1
amanecer,noun,A2
amanecer,verb,C1
amante,adjective,A2
amante,noun,B1
amar,verb,A1
amaranto,noun,B1
amarcord,noun,A2
amargar,verb,C1
amargo,adjective,B1
amarillento,adjective,B2
amarillo,adjective,B1
amarillo,noun,C1
amasar,verb,C1
amasijo,noun,B2
amazónico,adjective,A2
ambicioso,adjective,A2
ambicioso,noun,A1
ambición,noun,C1
ambientación,noun,B2
ambiental,adjective,C1
ambientar,verb,B2
ambiente,noun,B1
ambiguo,adjective,C1
ambos,determiner,C1
ambos,pronoun,C1
ambulancia,noun,A2
ambulante,adjective,A1
ambulatorio,noun,B2
amenaza,noun,B2
amenazador,adjective,A2
amenazar,verb,B2
ameno,adjective,B1
americanismo,noun,B2
americano,adjective,A1
americano,noun,A1
amerindio,adjective,B2
amiga,noun,B1
amigo,adjective,A2
amigo,noun,A1
amistad,noun,A1
amistoso,adjective,B1
amito,noun,C1
amnistia,noun,A2
amnistiar,verb,B1
amo,noun,A2
amoníaco,noun,B2
amor,noun,A1
amorear,verb,A1
amoroso,adjective,C1
amortiguar,verb,B2
amparo,noun,A2
ampliación,noun,C1
ampliar,verb,C1
amplio,adjective,C1
amplitud,noun,B2
ampolla,noun,B1
amueblar,verb,A2
amuleto,noun,B2
amén,interjection,B1
américa,noun,A2
américa_central,noun,A1
américa_de_el_sur,noun,B1
américa_latina,noun,A2
amígdala,noun,B2
an,noun,B2
ana,noun,B2
anagrama,noun,C1
anal,noun,B2
analfabetismo,noun,C1
analfabeto,adjective,C1
analgésico,adjective,C1
analizar,verb,A1
analítico,adjective,A1
anaranjado,adjective,A1
anatomía,noun,B1
anatómico,adjective,C1
anaya,noun,C1
ancestral,adjective,B1
ancestro,noun,C1
ancho,adjective,B1
ancho,noun,C1
anchoa,noun,A1
anchura,noun,C1
anciano,adjective,C1
anciano,noun,B1
ancla,noun,B1
and,noun,B2
andalucía,noun,A1
andalusí,adjective,C1
andaluz,adjective,A2
andaluz,noun,B2
andar,verb,A1
anderson,noun,A1
andilla,noun,B2
andinismo,noun,A2
andinista,noun,A2
andino,adjective,A2
andino,noun,B1
androide,noun,B1
andrógino,adjective,C1
andén,noun,B1
anegar,verb,C1
anemia,noun,A2
anestesia,noun,C1
anexionar,verb,C1
anexo,noun,B1
anfibio,noun,A2
anfiteatro,noun,A2
anfitrión,noun,B1
angelical,adjective,C1
anglicismo,noun,B1
anglo,adjective,A2
anglo,noun,A2
anglosajón,adjective,B2
anglosajón,noun,A2
anglófono,adjective,B2
anglófono,noun,B2
angosto,adjective,A2
angostura,noun,A2
anguila,noun,C1
angustia,noun,C1
angustiar,verb,C1
angustioso,adjective,B2
angélica,noun,B2
anhelar,verb,C1
anillo,noun,C1
animación,noun,B2
animador,noun,B2
animal,adjective,B1
animal,noun,B2
animal_doméstico,noun,B1
animalito,noun,A2
animar,verb,A2
aniquilar,verb,B2
aniversario,noun,A1
anno,noun,B1
ano,noun,C1
anoche,adverb,B1
anochecer,noun,B1
anochecer,verb,A2
anonimato,noun,C1
anorak,noun,A2
anorexia,noun,C1
anormal,adjective,C1
anoréxico,noun,C1
anotación,noun,B1
anotar,verb,B2
ansia,noun,C1
ansiedad,noun,B2
ansioso,adjective,B2
anta,noun,B1
antaño,adverb,C1
ante,preposition,B2
anteayer,adverb,C1
antebrazo,noun,B1
antecedente,noun,C1
antecesor,noun,C1
antediluviano,adjective,B1
antelación,noun,B1
antena,noun,A1
anteojo,noun,B1
anteojos,noun,B1
antepasado,adjective,A1
antepasado,noun,C1
anteponer,verb,A2
anterior,adjective,B2
anterioridad,noun,B2
antes,adverb,A2
anti-estrés,adjective,B2
antibiótico,adjective,C1
antibiótico,noun,C1
anticancerígeno,adjective,B1
anticelulítico,adjective,C1
anticipar,verb,A1
anticipo,noun,B2
anticonceptivo,adjective,C1
anticonceptivo,noun,A2
anticonceptivp,adjective,A2
anticuario,noun,A1
anticucheras,adjective,A1
anticucho,noun,A1
antidemocrático,adjective,B2
antidepresivo,adjective,C1
antidepresivo,noun,C1
antifaz,noun,C1
antifranquista,adjective,A1
antifranquista,noun,B1
antifúngico,adjective,C1
antiguerra,adjective,B1
antiguo,adjective,A1
antigüedad,noun,A2
antihistamínico,adjective,C1
antiincendios,adjective,B1
antiinflamatorio,adjective,C1
antimosquito,adjective,C1
antioxidante,adjective,C1
antioxidante,noun,B1
antipatía,noun,A2
antipirético,adjective,C1
antipático,adjective,C1
antirreumático,noun,B1
antisocial,adjective,C1
antiséptico,noun,C1
antisísmico,adjective,B1
antiviral,noun,A2
antojar,verb,C1
antoñito_el_camborio,noun,B2
antropología,noun,A1
antropológico,adjective,B1
antártica,noun,B1
antártico,adjective,B1
antídoto,noun,B1
anual,adjective,C1
anudar,verb,B1
anular,adjective,A2
anular,verb,B2
anunciar,verb,A2
anuncio,noun,B1
anuncio_web,noun,A1
anzuelo,noun,B1
análisis,noun,C1
anécdota,noun,B2
anímico,adjective,C1
anís,noun,A2
anónimo,adjective,C1
anónimo,noun,B1
apacible,adjective,C1
apaciguar,verb,B2
apagar,verb,A2
apalancar,verb,A2
aparato,noun,A2
aparatoso,adjective,B2
aparcamiento,noun,A2
aparcar,verb,A2
aparecer,verb,C1
aparentar,verb,C1
aparente,adjective,C1
aparición,noun,C1
apariencia,noun,C1
apartado,noun,C1
apartamento,noun,A1
apartar,verb,C1
aparte,adverb,B1
apartheid,noun,A2
apasionante,adjective,B1
apasionar,verb,A1
apatía,noun,C1
apego,noun,C1
apelar,verb,B2
apelativo,adjective,A2
apelativo,noun,A2
apellidar,verb,C1
apellido,noun,A1
apenar,verb,B2
apenas,adverb,C1
apendicitis,noun,B1
aperitivo,noun,A2
apertura,noun,B2
apetecer,verb,A2
apetito,noun,B1
apetitoso,adjective,A2
apio,noun,B1
aplastar,verb,C1
aplaudir,verb,C1
aplauso,noun,C1
aplazar,verb,B2
aplicable,adjective,C1
aplicación,noun,B2
aplicar,verb,B2
apocalipsis,noun,B2
apocalíptico,adjective,B2
apoderar,verb,B2
apodo,noun,B1
aportación,noun,B2
aportar,verb,B2
aporte,noun,B2
aposento,noun,C1
apostar,verb,B2
apostillar,verb,B2
apoyabrazos,noun,B1
apoyar,verb,B2
apoyo,noun,B2
app,noun,B1
apreciable,adjective,C1
apreciar,verb,B1
aprender,verb,A1
aprendizaje,noun,B2
aprensivo,adjective,C1
apresar,verb,B1
apretar,verb,C1
aprisionar,verb,C1
aprobación,noun,B2
aprobar,verb,B2
aprobatorio,adjective,B2
apropiar,verb,C1
aprovechable,adjective,B2
aprovechamiento,noun,C1
aprovechar,verb,B1
aproximación,noun,C1
aproximar,verb,A2
aptitud,noun,B2
apto,adjective,C1
apto,noun,C1
apuesto,adjective,B2
apuntalar,verb,B2
apuntar,verb,C1
apunte,noun,B1
apurar,verb,A1
apuro,noun,C1
apuñalamiento,noun,B2
apuñalar,verb,B2
apático,adjective,B2
apóstol,noun,A1
aquarama,noun,A1
aquarium,noun,A2
aquel,determiner,B2
aquel,pronoun,B2
aquél,determiner,B1
aquí,adverb,A1
arabismo,noun,C1
arabización,noun,C1
arabófono,noun,B2
arado,noun,B2
aragonés,adjective,A2
aragón,noun,A1
arahuaka,noun,B2
arancelario,adjective,B2
aranzadi,noun,A2
arar,verb,A2
araucano,adjective,B1
araucano,noun,B1
araucaria,noun,B1
arauco,adjective,B1
araña,noun,B1
arañar,verb,C1
arbitrario,adjective,C1
arboleda,noun,B1
arbusto,noun,A2
arcabuz,noun,B2
arcada,noun,A2
archipiélago,noun,B1
archipresente,adjective,C1
archivador,noun,A2
archivar,verb,C1
archivo,noun,A2
arcilla,noun,B2
arco,noun,B2
arcón,noun,B2
arder,verb,B2
ardiente,adjective,C1
arduo,adjective,B1
arena,noun,A1
arepa,noun,A1
areperas,noun,A1
arete,noun,A1
argentino,adjective,A1
argentino,noun,A1
argot,noun,A1
argumentación,noun,C1
argumentar,verb,C1
argumento,noun,C1
ariel,noun,B1
aries,noun,A2
arisco,adjective,B1
arista,noun,C1
aristocracia,noun,C1
aristocrático,adjective,A2
aristócrata,noun,B1
aritmética,noun,A2
aritmético,adjective,B2
arma,noun,C1
armada,noun,B1
armadillo,noun,C1
armar,verb,C1
armario,noun,A2
armonioso,adjective,B2
armonía,noun,C1
armónica,noun,B2
armónico,adjective,C1
aro,noun,B1
aroma,noun,B1
aromaterapia,noun,A2
aromatizar,verb,A2
aromático,adjective,A2
arpa,noun,A2
arqueológico,adjective,A1
arquetipo,noun,B2
arqueólogo,noun,B1
arquitecto,noun,C1
arquitectura,noun,A1
arquitectónico,adjective,C1
arrabal,noun,B1
arraigar,verb,A1
arraigo,noun,C1
arrancar,verb,C1
arrasador,adjective,B2
arrasar,verb,C1
arrastrar,verb,B2
arrebatar,verb,B2
arreglar,verb,B1
arreglo,noun,C1
arrepentimiento,noun,C1
arrepentir,verb,B2
arrestar,verb,B2
arriba,adverb,A2
arriendo,noun,B1
arriesgar,verb,B2
arrimar,verb,B2
arrinconar,verb,C1
arritmia,noun,B1
arroba,noun,B1
arrodillar,verb,B1
arrogancia,noun,C1
arrogante,adjective,B2
arrojar,verb,C1
arrollador,adjective,C1
arrollar,verb,C1
arropar,verb,B2
arroyo,noun,B1
arroz,noun,A1
arruga,noun,C1
arrugar,verb,B1
arruinar,verb,A2
arte,noun,A1
arte_callejero,noun,C1
arte_dramático,noun,B1
arte_ecuestre,noun,B1
arte_moderno,noun,A2
artefacto,noun,C1
arteria,noun,B1
arterial,adjective,C1
artes_plásticas,noun,B1
artesanal,adjective,B2
artesano,adjective,B1
artesano,noun,B1
artesanía,noun,A2
articulación,noun,B2
articular,adjective,C1
articular,verb,C1
artificial,adjective,A2
artificio,noun,C1
artista,noun,A1
artista,verb,C1
artritis,noun,B2
arturo,noun,A2
artículo,noun,B2
artífice,noun,B1
artístico,adjective,B2
arzobispo,noun,A2
arábigo,adjective,C1
arán,noun,A1
aránzazu,noun,C1
as,noun,A1
asa,noun,C1
asado,noun,B1
asalariado,noun,B2
asaltar,verb,B2
asalto,noun,A1
asamblea,noun,C1
asamblea_de_las_mujeres,noun,B2
asamblea_nacional,noun,B2
asar,verb,B2
ascendencia,noun,A2
ascender,verb,C1
ascensión,noun,A2
ascenso,noun,B2
ascensor,noun,A2
asco,noun,B2
asediar,verb,C1
asegurador,noun,C1
asegurar,verb,B2
asemejar,verb,B2
asentar,verb,C1
aseo,noun,B2
asequible,adjective,B2
asere,interjection,A1
asesinar,verb,B2
asesinato,noun,B1
asesino,adjective,B1
asesino,noun,B1
asesor,noun,C1
asesoramiento,noun,C1
asesorar,verb,B2
asesoría,noun,B2
asestar,verb,B2
asfalto,noun,B1
asfixiar,verb,B2
asia,noun,B2
asiduidad,noun,C1
asiduo,adjective,C1
asiento,noun,A2
asignación,noun,B2
asignar,verb,C1
asignatura,noun,C1
asilo,noun,B2
asimilar,verb,B2
asimismo,adverb,C1
asir,verb,C1
asistencia,noun,A1
asistencial,adjective,B2
asistenta,noun,A2
asistente,noun,A2
asistir,verb,B2
asiático,adjective,B1
asiático,noun,A2
asma,noun,C1
asmático,adjective,C1
asno,noun,B1
asociación,noun,B1
asociación_civil,noun,B1
asociación_colegial,noun,B1
asociación_de_abuelas,noun,B1
asociado,noun,C1
asociar,verb,B2
asociativo,adjective,B2
asomar,verb,C1
asombrar,verb,A2
asombro,noun,B2
asombroso,adjective,C1
aspecto,noun,B2
aspiración,noun,B2
aspirador,noun,B1
aspirante,noun,B2
aspirar,verb,C1
aspirina,noun,A2
asprin,noun,A1
asqueroso,adjective,C1
asta,noun,B2
astenia,noun,A2
asterisco,noun,B2
astro,noun,A2
astrolabio,noun,C1
astrología,noun,C1
astronauta,noun,B1
astronomía,noun,C1
astronómico,adjective,C1
astrónomo,noun,B2
astucia,noun,A1
asturiano,adjective,A2
asturiano,noun,A1
astuto,adjective,B2
asumible,adjective,C1
asumir,verb,C1
asunto,noun,B1
asustar,verb,B1
así,adverb,A2
atacar,verb,C1
atado,noun,B1
atalaya,noun,B1
atapuerca,noun,B2
ataque,noun,B2
atar,verb,C1
atardecer,noun,B2
atascar,verb,B1
atasco,noun,A2
ataúd,noun,C1
atemorizar,verb,C1
atención,interjection,C1
atención,noun,C1
atención_primaria,noun,C1
atender,verb,C1
atenea,noun,B2
ateneo,noun,B1
atentado,noun,C1
atento,adjective,B1
atenuante,noun,C1
atenuar,verb,C1
ateo,adjective,C1
ateo,noun,B2
aterrador,adjective,B2
aterrar,verb,C1
aterrizaje,noun,C1
aterrizar,verb,A2
aterrorizar,verb,C1
atlas,noun,A2
atleta,noun,A1
atletismo,noun,A2
atlántico,adjective,A1
atlético,adjective,A2
atmosférico,adjective,B1
atmósfera,noun,B2
atormentar,verb,B2
atracadero,noun,C1
atracador,noun,B1
atracar,verb,B1
atracción,noun,A1
atraco,noun,C1
atractivo,adjective,A1
atractivo,noun,C1
atraer,verb,C1
atrapar,verb,B1
atrasar,verb,B2
atraso,noun,B2
atravesar,verb,A1
atrever,verb,A1
atribuir,verb,C1
atributo,noun,B1
atrio,noun,C1
atropellar,verb,C1
atrás,adverb,B2
atuendo,noun,C1
aturdir,verb,B1
atípico,adjective,B1
atómico,adjective,B1
atónito,adjective,C1
atún,noun,C1
audacia,noun,B2
audiencia,noun,C1
audio,noun,B1
audiolibro,noun,B1
audiovisual,adjective,C1
auditivo,adjective,A2
auditorio,noun,A1
auditorium,noun,B1
auditórium,noun,A1
auge,noun,B2
aula,noun,C1
aullido,noun,C1
aumentar,verb,B2
aumentativo,adjective,B1
aumentativo,noun,B1
aumento,noun,B2
aumento_de_sueldo,noun,B2
aun,adverb,B2
aun,conjunction,C1
aunar,verb,C1
aunque,conjunction,B2
aura,noun,A2
auricular,noun,B2
aurora,noun,C1
aurrerá,noun,C1
ausencia,noun,B2
ausentar,verb,B2
ausente,adjective,C1
auspicio,noun,C1
austeridad,noun,B2
austero,adjective,B2
austral,adjective,B1
australiano,adjective,A2
austríaco,adjective,A1
autenticidad,noun,B2
autismo,noun,B1
autista,adjective,B1
auto,noun,B1
auto_antiguo,noun,A2
autoayuda,noun,A2
autobiográfico,adjective,C1
autobús,noun,A1
autocar,noun,A1
autocaravana,noun,A1
autoconfianza,noun,C1
autoconsumo,noun,B2
autocontrol,noun,C1
autocrático,adjective,B1
autocrítica,noun,B2
autodefinir,verb,B2
autodidacta,adjective,B1
autodominio,noun,C1
autoescuela,noun,A2
autoestima,noun,C1
autoevaluación,noun,B2
automatismo,noun,C1
automoción,noun,C1
automovilismo,noun,A2
automático,adjective,A2
automóvil,noun,B2
autonomía,noun,C1
autonómico,adjective,B2
autopista,noun,A1
autopsia,noun,C1
autor,noun,B1
autoridad,noun,C1
autoritario,adjective,A2
autoritarismo,noun,B2
autorización,noun,A1
autorizar,verb,A1
autorregulación,noun,C1
autorretrato,noun,C1
autoría,noun,C1
autoservicio,noun,B2
autosuficiente,adjective,B2
autovaloración,noun,B1
autovía,noun,A1
auténtico,adjective,A2
autóctono,adjective,A1
autógrafo,noun,A2
autónomo,adjective,C1
autónomo,noun,C1
auxiliar,adjective,A2
auxiliar,noun,A2
auxiliar,verb,C1
auxiliario,adjective,B1
auxilio,noun,B1
aval,noun,C1
avalancha,noun,C1
avalar,verb,B2
avance,noun,C1
avanzar,verb,C1
avaricia,noun,B1
avariento,adjective,B2
ave,noun,A1
avecinar,verb,C1
avellana,noun,B1
avellaneda,noun,A2
avellano,noun,B1
avenida,noun,A1
aventajar,verb,C1
aventura,noun,A1
aventurar,verb,C1
aventurero,adjective,C1
aventurero,noun,A2
avergonzar,verb,A2
averiar,verb,B2
averiguar,verb,A2
aversión,noun,B1
avería,noun,B1
avestruz,noun,C1
avezar,verb,B2
aviación,noun,C1
avisar,verb,A2
aviso,noun,B2
aviso_a_los_clientes,noun,A2
avispa,noun,C1
avistamiento,noun,B1
avión,noun,A1
avocar,verb,B2
ay,interjection,A2
ayer,adverb,A2
ayuda,noun,A2
ayudante,noun,A2
ayudar,verb,A1
ayuno,noun,C1
ayuntamiento,noun,A2
azafata,noun,A2
azafrán,noun,B1
azahar,noun,A1
azar,noun,C1
azorar,verb,B1
azotar,verb,C1
azotea,noun,A1
azteca,adjective,B1
azteca,noun,A2
azucarar,verb,B1
azucarero,adjective,B2
azucena,noun,B1
azul,adjective,A1
azul,noun,A1
azular,verb,B2
azulejo,noun,A2
azúcar,noun,A1
aéreo,adjective,B1
añada,noun,B2
añadir,verb,B1
añil,noun,C1
añito,noun,A1
año,noun,A1
año_nuevo,noun,C1
año_universitario,noun,A2
añoranza,noun,C1
añorar,verb,A2
b,noun,C1
baba,noun,C1
babilonio,noun,C1
baboso,adjective,C1
bacalao,noun,A1
bache,noun,A2
bachillerato,noun,B2
bacon,noun,B1
bacteria,noun,C1
bacteriano,adjective,C1
bagaje,noun,B2
bagazo,noun,A1
bah,interjection,A2
bahía,noun,A1
bailable,adjective,B1
bailador,noun,C1
bailante,adjective,B1
bailantito,noun,B1
bailaor,noun,B2
bailar,noun,B1
bailar,verb,A1
bailarín,adjective,A1
bailarín,noun,C1
baile,noun,A1
baja,noun,A1
bajada,noun,A2
bajar,verb,A2
bajito,adjective,A1
bajo,adjective,A2
bajo,preposition,C1
bajón,noun,B1
balance,noun,C1
balanza,noun,B1
balazo,noun,C1
balcón,noun,A1
baldosa,noun,B1
baldío,adjective,C1
baleárico,adjective,A2
ballena,noun,B1
ballet,noun,A2
balneario,adjective,A2
balneario,noun,A2
baloncesto,noun,A2
balonmano,noun,B2
balsa,noun,A1
balsero,noun,A1
balón,noun,B1
bamba,noun,B2
bambú,noun,C1
banana,noun,B1
banano,noun,A2
banca,noun,B2
bancario,adjective,B2
bancarrota,noun,B2
banco,noun,A1
banco_central,noun,A2
banco_de_comercio,noun,C1
banco_justo,noun,C1
banco_mundial,noun,B2
banda,noun,A2
bandada,noun,A2
bandazo,noun,B2
bandeja,noun,B2
bandera,noun,A1
banderilla,noun,B2
banderita,noun,A2
bando,noun,B1
bandolero,noun,C1
bandoneón,noun,B1
banquero,noun,C1
banquete,noun,C1
banquillo,noun,C1
bantú,noun,B1
bar,noun,A1
baracaldo,noun,B2
baraja,noun,B1
barajar,verb,C1
barata,noun,C1
baratillo,noun,A1
barato,adjective,A1
barba,noun,A1
barbacoa,noun,A1
barbar,verb,A1
barbaridad,noun,C1
barbarie,noun,B1
barbilla,noun,B1
barca,noun,A1
barcelonés,adjective,B2
barco,noun,A1
barlovento,noun,B1
barman,noun,B2
barnizar,verb,A2
baroja,noun,A2
barquero,noun,A2
barquillero,noun,A2
barquillo,noun,A2
barra,noun,B1
barracón,noun,C1
barranca,noun,C1
barranco,noun,A2
barranquismo,noun,B1
barrar,verb,B1
barrendero,noun,B2
barrer,verb,B1
barrera,noun,B2
barreño,noun,A2
barriada,noun,A2
barriga,noun,B1
barriguita,noun,B1
barril,noun,B1
barrio,noun,A1
barrio_chino,noun,B1
barro,noun,B2
barroco,adjective,B2
barroco,noun,A1
barrote,noun,C1
barullo,noun,B1
barómetro,noun,A2
barón,noun,A1
basar,verb,B2
base,noun,B1
bastante,adverb,A1
bastante,determiner,A1
bastante,pronoun,C1
bastar,verb,C1
bastinianos,noun,A2
basto,noun,B2
bastón,noun,B1
basura,noun,B1
basurero,noun,B2
basílica,noun,A1
bata,noun,C1
batalla,noun,A2
batallón,noun,C1
batata,noun,B1
bate,noun,A1
bateador,noun,A1
batería,noun,A1
batido,noun,C1
batidor,noun,B2
batiente,noun,B2
batir,verb,A2
bato,noun,A2
bautismo,noun,C1
bautizar,verb,B2
bautizo,noun,B2
baya,noun,A1
bazar,noun,B2
bañador,noun,A1
bañar,verb,A1
bañera,noun,A1
bañista,noun,C1
baño,noun,A2
baúl,noun,B2
bbbb,noun,B2
be,noun,A2
beagle,noun,A1
beatles,noun,A2
beato,adjective,C1
beber,verb,A2
bebida,noun,A1
bebita,noun,B1
bebé,noun,A1
beca,noun,C1
becario,noun,C1
bechamel,noun,B2
bedel,noun,B2
beige,adjective,A2
beige,noun,A2
beisbol,noun,A1
belet,noun,B2
belga,adjective,A1
belga,noun,C1
bella,adjective,A1
bellas_artes,noun,A2
belleza,noun,B1
bello,adjective,A2
bellota,noun,B1
belmonte,noun,A2
belén,noun,A2
ben,noun,C1
bendecir,verb,C1
bendición,noun,B1
beneficiado,noun,C1
beneficiar,verb,C1
beneficiario,noun,C1
beneficio,noun,B2
beneficioso,adjective,B2
benevolencia,noun,C1
benigno,adjective,C1
benito,adjective,A2
benéfico,adjective,C1
berberisco,adjective,C1
bereber,adjective,A2
berenjena,noun,B2
bermeja,noun,B1
bermellón,noun,A2
bermudas,noun,A1
berri,noun,C1
berro,noun,B1
beréber,adjective,C1
beréber,noun,C1
besar,verb,A2
besito,noun,B1
beso,noun,A1
bestia,noun,C1
bestseller,noun,C1
bianual,adjective,B2
biberón,noun,A1
biblia,noun,B2
bibliográfico,adjective,A2
biblioteca,noun,A2
biblioteca_municipal,noun,B1
biblioteca_nacional,noun,A2
bibliotecario,noun,C1
biblioteconomía,noun,C1
bicentenario,noun,C1
bicho,noun,C1
bici,noun,A2
bicicleta,noun,A1
bidet,noun,B2
bien,adverb,A1
bien,conjunction,B1
bien,noun,A1
bienal,noun,A1
bienaventurado,noun,B2
bienestar,noun,C1
bienvenida,noun,B1
bienvenido,adjective,B2
bienvenido,noun,A1
bife,noun,B1
bigote,noun,B1
biguidibela,noun,A2
bikini,noun,A1
bilbaíno,adjective,C1
bilingüe,adjective,A1
bilingüe,noun,A1
billar,noun,B1
billete,noun,A1
billete,other,A2
billetero,noun,A1
billón,noun,C1
bio,adjective,A2
biocida,noun,C1
biodegradable,adjective,B2
biodiversidad,noun,A1
biografía,noun,C1
biográfico,adjective,C1
biología,noun,C1
biológico,adjective,B1
biométrico,adjective,B1
bioquímico,noun,B1
biosfera,noun,A1
biotecnología,noun,C1
biquini,noun,A1
birome,noun,B1
bisabuelo,noun,B1
bisagra,noun,C1
bisonte,noun,B2
bistec,noun,B1
bisturí,noun,B1
bit,noun,C1
bizantino,adjective,B2
bizco,adjective,A2
bizcocho,noun,A2
biznaga,noun,C1
biólogo,noun,A1
blanco,adjective,A1
blanco,noun,B1
blando,adjective,B2
blanqueador,noun,B1
blanquear,verb,B2
blanquecino,adjective,B2
blanquinegro,adjective,A1
blasco_ibáñez,noun,A2
blastómera,noun,C1
bloc,noun,A2
blog,noun,B2
blogger,noun,B2
blogosfera,noun,B2
bloguero,adjective,B1
bloque,noun,A2
bloquear,verb,C1
bloqueo,noun,A1
blues,noun,A1
blusa,noun,A2
bm_plus,noun,C1
bobería,noun,A1
bobo,adjective,A1
bobo,noun,C1
boca,noun,B1
bocacalle,noun,B1
bocadillo,noun,A2
bocado,noun,C1
bocal,noun,C1
bocata,noun,B2
bocatta,noun,A1
boceto,noun,C1
bochinche,noun,B1
bochornoso,adjective,C1
bocina,noun,B1
bocinazo,noun,B1
boda,noun,C1
bodega,noun,A1
bodeguita,noun,A2
bodegón,noun,A2
boe,noun,C1
bofetada,noun,B2
boga,noun,C1
bogavante,noun,A2
bogotá,noun,A2
bohemio,adjective,A1
bohemio,noun,C1
boicotear,verb,A2
boina,noun,B2
boj,noun,B2
bol,noun,B2
bola,noun,A1
bolero,adjective,A2
bolero,noun,B1
boleto,noun,A2
boletín_oficial_de_el_estado,noun,C1
boli,noun,A2
boliche,noun,B1
bolillo,noun,B2
bolita,noun,B2
boliviano,adjective,A2
boliviano,noun,A2
bollería,noun,A1
bollo,noun,A2
bolonia,noun,B1
bolsa,noun,A2
bolsa_de_trabajo,noun,A2
bolshói,noun,B1
bolsillo,noun,A2
bolso,noun,A2
boludo,noun,B1
bolá,verb,B1
bolígrafo,noun,A2
bolívar,noun,A2
bomba,noun,C1
bombardear,verb,B2
bombardeo,noun,A2
bombear,verb,B2
bombero,noun,B2
bombilla,noun,B1
bombillo,noun,A2
bombo,noun,B1
bombona,noun,B1
bombín,noun,A2
bombón,noun,A1
bonanza,noun,C1
bondad,noun,B1
bondadoso,adjective,B2
bongó,noun,B1
boniato,noun,A2
bonito,adjective,A1
bono,noun,A2
bonofiglio,noun,C1
boom,noun,C1
boomers,noun,C1
boquerón,noun,A2
borda,noun,B2
bordado,noun,B1
bordar,verb,B1
borde,adjective,B2
borde,noun,B2
bordear,verb,A1
boreal,adjective,B1
borracho,adjective,B1
borrador,noun,B1
borrar,verb,B2
borreguil,adjective,A2
borrico,adjective,A2
borrón,noun,C1
boscoso,adjective,B2
bosque,noun,A1
boss,noun,B1
bostezo,noun,C1
bota,noun,B1
botar,verb,A1
bote,noun,B2
botella,noun,A1
botero,noun,A1
botijo,noun,B2
botiquín,noun,B1
botswano,adjective,A2
botulímico,adjective,C1
botánica,noun,A2
botánico,adjective,B2
botánico-histórico,adjective,B2
botín,noun,B1
botón,noun,B1
boulevard,noun,A2
boutique,noun,B1
bovino,adjective,B2
boxeador,noun,A2
boxeo,noun,A2
braga,noun,A2
brasa,noun,B1
brasileño,adjective,A1
brasileño,noun,B2
bravo,adjective,A1
bravo,interjection,A2
brazo,noun,A1
brebaje,noun,B1
brecha,noun,C1
bretón,adjective,B1
bretón,noun,B1
breve,adjective,C1
brevedad,noun,B2
brick,noun,B1
bricolaje,noun,B1
bridge,noun,A1
bridges,noun,A1
brillante,adjective,B1
brillar,verb,A1
brillo,noun,B2
brin,noun,C1
brincar,verb,A2
brindar,verb,B1
brindis,noun,C1
brisa,noun,B2
brisca,noun,B2
británico,adjective,A1
británico,noun,C1
brocha,noun,A2
brocheta,noun,A1
broma,noun,A2
bromear,verb,C1
bronce,noun,A1
broncear,verb,B2
broncodilatador,noun,C1
bronquitis,noun,B1
brotar,verb,C1
browniano,adjective,C1
bruja,noun,C1
brujería,noun,B1
brujo,adjective,A2
brujo,noun,A1
bruma,noun,C1
brumoso,adjective,C1
brusco,adjective,B1
bruto,adjective,C1
brécol,noun,B2
brócoli,noun,B2
buceador,noun,B1
bucear,verb,A1
buceo,noun,B1
budista,adjective,B2
buendía,noun,A2
bueno,adjective,A1
bueno,interjection,A1
buenos aires,noun,A2
buenísimo,adjective,B1
buey,noun,A1
bufanda,noun,B1
bufete,noun,A2
bufé,noun,B1
buho,noun,C1
bulería,noun,B1
bulevar,noun,B1
bulimia,noun,C1
bullicioso,adjective,C1
bullir,verb,C1
bungalow,noun,A1
bungaló,noun,B2
buque,noun,B1
burbuja,noun,C1
burguesía,noun,B2
burgués,adjective,A2
burla,noun,C1
burlador,noun,B2
burlar,verb,B2
burocracia,noun,B1
burocrático,adjective,B2
burro,adjective,B2
burro,noun,B2
burócrata,noun,B2
bus,noun,A1
busca,noun,B2
buscador,noun,B1
buscar,noun,C1
buscar,verb,A1
buscarla,noun,A1
busco,noun,B1
buseta,noun,A2
business,noun,A2
busto,noun,C1
butaca,noun,C1
butano,adjective,B1
butano,noun,B1
buzón,noun,B1
buñuelo,noun,C1
bálsamo,noun,B1
báltico,adjective,B2
bárbaro,adjective,A1
bárbaro,noun,B2
básico,adjective,B2
básquet,noun,C1
béisbol,noun,A1
bélico,adjective,C1
bíblico,adjective,B1
bíceps,noun,A2
búho,noun,B1
búsqueda,noun,C1
c,noun,C1
ca,interjection,A1
ca,noun,B2
cabal,adjective,B2
cabalgar,verb,C1
cabalgata,noun,A1
caballero,adjective,B1
caballero,noun,B1
caballo,noun,A1
cabaret,noun,B1
cabaña,noun,A1
cabecera,noun,B2
cabecilla,noun,C1
cabellera,noun,C1
cabello,noun,C1
cabelludo,adjective,A2
caber,verb,B2
cabeza,noun,B1
cabezón,adjective,B2
cabezón,noun,B1
cabida,noun,B2
cabildo,noun,B1
cabina,noun,A2
cable,noun,A2
cabo,noun,B1
cabra,noun,A2
cabreo,noun,C1
cabrero,noun,B2
cabrito,noun,B2
cabro,noun,B1
cabrón,noun,C1
caca,noun,A2
cacahuete,noun,A1
cacao,noun,A1
cacerola,noun,B2
cacería,noun,B1
cacharro,noun,A2
cachaza,noun,B2
cacho,adjective,A1
caché,noun,C1
cacique,noun,B1
cactus,noun,A2
cada,adjective,B2
cada,determiner,A1
cadaqués,noun,A2
cadena,noun,A1
cadera,noun,A1
caducar,verb,A2
caducidad,noun,C1
cadáver,noun,C1
caer,verb,B1
cafetera,noun,A2
cafetero,adjective,B1
cafetero,noun,B1
cafetería,noun,A1
cafeto,noun,B1
cafeína,noun,B1
café,noun,B1
caimán,noun,A1
caja,noun,A2
caja_madrid,noun,A2
cajabank,noun,B2
cajero,noun,B1
cajetilla,noun,B2
cajón,noun,C1
cal,noun,C1
cala,noun,B1
calabaza,noun,B2
calabozo,noun,A2
caladero,noun,B1
calafate,noun,A2
calahorra,noun,A1
calamar,noun,A2
calamidad,noun,C1
calar,verb,B2
calar_ca,noun,B1
calarqueños,noun,B1
calavera,noun,B1
calcetín,noun,A2
calcio,noun,B2
calculador,adjective,B2
calcular,verb,B2
caldera,noun,B2
caldo,noun,C1
caldoso,adjective,B1
calefacción,noun,A1
calendario,noun,C1
calentamiento,noun,B1
calentar,verb,A2
calentito,adjective,A2
calentura,noun,C1
calibrar,verb,C1
calidad,noun,A1
caliente,adjective,A1
califa,noun,C1
califal,adjective,A1
califato,noun,A1
calificación,noun,C1
calificar,verb,B2
calificativo,noun,A2
call,noun,B1
calla,noun,C1
callar,verb,A1
calle,noun,A1
calle_comercial,noun,A1
calle_mayor,noun,A1
callejero,adjective,A1
callejuela,noun,C1
callejón,noun,C1
callo,noun,B1
calma,noun,B1
calmante,noun,A2
calmar,verb,A2
calor,noun,A1
caloría,noun,A2
caluroso,adjective,A1
calvario,noun,C1
calvicie,noun,C1
calvo,adjective,A1
calvo,noun,B1
calza,noun,B2
calzada,noun,C1
calzado,noun,A1
calzar,verb,A2
calzoncillo,noun,A2
calzón,noun,B2
caléndula,noun,A2
calórico,adjective,B2
cama,noun,A1
camada,noun,C1
camaleón,noun,B1
camarero,noun,A1
camarote,noun,B2
camarón,noun,A1
cambiar,verb,A2
cambio,noun,C1
camelia,noun,A2
camello,noun,A2
camembert,noun,B1
camente,noun,B1
camilla,noun,B1
camillo,noun,A2
camilo,noun,A2
caminante,noun,A2
caminar,verb,A1
caminito,noun,B1
camino,noun,A1
camioncito,noun,A1
camionero,noun,B2
camioneta,noun,B2
camisa,noun,B1
camiseta,noun,A2
camión,noun,B2
camote,noun,A1
campamento,noun,A2
campana,noun,B2
campanario,noun,A2
campanela,noun,B2
campanilla,noun,B1
campar,verb,A1
campaña,noun,B1
campeonato,noun,A2
campeonato_de_europa,noun,A2
campeonato_mundial,noun,A2
campero,adjective,B1
campesino,adjective,B1
campesino,noun,A2
campeón,noun,B1
camping,noun,A2
campiña,noun,B2
campo,noun,A1
campo_de_fútbol,noun,A1
campoamor,noun,A2
campus,noun,B2
camuflar,verb,C1
can,noun,B2
cana,noun,C1
canadiense,adjective,C1
canadiense,noun,A2
canal,noun,A1
canal_de_tv,noun,B1
canalización,noun,A1
canalizar,verb,C1
canarias,preposition,A1
canario,adjective,B2
canario,noun,B1
canasta,noun,A1
canasto,noun,C1
cancelación,noun,C1
cancelar,verb,A1
cancha,noun,B2
cancioncita,noun,B1
cancionero,noun,B2
canción,noun,A1
candela,noun,A2
candelaria,noun,A2
candidato,noun,B2
candidatura,noun,B2
candil,noun,B1
caneca,noun,B2
canela,noun,A2
canelo,adjective,B1
canelón,noun,B1
cangrejo,noun,C1
canguro,noun,A1
canibalizar,verb,C1
canica,noun,B1
caniche,noun,C1
canje,noun,B1
canjear,verb,A2
cannes,noun,A2
cano,adjective,A1
canoa,noun,A2
canon,noun,B1
canonizar,verb,B2
canoso,adjective,B2
cansado,adjective,C1
cansancio,noun,B1
cansar,verb,A1
cansino,adjective,B1
cantabria,noun,B2
cantante,noun,A1
cantaor,noun,B2
cantar,noun,B2
cantar,verb,A1
cantautor,noun,A1
cante,noun,A1
cantidad,noun,B1
cantimplora,noun,A2
cantina,noun,B1
canto,noun,A1
cantor,adjective,B2
cantábrico,adjective,A1
cantón,noun,A2
canuta,noun,C1
caníbal,adjective,B1
caníbal,noun,C1
caos,noun,A2
cap_roig,noun,A1
capa,noun,A2
capacidad,noun,C1
capacitación,noun,C1
capacitar,verb,B2
capar,verb,A2
caparazón,noun,C1
capaz,adjective,B2
capicúa,noun,C1
capilar,adjective,C1
capilar,noun,C1
capilla,noun,A1
capital,noun,A1
capital_federal,noun,C1
capitalismo,noun,A2
capitalista,adjective,B1
capitalista,noun,A2
capitol_este,noun,B1
capitán,noun,B1
capoeira,noun,A2
capricho,noun,C1
caprichoso,adjective,B2
capricornio,noun,A2
capsi,noun,C1
captar,verb,B2
captura,noun,B1
capturar,verb,C1
capucha,noun,A2
capítulo,noun,A2
capódel,noun,B1
cara,noun,A2
caracol,noun,A1
caracola,noun,C1
caracoles,interjection,A1
caracterizar,verb,B2
característica,noun,B2
característico,adjective,B1
caradura,noun,B2
carajillo,noun,B1
caramba,interjection,B1
caramelo,noun,C1
caravana,noun,A2
carbohidrato,noun,B1
carbonato,noun,B2
carbono,noun,A1
carbón,noun,B2
carbónico,adjective,B2
carcajada,noun,B1
carcomer,verb,B2
cardamomo,noun,B1
cardenal,noun,B1
cardiaco,adjective,C1
cardiología,noun,B1
cardiopatía,noun,B1
cardiólogo,noun,B1
cardo,noun,B1
carecer,verb,B2
carencia,noun,C1
carga,noun,B2
cargamento,noun,B2
cargar,verb,B2
cargo,noun,C1
caribe,noun,A1
caribeño,adjective,A2
caricatura,noun,B2
caricaturista,noun,B1
caricia,noun,A1
caridad,noun,A1
carisma,noun,B2
carismático,adjective,A1
carita,noun,A2
cariño,noun,B1
cariñoso,adjective,A2
carla,noun,B2
carlos_de_amberes_de_madrid,noun,C1
carlos_iii_de_madrid,noun,C1
carlos_v,noun,C1
carmela,noun,A2
carmelo,noun,C1
carmen_martín_gaite,noun,A2
carmesí,adjective,B2
carmín,noun,A2
carnal,adjective,B1
carnaval,noun,B1
carne,noun,A1
carnicero,noun,A1
carnicería,noun,A2
carné,noun,C1
carnívoro,adjective,B1
carnívoro,noun,B1
caro,adjective,A1
carolina,noun,A2
carpeta,noun,A2
carpintero,noun,B2
carpintería,noun,B2
carrancistas,noun,B2
carrera,noun,B2
carreta,noun,B2
carretera,noun,A1
carreterazo,noun,B1
carretero,noun,C1
carril,noun,A1
carrito,noun,B1
carrito_de_la_compra,noun,A2
carro,noun,A2
carroza,noun,B2
carroñero,adjective,C1
carta,noun,A1
carta_a_el_director,noun,A2
cartagena,noun,A2
cartaginés,adjective,B1
cartel,noun,A2
cartelera,noun,A2
cartera,noun,B2
cartero,noun,B1
cartulina,conjunction,B2
cartulina,noun,B2
cartón,noun,B1
carácter,noun,B2
casa,noun,A1
casa_de_américa,noun,A2
casa_rural,noun,A1
casado,adjective,B1
casado,noun,A1
casamiento,noun,C1
casar,verb,A1
cascada,noun,C1
cascanueces,noun,C1
cascar,verb,A2
casco,noun,A1
cascorro,noun,A2
casero,adjective,B1
casero,noun,C1
caserío,noun,C1
caseta,noun,A2
casete,noun,A2
casi,adverb,A1
casilla,noun,C1
casino,noun,B2
casita,noun,A2
caso,noun,A2
casona,noun,A2
caspa,noun,C1
cassette,noun,A2
castaña,noun,A1
castaño,adjective,B1
castaño,noun,B2
castejuelo,noun,B2
castell,noun,A2
castellano,adjective,C1
castellano,noun,C1
castellano_leonés,adjective,A1
castellero,adjective,A2
castigar,verb,B2
castigo,noun,B2
castilla,noun,B2
castillo,noun,B1
casting,noun,B2
castizo,adjective,B2
castro,noun,C1
casual,adjective,C1
casualidad,noun,B1
cata,noun,A1
cataclismo,noun,C1
catalina,noun,B2
catalizador,noun,C1
catalogar,verb,C1
catalán,adjective,A1
catalán,noun,A1
catamarán,noun,A1
catarata,noun,A1
catastrófico,adjective,B1
catavino,noun,B1
catedral,noun,A1
catedrático,noun,C1
categoría,noun,C1
catering,noun,B2
catolicismo,noun,A1
catálogo,noun,C1
catástrofe,noun,C1
católico,adjective,C1
católico,noun,A2
cauce,noun,C1
cauda,noun,C1
caudal,noun,A1
caudaloso,adjective,B1
caudillo,noun,B2
causa,noun,B2
causal,adjective,B2
causante,noun,B2
causar,verb,B2
cautivador,adjective,C1
cautivar,verb,C1
cautiverio,noun,B1
cautivo,adjective,B1
cautivo,noun,B2
cava,noun,A1
caviar,noun,C1
cavidad,noun,A2
cavo,adjective,A2
caxazehui,noun,C1
cayo,noun,B1
caza,noun,C1
cazador,noun,A1
cazadora,noun,C1
cazar,verb,A2
cazo,noun,C1
cazuela,noun,B2
caída,noun,C1
caña,noun,A1
cañada,noun,B1
cañaveral,noun,A2
cañizal,noun,B2
cañonazo,noun,A1
cañón,noun,B1
caótico,adjective,B1
cd,noun,A2
cdr,noun,B1
ce,noun,A1
cebolla,noun,A2
cebolleta,noun,B2
ceder,verb,A1
cedro,noun,B1
cegar,verb,B2
ceiba,noun,A1
ceja,noun,B2
cejijunto,adjective,C1
celda,noun,C1
celebración,noun,B1
celebrar,verb,A1
celeridad,noun,B2
celeste,adjective,C1
celestial,adjective,B1
celo,noun,C1
celo,preposition,A1
celoso,adjective,A2
celta,noun,A2
celular,adjective,A2
celular,noun,B1
cementerio,noun,B1
cemento,noun,C1
cempasúchil,noun,A2
cena,noun,A1
cenar,verb,A1
cenicero,noun,B1
ceniza,noun,C1
cenizo,adjective,C1
censo,noun,C1
censura,noun,A2
censurar,verb,B2
centauro,noun,A2
centavo,noun,A2
centenar,noun,B1
centenario,adjective,B1
centenario,noun,A2
centilitro,noun,B1
centinela,noun,B1
central,adjective,A2
central,noun,C1
centralización,noun,B2
centrar,verb,C1
centro,noun,A1
centro_comercial,noun,A1
centro_cultural,noun,A1
centro_de_atención_primaria,noun,C1
centro_de_salud,noun,C1
centro_espacial,noun,B1
centroamericano,adjective,A1
centroamérica,noun,A1
centímetro,noun,B1
cepillar,verb,A2
cepillo,noun,A2
cera,noun,C1
ceramista,noun,B1
cerca,adverb,A1
cerca,noun,C1
cerca_de,preposition,A1
cercano,adjective,C1
cercanía,noun,B2
cercar,verb,C1
cerda,noun,C1
cerdo,noun,B1
cereal,noun,A2
cereales,noun,A1
cerebral,adjective,B2
cerebro,noun,B1
ceremonia,noun,C1
ceremonioso,adjective,B1
cereza,noun,A2
cerezo,noun,A2
cerilla,noun,C1
cero,number,B1
cerquita,adverb,A1
cerradura,noun,B1
cerrajero,noun,B1
cerrar,verb,A1
cerro,noun,C1
certamen,noun,B2
certeza,noun,C1
certezo,noun,A2
certificación,noun,C1
certificado,noun,B2
certificar,verb,A1
cervantes,noun,A1
cerveza,noun,B1
cervical,adjective,B2
cerámica,noun,A1
cerámico,adjective,C1
cesar,verb,C1
cese,noun,C1
cesión,noun,B2
cesta,noun,A2
cesto,noun,B1
cesárea,noun,C1
ceviche,noun,C1
ceñir,verb,C1
ch,noun,B1
chabola,noun,C1
chacarero,adjective,B2
chachachá,noun,A1
chagres,noun,A2
chal,noun,B1
chaleco,noun,B1
chalet,noun,B2
chalé,noun,A2
chama,noun,A1
chamaco,noun,B1
champiñón,noun,B2
champán,noun,A1
champú,noun,A2
chamán,noun,C1
chancla,noun,A1
chanquete,noun,B2
chantaje,noun,A2
chao,interjection,A1
chaparro,adjective,A2
chapina,noun,A2
chapolero,adjective,B1
chapucero,noun,B1
chapuza,noun,C1
chaqueta,noun,B1
chaquetilla,noun,A1
charco,noun,A1
charla,noun,B2
charlar,verb,A1
charlatán,adjective,A1
charlatán,noun,C1
chasco,noun,B1
chato,adjective,B2
chato,noun,B2
chau,interjection,A2
chaucito,adverb,B1
chaval,noun,C1
chaíto,noun,B1
che,interjection,A2
cheque,noun,A2
chic,adjective,A2
chica,noun,C1
chicha,noun,A2
chicle,noun,B2
chico,noun,A1
chiiiiiiisst,interjection,A1
chiiiist,interjection,B1
chiiissst,interjection,A1
chilate,noun,B1
chile,noun,A1
chileno,adjective,A1
chileno,noun,B1
chilindrón,noun,A2
chillón,adjective,B2
chimenea,noun,A2
chimichurri,noun,B1
chimpancé,noun,C1
chincha,noun,A2
chino,adjective,A1
chino,noun,A2
chip,noun,A2
chiquillo,noun,B1
chiquitito,adjective,B1
chiquito,adjective,A1
chiquito,noun,A2
chirigota,noun,A2
chirimoya,noun,A2
chiringa,adjective,A1
chiringuito,noun,B1
chisme,noun,C1
chismear,verb,B1
chispa,noun,C1
chiss,interjection,A2
chiste,noun,B2
chivo,noun,B1
chiíta,adjective,B2
chocar,verb,C1
choclo,noun,A2
chocolate,noun,A1
chocolatero,adjective,A1
chocolatero,noun,A1
chocolatería,noun,B2
chola,noun,A2
chollo,noun,B2
cholo,adjective,A2
cholo,noun,B1
chompa,noun,A2
choque,noun,B2
chorizo,noun,B1
chorotegas,adjective,A2
chorrito,noun,B1
chorro,noun,B2
chotis,noun,C1
choza,noun,B2
chubasquero,adjective,A2
chubasquero,noun,A2
chulapo,noun,B1
chulear,verb,C1
chuleta,noun,A2
chullo,noun,A2
chulo,adjective,A1
chulo,noun,A2
chunche,noun,B1
chungo,adjective,B1
chupacirios,noun,C1
chupar,verb,B1
chupatintas,noun,C1
churrería,noun,B1
churro,noun,A2
chus,interjection,B2
chutar,verb,B2
ché,interjection,B1
chéjov_de_madrid,noun,B1
chévere,adjective,A1
chófer,noun,A1
cianuración,noun,C1
ciao,interjection,B1
cibeles,noun,A2
ciberespacio,noun,B1
ciberlugar,noun,C1
cibernética,noun,C1
cibernético,adjective,C1
ciberobjeto,noun,C1
cicatriz,noun,B2
cicerón,preposition,B2
ciclismo,noun,A1
ciclista,adjective,C1
ciclista,noun,C1
ciclo,noun,C1
ciclón,noun,A1
ciego,adjective,B2
ciego,noun,C1
cielo,noun,A2
cielos,interjection,A2
ciempiés,noun,B1
ciencia,noun,C1
ciencia_ficción,noun,B1
ciencias_de_el_mar,noun,A1
ciencias_de_el_trabajo,noun,A2
ciencias_de_la_comunicación,noun,A2
ciencias_de_la_información,noun,B2
ciencias_económicas,noun,A2
ciente,adjective,A2
ciento,noun,A2
científico,adjective,C1
científico,noun,C1
cierre,noun,B2
cierto,adjective,B1
ciervo,noun,B2
cifra,noun,C1
cifrar,verb,C1
cigarra,noun,B2
cigarrillo,noun,B2
cigarro,noun,A1
cigüeña,noun,C1
cilantro,noun,B1
cilíndrico,adjective,B1
cima,noun,B2
cimiento,noun,B2
cinc,noun,A2
cinco,noun,A2
cincuenta,noun,A1
cincuentañero,adjective,C1
cincuentón,noun,C1
cine,noun,A1
cineasta,noun,B2
cinema,noun,A2
cinematografía,noun,C1
cinematográfico,adjective,B2
cinestésico,adjective,A2
cinismo,noun,B2
cinta,noun,A2
cintura,noun,A1
cinturón,noun,C1
cinéfilo,noun,B1
cipote,noun,B1
ciprés,noun,C1
circo,noun,A2
circuito,noun,A1
circulación,noun,B1
circular,adjective,B2
circular,noun,B1
circular,verb,A2
circulatorio,adjective,C1
circunciso,adjective,C1
circundante,adjective,C1
circunscribir,verb,C1
circunstancia,noun,C1
cirio,noun,C1
ciruela,noun,C1
cirugía,noun,C1
cirugía_estética,noun,C1
cirugía_plástica,noun,C1
cirujano,noun,C1
cisne,noun,C1
cisterna,noun,A2
cita,noun,C1
citar,verb,B2
city,noun,B1
ciudad,noun,A1
ciudad_balnearia,noun,A2
ciudad_de_las_artes_y_las_ciencias,noun,C1
ciudad_inteligente,noun,B1
ciudadano,adjective,C1
ciudadano,noun,C1
ciudadanía,noun,C1
ciudadela,noun,A2
civil,adjective,C1
civilización,noun,C1
civilizar,verb,C1
ciénaga,noun,B1
clan,noun,A1
clandestino,adjective,B1
claridad,noun,B2
claro,adjective,A2
claro,adverb,A1
claro,interjection,A1
claroscuro,noun,C1
clase,noun,A1
clasicista,adjective,B2
clasificación,noun,C1
clasificar,verb,C1
clasificatorio,adjective,C1
claudia_llosa,noun,B1
claudio,noun,B1
claustro,noun,A1
claustrofóbico,adjective,C1
clausura,noun,C1
clausurar,verb,B1
clavadista,adjective,B2
clavar,verb,B2
clave,adjective,B2
clave,noun,A2
clavel,noun,B2
clavo,noun,C1
clero,noun,B2
clic,noun,A2
cliché,noun,B1
cliente,noun,A1
clientela,noun,C1
clima,noun,A1
climatización,noun,C1
climatizar,verb,A2
climático,adjective,B1
clonación,noun,C1
clonar,verb,C1
closet,noun,B1
clote,noun,A2
club,noun,B1
club_barcelona,noun,A1
club_de_el_motor,noun,C1
club_de_fútbol,noun,B1
club_de_vela,noun,B1
club_marítimo,noun,C1
cluster,noun,B2
clásico,adjective,C1
clásico,noun,A1
cláusula,noun,B2
clérigo,noun,C1
clínica,noun,A2
clínica_dental,noun,A2
clínico,adjective,C1
co.,noun,C1
coacción,noun,C1
coach,noun,B1
coartada,noun,C1
coartar,verb,B1
cobalto,noun,B1
cobarde,adjective,B1
cobarde,noun,C1
cobardía,noun,C1
cobertura,noun,A2
cobijar,verb,C1
cobra,noun,B2
cobrar,verb,B2
cobre,noun,A1
cobrizo,adjective,B1
cobro,noun,B2
coca,noun,A2
coca-cola,noun,A2
cocaína,noun,A1
cocer,verb,B1
coche,noun,A1
cochecito,noun,A1
cochera,noun,C1
cochero,noun,B2
cochinillo,noun,A1
cocido,noun,B1
cociente,noun,B2
cocina,noun,A1
cocinar,verb,B1
cocinera,noun,B1
cocinero,noun,A1
cocktail,noun,C1
coco,noun,A2
cococha,noun,A2
cocodrilo,noun,C1
cocotero,noun,A2
codazo,noun,A2
codiciar,verb,C1
codicioso,noun,C1
codificar,verb,C1
codo,noun,C1
codorniz,noun,B1
coercitivo,adjective,C1
coexistir,verb,B1
cofia,noun,C1
cofrade,noun,B1
cofradía,noun,A2
cofre,noun,B2
coger,verb,A1
cognitivo,adjective,B2
cognoscitivo,adjective,C1
coherencia,noun,B2
cohesionar,verb,B2
cohete,noun,C1
coimero,noun,B2
coincidencia,noun,B2
coincidir,verb,A2
coito,noun,C1
cojear,verb,B1
cojo,adjective,A2
cojo,noun,B2
cojín,noun,C1
col,noun,B2
col.,noun,B2
cola,noun,B1
cola-cao,noun,A2
cola_de_caballo,noun,B2
colaboración,noun,B1
colaborador,noun,B2
colaborar,verb,B1
colaborativo,adjective,B2
colador,noun,B2
colapsar,verb,C1
colar,verb,B2
colateral,adjective,B2
colchoneta,noun,A2
colchón,noun,B2
coleccionar,verb,A1
coleccionista,noun,B1
colección,noun,A1
colectar,verb,C1
colectivo,adjective,B2
colectivo,noun,A1
colega,noun,A1
colegiado,noun,B2
colegial,noun,B2
colegio,noun,A1
colesterol,noun,B1
colgante,adjective,A2
colgar,verb,B1
colibrí,noun,C1
colilla,noun,B1
colina,noun,B1
colindar,verb,B2
colisión,noun,B2
colista,adjective,B2
collage,noun,B2
collar,noun,A1
colmena,noun,B2
colocación,noun,B1
colocar,verb,B1
colofón,noun,B2
colombia,noun,B2
colombiano,adjective,A1
colombiano,noun,A1
colonia,noun,A1
colonial,adjective,A1
colonización,noun,A2
colonizador,noun,B2
colonizar,verb,B2
colono,noun,A1
coloquial,adjective,A2
coloquio,noun,A2
color,noun,A1
color_de_pelo,noun,B2
color_de_piel,noun,B2
colorado,adjective,A2
colorante,noun,B1
colorar,verb,A2
colorear,verb,A2
colorido,noun,B1
colorir,verb,A2
colorín,noun,A2
colosal,adjective,B1
columbrete,noun,A1
columna,noun,B2
columpio,noun,A1
colágeno,noun,C1
colón,noun,A1
coma,noun,C1
comandante,noun,A2
comando,noun,A2
comarca,noun,C1
comarcal,adjective,B2
combate,noun,A1
combatir,preposition,B1
combatir,verb,C1
combinación,noun,B1
combinado,noun,B1
combinar,verb,B1
combustible,noun,B2
comedero,adjective,C1
comedia,noun,B2
comedir,verb,C1
comedor,adjective,A2
comedor,noun,A2
comendador,noun,B2
comensal,noun,C1
comentar,verb,B1
comentario,noun,C1
comentarista,noun,C1
comento,noun,B1
comenzar,verb,B2
comer,verb,A1
comercial,adjective,B2
comercialización,noun,C1
comercializar,verb,B2
comerciante,noun,A2
comerciar,verb,A2
comercio,noun,A2
comercio_exterior,noun,B2
comestible,adjective,A1
comestibles,noun,B1
cometa,noun,C1
cometer,verb,C1
cometido,noun,B2
comic,noun,A2
comicio,noun,C1
comida,noun,A1
comida_rápida,noun,A1
comienzo,noun,B2
comilona,noun,C1
comino,noun,B1
comisario,noun,B1
comisaría,noun,B1
comisionista,noun,C1
comisión,noun,B2
comisura,noun,C1
comitiva,noun,B2
comité,noun,B2
comité_central,noun,A1
como,adverb,C1
como,conjunction,C1
como,preposition,B1
como_nuevo,adverb,B1
como_que_no,adverb,B2
comodidad,noun,B2
comodín,noun,B1
comodísimo,adjective,A2
compa,noun,A2
compacto,adjective,C1
compacto,noun,B2
compadre,noun,A1
compaginar,verb,B2
comparable,adjective,B2
comparación,noun,C1
comparador,noun,C1
comparar,verb,A2
comparativo,adjective,C1
comparecer,verb,B2
comparsa,noun,A1
comparte,noun,A2
compartimento,noun,A2
compartir,verb,B2
compatible,adjective,B2
compatriota,noun,B2
compañerito,noun,A2
compañero,noun,A1
compañía,noun,B2
compendio,noun,C1
compenetración,noun,B2
compenetrar,verb,B2
compensación,noun,C1
compensar,verb,B2
competencia,noun,C1
competente,adjective,B2
competer,verb,B2
competición,noun,B1
competidor,noun,A1
competir,verb,C1
competitividad,noun,C1
competitivo,adjective,C1
compilación,noun,C1
compinche,noun,B1
complacer,verb,B2
complejidad,noun,C1
complejo,adjective,C1
complejo,noun,B2
complejo_turístico,noun,A2
complementación,noun,B2
complementar,verb,B1
complementario,adjective,C1
complemento,noun,A1
completar,verb,B2
completo,adjective,B1
complicación,noun,C1
complicar,verb,A2
complicidad,noun,C1
complutense,adjective,B2
componente,noun,C1
componer,verb,B2
comportamiento,noun,C1
comportar,verb,B2
composición,noun,B2
compositor,noun,A2
compositora,noun,B1
compostelano,adjective,B1
compotera,noun,B1
compra,noun,A1
comprador,noun,B2
comprar,verb,A1
compraventa,noun,A2
comprender,verb,B1
comprensible,adjective,A2
comprensivo,adjective,B2
comprensión,noun,C1
comprimido,noun,A2
comprimir,verb,B1
comprobable,adjective,B2
comprobación,noun,B1
comprobar,verb,B2
comprometer,verb,B2
compromiso,noun,B2
compuesto,noun,C1
compulsar,verb,C1
compulsivo,adjective,C1
computador,adjective,A2
computador,noun,B1
computar,verb,B2
compás,noun,A2
comunicacional,adjective,C1
comunicación,noun,C1
comunicación_empresarial,noun,B2
comunicado,noun,B2
comunicador,noun,A1
comunicar,verb,A1
comunicativo,adjective,A1
comunidad,noun,A2
comunidad_de_vecinos,noun,B1
comunismo,noun,C1
comunista,adjective,A1
comunista,noun,B1
comunitario,adjective,B2
comunitatis,noun,C1
comunión,noun,C1
común,adjective,C1
con,preposition,A1
con_dios,adverb,A2
con_todos_los_sentidos,adverb,B1
concebir,verb,B2
conceder,verb,C1
concejal,noun,C1
concejalía,noun,C1
concejalía_de_juventud,noun,A2
concejalía_de_medio_ambiente,noun,A2
concentración,noun,B1
concentrar,verb,A1
concepción,noun,C1
concepto,noun,B2
conceptual,adjective,B2
concerniente,adjective,B2
concertar,verb,B2
concesión,noun,C1
concha,noun,B2
conciencia,noun,B2
concienciación,noun,B2
concienciar,verb,B1
concierto,noun,A1
concierto_de_año_nuevo,noun,B2
conciliación,noun,B2
conciliar,verb,B2
concluir,verb,B2
conclusión,noun,B2
concorde,adjective,A2
concordia,noun,B1
concretar,verb,C1
concreto,adjective,C1
concreto,noun,B2
concubina,noun,A2
concurrir,verb,A2
concursante,adjective,B1
concursante,noun,B2
concurso,noun,A2
concurso_de_cocina,noun,B1
condal,adjective,C1
conde,noun,A1
conde_duque,noun,A1
condecorar,verb,B1
condena,noun,C1
condenar,verb,C1
condenatorio,adjective,C1
condensar,verb,B1
condicional,noun,C1
condicionante,noun,C1
condicionar,verb,B2
condición,noun,B2
condimentar,verb,A2
condimento,noun,C1
conducción,noun,C1
conducir,verb,A2
conducta,noun,B2
conductor,noun,A2
conectar,verb,A2
conector,noun,C1
conejo,noun,C1
conexión,noun,B1
confeccionar,verb,C1
confección,noun,B2
conferencia,noun,A1
conferenciante,noun,B2
conferir,verb,B2
confesar,verb,B1
confesión,noun,B2
confeti,noun,C1
confianza,noun,B2
confiar,verb,B2
confidencia,noun,C1
confidencialidad,noun,C1
confidente,noun,A2
configuración,noun,C1
configurar,verb,B2
confirmación,noun,B1
confirmar,verb,B1
confitar,verb,B2
confitero,noun,C1
confitería,noun,A1
conflictivo,adjective,C1
conflicto,noun,B2
conformar,verb,B2
conforme,conjunction,C1
conformidad,noun,B2
confort,noun,A1
confortable,adjective,B2
confundir,verb,B2
confusión,noun,B2
confuso,adjective,C1
conga,noun,A1
congelador,noun,A2
congelar,verb,C1
congestionar,verb,A2
conglomerado,noun,B2
congolés,adjective,A2
congregación,noun,B2
congregar,verb,C1
congreso,noun,C1
congrí,noun,A1
conguero,noun,B1
conjugación,noun,A2
conjugar,verb,B1
conjunción,noun,C1
conjuntivitis,noun,B2
conjunto,adjective,C1
conjunto,noun,B2
conjuro,noun,B1
conllevar,verb,B2
conmemorar,verb,B1
conmemorativo,adjective,C1
conmigo,pronoun,A2
conminar,verb,B2
conmoción,noun,B2
conmovedor,adjective,C1
conmover,verb,B1
connotación,noun,C1
connotar,verb,C1
cono,noun,B2
conocedor,noun,C1
conocer,verb,A1
conocido,noun,B1
conocimiento,noun,B2
conquista,noun,C1
conquistador,adjective,B1
conquistador,noun,B1
conquistar,verb,A2
consagrar,verb,B1
consciente,adjective,B2
consecución,noun,B2
consecuencia,noun,B2
consecutivo,adjective,C1
conseguir,verb,B2
consejero,adjective,B1
consejero,noun,C1
consejería,noun,B2
consejería_de_medio_ambiente,noun,B2
consejo,noun,B2
consejo_general_de_accionistas,noun,B2
consenso,noun,C1
consentir,verb,B1
conserje,noun,B1
conserva,noun,C1
conservación,noun,C1
conservador,adjective,A1
conservador,noun,B1
conservadurismo,noun,C1
conservante,noun,C1
conservar,verb,A1
conservatorio,noun,B1
considerable,adjective,B2
consideración,noun,B2
considerar,verb,B2
consigna,noun,A1
consiguiente,adjective,C1
consistencia,noun,B2
consistente,adjective,B1
consistir,verb,A2
consistorio,noun,B2
consola,noun,B2
consolar,verb,A2
consolidación,noun,B2
consolidar,verb,B2
consonante,noun,B2
conspiración,noun,B1
constante,adjective,B2
constar,verb,C1
constatación,noun,B2
constatar,verb,B2
constitucional,adjective,C1
constitución,noun,C1
constituir,verb,B2
construcción,noun,B2
constructor,adjective,A1
constructor,noun,A1
construir,verb,B2
consuelo,noun,B1
consulado,noun,A2
consulta,noun,A2
consultar,verb,A2
consultor,noun,B2
consultorio,noun,A2
consultoría,noun,C1
consumar,verb,C1
consumición,noun,A1
consumidor,noun,B2
consumir,verb,A2
consumismo,noun,C1
consumista,adjective,A2
consumo,noun,B1
consuntivo,adjective,C1
consustancial,adjective,C1
contabilidad,noun,C1
contabilizar,verb,B2
contable,adjective,C1
contactar,verb,B2
contacto,noun,A2
contador,adjective,B2
contador,noun,B1
contagiar,verb,A2
contagio,noun,B1
contagioso,adjective,B1
contaminación,noun,B1
contaminante,adjective,B1
contaminante,noun,C1
contaminar,verb,B2
contar,verb,A2
contemplación,noun,B2
contemplar,verb,C1
contemporáneo,adjective,A2
contemporáneo,noun,A2
contenedor,noun,B1
contener,verb,C1
contenido,noun,B2
contenido_televisivo_audiovisual,noun,C1
contentar,verb,A2
contento,adjective,A1
contento,noun,A2
contestador,noun,A2
contestar,verb,A2
conteste,adjective,B2
contexto,noun,C1
contigo,pronoun,A2
contiguo,adjective,B1
continental,adjective,A1
continente,noun,A1
continuación,noun,B1
continuar,verb,A2
continuidad,noun,C1
continuo,adjective,C1
contonear,verb,B1
contorno,noun,C1
contra,noun,C1
contra,preposition,A1
contra_la_drogadicción,noun,A2
contraargumentativo,adjective,C1
contraatacar,verb,C1
contrabando,noun,B1
contracción,noun,A2
contractual,adjective,C1
contradecir,verb,B2
contradicción,noun,C1
contradictorio,adjective,C1
contraer,verb,C1
contragolpe,noun,B2
contraindicación,noun,C1
contraorden,noun,C1
contraportada,noun,A2
contraposición,noun,B1
contraprestación,noun,B2
contrapunto,noun,B2
contrariamente,adverb,A2
contrariar,verb,B1
contrariedad,noun,B1
contrario,adjective,B1
contrario,noun,B2
contrarrestar,verb,C1
contrarrevolucionario,adjective,A1
contrarrevolucionario,noun,A1
contraseña,noun,C1
contrastar,verb,C1
contraste,noun,A1
contratación,noun,B2
contratar,verb,B2
contrato,noun,B2
contrayente,noun,B1
contribución,noun,C1
contribuir,verb,B2
control,noun,C1
controlador,noun,A1
controlar,verb,A2
controversario,noun,C1
controversia,noun,C1
controvertir,verb,C1
contundente,adjective,B2
convalecencia,noun,C1
convalidación,noun,C1
convencer,verb,B2
convencimiento,noun,C1
convencional,adjective,C1
convencional,noun,C1
convención,noun,B2
conveniencia,noun,B2
conveniente,adjective,B2
convenio,noun,B2
convenio_colectivo,noun,B2
convenir,verb,B2
convento,noun,B2
converger,verb,B1
conversacional,adjective,B1
conversación,noun,A2
conversar,verb,B1
converso,noun,A2
convertible,adjective,A1
convertir,verb,B1
convicción,noun,B2
convidar,verb,A2
convincente,adjective,C1
convite,noun,C1
convivencia,noun,B2
convivir,verb,B2
convocar,verb,B2
convocatoria,noun,B2
conyugal,adjective,C1
conífero,noun,B1
cooficial,adjective,C1
cool,adjective,B2
cooperación,noun,C1
cooperación_internacional_para_el_desarrollo,noun,C1
cooperante,noun,A2
cooperar,verb,B1
cooperativa,noun,C1
cooperativismo,noun,C1
cooperativo,adjective,B2
coordinación,noun,B2
coordinador,noun,B2
coordinar,verb,C1
copa,noun,A1
copal,noun,C1
copar,verb,C1
copia,noun,B1
copiar,verb,A2
copita,noun,A1
copla,noun,C1
coplero,noun,B2
copo,noun,A2
coproducción,noun,B2
copyright,noun,C1
coquetear,verb,B2
cora,noun,B1
coraje,noun,C1
coral,noun,A1
coralino,adjective,A2
corazón,noun,A2
corbata,noun,C1
corcho,noun,B2
corcovado,noun,A2
cordero,noun,A2
cordial,adjective,C1
cordialidad,noun,C1
cordillera,noun,A1
cordobés,adjective,C1
cordobés,noun,A1
cordón,noun,A2
coreano,noun,C1
corear,verb,C1
coreografía,noun,B2
coreógrafo,noun,B1
cormorán,noun,B1
corneta,noun,A1
coro,noun,A1
corona,noun,A2
coronar,verb,C1
coronel,noun,C1
corporación,noun,A2
corporal,adjective,C1
corporativo,adjective,B2
corpulencia,noun,C1
corpus,noun,B2
correa,noun,B1
corrección,noun,C1
correcto,adjective,C1
correcto,noun,A2
corrector,noun,B1
corredor,noun,C1
corregir,verb,A1
correlacionar,verb,C1
correo,noun,A2
correo_electrónico,noun,A2
correr,verb,A1
correspondal,noun,A2
correspondencia,noun,B2
corresponder,verb,B2
correspondiente,adjective,C1
corresponsabilidad,noun,B2
corresponsal,adjective,A2
corresponsal,noun,A2
corretear,verb,A1
correveidile,noun,C1
corrida,noun,C1
corrido,noun,A1
corriente,adjective,B1
corriente,noun,A1
corroborar,verb,C1
corromper,verb,C1
corrupción,noun,A2
corrupto,adjective,C1
corsario,noun,B1
corta,noun,A1
cortado,noun,B1
cortaplumas,noun,C1
cortar,verb,B1
corte,noun,B2
cortejo,noun,B1
cortesano,noun,C1
cortesía,noun,C1
corteza,noun,B2
cortijo,noun,B2
cortina,noun,A2
cortito,adjective,A2
corto,adjective,A2
cortocircuito,noun,C1
cortés,adjective,A2
cortés,noun,B1
coruñés,adjective,B2
corvina,noun,B1
corvo,adjective,B2
cosa,noun,A1
cosecha,noun,B1
cosechar,verb,B1
coser,noun,C1
coser,verb,B1
cosificar,verb,B2
cosita,noun,A1
coslada,noun,B2
cosmopolita,adjective,A1
cosmos,noun,C1
cosmético,adjective,A2
cosmético,noun,B1
cosquillas,noun,C1
costa,noun,A1
costa_brava,noun,A2
costado,noun,C1
costalero,noun,A2
costar,verb,A1
costarricense,adjective,A2
costarricense,noun,A1
coste,noun,B2
costear,verb,B2
costero,adjective,B2
costilla,noun,B2
costo,noun,C1
costoso,adjective,C1
costumbre,noun,A1
costura,noun,B1
costurera,noun,B1
cotejar,verb,B2
cotidianidad,noun,C1
cotidiano,adjective,B1
cotillear,verb,C1
cotilleo,noun,C1
cotización,noun,C1
cotizar,verb,C1
coto,noun,A2
covacha,noun,B2
coyuntura,noun,C1
coñac,noun,C1
crack,noun,A2
creación,noun,B2
creador,noun,B2
crear,verb,B2
creatividad,noun,B1
creatividad,verb,C1
creativo,adjective,B2
crecer,verb,B1
crecida,noun,C1
creciente,adjective,C1
crecimiento,noun,B2
credibilidad,noun,B2
credo,noun,A2
creencia,noun,C1
creer,verb,A2
crema,noun,A1
cremallera,noun,A2
cremoso,adjective,B2
crencha,noun,B1
crepe,noun,B1
crepuscular,adjective,C1
crepúsculo,noun,C1
creyente,adjective,B2
creyente,noun,B2
creíble,adjective,B2
criadero,adjective,B2
criado,noun,C1
crianza,noun,A2
criar,verb,C1
criatura,noun,C1
criba,noun,B2
crimen,noun,C1
criminal,adjective,C1
criminal,noun,A2
crin,noun,B2
criollo,adjective,A2
criollo,noun,A1
crisis,noun,C1
crispar,verb,C1
cristal,noun,B2
cristalería,noun,C1
cristianismo,noun,C1
cristianización,noun,B2
cristianizar,verb,A2
cristiano,adjective,C1
cristiano,noun,C1
cristina,noun,B2
cristino,adjective,A1
criterio,noun,B2
criticar,verb,B2
croar,verb,B1
croissant,noun,A2
cronista,noun,B1
cronología,noun,A2
cronológico,adjective,B2
cronómetro,noun,B2
croqueta,noun,C1
cruasán,noun,A1
cruce,noun,A2
crucero,noun,B2
cruceta,noun,B1
crucial,adjective,C1
crucigrama,noun,C1
crudo,adjective,B1
crudo,noun,A1
cruel,adjective,C1
crueldad,noun,B1
crujiente,adjective,A2
cruz,noun,C1
cruzar,verb,A1
cráneo,noun,C1
cráter,noun,A1
crédito,noun,C1
cría,noun,C1
críptico,adjective,B2
crítica,noun,C1
crítico,adjective,A2
crítico,noun,A2
crónica,noun,B1
crónico,adjective,B2
cuaderno,noun,B1
cuadra,noun,B1
cuadrado,noun,B1
cuadrar,verb,A1
cuadro,adjective,A2
cuadro,noun,A2
cuadrícula,noun,A1
cuadrúpedo,noun,A2
cuajar,verb,B2
cual,pronoun,B2
cualidad,noun,A1
cualificación,noun,B2
cualificar,verb,B2
cualitativo,adjective,C1
cualquier,determiner,A1
cualquiera,determiner,B2
cualquiera,pronoun,B2
cuando,conjunction,A2
cuando,pronoun,B1
cuantioso,adjective,C1
cuantitativo,adjective,C1
cuanto,adverb,C1
cuanto,determiner,A2
cuanto,noun,C1
cuanto,pronoun,B2
cuanto_más_mejor,adverb,B1
cuantía,noun,C1
cuarentañero,adjective,C1
cuarentena,noun,A2
cuarentón,adjective,B1
cuarentón,noun,C1
cuaresma,noun,B1
cuartar,verb,C1
cuartel,noun,C1
cuarto,adjective,A1
cuarto,noun,A2
cuate,noun,B1
cuatrimestre,noun,B1
cuatro,noun,A2
cuba,noun,A2
cubalibre,noun,B1
cubano,adjective,A1
cubano,noun,A1
cubierta,noun,B2
cubierto,noun,C1
cubismo,noun,B2
cubista,adjective,A2
cubista,noun,A2
cubito,noun,B1
cubo,noun,A2
cubrecama,noun,B1
cubrir,verb,A2
cucaracha,noun,A2
cuchara,noun,C1
cucharada,noun,B1
cucharadita,noun,A2
cucharón,noun,B2
cuchilla,noun,B1
cuchillada,noun,C1
cuchillero,noun,B2
cuchillería,noun,C1
cuchillo,noun,B1
cucurucho,noun,A2
cuelga,noun,B1
cuello,noun,A2
cuenca,noun,A2
cuenco,noun,B2
cuenta,noun,A1
cuentacuentos,noun,A2
cuentista,noun,C1
cuento,noun,A2
cuerda,noun,C1
cuerdo,adjective,B2
cuerdo,noun,C1
cuerno,noun,B2
cuero,noun,B1
cuerpo,noun,B1
cuerpo_nacional_de_policía,noun,B2
cuervo,noun,C1
cuesta,noun,C1
cuestionar,verb,C1
cuestionario,noun,A1
cuestión,noun,B2
cueva,noun,B2
cueza,noun,B1
cuidado,interjection,B1
cuidado,noun,B2
cuidador,noun,A1
cuidadoso,adjective,B1
cuidar,verb,A1
culebrón,noun,A2
culinario,adjective,A1
culminación,noun,C1
culminar,verb,C1
culpa,noun,B2
culpabilidad,noun,C1
culpabilizar,verb,A2
culpable,adjective,A2
culpable,noun,B1
cultivador,noun,B2
cultivar,verb,B1
cultivo,noun,B1
culto,adjective,A1
culto,noun,B1
cultura,noun,A1
cultural,adjective,A1
culón,adjective,B2
cumbia,noun,A1
cumbre,noun,A2
cumpleaños,noun,A2
cumplimentar,verb,C1
cumplimiento,noun,C1
cumplir,verb,B2
cuna,noun,B1
cuota,noun,C1
cupón,noun,A2
cura,noun,C1
curable,adjective,B1
curación,noun,B1
curandero,noun,C1
curar,verb,A2
curativo,adjective,B1
curiosidad,noun,B1
curioso,adjective,A1
curioso,noun,C1
curriculum,noun,B2
currículo,noun,B2
currículum,noun,B2
cursar,verb,B2
cursi,adjective,C1
cursillo,noun,B2
curso,noun,A1
curso_abierto,noun,B2
curso_de_orientación,noun,B1
curva,noun,B2
curvar,verb,B2
curvatura,noun,B2
curvo,adjective,C1
custodia,noun,C1
custodiar,verb,B2
cutis,noun,B2
cuyo,pronoun,B2
cuzco,noun,A2
cuzqueño,adjective,A2
cuántico,adjective,B1
cuánto,determiner,A1
cuánto,pronoun,A1
cuñado,noun,A1
cv,noun,B2
cálculo,noun,C1
cálido,adjective,B1
cámara,noun,A1
cáncer,noun,B2
cántabro,noun,A1
cántara,noun,B1
cápsula,noun,A2
cárcel,noun,C1
cárnico,adjective,C1
cártel,noun,B1
cáscara,noun,B1
cátedra,noun,C1
cédula,noun,C1
célebre,adjective,B2
célula,noun,C1
célula_madre,noun,C1
céntimo,adjective,A2
céntimo,noun,A1
céntrico,adjective,A1
céntrico,noun,A2
césped,noun,C1
cíborg,noun,B1
cíclico,adjective,C1
cíclope,noun,C1
címbalo,noun,C1
cínico,adjective,B2
círculo,noun,C1
cítara,noun,B2
cítrico,adjective,B2
cítrico,noun,B1
cívico,adjective,C1
cóctel,noun,B1
código,noun,B1
cólera,noun,B2
cómic,noun,B2
cómo,adverb,B2
cómo,noun,B1
cómo,pronoun,A2
cómoda,noun,B1
cómodo,adjective,B2
cómplice,noun,A2
cóncavo,adjective,B2
cóncavo,noun,B1
cóndor,noun,A2
cónico,adjective,C1
cónsul,noun,A2
cónyuge,noun,C1
córdoba,noun,B2
córner,noun,B2
córtex,noun,B2
cósmico,adjective,A1
cúmulo,noun,C1
cúpula,noun,B2
d,noun,C1
d'anglese,noun,A1
d'anoia,noun,A2
d'empúries,noun,A2
d'esquadra,noun,C1
d.n.i.,noun,C1
dactilar,adjective,A2
daiquiri,noun,B1
daltónico,adjective,C1
dama,noun,B1
damnificado,noun,C1
dandy,noun,B2
danza,noun,C1
danza_folclórica,noun,A1
danzante,noun,B1
danzar,verb,C1
danzarín,noun,C1
danés,adjective,A1
danés,noun,B1
dar,verb,A1
dar_de_alta,verb,C1
dar_las_gracias,verb,A2
dar_rienda_suelta_a,conjunction,C1
data,noun,B1
datar,verb,B2
dato,noun,B2
daun,noun,A2
dañar,verb,B2
dañino,adjective,C1
daño,noun,C1
daño_material,noun,C1
de,determiner,C1
de,noun,A1
de,preposition,A1
de música,preposition,A1
de totora,preposition,B1
de_acción_nacional,noun,C1
de_acuerdo,adverb,A1
de_aguas_claras,noun,A2
de_altos_vuelos,adjective,B1
de_aquí_y_de_allá,adverb,B1
de_ayala,noun,B2
de_bolsillo,adverb,C1
de_el_carpo,noun,B1
de_el_cusco,preposition,B1
de_el_español_urgente,noun,A2
de_el_espíritu_santo,noun,A2
de_el_partido_revolucionario_cubano,noun,A2
de_el_prado,noun,A2
de_el_triunfo,noun,A2
de_gadir,noun,A2
de_gracia,noun,B2
de_guadalupe,noun,B2
de_la_castellana,noun,A2
de_la_habana,noun,B1
de_la_virgen_de_la_paloma,noun,A2
de_las_delicias,noun,A2
de_los_reyes_católicos,noun,B1
de_los_uffizi,noun,B2
de_los_álamos,noun,A2
de_mano,adverb,A2
de_moda,adverb,A2
de_nuevo,adverb,B1
de_recambio,adjective,B1
de_recoletos,noun,A2
de_vacaciones,adjective,A2
de_vacaciones,adverb,A1
de_vuelta,preposition,A2
dealer,noun,B1
debajo,adverb,B2
debate,noun,C1
debatir,verb,B2
deber,noun,A1
deber,verb,B2
debilidad,noun,B2
debilitar,verb,C1
debutante,noun,B1
debutar,verb,A2
decadencia,noun,A2
decaer,verb,B2
decantar,verb,B2
decena,noun,C1
decencia,noun,C1
decepcionante,adjective,C1
decepcionar,verb,B2
decepción,noun,A2
decidir,verb,A2
decimoprimero,adjective,A1
decimosegundo,adjective,B2
decir,verb,A2
decisivo,adjective,B2
decisión,noun,B2
declaración,noun,B2
declarar,verb,B2
declive,noun,B1
decomisar,verb,B2
decoración,noun,A2
decorado,noun,B2
decorar,verb,A2
decorativo,adjective,B1
decrecer,verb,B2
decretar,verb,C1
decreto,noun,B2
dedal,noun,C1
dedicar,verb,A1
dedo,noun,C1
deducción,noun,B2
deducir,verb,A2
deensimismado,adjective,C1
defecto,noun,B2
defectuoso,adjective,B2
defender,verb,B2
defendido,noun,C1
defensa,noun,C1
defensivo,adjective,C1
defensor,noun,C1
deficiencia,noun,B2
deficiente,adjective,A1
definición,noun,B2
definir,verb,B2
definitivo,adjective,B2
deforestación,noun,B2
deformación,noun,B1
deformar,verb,C1
defraudar,verb,B2
degenerado,noun,B2
degenerar,verb,C1
deglutir,verb,C1
degradante,adjective,C1
degradar,verb,B2
degustación,noun,B1
degustar,verb,B2
dehesa,noun,A2
deidad,noun,C1
deja,noun,C1
dejar,verb,A2
deje,noun,C1
dejo,noun,B1
delantal,noun,C1
delante,adverb,A2
delantero,adjective,A2
delantero,noun,B1
delatar,verb,C1
delegación,noun,C1
delegado,noun,C1
delegar,verb,C1
deleitar,verb,B2
deleite,noun,C1
deletrear,verb,A1
delfos,adjective,B2
delfín,noun,A1
delgado,adjective,A2
delgado,noun,B1
delicadeza,noun,B2
delicado,adjective,C1
delicatessen,noun,B1
delicia,noun,A2
delicioso,adjective,A1
delictivo,adjective,C1
delimitar,verb,B2
delincuencia,noun,A2
delincuente,noun,A2
delirante,adjective,B1
delirio,noun,C1
delito,noun,C1
delta,noun,A2
demagogia,noun,B2
demanda,noun,C1
demandante,noun,C1
demandar,verb,C1
demasiado,adjective,B1
demasiado,adverb,A1
demasiado,determiner,A2
demasiado,pronoun,C1
demasiar,verb,A2
democracia,noun,B1
democratización,noun,C1
democratizador,adjective,C1
democrático,adjective,C1
demografía,noun,C1
demográfico,adjective,A2
demonio,noun,A1
demoníaco,adjective,B1
demorar,verb,A1
demostrable,adjective,C1
demostración,noun,C1
demostrar,verb,C1
demás,determiner,A2
demás,pronoun,B1
demócrata,adjective,B2
demógrafo,noun,C1
denegar,verb,C1
denigración,noun,C1
denominación,noun,A2
denominación_de_origen,noun,A2
denominación_de_origen_calificada,noun,A2
denominador,noun,B2
denominar,verb,C1
denostar,verb,B2
denotar,verb,C1
densidad,noun,B1
dentadura,noun,C1
dental,adjective,C1
dentista,noun,A2
dentro,adverb,A2
denuncia,noun,C1
denunciar,verb,B2
denuncio,noun,B2
departamental,adjective,C1
departamento,noun,C1
departamento_comercial,noun,C1
departamento_de_contabilidad,noun,B2
departamento_de_formación,noun,B2
departamento_de_marketing,noun,B2
departamento_de_publicidad,noun,C1
departamento_de_recursos_humanos,noun,A2
departamento_de_rr,noun,B2
departamento_escolar,noun,C1
departamento_legal,noun,C1
departamento_universitario,noun,C1
dependencia,noun,C1
depender,verb,A2
dependiente,adjective,B2
dependiente,noun,C1
depilación,noun,A2
depilar,verb,B1
deporte,noun,A1
deportista,adjective,A1
deportista,noun,A1
deportiva,adjective,B2
deportivo,adjective,A2
depositar,verb,B1
depredador,noun,B1
depresivo,adjective,C1
depresión,noun,B1
deprimir,verb,A2
deprisa,adverb,A1
depuración,noun,B2
depurar,verb,B2
depósito,noun,C1
derecha,noun,C1
derecho,adjective,B1
derecho,noun,C1
derivado,noun,C1
derivar,verb,C1
dermis,noun,B2
derramar,verb,B2
derretimiento,noun,C1
derretir,verb,B1
derribar,verb,B2
derrocar,verb,B1
derrochar,verb,A2
derrota,noun,B2
derrotar,verb,A2
derrotero,noun,B2
derrumbar,verb,B2
derrumbe,noun,C1
desabrochar,verb,B2
desaceleración,noun,C1
desacierto,noun,B1
desaconsejar,verb,C1
desacralización,noun,C1
desacreditar,verb,C1
desactivación,noun,B1
desacuerdo,noun,B2
desafiar,verb,A1
desafío,noun,B2
desagradable,adjective,B1
desahogo,noun,C1
desahuciar,verb,B2
desajuste,noun,B2
desalojar,verb,C1
desamor,noun,A2
desamparar,verb,C1
desamparo,noun,A2
desamueblar,verb,B2
desangelado,adjective,C1
desanimar,verb,B1
desaparecer,verb,B1
desaparecido,noun,B1
desaparición,noun,A2
desaprovechar,verb,B2
desarrollador,noun,B2
desarrollar,verb,B2
desarrollo,noun,B2
desasosiego,noun,B2
desastre,noun,C1
desastre_natural,noun,C1
desastroso,adjective,B2
desatar,verb,C1
desatender,verb,C1
desayunar,verb,A1
desayuno,noun,A1
desbocar,verb,C1
desbordante,adjective,B1
desbordar,verb,C1
descafeinar,verb,B1
descalificar,verb,B2
descalzar,verb,B2
descalzo,adjective,B1
descalzo,noun,A2
descampado,noun,C1
descansar,verb,A1
descanso,noun,A2
descarar,verb,A1
descarga,noun,C1
descargar,verb,C1
descargo,noun,B1
descarriar,verb,C1
descartar,verb,B2
descendencia,noun,C1
descender,verb,B1
descendiente,adjective,A1
descendiente,noun,B1
descendimiento,noun,B2
descenso,noun,C1
descentralización,noun,B2
descentralizar,verb,B2
descerebrado,adjective,B2
descodificar,verb,B1
descolgar,verb,A2
descolocar,verb,B2
descompensar,verb,B2
descomponer,verb,B1
descomposición,noun,B1
descomprimir,verb,B2
desconcentrado,adjective,B1
desconcertante,adjective,C1
desconcertar,verb,C1
desconcierto,noun,B2
desconectar,verb,A2
desconfiado,adjective,B1
desconfiado,noun,C1
desconfianza,noun,B2
desconfiar,verb,B1
descongelar,verb,C1
desconocer,verb,A2
desconocido,noun,A2
desconsolar,verb,B1
descontaminar,verb,A2
descontar,verb,B2
descontentar,verb,C1
descontento,adjective,A1
descontento,noun,C1
descontrol,noun,B2
descontrolar,verb,B2
descortés,adjective,B2
descortés,noun,A2
descoser,verb,B2
descreído,noun,B1
describir,verb,C1
descripción,noun,C1
descripción_meta,noun,C1
descriptivo,adjective,C1
descuajar,verb,B2
descubierta,noun,A2
descubridor,noun,A2
descubrimiento,noun,A2
descubrimiento_de_américa,noun,A2
descubrir,verb,A2
descuento,noun,A2
descuidar,verb,C1
desde,preposition,A1
desdentar,verb,C1
desdeñar,verb,C1
desdeñoso,adjective,C1
desdibujar,verb,C1
desdichado,adjective,A2
desdichado,noun,C1
desdén,noun,B1
deseable,adjective,C1
desear,verb,C1
desechable,adjective,B1
desechar,verb,B1
desecho,noun,A2
desembarazar,verb,B2
desembarcar,verb,C1
desembarco,noun,C1
desembocadura,noun,B2
desembocar,verb,B2
desembolso,noun,C1
desempeñar,verb,C1
desempeño,noun,C1
desempleado,adjective,A1
desempleo,noun,C1
desencadenar,verb,A2
desencanto,noun,C1
desenchufar,verb,B1
desenfrenar,verb,C1
desenmascarar,verb,A2
desenrollar,verb,A2
desentender,verb,B2
desenterrar,verb,B2
desenvolver,verb,C1
deseo,noun,C1
deseoso,adjective,B2
desequilibrio,noun,C1
desertización,noun,B1
desesperación,noun,A2
desesperado,noun,C1
desesperar,verb,A2
desestabilizar,verb,A2
desfase,noun,C1
desfavorable,adjective,B2
desfilar,verb,B1
desfile,noun,B1
desforestación,noun,C1
desgajar,verb,C1
desgana,noun,C1
desganar,verb,C1
desgarrador,adjective,C1
desgracia,noun,B1
desgraciar,verb,B2
deshacer,verb,C1
desheredar,verb,A2
deshidratar,verb,B2
deshielo,noun,B1
deshumanizar,verb,B2
desierto,adjective,B1
desierto,noun,A1
designación,noun,C1
designar,verb,B1
desigual,adjective,A2
desigualdad,noun,C1
desilusionar,verb,B1
desilusión,noun,B1
desinfectante,noun,C1
desinfectar,verb,C1
desinhibición,noun,C1
desinterés,noun,B2
desintoxicante,noun,C1
desistir,verb,C1
desleír,verb,B2
deslizar,verb,A2
deslumbrante,adjective,B2
deslumbrar,verb,C1
desmantelamiento,noun,C1
desmaquillar,verb,A2
desmayar,verb,B1
desmayo,noun,B2
desmesurar,verb,C1
desmontar,verb,B2
desmoronar,verb,C1
desmán,noun,B1
desnatar,verb,A1
desnivel,noun,A2
desnudar,verb,B2
desnudez,noun,B2
desnudo,adjective,B2
desnutrir,verb,C1
desobedecer,verb,B1
desocupar,verb,C1
desolación,noun,B2
desolador,adjective,B2
desolar,verb,C1
desorden,noun,B1
desordenar,verb,A2
desorganización,noun,C1
desorientar,verb,A2
despachar,verb,B1
despacho,noun,A2
despacho_de_justicia,noun,C1
despacho_de_relaciones_interiores,noun,C1
despacio,adverb,B1
despacio,interjection,B1
despacio,noun,A1
despacito,adverb,A1
desparramar,verb,C1
despectivo,adjective,A2
despedida,noun,A1
despedir,verb,A2
despegar,verb,C1
despegue,noun,B2
despejar,verb,B2
despensa,noun,B1
desperdiciar,verb,C1
desperdicio,noun,C1
desperdigar,verb,B2
desperfecto,noun,B2
despertador,adjective,B2
despertador,noun,B1
despertar,noun,B1
despertar,verb,A2
despeñadero,noun,C1
despido,noun,B2
despierto,adjective,C1
despilfarrador,adjective,C1
despilfarrar,verb,B2
despistado,noun,C1
despistar,verb,B1
desplazamiento,noun,C1
desplazar,verb,C1
desplegar,verb,B2
despliegue,noun,C1
desplomar,verb,C1
desplome,noun,C1
despojo,noun,B1
desposar,verb,C1
desprecio,noun,B2
desprender,verb,B2
despropiar,verb,B2
desproporcionar,verb,C1
despropósito,noun,C1
desproveer,verb,C1
después,adverb,A1
después_de,preposition,A1
despótico,adjective,C1
destacable,adjective,C1
destacar,verb,B2
destapar,verb,B2
destartalado,adjective,B2
desterrar,verb,B2
destetar,verb,C1
destierro,noun,B1
destinar,verb,B2
destinatario,noun,C1
destino,noun,A1
destituir,verb,B1
destreza,noun,C1
destronar,verb,B2
destrozar,verb,C1
destrucción,noun,C1
destructivo,adjective,C1
destructor,adjective,B2
destruir,verb,A2
desuso,noun,C1
desvelar,verb,C1
desventaja,noun,B1
desviación,noun,B2
desviar,verb,C1
desvincular,verb,B1
desván,noun,B2
desértico,adjective,C1
detallar,verb,C1
detalle,noun,B1
detallista,adjective,B1
detectar,verb,C1
detectiva,noun,B1
detective,noun,A2
detención,noun,B1
detener,verb,B1
detenido,noun,B1
detenimiento,noun,A1
detergente,adjective,B1
detergente,noun,B1
deteriorar,verb,A2
deterioro,noun,B2
determinación,noun,B2
determinante,adjective,C1
determinante,noun,C1
determinar,verb,C1
detestar,verb,A1
detonación,noun,B2
detonante,preposition,C1
detonar,verb,C1
detrito,noun,A2
detrás,adverb,A1
detrás,preposition,A2
deuda,noun,C1
deuda_estudiantil,noun,C1
devaluación,noun,B2
devastación,noun,B1
devastar,verb,B2
devenir,noun,C1
devenir,verb,B2
devoción,noun,C1
devolución,noun,B1
devolver,verb,A2
devorador,noun,B1
devorar,verb,B2
devoto,adjective,B2
devoto,noun,B1
diabetes,noun,C1
diabla,noun,C1
diablado,adjective,A2
diablo,noun,C1
diabético,adjective,B2
diabólico,adjective,A2
diagnosticar,verb,B2
diagnóstico,noun,B2
dialecto,noun,C1
dialogante,adjective,B1
dialogar,verb,C1
dialéctica,noun,A2
diamante,noun,B2
diapasón,noun,C1
diapositiva,noun,B2
diario,adjective,B2
diario,noun,A1
diario_de_la_guerra,noun,C1
diario_digital,noun,B2
diario_popular,noun,B1
diarrea,noun,B2
dibujante,noun,C1
dibujar,verb,A2
dibujo,noun,A2
diccionario,noun,B2
diccionaro,noun,A1
dicha,noun,B2
dichoso,adjective,C1
dictado,noun,B1
dictador,noun,C1
dictadura,noun,B1
dictaminar,verb,B1
diente,noun,A2
dieta,noun,A2
dietética,noun,A2
dietético,adjective,B2
diez,number,A1
diferencia,noun,B2
diferenciación,noun,C1
diferenciar,verb,C1
diferente,adjective,A1
diferir,verb,C1
dificultad,noun,A1
dificultar,verb,B2
difuminar,verb,C1
difundir,verb,C1
difunto,adjective,B1
difunto,noun,B1
difusión,noun,B2
difuso,adjective,C1
difícil,adjective,A1
digerir,verb,B2
digestivo,adjective,A1
digestión,noun,A2
digital,adjective,B2
dignar,verb,B2
dignidad,noun,C1
dignificar,verb,B2
digno,adjective,B1
dilatar,verb,C1
dilema,noun,B2
diligencia,noun,C1
diluir,verb,C1
diluvio,noun,C1
dimensión,noun,C1
diminutivo,adjective,A2
diminutivo,noun,C1
diminuto,adjective,C1
dimisión,noun,C1
dimitir,verb,B2
dinamismo,noun,B2
dinamita,noun,B2
dinamitar,verb,C1
dinamizar,verb,C1
dinastía,noun,C1
dinero,noun,A2
dinosaurio,noun,B2
dinámica,noun,C1
dinámico,adjective,A1
dios,interjection,A1
dios,noun,A2
diploma,noun,C1
diplomacia,noun,B1
diplomado,noun,C1
diplomático,adjective,C1
diplomático,noun,A1
diputación,noun,C1
diputación_provincial,noun,B1
diputado,noun,C1
dique,noun,C1
dirección,noun,A1
dirección_comercial,noun,B2
directiva,noun,B2
directivo,adjective,B2
directivo,noun,B2
directo,adjective,A1
director,noun,C1
director_de_producción,noun,B2
directora,noun,B1
directora_de_ventas,noun,B2
directora_ejecutiva,noun,B2
directriz,noun,B2
dirigencia,noun,C1
dirigir,verb,A2
discapacidad,noun,B2
discapacitado,adjective,B2
discapacitado,noun,A2
disciplina,noun,B2
disciplinar,verb,A1
disco,noun,A2
discográfico,adjective,C1
discordante,adjective,B1
discoteca,noun,A1
discreción,noun,C1
discreto,adjective,A2
discriminación,noun,C1
discriminar,verb,C1
disculpa,noun,B2
disculpar,verb,B2
discurso,noun,B2
discusión,noun,B2
discutir,verb,C1
discípulo,noun,C1
disensión,noun,C1
diseñador,noun,A1
diseñar,verb,B2
diseño,noun,A2
disfraz,noun,B1
disfrazar,verb,B1
disfrutar,verb,A1
disfrute,noun,C1
disgustar,verb,B1
disgusto,noun,B1
disidencia,noun,B1
disidente,noun,B1
disimular,verb,A2
disipar,verb,C1
disminución,noun,B2
disminuir,verb,B1
dismorfia,noun,C1
disociar,verb,C1
disolver,verb,C1
dispar,adjective,C1
disparar,verb,B2
disparidad,noun,C1
disparo,noun,B1
dispensar,verb,C1
dispensario,noun,A2
dispersar,verb,B2
dispersión,noun,B2
disperso,adjective,B2
disponer,verb,B2
disponibilidad,noun,B2
disponible,adjective,B2
disposición,noun,C1
dispositivo,adjective,B1
dispositivo,noun,B1
disputa,noun,B2
disputar,verb,C1
distancia,noun,C1
distanciamiento,noun,B1
distanciar,verb,C1
distante,adjective,C1
distar,verb,C1
distinguir,verb,B1
distintivo,noun,C1
distinto,adjective,B2
distorsión,noun,C1
distracción,noun,C1
distraer,verb,C1
distraído,noun,C1
distribución,noun,C1
distribuidor,noun,B2
distribuir,verb,B2
distrital,adjective,B2
distrito,noun,B2
distrito_federal,noun,A1
disturbio,noun,C1
diurético,adjective,C1
divagación,noun,C1
divergencia,noun,B1
diversidad,noun,B1
diversificación,noun,C1
diversión,noun,B2
diverso,adjective,B2
divertido,adjective,B2
divertir,verb,A1
dividir,verb,A1
divinidad,noun,C1
divino,adjective,B1
divisa,noun,C1
divisar,verb,B2
división,noun,C1
divisor,noun,B1
divorciar,verb,A1
divorcio,noun,B1
diván,noun,B1
diáfano,adjective,A2
diálogo,noun,B2
diámetro,noun,B2
diástole,noun,B2
diésel,noun,B2
dni,noun,B1
do,noun,C1
dobla,noun,B1
dobladillo,noun,C1
doblar,verb,C1
doble,adjective,C1
doble,noun,A2
doce,number,A1
docente,adjective,B2
docente,noun,C1
docilidad,noun,C1
doctor,noun,B1
doctorado,noun,B2
doctoral,adjective,C1
doctorar,verb,B1
documentación,noun,C1
documental,adjective,B2
documental,noun,A1
documentar,verb,A1
documento,noun,A2
documento_de_afiliación,noun,C1
documento_nacional_de_identidad,noun,B1
dogma,noun,B2
dogmático,adjective,B2
doha,noun,A2
doler,verb,A2
dolmen,noun,B2
dolor,noun,A2
dolorido,adjective,A2
doloroso,adjective,B2
domador,noun,A1
domesticación,noun,B1
domiciliación,noun,B2
domicilio,noun,A2
dominación,noun,C1
dominante,adjective,C1
dominar,verb,B1
domingo,noun,A2
dominical,adjective,B1
dominicano,adjective,B2
dominio,noun,B2
dominó,noun,A1
doméstico,adjective,B1
doméstico,noun,B1
don,noun,B1
don_sancho,noun,C1
donación,noun,A2
donante,adjective,C1
donante,noun,C1
doncella,noun,C1
donde,conjunction,C1
donde,pronoun,A1
donjuán,noun,B1
donostiarra,noun,A2
dopaje,noun,B1
dorada,noun,B1
dorado,adjective,A1
dorar,verb,C1
dormida,noun,A2
dormir,verb,A1
dormitorio,noun,A2
dorsal,adjective,B1
dorso,noun,C1
dos,noun,A1
dos,number,B1
dosier,noun,A1
dosis,noun,C1
dossier,noun,A1
dotación,noun,B2
dotar,verb,B2
dote,noun,C1
doñana,noun,A2
dragado,noun,A2
drago,noun,B1
dragón,noun,B1
drama,noun,B1
dramatismo,noun,B1
dramaturgo,noun,B1
dramático,adjective,B2
drenaje,noun,C1
droga,noun,B1
drogadicción,noun,B1
drogar,verb,B2
drogodependencia,noun,C1
droguería,noun,C1
drácula,noun,C1
drástico,adjective,B2
ducha,noun,A2
duchar,verb,A1
duda,noun,B2
dudar,verb,B2
duelo,noun,C1
duende,noun,C1
dueña,noun,C1
dueño,noun,B2
dulcamara,noun,C1
dulce,adjective,A1
dulce,noun,A1
dulce_de_leche,noun,B1
dulzón,adjective,A2
duna,noun,B1
duplicar,verb,C1
duquesa,noun,C1
duración,noun,A1
duradero,adjective,C1
durante,preposition,A1
durar,verb,A2
durazno,noun,B1
dureza,noun,C1
duro,adjective,A2
duro,noun,C1
dvd,noun,A2
dátil,noun,B1
débil,adjective,B2
débil,noun,C1
década,noun,B1
décima,noun,B2
décimo,noun,A2
déficit,noun,C1
día,noun,A1
día_de_reyes,noun,A1
día_de_viaje,noun,A1
días,noun,B1
dócil,adjective,C1
dólar,noun,A1
dónde,pronoun,A1
e,conjunction,C1
e-mail,noun,A1
e._equitación,noun,B1
ebanistería,noun,B1
echamos_de_menos,verb,A2
echar,verb,A2
eclipse,noun,C1
eclosión,noun,B2
eco,noun,C1
eco_vivienda,noun,C1
ecoaldea,noun,A1
ecobici,noun,B1
ecogastronomía,noun,B1
ecologista,adjective,B2
ecologista,noun,B2
ecología,noun,A2
ecológico,adjective,A1
economicista,adjective,C1
economista,noun,C1
economía,noun,C1
económico,adjective,B2
ecosistema,noun,B1
ecotasa,noun,B1
ecovidrio,noun,B1
ecuador,noun,A1
ecuatoriano,adjective,A1
ecuatoriano,noun,A1
ecuestre,adjective,A2
edad,noun,C1
edad_antigua,noun,B2
edad_contemporánea,noun,B2
edad_de_bronce,noun,B2
edad_de_hierro,noun,B2
edad_de_piedra,noun,B2
edad_media,noun,C1
edad_mediano,adjective,C1
edición,noun,C1
edificación,noun,C1
edificar,verb,C1
edificio,noun,A1
editar,verb,B2
editor,noun,C1
editorial,adjective,C1
editorial,noun,C1
eduardo,noun,A2
educación,noun,C1
educación_física,noun,B2
educación_pública,noun,C1
educador,noun,B1
educar,verb,A2
educativo,adjective,C1
edulcorante,noun,B2
efe,noun,A2
efectivo,adjective,A1
efecto,noun,B2
efecto_adverso,noun,C1
efectuar,verb,B2
efeméride,noun,C1
eficacia,noun,B2
eficaz,adjective,B2
eficiencia,noun,B2
eficiente,adjective,B1
efigie,noun,B1
efusivo,adjective,C1
efusión,noun,B2
efímero,adjective,B2
egipcio,adjective,B2
egipcio,noun,C1
ego,noun,C1
egocéntrico,adjective,C1
egoísmo,noun,B2
egoísta,adjective,B2
egoísta,noun,B1
egresar,verb,B2
egreso,noun,B2
eh,interjection,A2
eje,noun,B2
ejecución,noun,A2
ejecutar,verb,C1
ejecutivo,adjective,B1
ejecutivo,noun,C1
ejem,interjection,C1
ejemplar,adjective,B1
ejemplar,noun,A2
ejemplificar,verb,B2
ejemplo,noun,A1
ejercer,verb,C1
ejercicio,noun,A1
ejercicio_físico,noun,A1
ejercitar,verb,B2
ejército,noun,A2
el,conjunction,C1
el,determiner,A1
el,noun,C1
el,pronoun,B1
el curso,determiner,B1
el república,determiner,B2
el_aizkorri,noun,A1
el_andalus,noun,C1
el_banco_central,noun,A2
el_cauca,noun,B2
el_club_de_esquí_villasana,noun,B1
el_cono_sur,noun,B2
el_cual,pronoun,B2
el_desierto_de_las_palmas,noun,A1
el_ecuador,noun,A1
el_escorial,noun,A1
el_guernica,noun,A2
el_hospital_de_especialidades_la_raza_de_el_imss,noun,C1
el_inca,noun,A2
el_madrid_de_los_austrias,noun,A1
el_maine,noun,A2
el_mar,noun,B2
el_morro,noun,A1
el_noroeste_de_españa,noun,A2
el_país_vasco,noun,A2
el_poder_ejecutivo,determiner,B1
el_prado,noun,A1
el_que,pronoun,C1
el_real_madrid,noun,B1
el_retiro,noun,A2
el_roncal,determiner,A2
el_rosario,noun,A1
el_sagrado_corazón_de_la_rábita,noun,C1
el_salvador,noun,C1
el_trotero,noun,A1
el_val,noun,A2
el_vaticano,noun,B1
elaboración,noun,C1
elaborar,verb,B2
elasticidad,noun,C1
ele,interjection,A2
elección,noun,C1
elector,noun,C1
electorado,noun,C1
electoral,adjective,B2
electricidad,noun,A2
electricista,noun,B1
electrodoméstico,adjective,B1
electrodoméstico,noun,A2
electromagnética,adjective,B2
electromagnético,adjective,B2
electrónica,noun,C1
electrónico,adjective,A1
elefante,noun,B1
elegancia,noun,C1
elegante,adjective,A1
elegir,verb,B2
elemental,adjective,B2
elemento,noun,C1
elevación,noun,C1
elevador,adjective,B1
elevador,noun,B2
elevar,verb,B2
eliminación,noun,C1
eliminar,verb,B1
eliminatoria,noun,A2
elitista,adjective,B1
elixir,noun,C1
ellas,pronoun,B1
elle,noun,B1
ellen,noun,B1
ello,pronoun,B2
ellos,pronoun,A2
elocuencia,noun,C1
elogiar,verb,B1
elogio,noun,C1
elote,noun,B1
eludir,verb,C1
elástico,adjective,A2
eléctrico,adjective,B2
elíptico,adjective,C1
emanar,verb,B2
emancipación,noun,B2
emancipar,verb,A2
embajada,noun,A2
embajador,noun,B1
embalaje,noun,B1
embalse,noun,B1
embarazada,adjective,A2
embarazar,verb,C1
embarazo,noun,C1
embarazoso,adjective,A2
embarcación,noun,A1
embarcadero,noun,A2
embarcar,verb,B1
embargar,verb,C1
embargo,noun,B1
embellecer,verb,B2
embestida,noun,B2
embestir,verb,B2
emblema,noun,C1
emblemático,adjective,A1
emborrachar,verb,C1
emboscada,noun,C1
embotellar,verb,B1
embriagador,adjective,C1
embrionario,adjective,C1
embrión,noun,C1
embrujo,noun,B1
embutido,noun,A1
embutir,verb,A1
eme,noun,A1
emergencia,noun,A2
emergente,adjective,C1
emerger,verb,C1
emigración,noun,A2
emigrante,adjective,B1
emigrante,noun,B1
emigrar,verb,A1
emiliano_zapata,noun,B2
emilio_echevarría,noun,B1
eminente,adjective,C1
emir,noun,C1
emisión,noun,A2
emisor,adjective,C1
emisor,noun,C1
emisora,noun,B1
emitir,verb,C1
emma,noun,B1
emocional,adjective,C1
emocionante,adjective,A2
emocionar,verb,A2
emoción,noun,B2
emoliente,adjective,C1
emoticono,noun,B1
emotivo,adjective,C1
empanada,noun,A1
empanar,verb,A1
empapar,verb,B2
empaquetar,verb,B2
empatar,verb,B2
empate,noun,B2
empecer,verb,A2
empedrado,noun,A1
empeorar,verb,B2
emperador,noun,C1
emperador,verb,C1
emperatriz,noun,B2
empezar,verb,A2
empeñar,verb,C1
empeño,noun,C1
empinar,verb,C1
emplazamiento,noun,C1
empleado,noun,B1
empleador,noun,B2
emplear,verb,C1
empleo,noun,B2
empleo_estatal,noun,B2
empobrecer,verb,B1
empobrecimiento,noun,B1
emporio,noun,A2
empotrar,verb,C1
emprendedor,adjective,B2
emprender,verb,C1
empresa,noun,B2
empresarial,adjective,A1
empresario,noun,B2
empujar,verb,C1
empuje,noun,C1
empujón,noun,A1
empuñar,verb,B1
emú,noun,C1
en,determiner,B1
en,preposition,A1
en,pronoun,C1
en_alquiler,preposition,A2
en_buenas_manos,adverb,A2
en_cambio,adverb,B2
en_casa,adverb,B2
en_contra,adverb,B1
en_general,adverb,B1
en_perfecto_estado,adverb,B1
en_poco_tiempo,preposition,B1
en_público,adverb,B2
en_remojo,adjective,B1
en_un_santiamén,adverb,C1
en_venta,adverb,A1
enajenación,noun,B2
enamoradizo,adjective,B2
enamorado,adjective,A2
enamorado,noun,B2
enamoramiento,noun,B2
enamorar,verb,A1
enano,noun,B1
enardecer,verb,C1
encabezamiento,noun,B1
encabezar,verb,B2
encadenar,verb,B1
encajar,verb,B2
encalar,verb,C1
encaminar,verb,C1
encantado,adjective,B1
encantador,adjective,A2
encantar,verb,A1
encanto,noun,A1
encapuchado,adjective,A2
encapuchado,noun,A2
encarar,verb,C1
encarcelar,verb,B2
encargado,noun,B2
encargar,verb,A2
encargo,noun,A2
encarnar,verb,C1
encarnizar,verb,C1
encarrilar,verb,B1
encañonar,verb,C1
encender,verb,A2
encendido,noun,B2
encerrar,verb,C1
encerrona,noun,B2
enchilada,noun,B1
enchilar,verb,B1
enchufe,noun,C1
encierro,noun,C1
encima,adverb,B2
enclaustrar,verb,C1
enclavar,verb,C1
enclave,noun,A2
encoger,verb,B2
encomendar,verb,A1
encomienda,noun,C1
encontrar,verb,A1
encorvar,verb,C1
encuadrar,verb,C1
encuentro,noun,A1
encuentro_de_culturas,noun,A1
encuesta,noun,A2
encuestar,verb,B2
encumbrar,verb,B2
endeble,adjective,C1
endemoniado,noun,C1
enderezar,verb,C1
endeudar,verb,C1
endiablar,verb,B2
endorfina,noun,B1
endulzar,verb,B2
endurecer,verb,C1
ene,noun,A2
enemigo,adjective,B1
enemigo,noun,C1
enemistad,noun,C1
energético,adjective,B2
energía,noun,B2
energúmeno,noun,A2
enero,noun,A1
enfadado,adjective,B1
enfadadp,adjective,B1
enfadar,verb,A2
enfado,noun,A2
enfatizar,verb,C1
enfermar,verb,A2
enfermedad,noun,B1
enfermera,noun,A1
enfermero,noun,A2
enfermería,noun,A2
enfermo,adjective,A2
enfermo,noun,A2
enflorar,verb,C1
enfocar,verb,B2
enfoque,noun,C1
enfrentamiento,noun,C1
enfrentar,verb,B2
enfrente,adverb,B1
enfriar,verb,C1
enfundar,verb,B2
enfático,adjective,B1
engalanar,verb,B1
enganchar,verb,B2
engañar,verb,C1
engaño,noun,C1
engendrar,verb,C1
englobar,verb,C1
engominar,verb,B2
engordar,verb,A2
engorde,noun,C1
engorroso,adjective,B2
engranaje,noun,C1
engreír,verb,B1
engrosar,verb,B2
engullir,verb,B2
enhorabuena,adverb,A2
enigma,noun,C1
enigmático,adjective,A2
enjaular,verb,C1
enjuiciar,verb,C1
enlace,noun,C1
enloquecer,verb,C1
enlosar,verb,B2
enlutar,verb,C1
enmarcar,verb,C1
enmascarar,verb,B2
ennegrecer,verb,C1
enojar,verb,A1
enojo,noun,C1
enología,noun,B2
enorme,adjective,A2
enredador,adjective,C1
enredar,verb,C1
enredo,noun,B2
enrejado,noun,B2
enriquecedor,adjective,B2
enriquecer,verb,C1
enriquecimiento,noun,B2
enrollar,verb,A1
enroscar,verb,B2
enrular,verb,B1
ensaimada,noun,A1
ensalada,noun,A1
ensaladera,noun,B2
ensaladilla,noun,C1
ensamblaje,noun,B2
ensanchar,verb,B1
ensangrentar,verb,C1
ensayar,verb,A1
ensayista,noun,B1
ensayo,noun,C1
ensañar,verb,C1
enseguida,adverb,A1
enseña,noun,A1
enseñante,noun,C1
enseñanza,noun,A2
enseñanza_primaria,noun,C1
enseñanza_pública,noun,C1
enseñanza_secundaria_obligatoria,noun,C1
enseñar,verb,A1
ensombrecer,verb,B1
ensordecedor,adjective,B1
ensuciar,verb,B1
ente,noun,B2
ente_público,noun,C1
entender,verb,B1
entendimiento,noun,C1
enterar,verb,C1
enterno,adjective,C1
entero,adjective,B1
enterrar,verb,B1
entidad,noun,B2
entierro,noun,A1
entonación,noun,B1
entonar,verb,C1
entonces,adverb,A2
entornar,verb,C1
entorno,noun,B2
entrada,noun,A2
entramado,noun,C1
entrante,adjective,A1
entrante,noun,A1
entrar,verb,A2
entraña,noun,C1
entrañable,adjective,C1
entre,preposition,B1
entrechocar,verb,B1
entrecortar,verb,C1
entrecruzar,verb,A1
entrega,noun,B2
entregar,verb,B1
entrelazar,verb,A2
entrematar,verb,C1
entremezclar,verb,C1
entrenador,noun,C1
entrenamiento,noun,C1
entrenar,verb,B1
entresĳo,noun,B1
entretener,verb,A1
entretenida,noun,C1
entretenimiento,noun,B2
entrevista,noun,B2
entrevistador,noun,C1
entrevistar,verb,B2
entristecer,verb,B2
entrometer,verb,C1
entusiasmar,verb,B1
entusiasmo,noun,B1
entusiasta,adjective,B2
enumerar,verb,C1
enunciado,noun,C1
enunciar,verb,B1
envasar,verb,B2
envase,noun,B1
envejecer,verb,C1
envejecimiento,noun,C1
envenenar,verb,C1
envergadura,noun,C1
enviado,noun,A1
enviar,verb,B2
envidia,noun,A2
envidiable,adjective,B2
envidiar,verb,B2
envilecer,verb,C1
envión,noun,C1
envoltorio,noun,C1
envolver,verb,B1
envío,noun,B2
enérgico,adjective,C1
epicentro,noun,B2
epidemia,noun,B1
epidermis,noun,C1
episodio,noun,C1
epitafio,noun,B1
epígono,noun,C1
epílogo,noun,A2
equidad,noun,C1
equidna,noun,C1
equilibrar,verb,A1
equilibrio,noun,C1
equipaje,noun,A2
equipamiento,noun,C1
equipar,verb,C1
equiparable,adjective,B1
equiparar,verb,C1
equipo,noun,A2
equitación,noun,B1
equitativo,adjective,C1
equivalencia,noun,C1
equivalente,adjective,A2
equivalente,noun,C1
equivaler,verb,C1
equivocar,verb,B1
era,noun,C1
erar,verb,A1
ere,noun,B2
erguir,verb,B2
erigir,verb,B1
erizar,verb,C1
erizo,noun,C1
ermita,noun,C1
erosión,noun,A2
erradicar,verb,C1
erre,noun,A2
error,noun,C1
erróneo,adjective,B2
erupción,noun,B1
erótico,adjective,B2
es,verb,B1
esbelto,adjective,B1
esbozar,verb,C1
escala,noun,B2
escalada,noun,B2
escalar,verb,B2
escalera,noun,B1
escalerilla,noun,A2
escalinata,noun,C1
escalofrío,noun,B2
escalón,noun,A2
escama,noun,C1
escandalizar,verb,B2
escandaloso,adjective,C1
escandinavo,adjective,A1
escandinavo,noun,A1
escanear,verb,B1
escapar,verb,C1
escaparate,noun,A1
escape,noun,B1
escapo,noun,B1
escaque,noun,B2
escarabajo,noun,B1
escarbar,verb,C1
escarceo,noun,C1
escasear,verb,B2
escasez,noun,B2
escaso,adjective,C1
escaño,noun,C1
escena,noun,B2
escenario,noun,C1
escenificar,verb,B2
esclavitud,noun,C1
esclavizar,verb,B1
esclavo,adjective,B1
esclavo,noun,A1
esclerosis,noun,C1
escoba,noun,B2
escocés,adjective,C1
escoger,verb,C1
escolar,adjective,C1
escolar,noun,A1
escolaridad,noun,C1
escolarización,noun,C1
escolarizar,verb,C1
escombro,noun,B1
esconder,verb,A1
escopeta,noun,C1
escorpio,noun,A2
escorpión,noun,B1
escote,noun,C1
escriba,noun,C1
escribano,noun,B2
escribiente,noun,B2
escribir,verb,A1
escrito,noun,B1
escritor,noun,A1
escritora,noun,B1
escritorio,noun,B2
escritura,noun,C1
escrúpulo,noun,B2
escuadra,noun,A2
escucha,noun,A1
escuchar,verb,A1
escudilla,noun,C1
escuela,noun,A1
escuela_de_arte_teatral,noun,B1
escuela_de_hostelería,noun,C1
escuela_primaria,noun,A1
escuela_privada_concertada,noun,C1
escuela_superior,noun,A2
escultor,noun,A1
escultura,noun,A1
escupir,verb,B1
escurridor,noun,B2
escurrir,verb,B2
escándalo,noun,A1
escénico,adjective,C1
escéptico,adjective,C1
esdrújulo,adjective,B1
ese,determiner,A2
ese,pronoun,A1
esencia,noun,C1
esencial,adjective,B2
esfera,noun,C1
esforzar,verb,C1
esfuerzo,noun,B2
esfumar,verb,C1
esgrima,noun,B1
esguince,noun,B2
eslavo,adjective,B2
eslogan,noun,B1
eslógan,noun,B1
esmalte,noun,C1
esmeralda,noun,A1
esmerar,verb,C1
esmoquin,noun,B1
esnifar,verb,A2
eso,determiner,A1
esoterismo,noun,C1
esotro,determiner,C1
espabilar,verb,B2
espacial,adjective,B1
espacio,noun,B2
espada,noun,B1
espagueti,noun,A1
espalda,noun,B2
espaldarazo,noun,C1
espanto,noun,A2
espantoso,adjective,B1
esparadrapo,noun,C1
esparcimiento,noun,A2
esparcir,verb,C1
españa,noun,A1
español,adjective,A1
español,noun,A1
española,adjective,A2
españolizar,verb,B2
especia,noun,B1
especial,adjective,A1
especialidad,noun,A1
especialista,noun,C1
especialización,noun,C1
especializado,adjective,C1
especializar,verb,A2
especie,noun,B1
especiería,noun,C1
especificar,verb,C1
espectacular,adjective,A2
espectador,noun,C1
espectro,noun,C1
espectáculo,noun,A1
especulación,noun,C1
especular,verb,B2
especulativo,adjective,B2
específico,adjective,C1
específico,noun,C1
espejo,noun,A1
espejuelo,noun,A1
espeleología,noun,B1
espeluznante,adjective,B2
espera,noun,A2
esperanza,noun,C1
esperanzar,verb,A2
esperar,noun,A2
esperar,verb,A1
espeso,adjective,B2
espiar,verb,A1
espiga,noun,B1
espina,noun,B1
espinal,adjective,C1
espino,noun,C1
espinoso,adjective,B1
espionaje,noun,A1
espiral,noun,B1
espirar,verb,B2
espiritual,adjective,C1
espiritualidad,noun,C1
esplendor,noun,B2
esplendoroso,adjective,C1
espléndido,adjective,B1
espolvorear,verb,B1
espontaneidad,noun,C1
espontáneo,adjective,B2
esposar,verb,B1
esposas,noun,B1
esposo,noun,A2
espray,noun,A2
espresso,noun,B1
espuma,noun,A2
espumoso,adjective,B2
espárrago,noun,B2
espía,noun,C1
espíritu,noun,B1
espíritus,noun,C1
esquela,noun,B1
esqueleto,noun,B1
esquema,noun,C1
esquemático,adjective,B2
esquiar,verb,A1
esquimal,noun,B2
esquina,noun,A1
esquizofrenia,noun,B1
esquí,noun,A1
estabilidad,noun,C1
estable,adjective,B2
establecer,verb,B2
establecimiento,noun,B2
estaca,noun,C1
estacionamiento,noun,B1
estacionar,verb,B1
estación,noun,A1
estadio,noun,B2
estado,noun,C1
estados unidos,noun,A2
estados_unidos,noun,A2
estadounidense,adjective,A1
estadounidense,noun,C1
estadística,noun,B2
estadístico,adjective,B2
estafa,noun,B2
estafador,noun,A1
estafar,verb,A1
estallar,verb,C1
estallido,noun,C1
estamento,noun,B2
estampa,noun,A2
estampar,verb,C1
estampido,noun,B2
estancia,noun,A1
estanco,noun,B2
estandarizar,verb,B2
estanque,noun,B2
estante,noun,B1
estantería,noun,A2
estar,verb,A2
estar_de_moda,verb,A2
estatal,adjective,A1
estatua,noun,C1
estatuilla,noun,B1
estatura,noun,C1
estatus,noun,C1
estatuto,noun,B2
este,determiner,A1
este,noun,A1
este,pronoun,A1
estercolero,noun,A2
estereotipar,verb,A1
estereotipo,noun,B1
estertor,noun,C1
estigmatizar,verb,C1
estilista,noun,B2
estilo,noun,B2
estilográfico,adjective,A2
estimación,noun,C1
estimado,adjective,B1
estimar,verb,B2
estimulante,adjective,B1
estimular,verb,B2
estipulación,noun,B2
estipular,verb,B2
estiramiento,noun,B2
estirar,verb,C1
estiércol,noun,B2
esto,determiner,A2
estonio,adjective,A1
estornudo,noun,A1
estotro,determiner,B2
estrado,noun,A1
estrafalario,adjective,C1
estrambótico,adjective,C1
estrangulación,noun,C1
estrangular,verb,B2
estrategia,noun,C1
estrato,noun,B1
estratégico,adjective,C1
estrechamiento,noun,C1
estrechar,verb,B1
estrechez,noun,C1
estrecho,adjective,C1
estrecho,noun,B1
estrella,noun,A1
estrellar,verb,A2
estrellato,noun,B1
estremecer,verb,C1
estrenar,verb,B2
estreno,noun,A1
estrepitoso,adjective,C1
estresado,adjective,A2
estresante,adjective,A1
estresar,verb,A1
estreñimiento,noun,C1
estribación,noun,C1
estricto,adjective,C1
estridente,verb,C1
estrofa,noun,B1
estropear,verb,B1
estructura,noun,B2
estructurar,verb,C1
estrépito,noun,C1
estrés,noun,A1
estuario,noun,C1
estuche,noun,B1
estudiante,noun,A1
estudiantil,adjective,C1
estudiar,verb,A1
estudio,noun,A1
estudioso,adjective,B1
estudioso,noun,B1
estupendo,adjective,A1
estupidez,noun,A2
esturión,noun,C1
estándar,adjective,B1
estándar,noun,C1
estático,adjective,C1
estéril,adjective,B2
estética,noun,C1
estético,adjective,C1
estímulo,noun,B1
estómago,noun,A2
estúpido,adjective,B1
estúpido,interjection,B1
estúpido,noun,C1
etapa,noun,B2
etcétera,noun,B2
eterno,adjective,C1
etimología,noun,C1
etiqueta,noun,B1
etiquetado,noun,B2
etiquetar,verb,B2
etnia,noun,A2
etíope,adjective,B1
eucaliptus,noun,B1
eucaristía,noun,B2
eufemismo,noun,B1
euforia,noun,C1
eufórico,adjective,C1
euro,noun,A2
euro_zona,noun,A1
eurodiputado,noun,A2
europa,noun,A2
europeo,adjective,A1
europeo,noun,C1
eurotren,noun,A2
euskera,noun,A1
eutanasia,noun,A2
evacuar,verb,C1
evadir,verb,B1
evaluación,noun,B1
evaluador,noun,C1
evaluar,verb,B2
evangelio,noun,C1
evangelización,noun,B2
evaporar,verb,C1
evento,noun,A2
eventual,adjective,C1
evidencia,noun,B2
evidenciar,verb,B2
evidente,adjective,A2
evitar,verb,B2
evocación,noun,C1
evocador,adjective,C1
evocar,verb,B2
evolucionar,verb,B2
evolución,noun,B2
evolutivo,adjective,C1
ex,adjective,C1
ex,noun,C1
ex-novio,noun,B2
exacto,adjective,A2
exacto,interjection,A1
exageración,noun,C1
exagerar,verb,C1
exaltar,verb,C1
examen,noun,B2
examinando,noun,B2
examinar,verb,C1
exasperar,verb,B1
excavación,noun,A2
excavar,verb,C1
excedente,adjective,C1
excedente,noun,C1
exceder,verb,C1
excelencia,noun,C1
excelente,adjective,A1
excelentísimo,adjective,C1
excepcional,adjective,A1
excepción,noun,C1
excepto,preposition,B2
excesivo,adjective,B2
exceso,noun,B2
excitación,noun,C1
excitante,adjective,A1
excitar,verb,A1
exclamación,noun,A2
exclamar,verb,A1
excluir,verb,C1
exclusiva,noun,C1
exclusividad,noun,C1
exclusivo,adjective,A2
exclusión,noun,C1
excluyente,adjective,B2
excremento,noun,B2
exculpar,verb,C1
excursionista,noun,A2
excursión,noun,A1
excusa,noun,B1
excusado,noun,C1
excusar,verb,B2
excuso,noun,B1
excéntrico,adjective,B2
exfoliante,noun,C1
exhibición,noun,C1
exhibir,verb,C1
exhuberante,adjective,B2
exigencia,noun,B2
exigente,adjective,C1
exigir,verb,C1
exiliado,noun,A1
exiliar,verb,A1
exilio,noun,C1
existencia,noun,C1
existente,adjective,C1
existir,verb,A1
exitoso,adjective,B2
exorcismo,noun,A2
expandir,verb,C1
expansivo,adjective,B1
expansión,noun,C1
expatriación,noun,B2
expatriado,noun,B2
expatriar,verb,B2
expectación,noun,C1
expectativa,noun,C1
expedicionario,noun,A2
expedición,noun,C1
expediente,noun,A2
expendedor,adjective,A2
expensas,noun,C1
experiencia,noun,B2
experimentación,noun,C1
experimental,adjective,B1
experimentar,verb,B2
experimento,noun,C1
experto,adjective,C1
experto,noun,C1
expiación,noun,C1
explanada,noun,B1
explicación,noun,A2
explicar,verb,A1
explicitar,verb,B2
exploración,noun,C1
explorador,noun,A2
explorar,verb,B2
explosivo,adjective,B2
explosivo,noun,B1
explosión,noun,C1
explotación,noun,C1
explotar,verb,C1
explícito,adjective,C1
exponente,noun,B2
exponer,verb,B2
exportación,noun,B2
exportador,adjective,C1
exportador,noun,B1
exportar,verb,A1
exposición,noun,A1
expositor,noun,C1
expresar,verb,C1
expresionista,adjective,C1
expresividad,noun,C1
expresivo,adjective,C1
expresión,noun,A2
exprimidor,noun,B2
exprimir,verb,A2
expropiación,noun,B2
expropiar,verb,B2
exprés,adjective,B2
expulsar,verb,B2
expulsión,noun,C1
exquisito,adjective,B2
extender,verb,B1
extensión,noun,A2
extenso,adjective,C1
extenuación,noun,C1
extenuante,adjective,B2
exterior,adjective,C1
exterior,noun,B2
exterminador,noun,B1
exterminio,noun,B1
externo,adjective,C1
extinción,noun,A2
extinguir,verb,B2
extintor,noun,B2
extra,adjective,B1
extra,noun,A2
extracción,noun,B2
extracomunitario,adjective,B2
extraer,verb,C1
extraescolar,adjective,A1
extranjero,adjective,A1
extranjero,noun,A1
extraordinario,adjective,A1
extrasensorial,adjective,B1
extraterrestre,adjective,A2
extraterrestre,noun,A1
extravagante,adjective,C1
extraviado,adjective,B1
extraviar,verb,B2
extrañar,verb,A1
extrañeza,noun,B2
extraño,adjective,A2
extraño,noun,A2
extremar,verb,C1
extremeño,adjective,C1
extremeño,noun,C1
extremidad,noun,C1
extremista,adjective,B1
extremo,adjective,C1
extremo,noun,A1
extroversión,noun,C1
extrovertido,adjective,A1
exuberante,adjective,A2
exótico,adjective,A1
eólico,adjective,B2
f,noun,B1
fabada,noun,A1
fabricación,noun,A1
fabricante,noun,B1
fabricar,verb,A1
fabuloso,adjective,A1
faceta,noun,C1
facha,noun,B1
fachada,noun,B1
facial,adjective,B2
facilidad,noun,B2
facilitar,verb,C1
facilísimo,adjective,A2
factibilidad,noun,C1
factible,adjective,B2
factor,noun,C1
factor_de_protección_solar,noun,C1
factoría,noun,B2
factura,noun,A1
facturación,noun,B2
facturar,verb,A1
facultad,noun,A2
facultar,verb,C1
faena,noun,B2
faja,noun,B2
falda,noun,B1
faldero,adjective,C1
falla,noun,A2
fallar,verb,C1
fallecer,verb,C1
fallera,noun,B1
fallir,verb,C1
fallo,noun,B1
falsedad,noun,B2
falsificar,verb,B2
falso,adjective,A1
falta,noun,B1
faltar,verb,A2
fama,noun,A1
familia,noun,A1
familiar,adjective,A1
familiar,noun,A1
familiarizar,verb,C1
famoso,adjective,A1
famoso,noun,A2
fan,noun,A2
fanatismo,noun,B1
fanatizar,verb,C1
fantasioso,adjective,C1
fantasma,noun,B2
fantasmagórico,adjective,B1
fantasía,noun,C1
fantástico,adjective,A1
fantástico,interjection,A2
fanático,adjective,B1
fanático,noun,C1
farmacia,noun,A1
farmacéutico,adjective,C1
farmacéutico,noun,C1
faro,noun,B1
farol,noun,B1
farra,noun,B1
farsante,noun,C1
farándula,noun,B1
fascinación,noun,C1
fascinante,adjective,A1
fascinar,verb,A1
fascista,adjective,B1
fascista,noun,B1
fase,noun,C1
fastidiar,verb,A1
fatal,adjective,A2
fatalidad,noun,B1
fatiga,noun,A2
fatigar,verb,B1
fatigoso,adjective,B1
fatuo,noun,C1
fauna,noun,A2
fauno,noun,B1
favela,noun,A2
favor,noun,B2
favorable,adjective,B2
favorecer,verb,B2
favorita,adjective,B1
favorito,adjective,A1
favorito,noun,A1
fax,noun,A1
faxear,verb,A2
fe,noun,B1
fecha,noun,B2
fechoría,noun,B2
fecundación,noun,C1
fecundidad,noun,C1
federación,noun,C1
federal,adjective,B1
feedback,noun,B1
feliciano,noun,B1
felicidad,noun,B1
felicitación,noun,C1
felicitar,verb,C1
felino,noun,A2
feliz,adjective,A1
feliz_año_nuevo,noun,C1
feliz_navidad,noun,C1
femenino,adjective,A2
feminista,adjective,A2
feminista,noun,B1
fenicio,adjective,A2
fenicio,noun,B2
fenomenal,adjective,A2
fenómeno,noun,C1
feo,adjective,A2
feria,noun,B1
feria_de_alimentación,noun,C1
feria_gastronómica,noun,A2
fermentación,noun,A2
fermentar,verb,A2
fernandina,noun,B1
fernando_quiñones,noun,C1
ferocidad,noun,B1
feroz,adjective,B1
ferrocarril,noun,A2
ferrolano,adjective,C1
ferrovial,adjective,B2
fertilidad,noun,B1
fertilizante,noun,B2
fertilizar,verb,C1
ferviente,adjective,C1
festejar,verb,C1
festejo,noun,C1
festival,noun,A1
festival_de_cine,noun,C1
festival_de_jazz,noun,A2
festividad,noun,C1
festivo,adjective,A2
festivo,noun,A2
fetal,adjective,B2
fetiche,noun,B2
feudal,adjective,B2
feudalismo,noun,B2
feudatario,noun,C1
fi,noun,A1
fiable,adjective,B1
fiador,noun,C1
fiambre,noun,C1
fiar,verb,B1
fiasco,noun,B2
fibra,noun,B2
ficción,noun,B1
ficha,noun,C1
fichar,verb,B2
fichero,noun,A2
ficticio,adjective,B1
fidedigno,adjective,B2
fidelidad,noun,C1
fidelizar,verb,C1
fideo,noun,A1
fiebre,noun,C1
fiel,adjective,A2
fiel,noun,C1
fiera,noun,B2
fiero,adjective,B1
fierro,noun,C1
fiesta,noun,A2
fiesta_mayor,noun,B1
figueres,noun,A2
figura,noun,B1
figurar,verb,C1
figurativo,adjective,B1
figurita,noun,C1
fijación,noun,C1
fijar,verb,C1
fijo,adjective,B2
fila,noun,C1
filete,noun,B1
filiación,noun,C1
filial,noun,C1
film,noun,A1
filmar,verb,A1
filme,noun,B2
filmografía,noun,B2
filmoteca,noun,A2
filo,noun,B2
filología,noun,B1
filosofía,noun,C1
filtro,noun,B2
filósofo,adjective,B1
filósofo,noun,B1
fin,noun,A1
fin_de_año,noun,C1
fin_de_semana,noun,A1
final,adjective,B2
final,noun,A2
finalidad,noun,C1
finalista,adjective,C1
finalización,noun,C1
finalizar,verb,B2
financiación,noun,C1
financiar,verb,B2
financiero,adjective,B2
finanza,noun,A2
finanzas,noun,B2
finar,verb,B2
finca,noun,A2
finde,noun,A2
fineza,noun,B2
fingir,verb,A2
finisterrae,noun,B2
finito,adjective,B2
finlandés,adjective,B2
fino,adjective,B2
fiordo,noun,A1
firma,noun,C1
firmamento,noun,C1
firmante,adjective,B1
firmante,noun,C1
firmar,verb,B2
firme,adjective,C1
firme,noun,C1
firmes,interjection,A1
firmeza,noun,B1
fiscal,adjective,C1
fiscal,noun,C1
fiscalía,noun,C1
fiscalía_de_menores,noun,C1
fiscalía_general_de_el_estado,noun,B2
fisionomía,noun,B2
fisioterapia,noun,B2
fisonomía,noun,B2
fisura,noun,C1
flacidez,noun,C1
flaco,adjective,B1
flamante,adjective,C1
flamboyán,adjective,A1
flamboyán,noun,A1
flamenco,adjective,A1
flamenco,noun,A1
flan,noun,A2
flaquito,adjective,B1
flauta,noun,B1
flautista,noun,A1
flavia,noun,A1
flecha,noun,A2
flechar,verb,C1
flechazo,noun,B1
fleco,noun,C1
flequillo,noun,A1
fletar,verb,B2
flexibilidad,noun,B2
flexible,adjective,B2
flexionar,verb,B2
flirtear,verb,A2
flojo,adjective,C1
flor,noun,A2
flora,noun,A2
florecer,verb,C1
floreciente,adjective,B2
floricultura,noun,B1
florido,adjective,B1
floristería,noun,A2
flota,noun,A2
flotador,noun,B1
flotar,verb,C1
fluctuación,noun,B2
fluctuante,adjective,B2
fluidez,noun,C1
fluido,adjective,B2
fluido,noun,A2
fluir,verb,C1
flujo,noun,C1
flácido,adjective,C1
fobia,noun,C1
foca,noun,C1
foco,noun,B2
fogón,noun,C1
foie-gras,noun,B1
folclore,noun,A2
folclórico,adjective,C1
folio,noun,C1
folk,noun,B1
folklora,noun,B2
folklore,noun,C1
folklórico,adjective,B2
folleto,noun,B2
folletín,noun,B2
fomentar,verb,B2
fomento,noun,C1
fondo,noun,A2
fontana,noun,B1
fontanero,adjective,B2
fontanero,noun,B1
fontanería,noun,A2
fonética,noun,B1
fonético,adjective,B1
forastero,noun,B1
forense,adjective,B1
forense,noun,C1
forestal,adjective,B1
forfait,noun,A1
forja,noun,B1
forjador,noun,B1
forjar,verb,C1
forma,noun,B1
formación,noun,B2
formación_técnica_especializada,noun,C1
formal,adjective,C1
formalidad,noun,B1
formalizar,verb,C1
formar,verb,B1
formativo,adjective,B2
formatizar,verb,C1
formato,noun,B2
formulación,noun,C1
formular,verb,C1
formulario,noun,C1
fornido,adjective,C1
foro,noun,A2
forraje,noun,C1
forrar,verb,C1
fortalecer,verb,C1
fortalecimiento,noun,C1
fortalez,noun,A1
fortaleza,noun,A1
fortuna,noun,B2
fortín,noun,B1
forzar,verb,C1
fosca,noun,A2
fosfato,noun,B1
foso,noun,B2
foto,noun,A1
fotocopia,noun,C1
fotografiar,verb,B2
fotografía,noun,A1
fotográfico,adjective,B2
fotonatura,noun,C1
fotonovela,noun,B2
fotovoltaico,adjective,C1
fotógrafo,noun,A2
foucault,noun,B2
frac,noun,C1
fracasar,verb,C1
fracaso,noun,C1
fraccionar,verb,B2
fractura,noun,A2
fragancia,noun,C1
fragilidad,noun,B2
fragmentar,verb,B2
fragmento,noun,C1
fragua,noun,B2
fraile,noun,B2
francia,noun,A1
franciscano,adjective,B1
franco,adjective,B1
franco,noun,A1
franco_filia,noun,C1
francés,adjective,A1
francés,noun,A1
franja,noun,B1
franqueza,noun,B1
franquismo,noun,B2
franquista,adjective,C1
frasco,noun,A1
frase,noun,A1
frasquita,noun,B2
fraternidad,noun,B2
fraude,noun,C1
fray,noun,B1
frecuencia,noun,B2
frecuentar,verb,C1
frecuente,adjective,A1
fregar,verb,B2
fregasuelos,noun,B1
fregona,noun,B2
fregón,adjective,B1
frenar,verb,C1
frenazo,noun,B1
frenesí,noun,B1
frente,adverb,B2
frente,noun,A1
frenético,adjective,B2
fresa,noun,A1
fresco,adjective,A2
fresco,noun,B2
fresquísimo,adjective,A2
freír,verb,A1
frialdad,noun,C1
frigorífico,adjective,A2
frigorífico,noun,C1
frijol,noun,B1
frita,noun,A1
frondoso,adjective,B1
frontera,noun,B2
fronterizo,adjective,A2
frotar,verb,A2
fruncir,verb,B2
frustración,noun,B2
frustrado,adjective,A2
frustrar,verb,B2
fruta,noun,A1
frutal,adjective,B1
frutería,noun,A1
frutilla,noun,B1
fruto,noun,A1
frágil,adjective,A1
fríjol,noun,A1
frío,adjective,A1
frío,noun,A1
frívolo,adjective,C1
fuego,noun,A2
fuente,noun,B1
fuentesana,noun,A2
fuera,adverb,A1
fuerte,adjective,A2
fuerte,noun,B1
fuerza,noun,C1
fuga,noun,A2
fugada,noun,C1
fugar,verb,A1
fugaz,adjective,B1
fugitivo,noun,B1
fulgurar,verb,C1
fulminar,verb,C1
fumador,adjective,B1
fumador,noun,A2
fumar,verb,C1
funcional,adjective,C1
funcionamiento,noun,B2
funcionar,verb,B2
funcionario,noun,A1
función,noun,B2
funda,noun,B1
fundación,noun,A1
fundación_de_alcorcón,noun,A2
fundador,adjective,B1
fundador,noun,A2
fundamental,adjective,B2
fundamentar,verb,C1
fundamento,noun,B2
fundar,verb,A2
fundido,noun,C1
fundir,verb,C1
fundo,noun,C1
fungicida,adjective,B1
funicular,noun,B1
furgoneta,noun,B1
furia,noun,A2
furioso,adjective,B1
furor,noun,A2
furtivo,adjective,C1
fusilamiento,noun,A2
fusilar,verb,B1
fusionar,verb,A1
fusión,noun,C1
fustigar,verb,B2
futbito,noun,B1
futbolista,noun,B2
futbolín,noun,B2
futuro,adjective,C1
futuro,noun,B1
fábrica,noun,A1
fábula,noun,C1
fácil,adjective,A1
fármaco,noun,C1
fécula,noun,A1
félix_pantoja,noun,A1
fértil,adjective,B1
fíbula,noun,A2
física,noun,B1
físico,adjective,B2
físico,noun,A2
fórmula,noun,A2
fósforo,noun,A2
fósil,adjective,B2
fósil,noun,A2
fútbol,noun,A1
gabacho,noun,B2
gabinete,noun,B2
gabinete_jurídico,noun,A2
gable,noun,A1
gachupín,noun,B1
gaditano,adjective,C1
gaditano,noun,C1
gafas,noun,A1
gaita,noun,B2
gajo,noun,B1
gala,noun,C1
galardonar,verb,C1
galardón,noun,B1
galaxia,noun,C1
galería,noun,A1
galicismo,noun,B2
gallego,adjective,A1
gallego,noun,A1
galleta,noun,A2
gallina,noun,B1
gallinero,noun,B2
gallo,noun,A1
galápago,noun,B1
galón,noun,B2
gama,noun,A2
gamba,noun,A1
gana,noun,A1
ganadero,adjective,B2
ganadería,noun,B2
ganado,noun,A2
ganador,adjective,A2
ganador,noun,A2
ganancia,noun,B1
ganar,verb,A2
ganarse_la_vida,verb,B1
ganchillo,noun,C1
gancho,noun,C1
ganso,noun,C1
garabato,noun,B2
garaje,noun,A1
garantizar,verb,B2
garantía,noun,C1
garapiña,noun,A2
garbanzo,noun,B1
gardel,noun,B2
gardenia,noun,A2
garganta,noun,A2
garibaldi,noun,B1
garra,noun,C1
garrafa,noun,C1
garrote,noun,B2
garúa,noun,A2
gas,noun,C1
gasolina,noun,B2
gasolinero,noun,B1
gastar,verb,B2
gasto,noun,A2
gastroenteritis,noun,A2
gastrointestinal,adjective,B2
gastronomía,noun,A1
gastronómica,adjective,A2
gastronómico,adjective,B1
gastrónomo,noun,B2
gato,noun,C1
gaucho,noun,A1
gaviota,noun,B1
gay,adjective,C1
gazpacho,noun,A2
gears,noun,C1
gel,noun,C1
gelatinoso,adjective,C1
gemelo,adjective,A2
gemelo,noun,A2
gemir,verb,C1
gen,noun,C1
generacional,adjective,C1
generación,noun,B1
general,adjective,A2
general,noun,B2
generalista,adjective,C1
generalizar,verb,B1
generar,verb,B2
generosidad,noun,C1
generoso,adjective,A1
genial,adjective,A2
genialidad,noun,B2
genio,noun,B2
genoma,noun,C1
gente,noun,A1
gentil,adjective,B1
gentileza,noun,B2
genuino,adjective,B2
genética,noun,C1
genético,adjective,C1
geofísico,noun,C1
geografía,noun,C1
geográfico,adjective,A2
geológico,adjective,B1
geometría,noun,B1
geométrico,adjective,C1
geranio,noun,A1
gerencia,noun,C1
gerente,noun,A2
germano,adjective,B2
germánico,adjective,C1
gesta,noun,B2
gestación,noun,B1
gestar,verb,C1
gesticulante,adjective,B1
gesticular,verb,A1
gestionar,verb,C1
gestión,noun,B2
gestión_administrativa,noun,A2
gesto,noun,B1
gestor,noun,B2
gestoría,noun,C1
gigante,adjective,A1
gigante,noun,C1
gigantesco,adjective,B1
gijon,noun,B1
gil,noun,B1
gila,noun,B2
gimnasia,noun,B1
gimnasio,noun,A1
ginebra,noun,A2
ginecología,noun,C1
gira,noun,B2
girar,verb,B1
girasol,noun,B2
giratorio,adjective,A2
giro,noun,B2
gitano,adjective,C1
gitano,noun,C1
glaciar,adjective,B2
glaciar,noun,A1
glad,noun,A2
glasear,verb,B2
glasgow,noun,C1
glicólico,adjective,C1
global,adjective,B2
globalización,noun,B2
globalizar,verb,C1
globo,noun,B2
gloria,noun,A2
glorieta,noun,A2
glorificar,verb,B2
glorioso,adjective,A1
glotón,adjective,B2
glúteo,noun,B2
gmail.com,noun,B1
gobernabilidad,noun,C1
gobernador,noun,C1
gobernante,noun,B2
gobernar,verb,B1
gobierno,noun,B2
godo,adjective,C1
gol,noun,B2
goleador,noun,C1
golf,noun,A1
golfo,noun,B1
golondrina,noun,C1
golosina,noun,C1
golpe,noun,B1
golpe_de_estado,noun,A2
golpear,verb,C1
golpecito,noun,A2
golpiza,noun,B1
goma,noun,B1
gomina,noun,B1
gonález_hontoria,noun,B1
gordo,adjective,A1
gordo,noun,B1
gorila,noun,C1
gorra,noun,A1
gorro,noun,A2
gota,noun,B1
gourmet,adjective,A1
gourmet,noun,C1
gozada,noun,A2
gozar,verb,B2
gozne,noun,C1
gps,noun,B2
grabación,noun,B1
grabado,noun,C1
grabador,noun,B2
grabar,verb,A2
gracia,noun,A1
graciela_borges,noun,B1
graciela_iturbida,noun,C1
gracioso,adjective,A2
gracioso,noun,B1
grada,noun,B1
grado,noun,B2
graduación,noun,B1
graduado,noun,B2
gradual,adjective,C1
gradualidad,noun,B2
graduar,verb,B2
grafismo,noun,B1
grafitero,noun,B1
grafología,noun,C1
grafía,noun,B2
gramatical,adjective,C1
grammy,noun,B1
gramo,noun,A1
gramática,noun,C1
gramático,adjective,B2
gran,adjective,A1
gran_mariscal,noun,C1
grana,noun,C1
granada,noun,C1
granadino,adjective,A2
granadino,noun,B2
granar,verb,A1
granate,adjective,C1
grande,adjective,A1
grande,determiner,B2
grandeza,noun,B2
grandioso,adjective,B1
granel,noun,A2
granero,noun,A2
granito,noun,B1
granja,noun,C1
granjero,noun,B2
grano,noun,B1
grapa,noun,B1
grapadora,noun,B2
grasa,noun,B2
graso,adjective,B2
gratificación,noun,A1
gratificante,adjective,B1
gratinado,noun,B2
gratinar,verb,B2
gratis,adjective,A2
gratis,adverb,A2
gratitud,noun,C1
grato,adjective,B2
gratuidad,noun,C1
gratuito,adjective,A1
gravamen,noun,B2
grave,adjective,A1
gravedad,noun,C1
gravísimo,adjective,B1
grecia,noun,B1
grecolatino,adjective,B2
grecorromano,adjective,B2
green,noun,A2
greguería,noun,B1
gremial,adjective,C1
gremio,noun,C1
gres,noun,C1
gresca,noun,B1
griego,adjective,A2
griego,noun,A2
grieta,noun,C1
grifo,noun,B2
grill,noun,B2
gringo,adjective,A2
gringo,noun,A2
gripe,noun,A2
gris,adjective,A1
grisura,noun,C1
grita,noun,A1
gritar,verb,A1
grito,noun,C1
groningen,noun,A2
grosero,adjective,B2
grosor,noun,C1
grrr,interjection,B1
gruesa,noun,C1
grueso,adjective,A2
grumo,noun,B2
grupal,adjective,A2
grupo,noun,A1
grupúsculo,noun,B1
gruñido,noun,C1
gráfico,adjective,A1
gráfico,noun,B2
grúa,noun,C1
guacamole,noun,A1
guadalupe,noun,C1
guadarrama,noun,A2
guagua,noun,A1
guagüita,noun,B1
guajiro,adjective,A2
guajiro,noun,A2
guajolote,noun,C1
guanaco,noun,A2
guancasco,noun,B1
guantanamero,noun,A2
guante,noun,A2
guapo,adjective,A1
guapo,noun,A2
guapísimo,adjective,A2
guarachero,noun,A1
guaraní,adjective,A2
guaraní,noun,A1
guarda,noun,B1
guardar,verb,A2
guardarropa,noun,B1
guardería,noun,C1
guardia,noun,B2
guardia_civil,noun,B2
guardián,noun,C1
guarito,noun,A2
guaro,noun,A2
guata,noun,B1
guatemalteco,adjective,A1
guatón,adjective,B1
guay,adjective,A1
guay,interjection,A1
guayaba,noun,A1
guayabera,noun,A1
guerra,noun,A2
guerra_civil,noun,A2
guerra_mundial,noun,C1
guerrero,noun,B2
guerrilla,noun,B1
guerrillero,noun,A1
guess,noun,A2
gueto,noun,C1
guiar,verb,A1
guillermo_de_el_toro,noun,B1
guindilla,noun,B1
guineano,noun,C1
guion,noun,B1
guionista,noun,B1
guirnalda,noun,B1
guisa,noun,C1
guisado,noun,B2
guisante,noun,B1
guisar,verb,B2
guiso,noun,B1
guita,noun,B1
guitarra,noun,A1
guitarra_flamenca,noun,A2
guitarrista,noun,A1
guiñar,verb,C1
guiño,noun,A2
guión,noun,B1
gula,noun,B1
gura,noun,A1
gusanera,noun,A1
gusanita,noun,A2
gusano,noun,A1
gustar,verb,A1
gusto,noun,B1
gustoso,adjective,B1
guía,noun,A1
gástrico,adjective,A2
gélido,adjective,C1
género,noun,C1
góndola,noun,C1
gótico,adjective,A1
güero,adjective,B1
güey,noun,B1
güila,noun,A2
güiro,noun,B1
h,noun,A1
haba,noun,B2
habana,noun,A2
habanero,noun,A1
habano,adjective,A2
habano,noun,C1
haber,noun,C1
haber,verb,A2
habichuela,noun,B2
habilidad,noun,B2
habilitar,verb,C1
habitabilidad,noun,C1
habitación,noun,A1
habitante,noun,A1
habitar,verb,B2
habitat,noun,C1
habitual,adjective,C1
habituar,verb,C1
habla,noun,A1
hablador,adjective,B2
hablante,noun,C1
hablar,verb,A1
hacendado,noun,B2
hacendar,verb,A2
hacendoso,adjective,B2
hacer,conjunction,B2
hacer,noun,C1
hacer,verb,A1
hacer_balance,verb,A2
hacha,noun,B2
hache,noun,A1
hacia,conjunction,A2
hacia,preposition,B1
hacienda,noun,A1
hada,noun,B2
hada_madrina,noun,B2
haiga,noun,C1
haiku,noun,C1
haitiano,adjective,A1
haitiano,noun,A1
hala,interjection,B1
halagar,verb,B1
halcón,noun,A1
hallar,verb,C1
hallazgo,noun,C1
halterofilia,noun,B2
hamaca,noun,A2
hambre,noun,A2
hambriento,adjective,B2
hambruna,noun,C1
hamburguesa,noun,A2
hamburguesería,noun,B1
hamburgués,adjective,B1
harina,noun,A1
hartar,verb,B2
harto,adjective,B1
harto,adverb,B1
harvard,noun,B1
harén,noun,C1
hasta,adverb,A1
hasta,preposition,A1
haz,noun,B2
hazaña,noun,C1
hazmerreír,noun,C1
heavy,noun,B2
hebreo,adjective,C1
hebreo,noun,C1
hechicero,noun,B1
hechizo,noun,B2
hecho,noun,B2
helada,noun,B1
heladera,noun,B1
heladero,noun,A1
heladería,noun,A1
helado,noun,A1
helar,verb,A2
helecho,noun,B1
heleno,noun,A2
helicóptero,noun,B1
hembra,noun,C1
hemeroteca,noun,B1
hemisferio,noun,B2
hender,verb,B2
herbicida,adjective,B1
herborista,noun,B1
heredar,verb,C1
heredero,adjective,B1
heredero,noun,A2
herejía,noun,C1
herencia,noun,B2
herida,noun,C1
herido,noun,A2
herir,verb,B2
hermanamiento,noun,A2
hermanastro,noun,B2
hermano,noun,A1
hermoso,adjective,A2
hermético,adjective,C1
hernia,noun,B2
heroicidad,noun,B2
heroico,adjective,B2
heroida,noun,B2
heroína,noun,C1
heroísmo,noun,C1
herramienta,noun,B2
herrero,noun,A1
herrería,noun,B2
hervir,verb,A2
hespérides,adjective,B1
heterodoxia,noun,B1
hexagonal,adjective,B2
hidalgo,noun,C1
hidratación,noun,C1
hidratante,adjective,C1
hidratar,verb,A2
hidrato,noun,A1
hidrocarburo,noun,B2
hidrografía,noun,C1
hidrológico,adjective,C1
hidrosfera,noun,C1
hidráulico,adjective,A1
hielo,noun,A2
hierba,noun,A1
hierbabuena,noun,A1
hierro,noun,B1
higiene,noun,B2
higiénico,adjective,A1
higo,noun,B1
higuera,noun,C1
hija,noun,B1
hijo,noun,A1
hilera,noun,C1
hilo,noun,B1
himno,noun,A1
hincapié,noun,C1
hinchada,noun,B2
hinchar,verb,B1
hinchazón,noun,C1
hindi,adjective,A2
hip-hop,noun,B1
hiperactivo,adjective,B2
hiperconectar,verb,B2
hipermercado,noun,A2
hipnotizador,adjective,B1
hipnotizador,noun,C1
hipnotizar,verb,B1
hipocondríaco,noun,A2
hipocorístico,adjective,C1
hipocresía,noun,C1
hipodérmico,adjective,B1
hipoteca,noun,A2
hipotético,adjective,C1
hippie,noun,A2
hipster,noun,B2
hipócrita,adjective,B1
hipótesis,noun,C1
hispanidad,noun,B1
hispano,adjective,A1
hispano,noun,C1
hispanoamericano,adjective,A1
hispanoamericano,noun,B1
hispanoamérica,noun,B2
hispanoargentino,adjective,B2
hispanohablante,adjective,B1
hispanohablante,noun,B1
hispanomusulmán,adjective,A1
hispanorromano,adjective,C1
hispanorromano,noun,C1
hispanófono,adjective,B2
hispánico,adjective,A2
historia,noun,A1
historia_de_el_arte,noun,A1
historia_natural,noun,C1
historiador,noun,B1
historieta,noun,B2
histéresis,noun,C1
histérico,adjective,A2
histórico,adjective,A1
histórico-artístico,adjective,B2
hit,noun,A2
hito,noun,A2
hobby,noun,A1
hocico,noun,C1
hogar,noun,C1
hogareño,adjective,A1
hoguera,noun,A1
hoja,noun,A2
hoja_de_papel,noun,B2
hojalata,noun,B1
hojarasca,noun,A2
hojear,verb,B1
hola,interjection,A1
holanda,noun,A2
holandés,adjective,A1
holandés,noun,A1
hollín,noun,C1
holocausto,noun,C1
hombre,interjection,A1
hombre,noun,A1
hombro,noun,A2
homenaje,noun,B2
homeopatía,noun,B1
homeópata,adjective,C1
homicidio,noun,C1
homo,adjective,B2
homofobia,noun,B1
homogéneo,adjective,C1
homologación,noun,C1
homologar,verb,C1
homosexual,adjective,C1
homínido,noun,B2
hondo,adjective,C1
hondureño,adjective,B1
honestidad,noun,B1
honesto,adjective,C1
hongo,noun,C1
honor,noun,C1
honorario,adjective,C1
honorífico,adjective,C1
honrar,verb,C1
hora,noun,A1
horario,adjective,C1
horario,noun,A1
horario_de_verano,noun,A2
horizontal,adjective,C1
horizonte,noun,C1
hormiga,noun,B2
hormigueo,noun,B1
hormiguero,noun,C1
hormigón,noun,C1
hormona,noun,B2
hornear,verb,C1
horno,noun,B2
horquilla,noun,C1
horrible,adjective,A1
horror,noun,A2
horrorizar,verb,A2
horroroso,adjective,B2
hortaliza,noun,C1
hortensia,noun,A1
hortera,adjective,A2
hortera,noun,A2
horticultor,noun,B1
hortofrutícola,adjective,B2
horóscopo,noun,A2
hospedar,verb,B1
hospital,noun,B1
hospital_general,noun,B2
hospital_universitario,noun,B1
hospitalario,adjective,C1
hospitalidad,noun,A2
hospitalizar,verb,B2
hostal,noun,B2
hostelera,noun,A1
hostelero,noun,A1
hostelería,noun,A2
hostería,noun,B1
hostil,adjective,B1
hotel,noun,A1
hotelero,adjective,B2
hotelero,noun,B1
hoy,adverb,A1
hoy_en_día,adverb,A2
hoyo,noun,C1
hoz,noun,B2
huaca,noun,A2
huachafo,adjective,B1
hualo,noun,B1
hueco,noun,C1
huelga,noun,A1
huella,noun,C1
huerfanita,noun,B2
huerta,noun,B2
huerta_vertical,noun,B1
huerto,noun,A1
huerto_urbano,noun,B1
hueso,noun,C1
hueva,noun,C1
huevo,noun,A1
huir,verb,C1
humahuaca,noun,B2
humanidad,noun,B2
humanista,adjective,A2
humanitario,adjective,B1
humano,adjective,B2
humano,noun,B1
humanístico,adjective,C1
humberto,noun,B1
humectante,noun,C1
humedad,noun,C1
humildad,noun,C1
humilde,adjective,B2
humillante,adjective,C1
humillar,verb,C1
humo,noun,A2
humor,noun,A1
humorista,noun,A1
humorístico,adjective,B1
hundimiento,noun,A2
hundir,verb,B2
huracán,noun,C1
hurtado,noun,B1
huy,interjection,A2
huérfano,noun,B2
huésped,noun,B1
hábil,adjective,C1
hábitat,noun,A2
hábito,noun,A1
hélice,noun,B2
hércules,noun,B1
héroe,noun,A2
híbrido,noun,A2
hídrico,adjective,C1
húmedo,adjective,A1
húngaro,noun,B2
i,noun,A2
iberia,noun,A2
iberoamericano,adjective,C1
iberoamericano,noun,C1
ibérico,adjective,B1
ibérico,noun,B1
iceberg,noun,B2
icono,noun,B2
iconografía,noun,C1
ida,noun,A1
idea,noun,A2
ideal,adjective,A1
ideal,noun,A2
idealismo,noun,B2
idealista,adjective,C1
idealista,noun,B1
idealizar,verb,A2
idear,verb,B2
identidad,noun,A1
identificación,noun,B1
identificar,verb,C1
ideología,noun,C1
ideológico,adjective,C1
ideólogo,noun,C1
idilio,noun,B2
idioma,noun,A1
idiomático,adjective,C1
idiosincrasia,noun,B2
idiota,adjective,B2
idiota,noun,B1
idéntico,adjective,A2
idílico,adjective,B2
idólatra,noun,C1
idóneo,adjective,C1
iglesia,noun,A1
iglesia_evangélica,noun,A2
iglú,noun,B2
ignorancia,noun,C1
ignorante,adjective,C1
ignorante,noun,B2
ignorar,verb,C1
igual,adjective,A2
igual,adverb,A1
igual,noun,B1
iguala,noun,A2
igualar,verb,C1
igualdad,noun,A2
igualdad_de_oportunidades,noun,A2
igualitario,adjective,C1
igualitarismo,noun,C1
igualitico,adjective,A2
iguana,noun,B1
ii_república,noun,A2
ilegal,adjective,A1
ilegítimo,adjective,B1
iluminación,noun,B2
iluminar,verb,B1
ilusionar,verb,B2
ilusión,noun,B2
ilustración,noun,B2
ilustrador,noun,B2
ilustrar,verb,A2
ilustre,adjective,B1
imagen,noun,A1
imaginable,adjective,C1
imaginación,noun,C1
imaginar,verb,A2
imaginario,adjective,A2
imaginario,noun,C1
imaginativo,adjective,A2
imborrable,adjective,B2
imbécil,adjective,C1
imbécil,noun,B2
imitar,verb,B1
impaciencia,noun,B1
impaciente,adjective,A2
impactante,adjective,C1
impactar,verb,C1
impacto,noun,C1
impago,noun,C1
impalpable,adjective,C1
impar,adjective,A2
impar,noun,C1
imparable,adjective,B2
imparcial,adjective,B2
imparcialidad,noun,B2
impartir,verb,B2
impasible,adjective,B1
impecable,adjective,C1
impedido,noun,C1
impedir,verb,C1
impensable,adjective,B2
imperante,adjective,B2
imperativo,noun,B1
imperdonable,adjective,B1
imperfección,noun,C1
imperfecto,adjective,B2
imperfecto,noun,B2
imperialista,adjective,A1
imperio,noun,A2
impermeable,adjective,A2
impersonal,adjective,A2
implacable,adjective,B1
implantación,noun,C1
implantar,verb,B2
implante,noun,C1
implicación,noun,C1
implicar,verb,B2
imponer,verb,C1
impopular,adjective,C1
importación,noun,B2
importancia,noun,B2
importante,adjective,A1
importante_empresa_de_el_sector_de_recambios_de_automóvil_desea_incorporar_para_sus_oficinas_de_cataluña,noun,B2
importar,verb,A2
importe,noun,B2
imposibilidad,noun,C1
imposible,adjective,A2
imposición,noun,B2
impostor,adjective,A2
impostor,noun,B2
impotente,adjective,B2
imprecisión,noun,C1
impreciso,adjective,B1
impregnar,verb,B1
imprenta,noun,B2
imprescindible,adjective,A2
impresentable,adjective,A2
impresionante,adjective,A1
impresionar,verb,B1
impresión,noun,B2
impreso,noun,C1
impresora,noun,A2
imprevisible,adjective,A2
imprevisto,noun,B2
imprimar,verb,A2
imprimir,verb,C1
improductivo,adjective,B2
impronta,noun,B2
improvisación,noun,B2
improvisador,noun,B1
improvisar,verb,B2
improviso,adjective,A2
imprudencia,noun,A2
impuesto,noun,B2
impulsar,verb,C1
impulsividad,noun,C1
impulsivo,adjective,B2
impulso,noun,C1
impuntual,adjective,C1
impureza,noun,B2
imputar,verb,C1
inacabado,adjective,A2
inaccesible,adjective,C1
inactivo,adjective,B1
inadaptación,noun,C1
inagotable,adjective,C1
inalcanzable,adjective,C1
inalámbrico,adjective,B2
inapelable,adjective,C1
inauguración,noun,A2
inaugural,adjective,C1
inaugurar,verb,B2
inbio,noun,A2
inca,adjective,A1
inca,noun,A2
incaico,adjective,B1
incalculable,adjective,C1
incansable,adjective,B1
incapacidad,noun,C1
incapaz,adjective,B2
incendiar,verb,B1
incendio,noun,B2
incentivo,noun,C1
incertidumbre,noun,B2
incidencia,noun,B1
incidente,noun,C1
incidir,verb,C1
incienso,noun,B1
incierto,adjective,C1
incineradora,noun,A2
incinerar,verb,B1
incitar,verb,C1
inclemencia_invernal,noun,A2
inclinación,noun,C1
inclinar,verb,B2
incluir,verb,C1
inclusive,adverb,C1
inclusivo,adjective,B1
inclusión,noun,C1
incluso,adverb,B2
incoloro,adjective,C1
incomodar,verb,B1
incomodidad,noun,C1
incomparable,adjective,B1
incompatibilidad,noun,C1
incompatible,adjective,B1
incompetencia,noun,B2
incompetente,adjective,B2
incompleto,adjective,A1
incomprendido,noun,B2
incomprensible,adjective,B1
incomprensión,noun,C1
incomunicación,noun,C1
incomunicar,verb,C1
inconcebible,adjective,B1
inconfundible,adjective,A2
incongruente,adjective,C1
inconmovible,adjective,C1
inconsciencia,noun,C1
inconsciente,adjective,B1
inconsciente,noun,B1
inconsistente,adjective,C1
inconstante,adjective,A1
incontrolado,adjective,B1
inconveniencia,noun,B2
inconveniente,adjective,B2
inconveniente,noun,A2
incorporación,noun,C1
incorporar,verb,B2
incorrecto,adjective,A1
incorregible,adjective,A2
incredulidad,noun,A2
incrementar,verb,B2
incremento,noun,B2
increíble,adjective,A1
incrustar,verb,B1
incubación,noun,A2
incubadora,noun,B2
inculcar,verb,B2
inculpado,noun,C1
inculto,adjective,C1
incumbencia,noun,C1
incumplir,verb,B2
incurable,adjective,C1
incursión,noun,B2
incómodo,adjective,A2
indagación,noun,C1
indagar,verb,B2
indecisión,noun,B1
indeciso,adjective,B2
indefenso,adjective,B1
indefinido,adjective,B2
indefinido,noun,B2
indeleble,adjective,C1
indemnización,noun,C1
indemnizar,verb,C1
independencia,noun,B2
independentista,adjective,C1
independentista,noun,A2
independiente,adjective,B2
independiente,noun,A2
independizar,verb,B2
indescriptible,adjective,C1
indeseado,adjective,C1
indestructible,adjective,B1
indexar,verb,C1
indicación,noun,A1
indicador,adjective,B2
indicador,noun,C1
indicar,verb,C1
indicativo,noun,B2
indicio,noun,C1
indiferencia,noun,B1
indiferente,adjective,C1
indigenismo,noun,A2
indigestión,noun,A2
indigesto,adjective,A2
indignado,noun,A2
indignar,verb,B1
indigno,adjective,C1
indio,adjective,B1
indio,noun,B1
indirecto,adjective,B2
indisciplina,noun,B2
indiscreto,adjective,C1
indiscreto,noun,C1
indiscriminado,adjective,B2
indispensable,adjective,B2
indistinto,adjective,B1
inditex,noun,A1
individual,adjective,A2
individualidad,noun,B2
individualismo,noun,C1
individuo,noun,C1
indoeuropeo,adjective,B2
inducir,verb,C1
indudable,adjective,B2
industria,noun,B1
industrial,adjective,B2
industrializar,verb,C1
indígena,adjective,A2
indígena,noun,A2
ineludible,adjective,B2
inercia,noun,B2
inerte,adjective,C1
inesperado,adjective,C1
inestabilidad,noun,C1
inestable,adjective,A1
inevitable,adjective,B1
inexistencia,noun,C1
inexistente,adjective,C1
inexperiencia,noun,C1
inexplicable,adjective,B1
infalible,adjective,B2
infamia,noun,B1
infancia,noun,C1
infante,noun,C1
infantil,adjective,A2
infarto,noun,A2
infeccioso,adjective,C1
infección,noun,C1
infectar,verb,A2
infecto,adjective,C1
infelicidad,noun,B2
infeliz,adjective,B1
infeliz,noun,A2
inferior,adjective,B2
inferioridad,noun,B1
infernal,adjective,B1
infertilidad,noun,C1
infidelidad,noun,C1
infiel,adjective,B1
infierno,noun,C1
infiltrar,verb,B2
infinidad,noun,B2
infinitivo,noun,B1
infinito,adjective,A2
infinito,noun,B2
inflación,noun,B2
inflamación,noun,C1
inflar,verb,B1
inflexible,adjective,B1
inflexión,noun,B2
influencia,noun,A2
influenciable,adjective,B2
influenciar,verb,A1
influente,adjective,B2
influir,verb,B1
influjo,noun,C1
influyente,adjective,B1
info,noun,C1
infografista,noun,C1
información,noun,A1
información_de_bolsa,noun,A2
informal,adjective,B1
informal,noun,C1
informalidad,noun,C1
informar,verb,B2
informativo,adjective,A2
informativo,noun,A1
informe,noun,B2
informática,noun,B1
informático,adjective,A1
infortunio,noun,A2
infracción,noun,C1
infraestructura,noun,A2
infrecuente,adjective,B1
infringir,verb,C1
infundir,verb,B2
infusión,noun,A1
ingeniera,noun,A2
ingeniero,noun,A1
ingeniero_de_sistemas,noun,B2
ingeniería,noun,C1
ingenio,noun,B2
ingenioso,adjective,C1
ingente,adjective,B2
ingenuidad,noun,C1
ingenuo,adjective,C1
ingerir,verb,C1
ingesta,noun,B2
ingestión,noun,B2
inglaterra,noun,A1
inglés,adjective,A1
inglés,noun,A1
ingrediente,noun,A1
ingresar,verb,A1
ingreso,noun,C1
inhabilitar,verb,C1
inhabitable,adjective,B1
inhalador,noun,C1
inherente,adjective,C1
inhumano,adjective,C1
iniciación,noun,C1
iniciado,noun,B1
inicial,adjective,C1
inicial,noun,B2
iniciar,verb,B2
iniciativa,noun,B2
inicio,noun,B2
inimaginable,adjective,B2
ininterrumpido,adjective,B2
injerto,noun,C1
injuria,noun,C1
injusticia,noun,A1
injusto,adjective,B2
inmadurez,noun,C1
inmaduro,adjective,B1
inmaterial,adjective,B2
inmediación,noun,C1
inmediato,adjective,C1
inmejorable,adjective,B2
inmensidad,noun,B2
inmenso,adjective,B1
inmerso,adjective,C1
inmigración,noun,A2
inmigrado,noun,B1
inmigrante,adjective,B1
inmigrante,noun,A1
inminente,adjective,B1
inmobiliaria,noun,C1
inmobiliario,adjective,C1
inmortalizar,verb,B2
inmovilidad,noun,B1
inmovilizar,verb,C1
inmueble,adjective,C1
inmueble,noun,B2
inmunitario,adjective,C1
inmutable,adjective,C1
inmóvil,adjective,C1
innato,adjective,B2
innecesario,adjective,B1
innegable,adjective,B1
innoble,adjective,C1
innovación,noun,C1
innovador,adjective,B2
innovador,noun,A1
innovar,verb,B2
innumerable,adjective,C1
inocencia,noun,C1
inocente,adjective,B1
inodoro,noun,A2
inofensivo,adjective,B2
inolvidable,adjective,A1
inquietante,adjective,C1
inquietar,verb,C1
inquieto,adjective,C1
inquietud,noun,C1
inquilino,noun,B2
inquisición,noun,B2
inquisitivo,adjective,C1
insatisfacción,noun,C1
inscribir,verb,C1
inscripción,noun,C1
insecto,noun,C1
inseguridad,noun,B2
inseguro,adjective,A2
inseminación,noun,C1
insensato,adjective,C1
insensato,noun,C1
insensible,adjective,B2
inseparable,adjective,B2
inserción,noun,B2
insertar,verb,C1
inservible,adjective,A2
insignia,noun,B1
insignificante,adjective,C1
insinuación,noun,C1
insinuar,verb,C1
insistir,verb,C1
insobornable,adjective,B2
insomnio,noun,B2
insoportable,adjective,A2
insospechado,adjective,C1
insostenible,adjective,C1
inspeccionar,verb,C1
inspección,noun,A1
inspector,noun,B1
inspector_de_hacienda,noun,A1
inspiración,noun,B1
inspirar,verb,B1
instalación,noun,A2
instalar,verb,B1
instancia,noun,C1
instante,noun,C1
instantáneo,adjective,C1
instar,verb,C1
instaurar,verb,B1
instintivo,adjective,C1
instinto,noun,C1
institucional,adjective,C1
institución,noun,C1
instituto,noun,C1
instituto_de_estudios_económicos,noun,C1
instrucción,noun,C1
instrucción_pública,noun,C1
instructor,adjective,C1
instructor,noun,C1
instruir,verb,C1
instrumental,adjective,B2
instrumento,noun,B1
insuficiencia,noun,B1
insuficiente,adjective,C1
insular,adjective,B2
insulina,noun,B2
insultar,verb,B2
insulto,noun,B1
insurgente,noun,A1
insípido,adjective,A2
insólito,adjective,C1
intachable,adjective,C1
intacto,adjective,B1
integración,noun,C1
integrado,adjective,B1
integrador,adjective,C1
integral,adjective,C1
integrar,verb,B2
integridad,noun,C1
intelecto,noun,B2
intelectual,adjective,C1
intelectual,noun,C1
inteligencia,noun,B1
inteligente,adjective,A1
intencional,adjective,B2
intención,noun,B2
intensidad,noun,B2
intensificación,noun,C1
intensificador,adjective,B1
intensificar,verb,C1
intensivo,adjective,A1
intenso,adjective,A1
intentar,verb,B2
intento,noun,C1
interacción,noun,C1
interactivo,adjective,B2
interactuar,verb,B2
intercambiar,verb,A1
intercambio,noun,A1
intercambio_cultural,noun,A2
interconexión,noun,B2
intercontinental,adjective,A2
interdisciplinar,adjective,C1
interesante,adjective,A1
interesar,verb,A1
interferir,verb,B2
interino,adjective,C1
interior,adjective,C1
interior,noun,B1
interiorismo,noun,B2
interiorista,noun,B1
interiorización,noun,C1
interjección,noun,B1
interlocutor,noun,B1
intermediación,noun,B2
intermediario,noun,B2
intermedio,adjective,B1
interminable,adjective,B2
intermitente,noun,B2
internacional,adjective,A1
internacionalización,noun,B2
internacionalizar,verb,B2
internado,noun,B1
internar,verb,A2
internauta,noun,B2
internet,noun,A1
interno,adjective,C1
interpelar,verb,C1
interpersonal,adjective,B1
interponer,verb,A1
interpretación,noun,B2
interpretar,verb,A2
interprofesional,adjective,C1
interrelación,noun,C1
interrogación,noun,A2
interrogante,noun,C1
interrogar,verb,B2
interrumpir,verb,B1
interrupción,noun,A2
interruptor,noun,B2
intervalo,noun,C1
intervención,noun,C1
intervenir,verb,A2
interés,noun,A1
interés_turístico_internacional,noun,A2
intestinal,adjective,C1
intimidad,noun,B2
intimidar,verb,B2
intimista,adjective,C1
intolerable,adjective,B2
intolerancia,noun,A2
intolerante,adjective,B1
intranquilidad,noun,A2
intransitivo,adjective,B1
intrared,noun,B1
intriga,noun,B2
intrigante,adjective,B1
intrigar,verb,B1
introducción,noun,C1
introducir,verb,B1
introversión,noun,C1
introvertido,adjective,C1
intrusismo,noun,C1
intruso,adjective,C1
intruso,noun,A2
intuición,noun,A2
intuir,verb,A1
intuitivo,adjective,B2
intérprete,noun,B1
inundación,noun,C1
inundar,verb,A2
inusual,adjective,C1
inutilidad,noun,B2
invadir,verb,A1
invalidez,noun,B2
invariable,adjective,B2
invasión,noun,A2
invasor,noun,B2
invencible,adjective,B2
invención,noun,A2
inventar,verb,A2
inventivo,adjective,B1
invento,noun,B2
inventor,adjective,C1
inventor,noun,B2
invernadero,noun,B2
inverosímil,adjective,A2
inversión,noun,B2
inverso,adjective,C1
inversor,noun,A1
invertebrado,noun,C1
invertir,verb,B2
investigación,adjective,A2
investigación,noun,C1
investigación_cientíﬁca,noun,B1
investigador,adjective,B1
investigador,noun,C1
investigar,verb,A2
invidente,adjective,B1
invidente,noun,B1
invierno,noun,A1
invisibilidad,noun,C1
invisible,adjective,C1
invitación,noun,A1
invitado,noun,C1
invitar,verb,A2
invocación,noun,B1
invocar,verb,B1
involucrar,verb,B2
involuntario,adjective,B2
inyección,noun,B1
inédito,adjective,C1
inútil,adjective,B2
inﬂuenciable,adjective,B2
ipad,noun,B1
ir,verb,A1
ir_a,verb,B1
ir_de_compras,verb,A2
ira,noun,C1
iris,noun,C1
irisar,verb,A1
irlandés,adjective,A1
ironía,noun,A2
iroqués,noun,A2
irracional,adjective,A1
irradiación,noun,C1
irreal,adjective,C1
irrealidad,noun,B2
irreconciliable,adjective,C1
irreconocible,adjective,C1
irredento,adjective,B2
irreductible,adjective,B2
irrefrenable,adjective,C1
irregular,adjective,C1
irregularidad,noun,C1
irremediable,adjective,B2
irrepetible,adjective,A2
irresistible,adjective,B1
irrespetuoso,adjective,B2
irresponsable,adjective,C1
irresponsable,noun,B2
irreverente,adjective,B1
irreversible,adjective,B2
irritabilidad,noun,B2
irritable,adjective,C1
irritación,noun,B2
irritante,noun,C1
irritar,verb,B1
irrupción,noun,C1
irónico,adjective,A2
isabelino,adjective,C1
isla,noun,A1
isla_de_pascua,noun,B1
islam,noun,C1
islamismo,noun,C1
islamista,adjective,B1
islandés,adjective,A2
islas,noun,A1
islas_británicas,noun,B2
islas_filipinas,noun,A2
islote,noun,A2
islámico,adjective,C1
italia,noun,A1
italiano,adjective,A1
italiano,noun,B1
item,noun,C1
itinerante,adjective,B2
itinerario,noun,A2
ivana_baquero,noun,B1
izar,verb,A2
izquierda,noun,A2
izquierdo,adjective,B1
j,noun,C1
ja,interjection,B2
jabalí,noun,B2
jabonar,verb,B2
jabón,noun,A2
jacarando,adjective,B1
jacarandá,noun,B1
jaguar,noun,A2
jaleo,noun,C1
jamaicano,adjective,A1
jamar,verb,A1
jamonero,adjective,B1
jamás,adverb,B2
jamón,noun,B1
janguear,verb,B1
japonés,adjective,A1
japonés,noun,B2
japón,noun,B2
jaque,noun,B2
jarabe,noun,C1
jarcha,noun,C1
jardinero,noun,A1
jardín,noun,A1
jardín_botánico,noun,A2
jarra,noun,A2
jarrón,noun,C1
jaula,noun,C1
jazmín,noun,B2
jazz,noun,A1
jeans,noun,A1
jefa,noun,B1
jefa_de_equipo,noun,B2
jefatura_superior_de_policía,noun,B2
jefe,noun,A1
jefe_de_producción,noun,B2
jefe_de_ventas,noun,B2
jeje,interjection,B1
jengibre,noun,C1
jerarca,noun,C1
jerarquizar,verb,C1
jerarquía,noun,C1
jerez,noun,A1
jerez_de_la_frontera,noun,B1
jerga,noun,C1
jeringa,noun,B1
jeringuilla,noun,A2
jersey,noun,A1
jerusalén,noun,B1
jerárquico,adjective,C1
jet,noun,A2
jeta,noun,B1
jinete,noun,C1
jirafa,noun,C1
jo,interjection,B2
joaquín_pasos,noun,B1
job,noun,A1
johnson,noun,B1
jordi,noun,A2
jorge_espinar@hotmail.com,noun,B1
jornada,noun,B2
jornada_parcial,noun,C1
josé_de_san_martín,noun,B2
josé_guerrero,noun,C1
josé_san_martín,noun,B1
joven,adjective,A2
joven,noun,A1
jovencito,noun,B2
joya,noun,B1
joyero,noun,B2
joyería,noun,C1
juan_artalejo,noun,A2
jubilación,noun,B2
jubilado,noun,A2
jubilar,verb,A1
judería,noun,A1
judicial,adjective,C1
judo,noun,B1
judía,noun,A1
judío,adjective,C1
judío,noun,C1
juego,noun,A2
juego_tradicional,noun,B1
juerga,noun,C1
juez,noun,C1
jugada,noun,B2
jugador,noun,A1
jugar,verb,A1
jugo,noun,A1
juguete,noun,B1
juguetería,noun,C1
juguetón,adjective,C1
juicio,noun,C1
juicio_final,noun,C1
julián,noun,A2
junco,noun,C1
junior,adjective,A2
junior,noun,A2
junta,noun,B2
juntar,verb,C1
junto,adjective,A1
junto,adverb,A2
juntos,adjective,A1
jurado,noun,B2
jurar,verb,C1
jurista,noun,A1
jurídico,adjective,C1
justicia,noun,B2
justificación,noun,B2
justificar,verb,C1
justo,adjective,B2
justo,adverb,B2
justo_a_tiempo,adverb,B2
juvenil,adjective,B1
juventud,noun,C1
juzgado,noun,C1
juzgar,verb,B2
júbilo,noun,A2
k,noun,C1
kart,noun,A1
kayak,noun,A2
kebab,noun,A1
ketchup,noun,A1
keyword,noun,C1
kilo,noun,A2
kilocaloría,noun,B2
kilogramo,noun,B1
kilómetro,noun,A1
kimono,noun,C1
kinésica,noun,C1
kiosco,noun,C1
kiosko,noun,B2
kiwi,noun,A2
kleenex,noun,A2
koala,noun,C1
kyoto,noun,C1
kárate,noun,B1
l,noun,C1
la,determiner,A1
la,noun,C1
la,pronoun,B1
la_aecid,noun,C1
la_barca,noun,A2
la_barcelona,noun,A2
la_cabaña,noun,A1
la_candelaria,noun,A2
la_cebada,noun,A2
la_concepción,noun,B2
la_costa_brava,noun,A1
la_farándula,noun,A2
la_fragua,noun,A2
la_giralda,noun,A1
la_ii_república,noun,A2
la_industrial,noun,A2
la_laguna,noun,B2
la_luna,noun,A1
la_macarena,noun,A2
la_mancha,noun,B1
la_nueva_españa,noun,A2
la_orquesta_filharmónica,noun,B1
la_paloma,noun,A2
la_ponderosa,noun,B1
la_real_academia_española,noun,C1
la_república_argentina,preposition,B1
la_sagrada_familia,noun,A1
la_santa_cruz,noun,B1
la_unesco,noun,A1
la_universidad_autónoma_de_barcelona,noun,B1
la_universidad_complutense_de_madrid,noun,B2
la_vara_alta,noun,B1
laberinto,noun,B1
labio,noun,B1
labor,noun,B2
laborable,adjective,A1
laboral,adjective,B2
laboratorio,noun,C1
labrador,adjective,B2
labrador,noun,B1
labrar,verb,C1
labriego,noun,C1
laburar,verb,B1
lacandona,noun,B1
lacerar,verb,C1
lacio,adjective,B2
lacrimógeno,adjective,B2
lactancia,noun,C1
lacustre,adjective,B2
lacónico,adjective,C1
ladera,noun,A2
ladino,adjective,A2
lado,noun,A1
ladra,noun,B1
ladrar,verb,C1
ladrido,noun,B1
ladrillo,noun,C1
ladrón,adjective,A1
ladrón,noun,A2
lady,noun,C1
lagar,noun,B2
lagartija,noun,A2
lagarto,noun,C1
lago,noun,A1
lagrima,noun,A1
laguito,noun,A2
laguna,noun,A2
laia_serra,noun,B1
laico,adjective,C1
laico,noun,C1
lama,noun,B1
lamasosa,noun,C1
lame,noun,B1
lameculos,noun,C1
lamentable,adjective,B1
lamentar,verb,B2
lamento,noun,B2
lamer,verb,C1
laminar,verb,C1
lamparita,noun,C1
lana,noun,A2
langosta,noun,A1
langostino,noun,B2
langostino_abanico,noun,B2
lanza,noun,C1
lanzamiento,noun,C1
lanzar,verb,B2
lapidar,verb,B1
largar,verb,C1
largo,adjective,A1
largometraje,noun,A2
larva,noun,C1
las,pronoun,B1
las_adelfas,noun,A1
las_madres_locas,noun,B1
las_mil_maravillas,noun,B2
las_peñas,noun,A1
lastimar,verb,C1
lata,noun,A1
latente,adjective,C1
lateral,adjective,C1
latido,noun,B1
latino,adjective,A1
latino,noun,A2
latinoamericano,adjective,B1
latinoamericano,noun,B1
latinoamérica,noun,A1
latir,verb,B1
lato,adjective,B1
latín,noun,C1
latón,noun,C1
laurear,verb,B2
laurel,noun,B2
lautaro,noun,B1
lava,noun,B1
lavabo,noun,A2
lavadero,noun,C1
lavado,noun,C1
lavador,adjective,A2
lavadora,noun,B1
lavanda,noun,B1
lavar,verb,A2
lavavajillas,noun,B1
lavazza,noun,C1
lave,noun,B1
laxante,adjective,C1
lazo,noun,C1
laísta,adjective,C1
laúd,noun,C1
le,pronoun,A1
leal,adjective,A1
lealtad,noun,C1
lección,noun,A1
leche,noun,A1
lecho,noun,C1
lechuga,noun,B1
lechuza,noun,A1
lechuzo,adjective,C1
lectivo,adjective,B1
lector,adjective,B2
lector,noun,B2
lectura,noun,B2
leer,verb,A1
legado,noun,B2
legal,adjective,C1
legalidad,noun,C1
legalización,noun,C1
legalizar,verb,B1
legatum,noun,B1
legislación,noun,C1
legislar,verb,C1
legislativo,adjective,B2
legitimar,verb,B2
legitimidad,noun,B2
lego,adjective,B2
legumbre,noun,B1
legítimo,adjective,B1
lejano,adjective,B1
lejanía,noun,A2
lejos,adverb,A1
lejía,noun,C1
lelo,noun,C1
lema,noun,B2
lempira,noun,B2
lenca,adjective,B2
lengua,noun,A1
lengua_indígena,noun,B2
lenguado,noun,B1
lenguaje,noun,B1
lenguaraz,adjective,B1
lentamente,adverb,B2
lente,noun,A1
lenteja,noun,A1
lentitud,noun,C1
lento,adjective,B1
leo,noun,A2
leonés,adjective,C1
lerdo,adjective,B2
lesionar,verb,C1
lesión,noun,C1
letra,noun,A2
letrado,noun,C1
letrero,noun,B1
levadura,noun,B1
levantamiento,noun,A2
levantamiento_militar,noun,A2
levantar,verb,A1
leve,adjective,B2
ley,noun,B2
ley_de_reforma,noun,C1
leyenda,noun,A2
leña,noun,B2
leñador,noun,B2
leño,noun,B2
león,noun,C1
liana,noun,B1
liar,verb,B2
libanés,adjective,B2
liberación,noun,B1
liberador,adjective,B2
liberador,noun,C1
liberal,adjective,C1
liberalismo,noun,C1
liberalización,noun,B1
liberar,verb,A1
libertad,noun,C1
libertador,noun,A2
libido,noun,B1
libra,noun,A2
libranza,noun,C1
librar,verb,C1
libre,adjective,A1
librero,noun,C1
librería,noun,A1
libreta,noun,A2
libro,noun,A2
libélula,noun,C1
licencia,noun,C1
licenciado,noun,C1
licenciar,verb,B2
licenciatura,noun,C1
licopeno,noun,B1
licor,noun,B1
licuadora,noun,A2
liderar,verb,B2
liderazgo,noun,B2
lidiar,verb,C1
liebre,noun,C1
lienzo,noun,A2
lifting,noun,C1
liga,noun,A1
ligar,verb,C1
ligero,adjective,A1
light,adjective,B1
ligue,noun,B1
liguero,adjective,B2
lila,adjective,A2
lila,noun,A1
lima,noun,C1
limeño,adjective,A2
limitación,noun,B1
limitado,adjective,B2
limitante,adjective,C1
limitar,verb,B2
limo,noun,B1
limonado,adjective,C1
limpia,adjective,A2
limpiabotas,noun,B1
limpiaparabrisas,noun,B1
limpiar,verb,B1
limpieza,noun,A2
limpio,adjective,B1
limusina,noun,A2
limón,noun,A2
linaje,noun,C1
lince,noun,C1
linces,noun,C1
linchamiento,noun,B1
lindar,verb,A1
lindo,adjective,A1
lindo,noun,A1
lindísimo,adjective,B1
linea,noun,B2
lineal,adjective,C1
lineamiento,noun,B2
lingüista,noun,C1
lingüística_aplicada,noun,C1
lingüístico,adjective,C1
lino,noun,B1
linterna,noun,A2
liposucción,noun,C1
liquen,noun,B1
liquidación,noun,A2
lirón,noun,C1
lisa,noun,A2
lisboa,noun,A2
liso,adjective,A2
liso,noun,A2
lisonjero,adjective,C1
lista,noun,C1
listado,noun,B2
listar,verb,B1
listo,adjective,B1
listo,interjection,B1
listín,noun,B1
listón,noun,C1
lisérgico,adjective,C1
litera,noun,B2
literal,adjective,B1
literario,adjective,C1
literatura,noun,A1
literatura_popular,noun,B2
litio,noun,B2
litografía,noun,B1
litoral,noun,C1
litro,noun,B2
litrona,noun,B1
liviano,adjective,A2
living,noun,C1
ll,noun,B1
llama,noun,A1
llamada,noun,A2
llamamiento,noun,B1
llamar,verb,A1
llamarada,noun,B1
llamativo,adjective,B2
llaneza,noun,B2
llano,adjective,A1
llano,noun,A2
llanto,noun,C1
llanura,noun,A2
llave,noun,A1
llavero,noun,B2
llavín,noun,B1
llegada,noun,A2
llegar,verb,A1
llena,noun,A2
llenar,verb,A2
lleno,adjective,A1
lleno,noun,A2
llevar,verb,A1
llorar,verb,A2
lloro,noun,B1
llorón,adjective,B1
llorón,noun,B1
llosa,noun,C1
llover,verb,A1
lluvia,noun,A1
lluvioso,adjective,A1
lo,determiner,A2
lo,noun,C1
lo,pronoun,A1
lo,verb,B1
loar,verb,C1
lobo,noun,B1
local,adjective,B1
local,noun,A2
localidad,noun,B2
localización,noun,C1
localizar,verb,A2
loción,noun,A2
loco,adjective,A2
loco,noun,B1
locomoción,noun,C1
locro,noun,A1
locura,noun,C1
locutor,noun,C1
lodazal,noun,C1
lodo,noun,C1
loft,noun,B2
logo,noun,B2
logotipo,noun,B1
lograr,verb,B2
logro,noun,B2
logística,noun,B2
logístico,adjective,B2
lola_lago,noun,A2
lombriz,noun,C1
lomo,noun,A1
loncha,noun,A2
londinense,adjective,B2
longaniza,noun,C1
longevidad,noun,C1
longitud,noun,B2
lonja,noun,B2
look,noun,B2
loro,noun,A2
los,determiner,A1
los_picos_de_europa,noun,A2
los_pirineos,noun,B2
losa,noun,B1
lote,noun,C1
lotería,noun,C1
ls_aires,noun,A2
lucha,noun,B2
luchador,adjective,A1
luchadora,noun,B1
luchar,verb,B1
lucidez,noun,A2
lucio,adjective,B1
lucir,verb,C1
luciérnaga,noun,B1
lucrecia_martel,noun,B1
lucro,noun,B2
ludoteca,noun,A1
luego,adverb,A1
lueguito,adverb,A1
lugar,noun,A1
lugar_de_interés,noun,A1
lugarcito,noun,A1
lugarteniente,noun,C1
luis_vives,noun,C1
lujo,noun,A2
lujoso,adjective,A2
lulú,noun,B1
lumbar,adjective,B2
lumbre,noun,C1
luminosidad,noun,C1
luminoso,adjective,C1
luna,noun,C1
lunar,adjective,A2
lunar,noun,B2
lunes,noun,B1
lunfardo,noun,B1
lupa,noun,A2
lustrar,verb,A2
lustroso,adjective,C1
luterano,noun,C1
luto,noun,B1
luz,noun,B1
lácteo,adjective,A1
lágrima,noun,B1
lámina,noun,C1
lámpara,noun,A2
lánguido,adjective,C1
lápiz,noun,B1
lápiz_usb,noun,B2
láser,noun,C1
lástima,noun,C1
léxico,adjective,B2
léxico,noun,B2
lía,noun,B2
líbido,noun,B2
lícito,adjective,C1
líder,noun,B2
límite,noun,B2
línea,noun,B2
lío,noun,A2
líquido,noun,B1
lírico,adjective,C1
lítico,adjective,B2
lógica,noun,C1
lógico,adjective,B2
lúcido,adjective,B1
lúdico,adjective,B2
m,noun,B1
m'hijita,noun,A2
m'hijito,noun,A1
m'hijo,noun,A1
macabro,adjective,B2
macerar,verb,A2
maceta,noun,C1
machacar,verb,B1
machar,verb,A1
machete,noun,A2
machismo,noun,B2
machista,adjective,A1
machista,noun,C1
macho,adjective,A2
macho,noun,A1
macizo,adjective,B1
macizo,noun,B1
macroeconómico,adjective,B2
macrofotografía,noun,C1
madera,noun,A2
maderero,adjective,C1
maderista,noun,B2
madero,noun,B2
madrastra,noun,B2
madre,noun,B1
madrid,noun,B1
madridista,adjective,B2
madridista,noun,B2
madriguera,noun,C1
madrileño,adjective,A1
madrileño,noun,A2
madrina,noun,C1
madroño,noun,B1
madrugada,noun,B1
madrugador,adjective,C1
madrugar,noun,A2
madrugar,verb,A2
madurar,verb,B1
madurativo,adjective,B2
madurez,noun,C1
maduro,adjective,C1
maec-aecid,noun,C1
maestra,noun,A1
maestre,noun,C1
maestro,adjective,A2
maestro,noun,A1
maestría,noun,B1
mafia,noun,B1
mafioso,adjective,B1
mafioso,noun,A1
magaly_solier,noun,B1
magdaleniense,adjective,B2
magia,noun,B2
magistral,adjective,B2
magnate,noun,B2
magnetismo,noun,C1
magnitud,noun,C1
magno,adjective,C1
magnolia,noun,B1
magnético,adjective,B2
magnífico,adjective,A2
mago,noun,B1
mailing,noun,B2
majestuoso,adjective,C1
majo,adjective,B1
mal,adjective,A1
mal,adverb,A2
mal,noun,B2
mal_de_amores,noun,A2
malabarista,noun,C1
malaga,noun,B1
malagueño,adjective,B2
malaquita,noun,B2
malaria,noun,B1
malasia,noun,B2
malcasar,verb,B2
maldad,noun,B2
maldecir,verb,B1
maldito,adjective,A2
maleducado,adjective,C1
maleducado,noun,B1
malentender,verb,A2
malentendido,noun,C1
malestar,noun,B1
maleta,noun,A2
maletero,noun,B1
malherir,verb,B2
malicia,noun,A1
maligno,adjective,B1
malintencionado,adjective,C1
malinterpretar,verb,C1
mallorquín,adjective,A1
malo,adjective,A2
malo,noun,B2
maloliente,adjective,B2
maltratar,verb,C1
maltrato,noun,C1
maltés,adjective,A2
malvado,adjective,C1
malvado,noun,A2
malvivir,verb,C1
mama,noun,C1
mamá,noun,A1
mamífero,adjective,C1
mamífero,noun,C1
manada,noun,B2
manager,noun,A2
manatí,noun,A2
mancha,noun,C1
manchar,verb,B2
manchego,adjective,B1
manchego,noun,B1
mancillar,verb,C1
manda,noun,C1
mandante,noun,C1
mandar,verb,B1
mandarina,noun,C1
mandarín,adjective,A1
mandatario,noun,B2
mandato,noun,C1
mando,noun,B1
manejar,verb,A2
manejo,noun,C1
manera,noun,A2
manga,noun,A2
mango,noun,A1
manicomio,noun,B2
manicura,noun,B2
manifestación,noun,C1
manifestante,noun,B2
manifestar,verb,B2
maniobra,noun,B1
manipulación,noun,C1
manipulador,adjective,A2
manipular,verb,B1
manises,noun,A1
manita,noun,B1
maniático,adjective,B2
maniático,noun,B1
manjar,noun,C1
mano,noun,A1
manolo,noun,A1
manosear,verb,B2
mansión,noun,A2
manso,adjective,C1
manta,noun,A2
manteca,noun,B1
mantecado,noun,C1
mantel,noun,C1
mantener,verb,B2
mantenimiento,noun,B2
mantequilla,noun,A2
manto,noun,B2
mantra,noun,B1
mantón,noun,B1
manual,adjective,B1
manual,noun,C1
manufacturar,verb,B2
manuscribir,verb,B2
manuscrito,noun,B2
manutención,noun,B2
manzana,noun,A2
manzanilla,noun,A1
manzano,noun,B1
maní,noun,A1
manía,noun,B1
maorí,noun,B1
mapa,noun,A2
mapamundi,noun,B2
mapfre,noun,C1
mapuche,adjective,A1
mapuche,noun,B1
maqueta,noun,A2
maquetador,noun,B2
maquillaje,noun,C1
maquillar,verb,A1
maquinaria,noun,B2
maquinilla,noun,B1
mar,noun,A1
maracuyá,noun,A2
maratí,noun,B1
maratón,noun,C1
maravilla,noun,A1
maravillar,verb,A2
maravilloso,adjective,A1
marbellí,adjective,B2
marca,noun,A1
marcador,adjective,B2
marcador,noun,B2
marcar,verb,A1
marcha,noun,B2
marchar,verb,A2
marchitar,verb,A2
marcial,adjective,B1
marciano,noun,B1
marco,noun,C1
marcotoledo,noun,A2
marea,noun,C1
marea_de_plástico,noun,B1
marear,verb,A1
mareo,noun,A2
marero,adjective,A2
marfil,noun,C1
margar,verb,B1
margarita,noun,A2
margen,noun,B2
marginación,noun,B1
marginal,adjective,A2
marginalidad,noun,C1
marginar,verb,C1
mariachi,noun,B1
mariana,noun,A2
mariano,adjective,B1
marido,noun,A1
marijke,noun,A2
marimba,noun,A2
marimbero,noun,A2
marimberos,noun,A2
marina,noun,C1
marinar,verb,C1
marine,noun,A2
marinero,adjective,B2
marinero,noun,A2
marino,adjective,A2
marino,noun,B1
marioneta,noun,B1
mariposa,noun,A2
mariquita,noun,B2
mariscada,noun,B1
marisco,noun,A1
marisma,noun,A2
marisquería,noun,B1
marketing,noun,B2
marqueta,noun,B2
marquina,noun,A2
marqués,noun,A2
marqués_de_arcos,noun,A2
marroquí,adjective,A1
marroquí,noun,A1
marrueco,noun,C1
marrón,adjective,A2
marrón,noun,A1
marta,noun,C1
martial,noun,A1
martillo,noun,A2
martínez_campos,noun,A1
marzo,noun,A1
maría,noun,B1
marítimo,adjective,C1
mas,conjunction,B2
masa,noun,C1
masaje,noun,C1
masajista,noun,C1
mascar,verb,B1
mascarilla,noun,C1
mascarita,noun,C1
mascarpone,noun,A2
mascota,noun,B1
masculino,adjective,C1
masificación,noun,C1
masificar,verb,A2
masita,noun,A2
masivo,adjective,B2
massachusetts,noun,B1
master,noun,A2
masticar,verb,C1
mastuerzo,noun,B2
mastín,noun,B1
masía,noun,A1
mata,noun,C1
matadero,noun,C1
matanza,noun,C1
matar,verb,C1
matasanos,noun,C1
mate,adjective,A2
mate,noun,A1
matemática,noun,A1
matemático,adjective,B1
matemático,noun,B1
materia,noun,B2
material,adjective,C1
material,noun,B2
materialidad,noun,B2
materialismo,noun,C1
materialista,adjective,B2
materialista,noun,B1
materializar,verb,C1
maternal,adjective,B2
maternidad,noun,C1
materno,adjective,C1
matinal,adjective,A2
matiz,noun,A2
matizar,verb,C1
matorral,noun,C1
matraca,noun,C1
matriarcal,adjective,A2
matriculación,noun,C1
matricular,verb,C1
matrimonial,adjective,A1
matrimonio,noun,B2
matriz,adjective,B2
matrícula,noun,C1
matungos,noun,B2
maullar,verb,B1
maullido,noun,C1
mausoleo,noun,A2
maya,adjective,A1
maya,noun,A1
mayonesa,noun,A1
mayor,adjective,A1
mayoral,noun,C1
mayorista,adjective,B2
mayoritario,adjective,C1
mayoría,noun,A1
mayúscula,noun,A1
maza,noun,C1
mazapán,noun,C1
mazorca,noun,A2
maíz,noun,A1
maña,noun,B2
mañana,adverb,A2
mañana,noun,A1
mañanita,noun,A1
me,pronoun,A2
mear,verb,A2
meca,noun,A2
mecanismo,noun,C1
mecenas,noun,C1
mechero,noun,B1
mechón,noun,C1
mecánica,noun,B1
mecánico,adjective,B1
medalla,noun,A2
medallón,noun,B2
medellín,noun,B1
media,noun,B2
mediación,noun,B2
mediador,noun,B2
medialuna,noun,B1
mediano,adjective,A2
mediante,preposition,B2
mediar,verb,C1
medicación,noun,B1
medicamento,noun,C1
medicina,noun,A2
medicinal,adjective,A1
medición,noun,B2
medida,noun,B2
medieval,adjective,B2
medio,adjective,A1
medio,adverb,B1
medio,noun,B2
medio_ambiente,noun,B1
medio_de_comunicación,noun,B2
medioambiental,adjective,B2
medioambiente,noun,B2
mediocampo,noun,B2
mediocre,adjective,C1
mediocridad,noun,C1
mediodía,noun,C1
medir,verb,C1
medistas,noun,C1
meditación,noun,A1
meditar,verb,C1
mediterráneo,adjective,A1
mediterráneo,noun,A1
mediático,adjective,C1
medula,noun,C1
medusa,noun,C1
megalítico,adjective,B1
meigo,noun,A2
mejicano,adjective,A2
mejilla,noun,A1
mejillón,noun,C1
mejor,adjective,A1
mejor,adverb,A1
mejor_maritata_criolla,noun,C1
mejora,noun,C1
mejoramiento,noun,B2
mejorar,verb,A1
mejoría,noun,A2
melancolía,noun,C1
melancólico,adjective,A2
melaza,noun,B2
melena,noun,B2
melocotón,noun,B1
melodioso,adjective,B1
melodía,noun,C1
meloso,adjective,B1
melón,adjective,B1
melón,noun,A1
membrillo,noun,A2
meme,noun,A2
memoria,noun,B1
memorizar,verb,B1
mencionar,verb,C1
mención,noun,C1
mendigo,noun,B2
menear,verb,A2
menester,noun,C1
menhir,noun,B2
menor,adjective,B2
menor,noun,C1
menos,adverb,A1
mensaje,noun,A2
mensajero,adjective,B1
mensajero,noun,B1
mensajería,noun,B2
menstruación,noun,C1
mensual,adjective,B2
mensualidad,noun,A2
mensurable,adjective,B2
menta,noun,A2
mental,adjective,B2
mentalidad,noun,C1
mentar,verb,B2
mente,noun,A1
mentir,verb,A2
mentira,noun,A1
mentiroso,adjective,C1
mentiroso,noun,C1
menudo,adjective,B1
menudo,noun,B2
menú,noun,A1
mercader,noun,B2
mercadería,noun,B2
mercadillo,noun,A2
mercadillo_sin_dinero,noun,B1
mercado,noun,B2
mercado_común,noun,B2
mercado_de_abastos,noun,B1
mercaduría,noun,C1
mercancía,noun,B2
mercantil,adjective,C1
merced,noun,A2
mercurio,noun,B2
merecer,verb,B1
merendar,verb,A1
merengue,noun,B1
meridiano,noun,A1
meridional,adjective,C1
merienda,noun,A1
merluza,noun,A1
mermar,verb,B2
mermelada,noun,A2
mero,adjective,C1
mero,noun,C1
merodear,verb,C1
mes,noun,A1
mesa,noun,A1
mesero,noun,B1
mesilla,noun,A2
mesita,noun,A1
mesiánico,adjective,C1
mesoamericano,adjective,B1
mestizaje,noun,A2
mestizo,adjective,A2
mestizo,noun,A2
mesura,noun,C1
mesón,noun,A1
meta,noun,B2
metabolismo,noun,B1
metadato,noun,C1
metafísica,noun,C1
metafísico,adjective,C1
metal,noun,B2
metalero,noun,B2
metamorfosis,noun,C1
metedura,noun,B1
meteorología,noun,B1
meteorológico,adjective,B2
meter,verb,A2
metereológico,adjective,B1
metodología,noun,C1
metomentodo,noun,C1
metonimia,noun,B2
metro,noun,A1
metrocable,noun,B1
metropolitano,adjective,A1
metrópoli,noun,A1
metrópolis,noun,A1
metáfora,noun,C1
metálico,adjective,C1
metódico,adjective,A1
mexica,adjective,A2
mexica,noun,A1
mexicano,adjective,B1
mexicano,noun,B1
mexico,noun,A2
mezcla,noun,A1
mezclar,verb,A1
mezquino,adjective,B2
mezquino,noun,B2
mezquita,noun,A1
mi,determiner,A1
mi,pronoun,A1
mialgia,noun,A2
miar,verb,A2
micasa,noun,A2
michelín,noun,B1
michigan,noun,C1
micro,noun,B1
microbús,noun,B1
microondas,noun,A2
microorganismo,noun,C1
micrófono,noun,A1
miedo,noun,B1
miel,noun,B2
miembro,noun,C1
mientras,adverb,A2
mientras,conjunction,A2
mientras,preposition,C1
mierda,noun,A2
miga,noun,A2
migaja,noun,C1
migra,noun,B1
migración,noun,A1
migrar,verb,B1
migratorio,adjective,B2
migraña,noun,B2
mil,noun,A2
milagro,noun,C1
milagroso,adjective,C1
milanés,adjective,B2
milenario,adjective,B1
milenio,noun,B1
miles,noun,A2
milicia,noun,C1
milico,noun,B1
milisegundo,noun,B1
militante,noun,C1
militar,adjective,A2
militar,noun,A2
militar,verb,A2
millonario,adjective,B1
millonario,noun,A2
millón,noun,A2
milonga,noun,C1
milà,noun,A1
milímetro,noun,A2
mimar,verb,B2
mimbre,noun,B1
mina,noun,A2
minarete,noun,B1
mineral,adjective,B2
mineral,noun,C1
minero,adjective,C1
minero,noun,C1
minería,noun,C1
mini-apartamento,noun,A2
minibar,noun,A1
minifalda,noun,A2
minimalista,adjective,B2
minimizar,verb,A2
minino,noun,C1
ministerio,noun,A2
ministerio_de_cultura,noun,A2
ministerio_de_empleo,noun,A2
ministerio_de_gobernación,noun,C1
ministerio_de_industria,noun,B2
ministerio_de_instrucción_pública,noun,C1
ministerio_de_relaciones_exteriores,noun,A2
ministerio_de_sanidad,noun,A2
ministro,noun,B2
ministro_de_asuntos_exteriores,noun,C1
minorista,adjective,C1
minoritario,adjective,B2
minoría,noun,C1
minucioso,adjective,C1
minusvalía,noun,B1
minuto,noun,B2
minúsculo,adjective,A2
miocardio,noun,C1
miope,adjective,A1
miope,noun,A1
miopía,noun,A1
mir,noun,B2
mira,noun,A1
mirada,noun,B1
mirador,noun,A1
mirar,verb,A1
miravete,noun,B2
mirón,noun,B2
misa,noun,B1
miserable,adjective,A2
miserable,noun,A2
miseria,noun,C1
misil,noun,A2
misionero,noun,B1
misión,noun,A1
mismitico,adjective,A2
mismo,adjective,A2
mismo,adverb,A2
mismo,pronoun,C1
miss,noun,A2
misterio,noun,B1
misterioso,adjective,B1
mitad,noun,B2
mitificación,noun,B1
mitificar,verb,C1
mitin,noun,B2
mito,noun,B1
mitología,noun,B1
mitológico,adjective,A2
mitre,noun,B1
mitólogico,adjective,A2
mixto,adjective,A1
mnemotecnia,noun,B2
mobiliario,noun,B2
moca,noun,B1
mochila,noun,A1
mochilero,noun,B1
moco,noun,C1
moda,noun,A2
modales,noun,C1
modalidad,noun,B2
modelo,noun,B2
moderación,noun,B2
moderador,noun,B1
moderar,verb,C1
modernidad,noun,C1
modernismo,noun,B2
modernista,adjective,A2
modernización,noun,C1
modernizar,verb,B2
moderno,adjective,A2
moderno,noun,A2
modestia,noun,C1
modesto,adjective,C1
modesto,noun,A2
modificación,noun,C1
modificar,verb,C1
modista,noun,B1
modo,noun,B2
modular,adjective,A2
modélico,adjective,B2
mogollón,adjective,B2
mojar,verb,B1
moje,noun,A2
mojito,noun,A1
mojo,noun,B1
mola,noun,A1
molar,verb,A1
molde,noun,C1
moldear,verb,B2
mole,noun,B1
moler,verb,A1
molestar,verb,B1
molestia,noun,A2
molestia_a_los_vecinos,noun,B1
molesto,adjective,A2
molinero,adjective,B2
molinero,noun,B2
molino,noun,B2
momento,noun,A2
momia,noun,B2
mona,noun,A2
monarca,noun,A2
monarquía,noun,C1
monasterio,noun,A2
monasterios,noun,A2
mondongo,noun,B2
moneda,noun,A1
monedero,noun,A2
monetario,adjective,B2
monitor,noun,A2
monje,noun,C1
mono,adjective,A1
mono,noun,A1
monocromo,adjective,B2
monocultivo,noun,B1
monográfico,noun,B1
monolingüe,adjective,C1
monopatín,noun,B2
monopolio,noun,C1
monotonía,noun,B2
monovolumen,noun,A2
monstruo,noun,C1
montaje,noun,B1
montante,noun,B2
montar,verb,B2
montaña,noun,A1
montañismo,noun,A2
montañista,noun,B2
montañoso,adjective,A2
monte,noun,A2
monte_soriano,noun,B2
montera,noun,B2
montero,noun,A2
monterrey,noun,A2
montevideo,noun,B2
monto,noun,B1
montserrat,noun,C1
montículo,noun,B1
montón,noun,B2
monumental,adjective,B1
monumentalidad,noun,B1
monumento,noun,A1
monumento_nacional,noun,B1
monólogo,noun,C1
monótono,adjective,B2
moqueta,noun,B1
mor,noun,B2
morada,noun,C1
moral,adjective,B2
moral,noun,B1
moraleja,noun,A2
moralista,adjective,B1
morar,verb,C1
morboso,adjective,B1
morcilla,noun,C1
morcillo,adjective,B1
mordaz,adjective,C1
morder,verb,C1
mordisco,noun,B2
morena,noun,A2
moreno,adjective,A1
moreno,noun,A1
morería,noun,C1
morfológico,adjective,C1
morir,verb,A2
morisco,noun,C1
morisma,noun,C1
mormón,adjective,B2
moro,adjective,B1
moro,noun,A1
morriña,noun,C1
morro,noun,A2
mortadela,noun,A2
mortal,adjective,C1
mortalidad,noun,C1
mortero,noun,C1
mosaico,noun,C1
mosca,noun,C1
moscada,noun,B1
moscatel,noun,B1
mosquitero,adjective,A1
mosquitero,noun,C1
mosquito,noun,C1
mosso,noun,C1
mostacho,noun,B2
mostaza,noun,C1
mosto,noun,A2
mostrador,noun,A1
mostrar,verb,B2
mote,noun,A2
motera,noun,B2
motero,noun,B2
motivación,noun,B2
motivador,adjective,B2
motivar,verb,B2
motivo,adjective,B2
motivo,noun,B2
moto,noun,A2
motocicleta,noun,A2
motociclismo,noun,A2
motocross,noun,B2
motor,noun,B1
motorista,noun,B2
motorizar,verb,B1
mousse,noun,B2
mover,verb,A2
movida,noun,A1
movilidad,noun,C1
movilización,noun,C1
movilizar,verb,C1
movimiento,noun,B2
mozo,adjective,B2
mozo,noun,B1
mozárabe,adjective,C1
moái,noun,B1
moño,noun,B2
msjr,noun,B1
mu,noun,C1
mucama,noun,B1
mucamo,noun,B1
muchachada,noun,B1
muchacho,noun,A2
mucho,adverb,A1
mucho,determiner,A1
mucho,pronoun,A1
muchísimo,determiner,A2
muda,noun,B1
mudanza,noun,C1
mudar,verb,A2
mudo,adjective,A1
mudo,noun,B1
mudéjar,adjective,C1
mueble,adjective,C1
mueble,noun,A1
muela,noun,A2
muelle,noun,A1
muera,noun,B2
muermo,noun,B2
muerta,noun,B1
muerte,noun,B1
muerto,noun,A2
muestra,noun,C1
muestrario,noun,C1
mujer,interjection,B1
mujer,noun,A1
mujeriego,noun,A2
muladí,adjective,C1
muladí,noun,C1
mulato,adjective,A1
mulato,noun,A1
multa,noun,C1
multar,verb,C1
multicanal,adjective,C1
multicolor,adjective,A2
multicultural,adjective,A1
multiculturalidad,noun,B2
multifacético,adjective,A1
multilateral,adjective,B2
multilingüe,adjective,C1
multimedia,adjective,C1
multimillonario,adjective,A2
multimillonario,noun,C1
multinacional,adjective,A2
multinacional,noun,B2
multioperado,adjective,C1
multiplicación,noun,A2
multiplicar,verb,C1
multitud,noun,B1
multitudinario,adjective,C1
multiuso,noun,A2
mundano,adjective,A1
mundi,noun,B1
mundial,adjective,B1
mundial,noun,A2
mundial_de_fútbol,noun,B1
mundialización,noun,A2
mundillo,noun,B2
mundo,noun,A1
municipal,adjective,A2
municipalidad,noun,A2
municipio,noun,C1
municipio_costero,noun,A2
mural,adjective,A1
mural,noun,A2
muralismo,noun,B1
muralista,adjective,B1
muralista,noun,B1
muralla,noun,A1
murciélago,noun,C1
murmullo,noun,B2
murmurar,verb,B1
muro,noun,A1
mus,noun,B1
musa,noun,C1
muscular,adjective,C1
musculatura,noun,C1
musculoso,adjective,B1
museo,noun,A1
museo_antropológico,noun,B1
museo_arqueológico,noun,A1
museo_mural,noun,B1
musgo,noun,B1
musical,adjective,A2
musical,noun,A1
musicalidad,noun,C1
musicar,verb,B1
muslo,noun,B2
mustio,adjective,B2
musulmán,adjective,C1
musulmán,noun,C1
mutilar,verb,C1
mutual,adjective,C1
mutuo,adjective,B2
muy,adverb,A1
muñeca,noun,B1
muñeco,noun,B1
my,noun,A2
mágico,adjective,C1
málaga,noun,C1
máquina,noun,A2
márketing,noun,A1
mármol,noun,C1
más,adverb,A1
más_que,preposition,B1
máscara,noun,B1
máster,noun,B2
máxima,noun,B2
máximo,adjective,C1
máximo,noun,C1
médico,adjective,C1
médico,noun,A1
médico_interno,noun,C1
médium,noun,C1
médula,noun,C1
mérito,noun,B2
método,noun,B2
métrico,adjective,A2
mí,pronoun,A1
mía,noun,B1
mímico,adjective,B1
mínimo,adjective,A2
mínimo,noun,C1
mío,adjective,A2
mísero,adjective,B2
mítico,adjective,B1
módulo,noun,A2
móvil,adjective,A2
móvil,noun,A2
mú,noun,B2
múltiple,adjective,B2
músculo,noun,A2
música,noun,A1
músico,adjective,A1
músico,noun,A1
n,noun,C1
nacer,verb,A2
nacho,noun,A2
naciente,adjective,C1
nacimiento,noun,C1
nacional,adjective,A1
nacionalidad,noun,A1
nacionalismo,noun,B1
nacionalista,adjective,C1
nacionalizar,verb,A2
nación,noun,C1
nada,adverb,B1
nada,determiner,B2
nada,pronoun,A1
nadador,noun,B1
nadar,verb,A1
nadie,determiner,A2
nadie,pronoun,A2
nal,noun,A1
nana,noun,C1
nancy_tuñón_de_barcelona,noun,B1
napolitana,noun,A1
napolitano,adjective,B1
naranja,adjective,B1
naranja,noun,A1
naranjita,noun,A2
naranjita_dieta,noun,A2
naranjo,noun,A1
narcotráfico,noun,A2
narcótico,noun,C1
nariz,noun,B2
narración,noun,C1
narrador,noun,C1
narrar,verb,C1
narrativa,noun,C1
nata,noun,B1
natación,noun,A2
natal,adjective,B1
natalidad,noun,C1
nativo,adjective,A1
nativo,noun,B1
nato,adjective,B1
natural,adjective,B2
naturaleza,noun,A1
naturaleza_salvaje,noun,A2
naturalidad,noun,B2
naturalismo,noun,B1
naufragar,verb,C1
nauseabundo,adjective,B1
nautilus,noun,B2
navaja,noun,C1
navarra,noun,C1
navarro,adjective,A2
navarro,noun,B2
nave,noun,A2
navegable,adjective,A2
navegación,noun,C1
navegante,noun,B1
navegar,verb,A2
navidad,noun,B2
navidades,noun,C1
navideño,adjective,C1
navío,noun,C1
nazareno,noun,A2
nazi,noun,B1
neblina,noun,C1
necesario,adjective,B2
neceser,noun,B1
necesidad,noun,B2
necesitar,verb,A1
nefasto,adjective,C1
negar,verb,B2
negativa,noun,C1
negatividad,noun,B1
negativo,adjective,B1
negociación,noun,B2
negociador,noun,B2
negociar,verb,B2
negocio,noun,C1
negrito,adjective,B1
negro,adjective,A1
negro,noun,A2
negruzco,adjective,B1
nena,noun,B1
nene,noun,A2
neo,adjective,B2
neofascista,adjective,B1
neologismo,noun,A2
neolítico,adjective,B2
neolítico,noun,B2
neonazi,noun,B1
neorrural,adjective,B1
neoyorkino,adjective,C1
neoyorquino,noun,C1
neozelandés,adjective,C1
nervio,noun,B2
nerviosismo,noun,B1
nervioso,adjective,A2
nerviosísimo,adjective,B1
neto,adjective,B2
neumonía,noun,B2
neumático,noun,A1
neurociencia_social,noun,B1
neurofisiología,noun,B2
neurona,noun,B1
neuronal,adjective,C1
neurosalus,noun,B2
neurálgico,adjective,B1
neutral,adjective,B2
neutro,adjective,C1
nevada,noun,A2
nevado,adjective,B1
nevado,noun,B2
nevar,verb,A1
nevera,noun,A2
ni,adverb,A2
ni,conjunction,B1
nicaragüense,adjective,B2
nicaragüense,noun,A2
nicho,noun,B2
nido,noun,A1
niebla,noun,C1
nieto,noun,A1
nieve,noun,B2
nilsson,noun,A1
ningunear,verb,B1
ninguno,determiner,B1
ninguno,pronoun,B2
ningún,determiner,A2
ninot,noun,B1
nipón,adjective,C1
nit,noun,B1
nitrato,noun,B2
nitroso,adjective,B2
nitrógeno,noun,B2
nivel,noun,C1
niña,noun,A2
niñez,noun,C1
niño,noun,A1
no,adverb,A1
no,noun,C1
no,verb,B2
no_obstante,adverb,C1
nobel,noun,A2
noble,adjective,A2
noble,noun,B2
nobleza,noun,B2
noche,noun,A1
nochebuena,noun,C1
nochevieja,noun,C1
nocivo,adjective,C1
noción,noun,C1
nocturno,adjective,A1
noctámbulo,adjective,A2
nogada,noun,B2
nombramiento,noun,C1
nombrar,verb,B2
nombre,noun,A1
nome,noun,B1
nominación,noun,B1
nominar,verb,A2
nomofobia,noun,B2
nomás,adverb,B1
nonato,adjective,B2
nopalera,noun,B1
noquear,verb,B2
noreste,noun,B2
norma,noun,B2
normal,adjective,A1
normalidad,noun,C1
normalista,adjective,C1
normalización,noun,B2
normando,adjective,B2
normando,noun,B2
normativa,noun,C1
noroeste,noun,A1
norte,noun,A1
norteamericano,adjective,A2
norteamericano,noun,A2
norteño,noun,B1
noruego,adjective,B2
noruego,noun,A1
nos,pronoun,B1
nosotros,pronoun,A1
nostalgia,noun,A2
nostálgico,adjective,A1
nota,noun,A2
nota_explicativa,noun,A2
notable,adjective,C1
notar,verb,C1
notario,noun,A1
notaría,noun,A2
noticia,noun,A2
noto,noun,A2
nova,noun,A2
novedad,noun,B2
novedoso,adjective,C1
novela,noun,B1
novelista,noun,C1
novia,noun,A1
noviar,verb,B2
noviazgo,noun,B2
novillo,noun,C1
novio,noun,C1
nube,noun,A2
nublar,verb,C1
nuca,noun,B2
nuclear,adjective,C1
nudismo,noun,B2
nudista,noun,B2
nudo,noun,B1
nuera,noun,B1
nuestro,adjective,A2
nuestro,determiner,B2
nueva_delhi,noun,B1
nueva_vida,noun,A2
nuevo,adjective,A1
nuevo_estilo_nos,noun,A2
nuevohogar,noun,A2
nuez,noun,A2
nulo,adjective,C1
numancia,noun,A1
numerar,verb,C1
numerología,noun,B1
numeroso,adjective,A2
numérico,adjective,B2
nunca,adverb,A2
nupcial,adjective,C1
nutricional,adjective,B2
nutrición,noun,B1
nutrición_clínica,noun,B1
nutriente,noun,C1
nutrir,verb,C1
nutritivo,adjective,B2
n°,noun,B2
nácar,noun,C1
náufrago,noun,B2
náusea,noun,A2
náutico,adjective,C1
níquel,noun,B1
nítido,adjective,C1
nómada,adjective,A1
nómina,noun,B2
nórdico,adjective,B2
nórdico,noun,A1
núcleo,noun,A2
número,noun,A1
o,conjunction,A1
o,noun,B1
o,preposition,B2
oasis,noun,B1
obedecer,verb,B1
obediencia,noun,C1
obelisco,noun,B1
obertura,noun,A2
obesidad,noun,B2
obeso,adjective,A2
obispo,noun,A2
objetividad,noun,B2
objetivo,adjective,B2
objetivo,noun,B2
objetivo_de_desarrollo,noun,B1
objeto,noun,B1
obligación,noun,B2
obligar,verb,B2
obligatorio,adjective,B2
obligatorio,noun,C1
obra,noun,B2
obra_social,noun,A1
obrar,verb,C1
obrera,noun,B2
obrero,adjective,A1
obrero,noun,C1
obrero_cualificado,noun,B2
obsceno,adjective,C1
obscuridad,noun,C1
obsequiar,verb,A2
obsequio,noun,A2
observacional,adjective,C1
observación,noun,C1
observador,noun,B1
observar,verb,A1
observatorio,noun,B2
obsesionar,verb,B2
obsesión,noun,B1
obsolescencia,noun,A2
obsoleto,adjective,C1
obstetricia,noun,C1
obstinar,verb,A1
obstáculo,noun,C1
obtención,noun,C1
obtener,verb,B2
obvio,adjective,C1
oca,noun,B2
ocasional,adjective,B1
ocasionar,verb,C1
ocasión,noun,B2
occidental,adjective,A2
occurir,verb,C1
oceanografía,noun,B1
oceanógrafo,noun,B1
oceánico,adjective,A1
ocio,noun,C1
ociopatía,noun,C1
ocre,adjective,A2
ocre,noun,A2
octavar,verb,C1
octubre,noun,A1
ocular,adjective,C1
ocultación,noun,B2
ocultar,verb,C1
ocultista,noun,C1
oculto,adjective,C1
ocupación,noun,B2
ocupante,noun,A2
ocupar,verb,A2
ocurrencia,noun,B1
ocurrir,verb,B1
océano,noun,A2
odeón,noun,A1
odiar,verb,A2
odio,noun,B1
odioso,adjective,C1
odisea,noun,B1
oeste,noun,A1
ofender,verb,B1
oferente,noun,C1
oferta,noun,A1
oferta_de_empleo,noun,B1
oferta_de_ocio,noun,A1
oferta_de_trabajo,noun,A2
ofertar,verb,C1
oficial,adjective,A1
oficialidad,noun,A2
oficiante,adjective,C1
oficina,noun,A1
oficina_de_turismo,noun,A2
oficinista,noun,C1
oficio,noun,B2
oficioso,adjective,B2
ofimático,adjective,C1
ofrecer,verb,A1
ofrecimiento,noun,A2
ofrenda,noun,B1
ofrendar,verb,C1
oftalmología,noun,B2
oh,interjection,A1
oir,verb,A2
ojalá,adverb,B1
ojalá,interjection,B2
ojera,noun,B2
ojo,interjection,A2
ojo,noun,A2
ok,adjective,A2
okay,interjection,A2
ola,noun,A1
ole,interjection,B2
oleada,noun,C1
oleaje,noun,C1
oler,verb,B1
olfativo,adjective,C1
olfato,noun,A2
oligopolio,noun,B2
olimpiada,noun,A1
oliva,noun,B1
olivo,noun,B1
olla,noun,B2
olmeda,noun,B2
olmo,noun,B2
olor,noun,B1
oloroso,adjective,A2
olvidar,verb,B1
olvido,noun,B2
olímpico,adjective,A2
ombligo,noun,A2
omeya,adjective,C1
omicrón,noun,C1
omitir,verb,C1
omnipresencia,noun,B1
omnipresente,adjective,B1
oncogén,noun,C1
onda,noun,B2
ondulación,noun,C1
ondulante,adjective,B1
ondular,verb,C1
one,noun,B2
ong,noun,A2
online,adverb,C1
online,noun,A1
onomatopeya,noun,B1
onomástico,adjective,C1
onu,noun,B1
opción,noun,C1
operación,noun,C1
operar,verb,C1
operario,noun,B2
operativo,adjective,C1
opinante,noun,B2
opinar,verb,A1
opinión,noun,B2
oponer,verb,B1
oportunidad,noun,B2
oportuno,adjective,B2
oposición,noun,B2
opositor,noun,C1
opresivo,adjective,C1
opresión,noun,C1
opresor,noun,B1
optar,verb,C1
optativo,adjective,C1
optimismo,noun,C1
optimista,adjective,C1
optimización,noun,C1
optimizar,verb,C1
oración,noun,B2
orador,noun,B2
oral,adjective,A1
orar,verb,B1
oratoria,noun,B2
orden,noun,C1
orden_de_el_día,noun,B2
ordenación,noun,C1
ordenador,noun,A2
ordenanza,noun,C1
ordenar,verb,A2
ordeñar,verb,B2
ordinal,adjective,B1
ordinario,adjective,B2
oreja,noun,B1
orfanato,noun,A2
orfebrería,noun,A2
orfelinato,noun,B1
organismo,noun,B2
organizacional,adjective,C1
organización,noun,B2
organización_no_gubernamental,noun,A2
organizador,adjective,B1
organizador,noun,A1
organizar,verb,A1
organizativo,adjective,C1
orgaz,noun,A1
orgullo,noun,C1
orgulloso,adjective,A1
orgánico,adjective,B1
orientación,noun,C1
oriental,adjective,B1
orientar,verb,C1
orientativo,adjective,C1
oriente,noun,B2
origen,noun,A1
original,adjective,A1
originalidad,noun,B2
originar,verb,B2
originario,adjective,B1
orilla,noun,A2
orillar,verb,C1
orina,noun,C1
orisha,noun,A1
oriundo,adjective,C1
orlar,verb,A2
ornamentación,noun,B2
ornamental,adjective,B2
ornitología,noun,A1
ornitológico,adjective,A2
ornitorrinco,noun,C1
ornitólogo,noun,A1
oro,noun,A1
orquesta,noun,A1
orquesta_sinfónica,noun,C1
orquídea,noun,A2
ortega,noun,A2
ortiga,noun,A2
ortodoxia,noun,C1
ortodoxo,adjective,B2
ortografía,noun,C1
oruga,noun,C1
orujo,noun,A2
orzar,verb,C1
orégano,noun,B1
oscilar,verb,B1
oscurecer,verb,A1
oscuridad,noun,C1
oscuro,adjective,B1
oso,noun,C1
ostentar,verb,C1
ostra,noun,A2
ostras,interjection,B1
otorgar,verb,C1
otoño,noun,A1
otro,adjective,A2
otro,determiner,A1
otro,pronoun,A2
out,noun,B1
outlet,noun,B1
ovación,noun,B2
oval,adjective,B2
oveja,noun,C1
overbooking,noun,B1
oviedo,noun,C1
ovni,noun,C1
oxidar,verb,C1
oxidativo,adjective,C1
oxigenación,noun,C1
oxigenar,verb,C1
oxígeno,noun,B1
oyente,adjective,B1
oyente,noun,B1
ozono,noun,B2
oído,noun,C1
oír,verb,A2
oﬁcina,noun,B2
p,noun,C1
pabellón,noun,A2
pablar,verb,B1
pablo,noun,A1
pablo_ruiz_picasso,noun,B2
pacense,adjective,B2
paciencia,noun,B1
paciente,adjective,A1
paciente,noun,C1
pacifismo,noun,A2
pacifista,adjective,A2
paco,noun,A1
pactar,verb,B2
pacto,noun,C1
pacífico,adjective,A1
pacíﬁco,adjective,B1
paddle,noun,A2
padecer,verb,B2
padrastro,noun,B1
padre,noun,A1
padrecito,noun,A2
padrino,noun,C1
paella,noun,A1
paellera,noun,C1
paga,noun,C1
pagano,adjective,B1
pagar,verb,A1
pago,noun,B2
paila,noun,A2
paisaje,noun,A1
paisajístico,adjective,B1
paja,noun,B1
pajarero,adjective,B2
pajarita,noun,C1
paje,noun,C1
palabra,noun,A1
palabrita,noun,A1
palace,noun,B1
palacete,noun,B2
palacio,noun,A2
palacio_de_congresos,noun,B2
palacio_presidencial,noun,A2
palacio_real,noun,A2
paladar,noun,A1
palco,noun,B1
paleolítico_superior_magdaleniense,noun,B2
paleontólogo,noun,B2
paleta,noun,B2
palillo,noun,A1
palimpsesto,noun,B2
palito,noun,B2
paliza,noun,C1
palma,noun,A1
palmar,verb,A1
palmera,noun,A2
palmero,noun,B2
palo,noun,B1
paloma,noun,B1
palomar,adjective,B2
palomita,noun,B1
palpar,verb,A2
palta,noun,B1
pampa,noun,A1
pamplonés,noun,A1
pan,noun,A1
pana,noun,B1
panadero,noun,B2
panadería,noun,B1
panal,noun,C1
panamericana,adjective,A1
panamericano,adjective,A1
panameño,adjective,C1
panca,noun,C1
pancarta,noun,B1
panda,noun,C1
pandero,noun,C1
pandilla,noun,B2
pandillero,adjective,A2
pandillero,noun,A2
panecillo,noun,C1
panel,noun,B1
panhispánico,adjective,C1
panorama,noun,B2
panqué,noun,A2
pantalla,noun,A2
pantalón,noun,A1
pantera,noun,C1
panza,noun,B2
papa,noun,B1
papa_arrugada,noun,B1
papagayo,noun,A2
paparazzi,noun,B1
papasito,noun,B1
papaya,noun,A2
papel,noun,A2
papelera,noun,B2
papelería,noun,A2
papeleta,noun,C1
papi,noun,A1
papiro,noun,B2
papo,noun,A2
papá,noun,A1
paque_nacional,noun,A1
paquete,noun,A2
paquistaní,noun,B2
par,adjective,C1
par,noun,A2
para,conjunction,B1
para,noun,B1
para,preposition,A1
para atrás,adverb,B1
parabólico,adjective,C1
paraca,noun,A2
paracaidismo,noun,B2
paracaídas,noun,A2
paracetamol,noun,C1
parada,noun,A1
paradero,noun,C1
paradigma,noun,C1
paradisíaco,adjective,B2
parado,noun,A2
paradoja,noun,B2
parador,noun,B2
paraguas,noun,B1
paraguayo,adjective,A1
paraguayo,noun,C1
paraje,noun,B1
paralelo,adjective,B2
paralingüístico,adjective,C1
paralizar,verb,B1
paranoia,noun,C1
paranormal,adjective,C1
parapente,noun,A2
parar,verb,A1
parasitario,adjective,B2
paraíso,noun,A1
parcela,noun,A2
parcelar,verb,A1
parcial,adjective,C1
pardo,adjective,A2
parecer,noun,B2
parecer,verb,A2
parecido,noun,C1
pared,noun,C1
paredón,noun,B2
pareja,noun,B1
parejo,adjective,C1
parental,adjective,B2
parentela,noun,C1
parentesco,noun,C1
pargo,noun,A2
paridad,noun,B2
pariente,adjective,B1
pariente,noun,C1
parilla,noun,B1
parir,verb,C1
parisino,noun,B2
parking,noun,A2
parlamentario,adjective,C1
parlamento,noun,C1
parlanchín,adjective,A1
parlante,noun,B1
parlar,verb,B2
parnaso,noun,B2
paro,noun,C1
parpadeo,noun,B2
parque,noun,A1
parque_nacional,noun,A1
parque_natural,noun,A1
parqueadero,noun,B1
parquear,verb,B1
parqueo,noun,A2
parral,noun,A2
parrilla,noun,C1
parrillada,noun,A1
parroquia,noun,C1
parte,noun,A2
participación,noun,C1
participante,noun,B1
participar,verb,B1
participativo,adjective,B2
participio,noun,A2
particular,adjective,B1
particular,noun,B2
partida,noun,B2
partidario,adjective,C1
partido,noun,A1
partir,verb,C1
partitura,noun,A2
parto,noun,B2
parturienta,noun,C1
party,noun,C1
partícipe,adjective,B2
partícipe,noun,C1
partícula,noun,B1
paráfrasis,noun,C1
parálisis,noun,B1
parámetro,noun,C1
parásito,noun,C1
paréntesis,noun,C1
parón,noun,C1
pasa,noun,B1
pasada,noun,A2
pasado,noun,B2
pasaje,noun,A1
pasajero,noun,A1
pasaporte,noun,A1
pasar,verb,A1
pasarela,noun,B2
pasatiempo,noun,B1
pascua,noun,B1
pascual,adjective,B2
pascuas,noun,C1
pascuense,adjective,B1
pase,noun,A2
paseador,noun,B1
pasear,verb,A1
paseo,noun,A1
paseíto,noun,B1
pasillear,verb,B2
pasillo,noun,A2
pasional,adjective,C1
pasividad,noun,B2
pasivo,adjective,A2
pasivo,noun,C1
pasión,noun,B2
pasmar,verb,C1
paso,adjective,C1
paso,noun,A2
pasodoble,noun,C1
pasta,noun,B1
pastar,verb,A2
pastel,noun,B1
pastelería,noun,B1
pastilla,noun,C1
pastizal,noun,B2
pasto,noun,B2
pastor,noun,B1
pata,noun,B1
patada,noun,C1
patata,noun,A1
patentar,verb,B2
patente,adjective,B2
patera,noun,C1
paternal,adjective,B2
paternalista,adjective,A1
paternidad,noun,C1
paterno,adjective,C1
patilla,noun,B2
patinar,verb,A2
patinete,noun,B2
patio,noun,A1
pato,noun,C1
patología,noun,B2
patológico,adjective,B1
patoso,adjective,B1
patria,noun,A1
patriarcal,adjective,B2
patricio,noun,A1
patrimonial,adjective,B2
patrimonio,noun,A1
patrimonio_artístico,noun,C1
patrimonio_cultural,noun,A1
patrimonio_cultural_de_la_humanidad,noun,A1
patrimonio_de_la_humanidad,noun,A1
patrimonio_inmaterial_de_la_humanidad,noun,A2
patrio,adjective,C1
patriota,noun,B2
patrocinador,noun,B1
patrocinio,noun,C1
patronal,adjective,B2
patronal,noun,C1
patroncito,noun,A2
patrono,noun,B1
patrullera,noun,B2
patrón,noun,B1
paté,noun,A2
patín,noun,A1
paular,verb,A1
paulatino,adjective,C1
paulino,noun,B1
pausa,noun,A1
pauta,noun,C1
pavada,noun,B1
pavo,noun,A1
payaso,noun,A2
payo,adjective,C1
paz,noun,A2
país,noun,A1
pañal,noun,A1
paño,noun,B1
pañuelo,noun,B1
peaje,noun,B2
peana,noun,B1
peatonal,adjective,A1
peatón,noun,B1
peca,noun,C1
pecado,noun,C1
pecador,adjective,B2
pecera,noun,C1
pecho,noun,B1
pecuario,adjective,B2
peculiar,adjective,C1
pedagogo,noun,B2
pedagogía,noun,A2
pedagógico,adjective,B2
pedal,noun,C1
pedalear,verb,B2
pedante,adjective,A1
pedanía,noun,C1
pedazo,noun,B2
pedernal,noun,B2
pediatra,noun,A2
pedicura,noun,A2
pedido,noun,B2
pedir,verb,A1
pedregoso,adjective,C1
pedrosa,noun,B2
peeling,noun,C1
pega,noun,C1
pegadizo,adjective,B1
pegajoso,adjective,C1
pegamento,noun,B2
pegar,verb,C1
pegatina,noun,B1
peinado,noun,B1
peinar,verb,B1
peine,noun,A2
peineta,noun,B2
pela,noun,A2
pelador,noun,B2
pelaje,noun,B2
pelar,verb,A2
peldaño,noun,B1
pelea,noun,B1
pelear,verb,B2
peletero,adjective,C1
peletero,noun,B2
peligrar,verb,B2
peligro,noun,B1
peligroso,adjective,A2
pelirrojo,adjective,A1
pelirrojo,noun,A2
pellejo,noun,B2
pelo,noun,A2
pelota,noun,A1
pelotero,noun,A1
pelotón,noun,B2
peluca,noun,C1
peluche,noun,B1
peluquera,noun,B1
peluquero,noun,C1
peluquería,noun,A2
pelícano,noun,B1
película,noun,A1
pelón,noun,B1
pena,noun,A2
penalizar,verb,B2
penalti,noun,C1
pendiente,adjective,B1
pendiente,noun,B1
pendular,adjective,C1
penetrar,verb,B2
penicilina,noun,A2
peninsular,adjective,A2
peninsular,noun,B1
penitencia,noun,C1
penitente,noun,C1
penoso,adjective,C1
pensador,noun,B2
pensamiento,noun,B1
pensante,adjective,C1
pensar,verb,A2
pensativo,adjective,B1
pensionista,noun,A1
pensión,noun,A1
pentagrama,noun,C1
penumbra,noun,B1
península,noun,A2
penúltimo,adjective,A2
people_ett,noun,C1
peor,adjective,B2
peor,adverb,C1
pepa,noun,C1
pepe,noun,C1
pepinillo,noun,B2
pepino,noun,B1
pepita,noun,C1
pequeñez,noun,C1
pequeño,adjective,A1
pequeño,noun,C1
pera,noun,B1
perales,noun,B1
percepción,noun,B2
percha,noun,B2
percibir,verb,C1
percusionista,noun,B1
percusión,noun,B1
perder,verb,A2
perdido,noun,B1
perdonable,adjective,C1
perdonar,verb,A1
perdurar,verb,B2
perdón,noun,A2
peregrinación,noun,C1
peregrino,adjective,A1
peregrino,noun,A1
perejil,noun,C1
pereza,noun,B2
perezoso,adjective,A1
perfeccionamiento,noun,B2
perfeccionar,verb,B2
perfeccionismo,noun,C1
perfeccionista,adjective,C1
perfección,noun,B2
perfecto,adjective,A1
perfidia,noun,B2
perfil,noun,B2
perfilar,verb,C1
perforación,noun,C1
perforar,verb,B1
performance,noun,B1
perfumar,verb,B1
perfume,noun,A1
perfumería,noun,A1
pergamino,noun,B2
periferia,noun,A2
perilla,noun,B2
periodismo,noun,B2
periodista,noun,A2
periodo,noun,B2
periodístico,adjective,B1
peripecia,noun,A2
periquito,noun,C1
perito,noun,C1
periódico,adjective,C1
periódico,noun,A1
perjudicar,verb,B2
perjudicial,adjective,B2
perjuicio,noun,C1
perla,noun,A2
permanecer,verb,B2
permanencia,noun,C1
permanente,adjective,A1
permiso,noun,B1
permiso_de_residencia,noun,B1
permitir,noun,B2
permitir,verb,C1
pernicioso,adjective,B2
pero,adverb,A2
pero,conjunction,A1
peronista,noun,B1
perp,conjunction,B1
perpendicular,adjective,A2
perpetuar,verb,B1
perpetuo,adjective,C1
perplejidad,noun,B1
perplejo,adjective,C1
perrito,noun,B1
perro,noun,B1
persa,noun,A2
persecución,noun,B1
persecutorio,adjective,C1
perseguir,verb,C1
perseverancia,noun,A1
perseverar,verb,B2
persiana,noun,A2
persiano,adjective,B2
persistencia,noun,C1
persistir,verb,C1
persona,noun,A1
persona_mayor,noun,A2
personaje,noun,B1
personal,adjective,B1
personal,noun,B2
personalidad,noun,C1
personalización,noun,B1
personalizar,verb,A2
personificar,verb,B1
perspectiva,noun,C1
persuadir,verb,B2
persuasivo,adjective,B2
persuasión,noun,B2
pertenecer,verb,B1
perteneciente,adjective,C1
pertenencia,noun,C1
pertinencia,noun,C1
perturbación,noun,C1
perturbar,verb,B2
peruano,adjective,A1
peruano,noun,A1
perversidad,noun,C1
perverso,adjective,B1
pervertir,verb,C1
pervivir,verb,B1
perímetro,noun,B1
período,noun,C1
pesadilla,noun,B1
pesar,noun,C1
pesar,verb,C1
pesca,noun,A2
pescadero,noun,C1
pescadería,noun,B2
pescadilla,noun,B2
pescado,noun,A1
pescador,noun,A2
pescar,verb,A1
pescuezo,noun,C1
pesebre,noun,B1
pesero,noun,B1
peseta,noun,A1
pesimismo,noun,C1
pesimista,adjective,B2
peso,noun,A1
pesquero,adjective,A2
pesquero,noun,B2
pestaña,noun,A1
peste,noun,C1
pesticida,adjective,B1
pestilencia,noun,C1
pestillo,noun,B2
petanca,noun,A2
petardo,noun,A1
petición,noun,C1
petitorio,noun,C1
petrificar,verb,C1
petrolero,adjective,B1
petroquímico,adjective,B2
petróleo,noun,B1
petulante,adjective,B2
peyorativo,adjective,B1
peyote,noun,C1
pez,noun,C1
peña,noun,B1
peñón,noun,A1
peón,noun,A2
ph,noun,C1
pianista,noun,A1
piano,noun,A1
piar,verb,C1
pib,noun,C1
pibe,noun,B1
pica,noun,C1
picacho,noun,A2
picadillo,noun,A1
picado,noun,B1
picador,noun,A2
picadura,noun,C1
picante,adjective,A2
picante,noun,B1
picapleitos,noun,C1
picar,verb,A1
picarón,noun,A2
picnic,noun,A2
pico,noun,B2
picor,noun,C1
picoso,adjective,B2
picotear,verb,C1
picoteo,noun,C1
pictograma,noun,C1
pictórico,adjective,B2
pie,noun,A1
piedad,noun,B2
piedra,noun,B2
piedrecita,noun,B1
piel,noun,C1
pienso,noun,B2
pierna,noun,A2
pieza,noun,A1
pigmentario,adjective,C1
pigmento,noun,C1
pijama,noun,A2
pijo,adjective,B2
pijo,noun,B2
pila,noun,C1
pilar,noun,B1
pilar,verb,A2
pilates,noun,A2
pilla_de_barajas_madrid,noun,C1
pillaje,noun,B2
pillar,verb,C1
pillo,noun,C1
piloto,noun,A2
pilpil,noun,B2
pimentón,noun,B1
pimienta,noun,B1
pimiento,noun,A1
pin,noun,B1
pinar,noun,B2
pincel,noun,C1
pincelada,noun,B2
pincelar,verb,C1
pincha,noun,C1
pinchadiscos,noun,B2
pinchar,verb,B2
pinche,noun,B1
pincho,adjective,A1
pincho,noun,A1
ping-pong,noun,B2
pingu,noun,A2
pingüino,noun,A1
pino,noun,B1
pinochet,noun,A2
pinta,noun,C1
pintada,noun,A1
pintado,noun,B1
pintamonas,noun,C1
pintar,verb,A1
pintor,adjective,B1
pintor,noun,A1
pintoresco,adjective,A1
pintura,noun,A1
pinzón,noun,C1
pionero,adjective,C1
pionero,noun,A1
pipa,noun,B1
pipi,noun,B2
pique,noun,C1
piragua,noun,B1
piramidal,adjective,C1
pirata,noun,C1
piraña,noun,A2
piropo,noun,A2
pirueta,noun,B1
pirámide,noun,B1
pirómano,noun,B1
pisar,verb,C1
piscina,noun,A1
piscis,noun,A2
pisco,noun,A2
pisco_sour,noun,B1
piso,noun,A1
pista,noun,A2
pistola,noun,B1
pitagórico,adjective,C1
pitar,verb,C1
pitido,noun,A2
pito,noun,C1
pitágoras,noun,B1
pizarra,noun,B2
pizarrista,noun,C1
pizarro,noun,C1
pizca,noun,B2
pizza,noun,A1
pizzaiolo,noun,B1
pizzería,noun,A2
piña,noun,A2
piñata,noun,A2
piñón,noun,C1
placa,noun,B1
placentero,adjective,A2
placer,noun,B2
placidez,noun,C1
plaga,noun,B2
plagar,verb,C1
plagiar,verb,B2
plan,noun,B2
plancha,noun,C1
planchar,verb,B1
planeamiento,noun,C1
planear,verb,B2
planeta,noun,B1
planetario,noun,B2
planificación,noun,A1
planificar,verb,B2
planitas,noun,B2
plano,adjective,B2
plano,noun,A1
planta,noun,A1
plantación,noun,B1
plantar,verb,A2
planteamiento,noun,C1
plantear,verb,B2
plantel,noun,C1
plantilla,noun,B2
plasmar,verb,C1
plata,noun,A2
plataforma,noun,C1
platea,noun,B1
platear,verb,B1
platería,noun,B1
platicar,verb,C1
platillo,noun,B2
platita,noun,A2
plato,noun,A1
plato_estrella,noun,B1
plató,noun,B2
plausible,adjective,B2
playa,noun,A1
playboy,noun,B1
plaza,noun,A1
plaza_central,noun,A2
plaza_de_armas,noun,A2
plazo,noun,C1
plazoleta,noun,A2
please,noun,A2
plebiscito,noun,B1
plegar,verb,B1
pleistoceno,noun,B1
pleno,adjective,A2
pleno,noun,A2
pletórico,adjective,B1
plomero,noun,A1
plomizo,adjective,A2
plomo,noun,C1
pluma,noun,A2
plumero,noun,C1
plumífero,adjective,A2
plural,adjective,C1
pluralidad,noun,C1
plurifamiliar,adjective,C1
pluripotencial,adjective,C1
plusmarca,noun,A2
plácido,adjective,C1
plástico,adjective,C1
plástico,noun,B1
plátano,noun,B1
población,noun,B2
poblado,noun,A2
poblador,noun,C1
poblar,verb,C1
pobre,adjective,A2
pobre,interjection,B1
pobre,noun,C1
pobrecillo,adjective,A2
pobrecito,adjective,A1
pobreza,noun,C1
poco,adjective,C1
poco,adverb,A1
poco,determiner,A1
poco,pronoun,A1
podar,verb,B1
podcast,noun,B1
poder,noun,B2
poder,verb,A1
poder_científico,noun,A2
poder_económico,noun,A2
poder_educativo,noun,A2
poder_político,noun,A2
poderoso,adjective,B2
podio,noun,A2
poema,noun,A2
poemita,noun,B2
poesía,noun,A2
poeta,noun,A2
poetisa,noun,C1
pogrom,noun,B1
pogromo,noun,B1
polaco,adjective,A1
polaco,noun,B1
polar,adjective,A1
polen,noun,B1
polenta,noun,B1
poli,adjective,A2
poli,noun,A2
policiaco,adjective,B1
policial,adjective,B2
policía,noun,A2
policía_nacional,noun,B1
policíaco,adjective,A1
polideportivo,adjective,C1
polideportivo,noun,A2
polifenol,noun,C1
polinesio,adjective,B1
polinesio,noun,B1
polio,noun,C1
politécnico,adjective,B2
polivalente,adjective,B2
poliéster,noun,B1
pollera,noun,B1
pollero,noun,A2
pollino,noun,B1
pollo,noun,A1
polo,noun,B1
pololo,noun,B1
polvo,noun,B2
polvoriento,adjective,B2
polvorón,noun,C1
polémica,noun,C1
polémico,adjective,C1
polícromo,noun,B2
polígono,noun,A2
polígono_industrial,noun,B2
política,noun,C1
política_alimentaria,noun,B2
político,adjective,A1
político,noun,B1
pomo,noun,A1
pompón,noun,B1
ponche,noun,B1
poncho,adjective,A2
poncho,noun,A2
ponderar,verb,C1
ponente,noun,C1
poner,verb,A1
poner_resta,verb,C1
pop,noun,A1
popular,adjective,A1
popularidad,noun,B1
popularizar,verb,A2
populismo,noun,B2
populista,adjective,A2
poquito,adjective,A1
por,determiner,C1
por,noun,B2
por,preposition,A1
por_babor,adverb,B1
por_la_mañana,adverb,A1
por_la_noche,adverb,A1
por_la_tarde,adverb,A1
por_libre,adverb,B2
por_motivos_de,preposition,C1
por_más_que,conjunction,B2
por_qué,adverb,A2
porcelana,noun,A1
porcentaje,noun,B2
porcentual,adjective,B2
porche,noun,B1
porcino,noun,B2
porción,noun,A1
porfa,adverb,A2
pormenorizar,verb,C1
pornográfico,adjective,C1
poroto,noun,A1
porque,conjunction,A1
porque_dalí,conjunction,A2
porquería,noun,B1
porqué,adverb,A2
porqué,noun,A2
porrón,noun,B2
portada,noun,A1
portador,adjective,C1
portaequipajes,noun,A2
portafolios,noun,C1
portal,noun,B1
portar,verb,C1
portavoz,noun,B2
porte,noun,C1
portero,noun,B1
porteño,adjective,B1
porteño,noun,B1
portugués,adjective,A1
portugués,noun,B2
portátil,adjective,A2
portátil,noun,B2
portón,noun,B1
porvenir,noun,A2
posada,noun,A2
posadita,noun,A2
posar,verb,A2
poseer,verb,B2
posesivo,adjective,A2
posesivo,noun,A2
posesión,noun,B2
poseso,noun,B1
poseído,noun,C1
posgrado,noun,C1
posguerra,noun,B1
posibilidad,noun,B2
posibilitar,verb,C1
posible,adjective,B2
posiblitador,adjective,C1
posicionamiento,noun,C1
posición,noun,B2
positivo,adjective,B2
poso,noun,B2
posponer,verb,B2
post,adjective,B2
postal,adjective,B1
postal,noun,A2
poste,noun,B2
postergar,verb,B2
posterior,adjective,B2
postgrado,noun,B2
postguerra,noun,B1
postor,noun,C1
postre,adjective,B1
postre,noun,A1
postrero,noun,C1
postulado,noun,C1
postura,noun,B2
postureo,noun,A2
pota,noun,C1
potabilizar,verb,B1
potable,adjective,B2
potaje,noun,B1
potasio,noun,B2
potencia,noun,A1
potenciación,noun,C1
potencial,adjective,C1
potencial,noun,C1
potenciar,verb,B2
potente,adjective,B1
poto,noun,B1
potosí,noun,A1
potro,noun,B1
poza,noun,B1
pozo,noun,B1
poético,adjective,C1
practicante,adjective,B2
practicante,noun,B2
practicar,verb,A1
pradera,noun,B1
prado,noun,A2
pragmático,adjective,A2
pre,adjective,A2
precalentar,verb,B2
precandidato,noun,C1
precariedad,noun,C1
precario,adjective,C1
precaución,noun,C1
precedente,adjective,B2
precedente,noun,C1
preceder,verb,C1
preciar,verb,C1
precientífico,adjective,C1
precio,noun,A1
precioso,adjective,A1
precipicio,noun,A2
precipitación,noun,C1
precipitar,verb,C1
precisar,verb,C1
precisión,noun,C1
preciso,adjective,C1
precolombino,adjective,B1
precursor,adjective,C1
precursor,noun,B2
predecesor,noun,B2
predecir,verb,B1
predestinar,verb,C1
predicador,noun,A2
predicar,verb,C1
predicción,noun,C1
predictivo,adjective,B1
predilección,noun,C1
predilecto,adjective,B1
predisposición,noun,B2
predominante,adjective,B2
predominar,verb,B2
predominio,noun,B2
preestablecer,verb,B1
preexistente,adjective,C1
prefectura,noun,B2
preferencia,noun,A2
preferible,adjective,C1
preferido,adjective,A1
preferir,verb,A1
prefijo,noun,B1
pregonar,verb,C1
pregonero,noun,B2
pregunta,conjunction,C1
pregunta,noun,A1
pregunta,preposition,B2
preguntar,verb,A2
preguntón,noun,A2
pregón,noun,B2
prehispánico,adjective,C1
prehistoria,noun,B2
prehistoriador,noun,B2
prehistórico,adjective,B2
preinscripción,noun,C1
prejubilación,noun,C1
prejuicio,noun,B2
prem,noun,B1
prematuro,adjective,C1
premeditación,noun,B1
premiar,verb,C1
premio,noun,A2
premio_pulitzer,noun,B1
premisa,noun,B1
premonición,noun,B1
prenda,noun,A2
prendar,verb,A2
prendedor,noun,B2
prender,verb,A1
prensa,noun,B2
prensar,verb,C1
preocupación,noun,C1
preocupante,adjective,C1
preocupar,verb,A1
preparación,noun,B1
preparar,verb,A1
preparativo,noun,B1
preparatorio,adjective,C1
preponderancia,noun,B2
preposición,noun,A1
prepotente,adjective,B2
prerrománico,adjective,A2
prescindir,verb,C1
prescribir,verb,C1
prescripción,noun,C1
preselección,noun,B2
presencia,noun,C1
presencial,adjective,C1
presenciar,verb,C1
presentación,noun,A1
presentación_de_la_campaña,noun,B1
presentador,noun,A2
presentar,verb,A1
presente,adjective,B2
presente,interjection,B2
presente,noun,C1
presente_de_indicativo,noun,B1
presentimiento,noun,B1
presentir,verb,A2
preservación,noun,B2
preservar,verb,B2
presidencia,noun,C1
presidencia_de_la_república,noun,A2
presidencial,adjective,C1
presidenta,noun,B1
presidente,noun,B2
presidente_de_el_gobierno,noun,A2
presidente_de_la_república,noun,B1
presidiario,noun,B1
presidir,verb,C1
presionar,verb,B2
presión,noun,B2
preso,noun,C1
prestación,noun,C1
prestar,verb,C1
preste,noun,B2
prestigio,noun,B2
prestigioso,adjective,A1
presumir,verb,B2
presunción,noun,C1
presunto,adjective,B2
presuponer,verb,C1
presupuestar,verb,B2
presupuestario,adjective,C1
presupuesto,noun,B2
presupuesto_familiar,noun,B1
presuroso,adjective,B1
pretencioso,adjective,B2
pretender,verb,C1
pretendiente,noun,B1
pretensar,verb,C1
pretensión,noun,C1
pretexto,noun,C1
pretérito_indefinido,noun,B1
prevalecer,verb,C1
prevención,noun,C1
prevenir,verb,C1
preventivo,adjective,C1
prever,verb,B2
previo,adjective,B2
previsible,adjective,B2
previsión,noun,B2
preñar,verb,B2
prima,noun,A2
primar,verb,A2
primario,adjective,B2
primario,noun,B1
primate,noun,C1
primavera,noun,A1
primer,adjective,B2
primera,adjective,A2
primera_bailarina,noun,B1
primera_comunión,noun,B1
primera_división,noun,C1
primero,adjective,A2
primero,adverb,A1
primigenio,adjective,C1
primitivo,adjective,B1
primo,adjective,A1
primo,noun,A1
primogénito,adjective,B1
primogénito,noun,C1
primor,noun,C1
primordial,adjective,C1
princesa,noun,B1
principado,noun,B2
principal,adjective,A1
principal,noun,B1
principiante,noun,A1
principiar,verb,C1
principio,noun,B2
prioridad,noun,B2
prioritario,adjective,C1
priorizar,verb,B2
prisa,noun,A1
prisionero,noun,C1
prisión,noun,C1
prisma,noun,B2
prismáticos,noun,B1
privación,noun,C1
privado,adjective,C1
privar,verb,A2
privatizar,verb,B2
privilegiar,verb,C1
privilegio,noun,A2
probabilidad,noun,B2
probable,adjective,B1
probador,noun,B1
probar,verb,A1
probeta,noun,A2
problema,noun,A1
problemilla,noun,C1
problemita,noun,A2
problemática,noun,C1
problemático,adjective,B2
procedencia,noun,B2
procedente,adjective,B2
proceder,noun,B1
proceder,verb,B2
procedimiento,noun,B2
procesado,noun,C1
procesador,noun,C1
procesal,adjective,C1
procesar,verb,B2
procesión,noun,A2
proceso,noun,B2
proclamación,noun,A2
proclamar,verb,B2
procurar,verb,B2
prodigio,noun,C1
prodigioso,adjective,C1
producción,determiner,B2
producción,noun,B2
producir,verb,A2
productividad,noun,B2
productivo,adjective,B2
producto,noun,B1
producto_bruto_nacional,noun,C1
producto_interno,noun,C1
producto_interno_bruto,noun,B2
productor,adjective,A2
productor,noun,B1
profano,adjective,A2
profe,noun,A1
profecía,noun,C1
profesar,verb,B2
profesional,adjective,B2
profesional,noun,B2
profesionalidad,noun,B2
profesionalizar,verb,B2
profesión,noun,A1
profesor,noun,C1
profesora,noun,A2
profesorado,noun,C1
profeta,noun,B1
profundidad,noun,B2
profundización,noun,C1
profundizar,verb,B1
profundo,adjective,B2
progenitor,noun,C1
programa,noun,A1
programa_de_becas,noun,C1
programación,noun,A1
programador,noun,C1
programar,verb,A2
progre,adjective,A1
progresar,verb,B2
progresista,adjective,A1
progresivo,adjective,B2
progresión,noun,B2
progreso,noun,A1
prohibición,noun,B2
prohibir,verb,B1
proletario,noun,C1
proliferación,noun,B2
proliferar,verb,B1
prolijo,adjective,C1
prolongación,noun,B1
prolongar,verb,C1
prolífico,adjective,B1
promedio,noun,A1
promesa,noun,B2
prometer,verb,A2
prometido,noun,A1
prominente,adjective,C1
promisorio,adjective,C1
promocional,adjective,C1
promocionar,verb,B2
promoción,noun,B2
promontorio,noun,B1
promotor,adjective,C1
promotor,noun,C1
promover,verb,B2
pronombre,noun,B1
pronominal,adjective,A2
pronosticar,verb,B2
pronto,adjective,C1
pronto,adverb,A1
pronunciación,noun,A1
pronunciar,verb,A2
pronóstico,noun,B1
propagación,noun,B1
propaganda,noun,A2
propagar,verb,C1
propensión,noun,C1
propenso,adjective,B2
propiciar,verb,C1
propiedad,noun,C1
propietario,adjective,B2
propietario,noun,B2
propina,noun,A1
propio,adjective,B2
propio,noun,B1
proponer,verb,B2
proporcional,adjective,B1
proporcionar,verb,B2
proporción,noun,C1
proposición,noun,B2
propuesta,noun,B2
propulsar,verb,B1
propósito,noun,C1
prorrogable,adjective,C1
proseguir,verb,C1
prospecto,noun,C1
prosperidad,noun,C1
prostituta,noun,B1
protagonismo,noun,C1
protagonista,adjective,B1
protagonista,noun,B2
protagonizar,verb,A2
protección,noun,C1
protección_civil,noun,C1
protector,adjective,B2
protector,noun,C1
proteger,verb,A1
protesta,noun,B2
protestante,adjective,A2
protestante,noun,B2
protestar,verb,C1
proteína,noun,B1
protocolario,adjective,A1
protocolo,noun,B2
prototipo,noun,B2
provecho,noun,B2
proveedor,noun,B2
proveniente,adjective,B2
provenir,verb,B2
provincia,noun,A1
provincial,adjective,A2
provinciano,adjective,B1
provisional,adjective,C1
provisión,noun,A2
provocación,noun,B2
provocador,adjective,B2
provocar,verb,B2
provocativo,adjective,C1
proximidad,noun,C1
proyección,noun,C1
proyectar,verb,B2
proyecto,noun,B2
prudencia,noun,A2
prudente,adjective,C1
prueba,noun,B2
práctica,noun,B1
práctico,adjective,A2
préstamo,noun,C1
príncipe,noun,B2
príncipe_felipe,noun,C1
prójimo,noun,B1
próspera_navidad,noun,C1
próspero,adjective,C1
próspero_año_nuevo,noun,C1
prótesis,noun,C1
próximo,adjective,A2
psicoanalista,noun,A1
psicología,noun,B1
psicológico,adjective,B2
psicosomático,adjective,C1
psicoterapeuta,noun,B1
psicotécnico,adjective,B1
psicólogo,noun,B1
psicópata,noun,B1
psiquiatra,noun,B1
psiquiatría,noun,B2
psiquiátrico,adjective,C1
psoriasis,noun,B2
psíquico,adjective,C1
pub,noun,B1
pubertad,noun,C1
publicación,noun,A2
publicar,verb,B2
publicidad,noun,B1
publicista,noun,A1
publicitario,adjective,B2
publicitario,noun,B1
pudor,noun,C1
pudrir,verb,B2
pueble,noun,A2
pueblecito,noun,A2
pueblo,noun,A1
puente,noun,A1
puente_aéreo,noun,A1
puenting,noun,C1
puerco,noun,A2
puericultura,noun,C1
puerta,noun,A2
puerto,noun,A1
puerto_rico,noun,B1
puertorriqueño,adjective,B2
pues,adverb,A1
pues,conjunction,A1
pues_sí,adverb,A2
puesta,noun,C1
puesto,noun,A1
pujante,adjective,C1
pulcro,adjective,B2
pulga,noun,C1
pulgar,adjective,B1
pulgar,noun,C1
pulir,verb,A2
pulmón,noun,B2
pulpa,noun,B1
pulpo,noun,A2
pulque,noun,C1
pulsar,verb,A2
pulsera,noun,B1
puma,noun,A2
punitivo,adjective,C1
punk,noun,B1
punta,noun,C1
puntiagudo,adjective,A2
puntilla,noun,C1
puntito,noun,B2
punto,noun,B2
punto_de_vista,noun,B1
puntual,adjective,B2
puntualidad,noun,A2
puntualizar,verb,C1
puntuar,verb,A2
pupila,noun,C1
pureza,noun,B2
purgatorio,noun,C1
purificar,verb,C1
purista,noun,B1
puro,adjective,A1
puro,noun,B1
puré,noun,A2
puya,noun,B1
puzle,noun,A2
puñado,noun,C1
puñal,noun,B2
puño,noun,C1
pyme,noun,B2
pza.,noun,A2
página,noun,B2
pájaro,noun,A2
pálido,adjective,A2
pánico,noun,B2
párpado,noun,C1
párrafo,noun,B2
párroco,noun,A2
péndulo,noun,B2
pérdida,noun,B2
pérsico,adjective,C1
pésame,noun,C1
pétalo,noun,A1
pétreo,adjective,C1
pícaro,adjective,A1
pícaro,noun,A1
pícnic,noun,A1
píldora,noun,A2
pío,adjective,C1
pío,noun,B2
píxel,noun,B2
póker,noun,A2
póliza,noun,C1
pólvora,noun,C1
pómulo,noun,B1
póquer,noun,B1
pósit,noun,B2
póster,noun,A1
póstumo,adjective,B1
púa,noun,C1
público,adjective,B2
público,noun,C1
púnico,adjective,A2
púrpura,adjective,C1
q,noun,A1
que,conjunction,B1
que,determiner,C1
que,pronoun,B1
que,verb,B2
quebrada,noun,B2
quebradero,noun,C1
quebrantar,verb,C1
quebrar,verb,B2
quechua,adjective,A2
quechua,noun,A2
queda,noun,C1
quedar,verb,A2
quedar_bien,verb,B1
quedo,interjection,B2
queimada,noun,B1
queja,noun,C1
quejar,verb,B2
quema,noun,B2
quemado,noun,B2
quemadura,noun,B2
quemar,verb,B1
quena,noun,A2
querer,noun,C1
querer,verb,A1
querido,adjective,A1
querido,noun,B1
quesada,noun,A2
quesadilla,noun,B1
queso,noun,A1
quetparec,noun,B2
quetzal,adjective,A2
quetzal,noun,B2
quichua,adjective,B1
quiché,adjective,B2
quiebra,noun,C1
quien,pronoun,B2
quieto,adjective,B2
quietud,noun,B2
quimera,noun,C1
quinceañero,noun,A2
quinta,noun,C1
quinteto,noun,B1
quinto,noun,A2
quinua,noun,B1
quiosco,noun,B1
quiosquero,noun,A2
quique,noun,C1
quiromancia,noun,C1
quirófano,noun,B1
quirúrgico,adjective,C1
quiste,noun,C1
quita,noun,A2
quitaesmalte,noun,C1
quitamanchas,noun,C1
quitamiedos,noun,C1
quitanieves,adjective,A2
quitar,verb,B1
quite,noun,B2
quito,adjective,A1
quizá,adverb,A1
quizás,adverb,A1
quién,pronoun,A1
qué,determiner,A1
qué,pronoun,A1
qué_fuerte,adverb,B1
qué_tal,pronoun,A2
química,noun,C1
químico,adjective,C1
r,noun,A1
rabia,noun,B1
rabillo,noun,C1
rabo,noun,B2
racha,noun,C1
racimo,noun,B1
racional,adjective,B2
racional,noun,C1
racionalización,noun,A1
racionalizar,verb,A1
racismo,noun,B1
racista,adjective,C1
ración,noun,C1
radar,noun,B2
radiación,noun,C1
radiador,noun,B2
radiante,adjective,B2
radical,adjective,C1
radicar,verb,C1
radio,noun,A2
radiocasete,noun,A1
radiofónico,adjective,B1
radionovela,noun,B1
radiotelevisión,noun,C1
raer,verb,A2
rafael_de_el_pino,noun,C1
rafia,noun,B2
rafting,noun,B1
rajar,verb,C1
ralentizar,verb,B2
ralladura,noun,B1
rallar,verb,B1
rama,noun,B2
ramadán,noun,C1
ramal,noun,B1
rambla,noun,A1
ramo,noun,C1
rampa,noun,B2
rana,noun,B1
ranchero,noun,A1
rancho,noun,A2
rancio,adjective,B2
ranking,noun,B2
rapanui,noun,B1
rapar,verb,B1
rapidez,noun,B2
rapidísimo,adjective,B1
raptar,verb,B1
raqueta,noun,A2
raro,adjective,A2
rascacielos,noun,A2
rascar,verb,C1
rasero,noun,C1
rasgar,verb,B2
rasgo,noun,B1
raso,adjective,C1
rasta,adjective,B1
rastafari,noun,B1
rastrear,verb,C1
rastro,noun,A2
rata,noun,C1
ratificar,verb,B2
rato,noun,A2
ratoncillo,noun,B2
ratón,noun,A2
raulito,noun,A1
raulí,noun,B1
ravioles,noun,B1
ravioli,noun,B1
raviolis,noun,A1
raya,noun,B1
rayar,verb,B2
rayo,noun,A2
rayuela,noun,C1
raza,noun,B1
razonable,adjective,B2
razonamiento,noun,B2
razonar,verb,C1
razón,noun,A1
raíz,noun,C1
re,noun,A1
reaccionar,verb,B2
reaccionario,noun,B1
reacción,noun,C1
reactor,noun,B2
reafirmar,verb,B2
reajuste,noun,C1
real,adjective,C1
real,noun,B1
real_decreto,noun,B2
realidad,noun,B1
realismo,noun,B2
realista,adjective,C1
reality_show,noun,B2
realización,noun,B2
realizar,verb,B2
realzar,verb,C1
reanudar,verb,B1
reaparición,noun,C1
reavivar,verb,B1
rebaja,noun,B1
rebajar,verb,C1
rebanada,noun,B2
rebasar,verb,C1
rebaño,noun,B2
rebelar,verb,B2
rebelde,adjective,A1
rebelde,noun,A2
rebeldía,noun,A1
rebelión,noun,C1
rebozo,noun,B1
rebuscar,verb,A2
rebuzno,noun,B1
recado,noun,A2
recaer,verb,C1
recalcar,verb,C1
recalentamiento,noun,C1
recalentar,verb,C1
recambiable,adjective,B1
recapitular,verb,C1
recarga,noun,B2
recargar,verb,A2
recaudación,noun,B2
recaudar,verb,B1
recelo,noun,B2
receloso,adjective,C1
recepcionista,noun,B1
recepción,noun,B1
receptivo,adjective,C1
receptor,adjective,C1
receptor,noun,C1
recesión,noun,B2
receta,noun,B1
recetar,verb,C1
rechazar,verb,C1
rechazo,noun,C1
rechulo,adjective,B1
recibidor,noun,A2
recibir,verb,A2
recibo,noun,B2
recibí,noun,A1
reciclable,adjective,B1
reciclado,noun,B1
reciclaje,noun,A2
reciclar,verb,B1
recien,adverb,B1
reciente,adjective,B2
recinto,noun,B1
recipiente,noun,B1
recital,noun,B1
recitar,verb,A2
recién,adverb,C1
reclamación,noun,B2
reclamar,verb,A2
reclamo,noun,B2
recluir,verb,B2
reclutar,verb,A2
recobrar,verb,B2
recoger,verb,A2
recogida,noun,B2
recolección,noun,B1
recolectar,verb,B2
recomendable,adjective,A1
recomendación,noun,C1
recomendar,verb,B2
recomer,verb,A1
recompensa,noun,B1
recompensar,verb,A1
recomponer,verb,C1
reconciliar,verb,C1
reconducir,verb,C1
reconocer,verb,B2
reconocible,adjective,C1
reconocimiento,noun,B1
reconquista,noun,C1
reconsiderar,verb,C1
reconstituir,verb,C1
reconstrucción,noun,C1
reconstruir,verb,A2
recopilación,noun,C1
recopilar,verb,B1
recordar,verb,A1
recorrer,verb,A2
recorrido,noun,B1
recortar,verb,C1
recorte,noun,C1
recostar,verb,C1
recoveco,noun,C1
recrear,verb,C1
recreativo,adjective,C1
recreo,noun,B2
recta,noun,B2
rectangular,adjective,A1
recto,adjective,A2
recto,noun,A1
rector,noun,C1
rectángulo,noun,B1
recubrir,verb,C1
recuento,noun,C1
recuerdo,noun,A2
recuperación,noun,A1
recuperar,verb,B1
recurrente,adjective,C1
recurrir,verb,B2
recurso,noun,C1
recursos_humanos,noun,C1
recámara,noun,C1
red,noun,B1
red_social,noun,A2
redacción,noun,B2
redactar,verb,B2
redactor,adjective,A2
redactor,noun,B2
redescubrimiento,noun,C1
redescubrir,verb,B1
redimir,verb,C1
rediseñar,verb,C1
redistribución,noun,C1
redistribuir,verb,B1
redondear,verb,C1
redondel,noun,B1
redondo,adjective,C1
redondo,noun,B2
reducción,noun,B2
reducir,verb,B2
redundante,adjective,B2
reelegir,verb,B2
reemplazar,verb,B1
reencarnación,noun,B1
reencarnar,verb,C1
reencontrar,verb,B1
reencuentro,noun,B1
reenganchar,verb,B2
refeliz,adjective,B1
referencia,noun,B2
referenciar,verb,A2
referente,adjective,C1
referente,noun,B2
referir,verb,C1
referéndum,noun,C1
referí,noun,B2
refinamiento,noun,A1
refinar,verb,B2
reflector,noun,C1
reflejar,verb,C1
reflejo,noun,A2
reflexionar,verb,B1
reflexivo,adjective,C1
reflexión,noun,C1
reforma,noun,B2
reformar,verb,A1
reforzar,verb,B2
refrescante,adjective,A2
refrescar,verb,C1
refresco,noun,A2
refrigeración,noun,B2
refrigerador,noun,B1
refrán,noun,B2
refuerzo,noun,B2
refugiado,noun,C1
refugiar,verb,C1
refugio,noun,B2
refundar,verb,A1
refundir,verb,B2
refutar,verb,B2
regadío,noun,C1
regalar,verb,A2
regalito,noun,B1
regalo,noun,A1
regar,verb,B1
regatear,verb,A2
regañar,verb,B2
regeneración,noun,C1
regenerar,verb,C1
regenerativo,adjective,C1
regetón,noun,A1
reggae,noun,B1
reggaeton,noun,A2
regio,adjective,B1
regional,adjective,B2
regir,verb,C1
registrar,verb,C1
registro,noun,B2
registro_civil,noun,C1
región,noun,A1
regla,noun,A1
regocijo,noun,C1
regresar,verb,A2
regreso,noun,A2
reguero,noun,C1
regulación,noun,B2
regulador,adjective,C1
regular,adjective,A1
regular,verb,B2
regularidad,noun,C1
regularización,noun,C1
regularizar,verb,C1
rehabilitación,noun,C1
rehabilitar,verb,B2
rehogar,verb,B2
rehuir,verb,B2
reina,noun,B1
reinado,noun,C1
reinar,verb,B2
reincorporación,noun,C1
reino,noun,B2
reino_unido,noun,B2
reinsertar,verb,B2
reintegrar,verb,B2
reinventar,verb,C1
reiterar,verb,B1
reivindicación,noun,C1
reivindicar,verb,C1
reja,noun,B2
rejuvenecer,verb,C1
relacionado,adjective,B1
relacionar,verb,A2
relación,noun,B2
relajación,noun,A1
relajante,adjective,B2
relajante,noun,B1
relajar,verb,A1
relanzar,verb,C1
relatar,verb,C1
relativo,adjective,C1
relativo,noun,B2
relato,noun,B1
relator,noun,B2
relax,noun,B1
releer,verb,B2
relevancia,noun,C1
relevante,adjective,B2
relevar,verb,B1
relieve,noun,B2
religiosidad,noun,B1
religioso,adjective,C1
religioso,noun,C1
religión,noun,B1
relinchar,verb,B2
rellenar,verb,A1
relleno,adjective,A1
relleno,noun,B1
reloj,noun,A2
relojero,noun,C1
relucir,verb,C1
relámpago,noun,B1
remangar,verb,B1
remar,verb,B2
remarcar,verb,B2
rematar,verb,C1
remate,noun,C1
remediar,verb,B2
remedio,noun,C1
rememorar,verb,C1
remendar,verb,C1
remiendo,noun,C1
reminiscencia,noun,B2
remitir,verb,B2
remo,noun,A2
remodelar,verb,B2
remontar,verb,B1
remoto,adjective,B2
remover,verb,B1
remplazar,verb,A1
remuneración,noun,B2
remunerar,verb,B2
renacentista,adjective,B2
renacer,noun,C1
renacer,verb,B2
renacimiento,noun,A2
rencor,noun,C1
rencoroso,adjective,C1
rendimiento,noun,C1
rendir,verb,B2
renegar,verb,C1
renombre,noun,B2
renovable,adjective,B2
renovar,verb,C1
renqueante,adjective,C1
renta,noun,C1
rentabilidad,noun,C1
rentabilizar,verb,B2
rentable,adjective,B2
renuncia,noun,C1
renunciar,verb,B2
reo,noun,C1
reordenar,verb,C1
reorganización,noun,C1
reparación,noun,B2
reparadora,noun,C1
reparar,verb,C1
repartidor,adjective,A2
repartir,verb,C1
reparto,noun,B1
repasar,verb,A1
repaso,noun,A2
repatriación,noun,A2
repatriar,verb,A2
repelente,adjective,A2
repelente,noun,A2
repeler,verb,B1
repentino,adjective,C1
repercutir,verb,C1
repetición,noun,C1
repetir,verb,B2
repetitivo,adjective,A1
replantear,verb,C1
repleto,adjective,B2
replicante,noun,B1
repoblar,verb,A1
reportaje,noun,A2
reportar,verb,C1
reportero,adjective,C1
reportero,noun,B1
reposar,verb,B1
repostería,noun,B2
reprender,verb,C1
represa,noun,B1
representación,noun,B2
representante,noun,C1
representar,verb,B1
representativo,adjective,B2
represivo,adjective,B2
represión,noun,B2
represor,noun,C1
reprochar,verb,C1
reproche,noun,B2
reproducción,noun,B1
reproducir,verb,C1
reproductivo,adjective,C1
reprogramación,noun,C1
reptil,noun,A2
republicano,adjective,A2
republicano,noun,B1
repudiar,verb,C1
repuesto,noun,C1
reputación,noun,A1
república,noun,A2
república_dominicana,noun,B2
requebrar,verb,C1
requena,noun,A1
requerir,verb,C1
requiebro,noun,B2
requisito,noun,C1
resaca,noun,A2
resaltar,verb,B2
resbalar,verb,C1
rescatar,verb,C1
rescate,noun,B1
reseco,adjective,A2
resentimiento,noun,B2
resentir,verb,C1
reserva,noun,A1
reservar,verb,A1
reseña,noun,C1
resfriado,noun,A2
resfriar,verb,B2
resfrío,noun,B1
resguardo,noun,C1
residencia,noun,A2
residencia_de_estudiantes,noun,A2
residencial,adjective,B2
residente,adjective,B2
residente,noun,B2
residir,verb,B1
residual,adjective,B2
residuo,noun,B1
resignación,noun,C1
resignar,verb,C1
resina,noun,B1
resistencia,noun,C1
resistente,adjective,A2
resistir,verb,B2
resolución,noun,C1
resolver,adjective,C1
resolver,verb,B1
resonar,verb,B2
resoplido,noun,C1
respaldo,noun,A1
respectar,verb,B2
respectivo,adjective,C1
respecto,noun,C1
respetable,adjective,C1
respetar,verb,C1
respeto,noun,C1
respetuoso,adjective,B1
respingón,adjective,B2
respirable,adjective,C1
respiración,noun,B1
respirar,verb,A2
respiratorio,adjective,B2
respiro,noun,B1
resplandor,noun,B2
responder,verb,B1
responsabilidad,noun,B2
responsabilizar,verb,B2
responsable,adjective,B2
responsable,noun,B2
responsable_de_planta,noun,B2
responsable_de_sistemas,noun,B2
respuesta,noun,A2
resquicio,noun,C1
restablecer,verb,B2
restante,adjective,B2
restante,noun,B2
restar,verb,B2
restauración,noun,B2
restaurador,noun,C1
restaurante,noun,A1
restaurar,verb,A1
restituir,verb,B1
resto,noun,B2
restricción,noun,B2
restringir,verb,C1
resucitar,verb,B2
resulta,noun,C1
resultado,noun,B2
resultante,adjective,B2
resultar,verb,B1
resumen,noun,A1
resumir,verb,C1
resurrección,noun,B1
retablo,noun,C1
retar,verb,C1
retardo,noun,C1
retención,noun,C1
retener,verb,C1
retina,noun,B2
retinol,noun,C1
retirada,noun,A1
retirar,verb,B2
retiro,noun,B1
reto,noun,B2
retomar,verb,A2
retorcer,verb,A1
retorno,noun,C1
retraer,verb,C1
retraimiento,noun,C1
retransmisión,noun,A1
retransmitir,verb,B2
retrasado,noun,B2
retrasar,verb,B2
retraso,noun,B2
retratar,verb,C1
retrato,noun,B2
retribución,noun,C1
retroactivo,adjective,B2
retroalimentar,verb,B2
retroceder,verb,B1
retroceso,noun,C1
retrospectiva,noun,C1
retrovisor,noun,B1
retrucar,verb,B2
retuitear,verb,B2
retórica,noun,B2
retórico,adjective,C1
reumatoide,adjective,B2
reunificación,noun,B2
reunir,verb,A2
reunión,noun,A2
reutilizable,adjective,B2
reutilizar,verb,B1
revalorizar,verb,A2
revelación,noun,C1
revelador,adjective,B2
revelar,verb,C1
reventar,verb,C1
reverencia,noun,A2
reverencial,adjective,B1
reverendo,adjective,C1
reversible,adjective,B1
revertir,verb,C1
revisar,verb,A2
revisión,noun,B2
revisor,noun,A2
revista,noun,A2
revitalizador,noun,B1
revivir,verb,B1
revocar,verb,B2
revolotear,verb,C1
revolucionar,verb,B2
revolucionario,adjective,A2
revolucionario,noun,C1
revolución,noun,C1
revolución_digital,noun,C1
revolver,verb,A2
revuelta,noun,C1
revés,noun,C1
revólver,noun,A2
rey,noun,A2
rey_mago,noun,A2
reyes_magos,noun,A1
rezar,verb,C1
rezo,noun,C1
reír,verb,A1
reñir,verb,B2
reúma,noun,C1
rhodes,noun,A2
riachuelo,noun,C1
riaño_santos,noun,A1
riba,noun,A1
ribera,noun,C1
ricachón,noun,C1
rico,adjective,A1
rico,noun,A2
ridículo,adjective,C1
ridículo,noun,B2
riego,noun,B1
rienda,noun,C1
riesgo,noun,A1
riesgo_laboral,noun,A2
rigor,noun,C1
riguroso,adjective,B2
rima,noun,B2
rinconcillo,noun,A2
rincón,noun,A1
rinoceronte,noun,C1
rinoplastia,noun,C1
rioplatense,adjective,B1
riqueza,noun,B2
riquísimo,adjective,A1
risa,noun,C1
risco,noun,B1
risita,noun,C1
ritmo,noun,B1
rito,noun,B1
ritual,adjective,A1
ritual,noun,A1
ritz,noun,A2
rival,noun,C1
rivalidad,noun,A2
rivalizar,verb,C1
rizado,adjective,B2
rizado,noun,B1
rizar,verb,A1
rizo,noun,C1
riña,noun,C1
riñón,noun,B2
robado,adjective,B1
robar,determiner,B2
robar,verb,A1
roble,noun,B2
robo,noun,C1
robot,noun,B1
roca,noun,B2
rock,noun,A1
rockero,noun,B1
rocoso,adjective,B1
rocío,noun,A2
rodaja,noun,A1
rodaje,noun,B2
rodar,verb,A1
rodear,verb,A2
rodeo,noun,B1
rodilla,noun,B2
rodrigar,verb,A2
roedor,noun,B1
rogar,verb,C1
rojiblanco,adjective,B2
rojizo,adjective,C1
rojo,adjective,A1
rojo,noun,A1
rol,noun,C1
roldán_rián,noun,B1
rollo,noun,B1
romance,noun,B2
romanización,noun,A2
romano,adjective,A1
romano,noun,A2
romanticismo,noun,A1
romaní,adjective,A2
romeo,adjective,B1
romero,noun,B2
romería,noun,C1
romper,verb,B2
románico,adjective,A1
romántico,adjective,A1
romántico,noun,A1
ron,noun,A1
roncar,verb,C1
ronco,adjective,C1
roncotur,noun,C1
ronda,noun,A2
rondar,verb,B2
ropa,noun,A1
roque,noun,A1
rosa,adjective,A1
rosa,noun,B2
rosado,adjective,A2
rosal,noun,A2
rosaleda,noun,C1
rosco,noun,B2
rosendo,noun,A1
rosquilla,noun,A2
rostro,noun,B2
rota,noun,B2
rotación,noun,B2
rotar,verb,B2
rotativo,noun,C1
rotulador,noun,B2
rotundo,adjective,C1
rotura,noun,C1
rozar,verb,A2
rr,noun,B2
rubia,noun,B1
rubio,adjective,A2
ruborizar,verb,C1
rubricar,verb,B1
rudd,noun,B2
rudimentario,adjective,A2
rueda,noun,B1
ruego,noun,B2
rugby,noun,B1
rugido,noun,B1
rugir,verb,B1
rugoso,adjective,C1
ruido,noun,A2
ruidoso,adjective,A2
ruina,noun,A1
ruiseñor,noun,B2
rulero,noun,B1
ruleta,noun,A2
rulo,noun,B1
rumano,noun,A1
rumba,noun,A2
rumbo,noun,A2
rumiante,noun,A2
rumor,noun,B2
ruptura,noun,B2
rural,adjective,A1
rusia,noun,B2
ruso,adjective,A1
ruso,noun,C1
ruta,noun,A1
ruta_en_bici,noun,B1
rutero,noun,B1
rutina,noun,A1
rutinario,adjective,B2
rábita,noun,C1
rápido,adjective,A1
rápido,noun,B1
récord,adjective,B2
récord,noun,A2
régimen,noun,C1
réplica,noun,B2
réquiem,noun,A2
ría,noun,A2
rígido,adjective,C1
río,noun,A1
rítmico,adjective,A1
rómulo_gallegos,noun,B1
rótulo,noun,B2
rústico,adjective,C1
s,noun,B1
s.a.,noun,B2
s.l.,noun,A1
sabana,noun,A2
sabelotodo,noun,C1
saber,noun,C1
saber,verb,A2
sabiduría,noun,B2
sabio,noun,C1
sabor,noun,B1
saborear,verb,A1
sabroso,adjective,B1
sacacorchos,noun,C1
sacapuntas,noun,C1
sacar,noun,C1
sacar,verb,A2
sacarina,noun,B1
sacarino,adjective,B1
sacerdotal,adjective,C1
sacerdote,noun,C1
sacerdotisa,noun,A2
saciar,verb,B2
saco,noun,A1
sacramento,noun,B2
sacrificar,verb,B2
sacrificio,noun,B1
sacrilegio,noun,C1
sacro,adjective,B1
sacudir,verb,C1
saeta,noun,A2
safari,noun,A2
saga,noun,C1
sagardoy,noun,B2
sagaz,adjective,B2
sagitario,noun,A2
sagrado,adjective,C1
sahumerio,noun,C1
sajón,noun,C1
sake,noun,C1
sal,noun,A1
sala,noun,A1
sala-comedor,noun,C1
salado,adjective,B2
salado,noun,B1
salar,noun,A1
salar,verb,A1
salarial,adjective,B2
salario,noun,B2
salario_mínimo,noun,C1
salazón,noun,C1
salchicha,noun,A1
salchichón,noun,A1
saldo,noun,B2
salga,noun,A2
salgar,verb,B2
salida,noun,A1
salina,noun,A2
salir,verb,A1
saliva,noun,A2
salk,noun,C1
salmantino,adjective,A2
salmantino,noun,A2
salmón,noun,C1
salomónico,adjective,B1
salpicar,verb,B2
salpicón,noun,B2
salsa,noun,A1
saltar,verb,A2
salto,noun,B1
saltón,adjective,B2
salud,noun,A2
saluda,noun,B1
saludable,adjective,B1
saludar,verb,A1
saludo,noun,A1
salvación,noun,C1
salvador,noun,A1
salvador_dali,noun,B1
salvador_puig_antich_y_heinz_chez,noun,A2
salvadoreño,adjective,C1
salvaguarda,noun,B2
salvaguardar,verb,B2
salvaje,adjective,A2
salvaje,noun,B1
salvajismo,noun,B1
salvar,verb,C1
salvavidas,adjective,B1
salvo,adjective,B1
salvo,preposition,C1
salón,noun,A2
samarkanda,noun,A1
san,adjective,A1
san,noun,B1
san_adrián,noun,A2
san_antonio,noun,A2
san_belén,noun,B2
san_carlos_de_madrid,noun,B1
san_fernando,noun,A2
san_francisco,noun,A2
san_isidro,noun,B1
san_marcos,noun,A2
san_mateo,noun,A2
san_sebastian,noun,A1
sancionar,verb,C1
sanción,noun,C1
sancocho,noun,B2
sandalia,noun,A2
sandwich,noun,A2
saneamiento,noun,B2
sanear,verb,B2
sangrar,verb,C1
sangre,noun,A1
sangriento,adjective,C1
sangría,noun,A1
sanguche,noun,A2
sanguchito,noun,A2
sanguíneo,adjective,B2
sanidad,noun,A2
sanitario,adjective,C1
sano,adjective,A1
sant_pau,noun,A2
santa_ cruz,noun,A2
santa_ana,noun,A1
santa_clara,noun,B2
santa_maría_de_el_peñasco,noun,B2
santanderino,adjective,C1
santero,adjective,A1
santero,noun,A1
santería,noun,A1
santiguar,verb,B1
santo,adjective,A1
santo,noun,B1
santo_patrón,noun,C1
santoral,noun,C1
santuario,noun,A1
sapiens,noun,B2
sapo,noun,A2
saqueo,noun,B2
sarcófago,noun,A2
sardina,noun,A1
sardiñada,noun,A2
sargento,noun,B1
sartén,noun,A2
sastre,noun,A1
satisfacción,noun,B2
satisfacer,verb,B2
satisfactorio,adjective,C1
saturar,verb,B2
satélite,noun,C1
satírico,adjective,A2
sauce,noun,A2
sauna,noun,A2
savia,noun,B1
saxofón,noun,A1
sazonar,verb,C1
scoparius,noun,C1
se,pronoun,A1
sea,conjunction,C1
seca,noun,B1
secador,noun,A2
secadora,noun,B2
secar,verb,B1
sección,noun,C1
seco,adjective,A1
secreta,noun,C1
secretaria_de_dirección,noun,A2
secretariado,noun,C1
secretario,noun,A2
secretaría,noun,C1
secretaría_de_estado,noun,C1
secreto,adjective,B1
secreto,noun,B1
secreto_de_estado,noun,A1
secta,noun,A2
sector,noun,B2
sectorial,adjective,C1
secuencia,noun,C1
secuestrador,noun,C1
secuestrar,verb,A2
secuestro,noun,A2
secular,adjective,C1
secularización,noun,B2
secundario,adjective,A1
sed,noun,B1
seda,noun,A2
sede,noun,B2
sedentario,adjective,B1
sedentarismo,noun,B2
sedimento,noun,C1
seducción,noun,C1
seducir,verb,B2
seductor,adjective,A1
seductor,noun,B1
sefardí,noun,A2
segoviano,adjective,A1
segregación,noun,C1
seguidito,adverb,B1
seguidor,noun,B1
seguimiento,noun,B2
seguir,verb,A2
segunda,noun,C1
segundero,noun,C1
segundo,adjective,B2
segundo,noun,A2
seguridad,noun,C1
seguridad_alimentaria,noun,B2
seguridad_social,noun,C1
seguro,adjective,A2
seguro,adverb,A2
seguro,noun,A1
segurísimo,adjective,B1
según,conjunction,B2
según,preposition,B2
seis,noun,B2
seleccionador,noun,B2
seleccionar,verb,B2
selección,noun,B2
selectividad,noun,B2
selectivo,adjective,C1
selecto,adjective,C1
selfie,noun,A2
sellar,verb,B2
sello,noun,C1
selva,noun,A1
semana,noun,A1
semanal,adjective,C1
sembrar,verb,C1
semejante,adjective,B2
semejante,determiner,C1
semejanza,noun,A1
semestre,noun,A2
semicírculo,noun,C1
semidiós,noun,B1
semilla,noun,C1
seminario,noun,A1
sempiterno,adjective,C1
semáforo,noun,A1
sen,noun,B2
senado,noun,A2
senador,noun,B2
sencillez,noun,B2
sencillo,adjective,B2
senda,noun,A2
senderismo,noun,A1
senderista,adjective,B1
sendero,noun,A2
sendos,determiner,C1
seno,noun,B2
sensacional,adjective,A2
sensacionalista,adjective,B1
sensación,noun,B2
sensatez,noun,C1
sensato,adjective,C1
sensibilidad,noun,C1
sensibilizar,verb,B2
sensible,adjective,B2
sensiblero,adjective,B2
sensitivo,adjective,C1
sensor,noun,B2
sensorial,adjective,C1
sensual,adjective,A2
sentada,noun,B2
sentar,verb,A1
sentencia,noun,C1
sentenciar,verb,B2
sentido,noun,B2
sentimental,adjective,C1
sentimiento,noun,A1
sentir,verb,B2
separación,noun,C1
separado,adjective,C1
separar,verb,A1
sepia,noun,B2
septiembre,noun,B1
sepulcro,noun,A2
sepultar,verb,A2
sepultura,noun,A2
sequedad,noun,B2
sequía,noun,C1
ser,noun,B1
ser,verb,A1
serbia,noun,A1
serbio,adjective,A1
serenar,verb,B2
serenata,noun,B1
serenidad,noun,B1
sereno,adjective,B2
serial,noun,A2
seriar,verb,A2
serie,noun,A2
seriedad,noun,B2
serio,adjective,A1
serpiente,noun,B1
serrano,adjective,A2
serrano,noun,A2
serrar,verb,C1
servicial,adjective,C1
servicio,noun,B2
servicio_de_inteligencia,noun,B1
servicio_público,noun,B2
servidor,noun,B2
servil,adjective,C1
servilleta,noun,C1
servir,verb,B1
sesentón,noun,A2
sesión,noun,A2
set,noun,B2
seta,noun,B2
setter,noun,A2
severo,adjective,C1
sevillano,adjective,A2
sevillano,noun,A1
sexenio,noun,C1
sexo,noun,C1
sexual,adjective,C1
sexualidad,noun,A1
sexy,adjective,A2
seísmo,noun,A2
seña,noun,C1
señal,noun,C1
señalar,verb,C1
señalizar,verb,A2
señar,verb,B2
señero,adjective,B2
señor,adjective,A2
señor,interjection,A2
señor,noun,A1
señorial,adjective,A2
señorita,noun,B1
señorito,noun,B1
shock,noun,B2
short,noun,A1
show,noun,A1
si,conjunction,B1
si,preposition,C1
si,pronoun,B2
siamés,noun,A2
sida,noun,A2
siderúrgico,adjective,B2
sidra,noun,C1
siempre,adverb,A1
sierra,noun,A1
siesta,noun,A1
siete,noun,B2
sigla,noun,B1
siglo,noun,B1
significado,noun,C1
significar,verb,A1
significativo,adjective,C1
signo,noun,C1
siguiente,adjective,B1
silabear,verb,A1
silba,noun,B1
silbar,verb,A2
silbato,noun,A1
silbido,noun,B2
silenciar,verb,B1
silencio,noun,A1
silencioso,adjective,C1
silente,adjective,C1
silla,noun,A1
sillín,noun,A2
sillón,noun,B1
silo,noun,A1
silueta,noun,B2
silvestre,adjective,B2
simbolismo,noun,C1
simbolizar,verb,C1
simbología,noun,B2
simbólico,adjective,B1
simetría,noun,C1
similar,adjective,C1
similitud,noun,B2
simio,noun,C1
simpatizante,noun,C1
simpatizar,verb,A2
simpatía,noun,C1
simple,adjective,C1
simplificar,verb,C1
simpático,adjective,A1
simular,verb,B2
simultáneo,adjective,C1
simétrico,adjective,C1
sin,preposition,B1
sin_embargo,adverb,B1
sin_prisas,adverb,B2
sinagoga,noun,A1
sinceridad,noun,A2
sincero,adjective,B2
sincretismo,noun,A2
sincronizar,verb,C1
sincrónico,adjective,C1
sindical,adjective,B2
sindicalista,adjective,B1
sindicato,noun,C1
sindicato_de_estudiantes,noun,B1
sinfín,noun,B2
sinfónico,adjective,B1
single,noun,A2
singular,adjective,C1
singular,noun,C1
siniestralidad,noun,C1
siniestro,adjective,B1
siniestro,noun,B2
sino,conjunction,B2
sinposis,noun,B2
sintonizar,verb,B2
sintonía,noun,B1
sintoísta,adjective,C1
sinuoso,adjective,B2
sinvergüenza,noun,B1
sinónimo,adjective,A2
sinónimo,noun,B1
siquiera,adverb,B2
sirena,noun,A1
sirio,adjective,B2
siro,adjective,B1
siro,noun,B1
sirope,noun,B2
sirviente,noun,B2
sismografía,noun,B1
sistema,noun,B2
sistemático,adjective,C1
sistémico,adjective,C1
sitio,noun,A1
situación,noun,B2
situar,verb,A1
ska,noun,B1
skin,noun,B1
smartphone,noun,B2
smog,noun,B1
sms,noun,A2
snack,noun,C1
sniff,interjection,A2
snowboard,noun,B2
so,preposition,A2
soberano,noun,B1
soberbio,adjective,B2
sobra,noun,A2
sobrante,noun,C1
sobrar,verb,C1
sobre,noun,C1
sobre,preposition,A1
sobrecogedor,adjective,C1
sobredimensionar,verb,C1
sobrehumano,adjective,B1
sobremanera,adverb,B2
sobremesa,noun,C1
sobrenatural,adjective,B1
sobrepasar,verb,B2
sobreponer,verb,B2
sobresaliente,adjective,C1
sobresaliente,noun,A2
sobresalir,verb,C1
sobrestimar,verb,B2
sobretodo,noun,B1
sobrevalorar,verb,B1
sobrevenir,verb,B2
sobrevivir,verb,B1
sobrevolar,verb,B1
sobrino,noun,A1
sociable,adjective,A1
social,adjective,C1
socialización,noun,C1
sociedad,noun,B2
sociedad_de_el_conocimiento,noun,C1
sociedad_limitada,noun,A1
socio,noun,A1
sociocultural,adjective,C1
socioeconómico,adjective,C1
sociolaboral,adjective,C1
sociolingüístico,adjective,B2
sociología,noun,B2
sociología_aplicada,noun,C1
sociológico,adjective,C1
sociólogo,noun,B2
soconusco,noun,C1
socorrista,noun,C1
socorro,interjection,B1
soda,noun,A2
sodio,noun,B2
soez,adjective,C1
sofisma,noun,B2
sofisticado,adjective,A1
sofisticar,verb,A2
sofocar,verb,C1
software,noun,B1
sofá,noun,A2
sofácama,noun,A1
sofía,noun,A1
soja,noun,A2
sol,noun,A1
solar,adjective,B1
solar,noun,B1
solar,verb,A2
soldado,noun,C1
solear,verb,B1
soledad,noun,A2
solemne,adjective,C1
solentiname,noun,B1
soler,verb,B1
solera,noun,A2
solicitar,verb,B2
solicitud,noun,C1
solidaridad,noun,A2
solidario,adjective,B1
solidarizar,verb,C1
solidez,noun,B2
solista,noun,C1
solitario,adjective,C1
solitario,noun,C1
sollozar,verb,C1
sollozo,noun,C1
solo,adjective,A1
solo,adverb,A1
solo,noun,C1
solomillo,noun,C1
solsticio,noun,B1
soltar,verb,A1
soltero,adjective,A1
soltero,noun,A1
soltería,noun,B2
solterón,noun,C1
soltura,noun,C1
soluble,adjective,A2
solucionar,verb,C1
solución,noun,B1
solvencia,noun,C1
solymar,noun,A2
sombra,noun,A2
sombrar,verb,C1
sombrero,noun,A2
someter,verb,C1
somormujo,noun,C1
son,noun,A1
sonaja,noun,B1
sonar,verb,A2
sondeo,noun,C1
sonido,noun,B1
sonoro,adjective,C1
sonreír,verb,A2
sonriente,adjective,B1
sonriente,noun,A2
sonrisa,noun,A2
sonrojar,verb,A1
sopa,noun,A1
sopera,noun,B2
sopero,adjective,B1
soplar,verb,A2
soplo,noun,B2
soportal,noun,A1
soportar,verb,B1
soporte,noun,B2
sor,noun,A2
sorbete,noun,B2
sorbo,noun,B1
sordera,noun,B2
sordo,adjective,B1
soroche,noun,A2
sorojchi,noun,A2
sorprendente,adjective,C1
sorprender,verb,A1
sorpresa,noun,A1
sortear,verb,B1
sorteo,noun,C1
sosegar,verb,C1
soso,adjective,B2
sospecha,noun,C1
sospechar,verb,C1
sospechoso,adjective,C1
sospechoso,noun,C1
sostener,verb,C1
sostenibilidad,noun,B1
sostenible,adjective,B1
sostén,noun,B2
sotileza,noun,B2
souvenir,noun,B1
soviético,adjective,A1
soviético,noun,A2
soñar,verb,A1
spa,noun,C1
spammer,noun,C1
spanglish,noun,B1
spinning,noun,A2
spray,noun,C1
squash,noun,A1
sr.,noun,B1
sres,noun,C1
srta,noun,A1
stamford,noun,B2
step,noun,B2
stock,noun,B2
stoemp,noun,B1
stop,noun,C1
su,determiner,A1
su,noun,C1
su,pronoun,A2
su_alteza,noun,C1
suave,adjective,A1
suavidad,noun,C1
suavizante,noun,A2
suavizar,verb,C1
subacuático,adjective,B1
subasta,noun,C1
subastador,noun,C1
subastar,verb,A2
subdesarrollado,adjective,C1
subdirector,noun,B2
subgénero,noun,B1
subida,noun,A2
subir,verb,A1
subjetividad,noun,B1
subjetivo,adjective,B1
subjuntivo,noun,B2
sublevación,noun,C1
sublevar,verb,B2
sublime,adjective,B1
submarinismo,noun,B1
submarinista,noun,B1
submarino,noun,B1
subproducto,noun,B2
subrayar,verb,A2
subsahariano,adjective,C1
subscriptor,noun,B2
subsecretario,noun,B2
subsidio,noun,C1
subsistema,noun,C1
subsistir,verb,C1
substancia,noun,B2
substituir,verb,C1
subsuelo,noun,C1
subte,noun,B1
subterráneo,adjective,B2
subtitular,verb,A2
subtropical,adjective,A2
subtítulo,noun,B1
suburbio,noun,A2
subvencionar,verb,B2
subvención,noun,B2
subversivo,adjective,B1
subyacente,adjective,B2
suceder,verb,B2
sucesivo,adjective,B2
sucesión,noun,C1
suceso,noun,B2
suciedad,noun,B1
sucio,adjective,A2
sucroquímica,noun,B2
suculento,adjective,C1
sucumbir,verb,B2
sucursal,noun,B2
sucursal_bancaria,noun,B1
sudaca,adjective,B1
sudadera,noun,B2
sudamericano,adjective,B2
sudamericano,noun,B1
sudamérica,noun,A2
sudar,verb,B2
sudor,noun,B1
sudáfrica,noun,A2
suecia,noun,C1
sueco,adjective,A1
sueco,noun,C1
suegro,noun,B1
suela,noun,A2
suelda,noun,B2
sueldo,noun,B1
suelo,noun,C1
suelta,noun,C1
suelto,adjective,C1
suero,noun,A2
suerte,noun,A2
suevo,noun,A2
sueño,noun,A2
suficiente,adjective,B2
sufijo,adjective,A2
sufijo,noun,C1
sufragio,noun,C1
sufrimiento,noun,C1
sufrir,verb,B1
sugerencia,noun,C1
sugerente,adjective,B2
sugerir,verb,B2
suicida,adjective,B2
suicidar,verb,A2
suicidio,noun,A2
suite,noun,C1
suizo,adjective,A1
suizo,noun,B1
sujetar,verb,B2
sujeto,adjective,B2
sujeto,noun,B2
sultán,noun,C1
suma,noun,B2
sumar,verb,C1
sumergir,verb,B1
suministro,noun,C1
sumir,verb,B1
sumiso,adjective,C1
sumo,adjective,C1
sunami,noun,A2
suntuosidad,noun,C1
super,adjective,A2
super-whisky,noun,B1
superar,verb,B2
superbuscador,noun,C1
superdetective,noun,B1
superficial,adjective,B2
superficie,noun,B2
superfluo,adjective,B2
superguía,noun,B1
superior,adjective,C1
superior,noun,C1
superioridad,noun,B1
supermercado,noun,A1
superpoblar,verb,B2
superponer,verb,C1
superpotencia,noun,B2
supersticioso,adjective,B1
superstición,noun,A2
supervisar,verb,C1
supervisión,noun,C1
supervisor,noun,B2
supervivencia,noun,B1
superviviente,noun,C1
superávit,noun,C1
superﬂuo,adjective,B2
supino,noun,C1
suplementario,adjective,B2
suplemento,noun,B2
suplente,adjective,B1
suplicar,verb,B1
suplicio,noun,B2
suplir,verb,A1
suponer,verb,B2
suposición,noun,C1
supositorio,noun,C1
supremacía,noun,C1
suprimir,verb,B1
supuesto,noun,C1
sur,adjective,B2
sur,noun,A1
sureste,noun,B1
surf,noun,A2
surfero,noun,B2
surgimiento,noun,A2
surgir,verb,B2
suroeste,noun,A1
suroriental,adjective,B1
surrealismo,noun,A2
surrealista,adjective,C1
surrealista,noun,A2
surtido,noun,B1
susceptible,adjective,C1
suscitar,verb,B2
suscribir,verb,C1
suscripción,noun,B2
suscriptor,noun,B1
sushi,noun,A1
suso,noun,A2
suspender,verb,B2
suspense,noun,A2
suspicacia,noun,B2
suspirar,verb,B1
sustancia,noun,B1
sustancial,adjective,C1
sustantivo,adjective,C1
sustentar,verb,C1
sustitución,noun,C1
sustituir,verb,B1
sustituto,noun,B1
sustitutorio,adjective,B2
susto,noun,A2
sustrato,noun,C1
susurrar,verb,B2
sutil,adjective,B2
sutileza,noun,C1
suyo,adjective,A2
suéter,noun,B1
sábado,noun,A1
sábana,noun,B1
sánscrito,noun,B1
sátira,noun,B2
séptimo,adjective,C1
sésamo,noun,C1
sí,adverb,A1
sí,noun,A2
sí,pronoun,A2
sílaba,noun,A1
símbolo,noun,B1
síndrome,noun,B1
síntesis,noun,C1
síntoma,noun,B2
sísmico,adjective,C1
sístole,noun,B2
sólido,adjective,C1
sólo,adverb,A1
sótano,noun,A2
súbdito,noun,C1
súbito,adjective,C1
súper,adjective,A1
súper,noun,A2
súplica,noun,C1
t,noun,A1
tabacalero,adjective,A2
tabaco,noun,A1
tabacos,noun,A2
tabacón,noun,A2
tabaquero,adjective,A1
tabaquería,noun,A1
tabasco,noun,A1
taberna,noun,A2
tabernero,noun,A2
tabla,noun,B2
tablao,noun,A2
tablero,noun,A1
tableta,noun,B1
tablilla,noun,B2
tabú,noun,B1
taca,noun,A2
tacaño,adjective,C1
tachar,verb,B1
tacita,noun,B2
taco,noun,A1
taconazo,noun,C1
tacto,noun,B2
tacón,noun,A2
taekwondo,noun,B2
tagle,noun,A2
taichi,noun,A2
tailandia,noun,C1
tailandés,adjective,B1
tajo,noun,C1
tal,determiner,C1
tal,pronoun,A1
tal_o_cual,adjective,C1
tala,noun,B2
talante,noun,C1
talar,verb,C1
talasoterapia,noun,A1
talco,noun,B1
talento,noun,A1
talismán,noun,B1
talla,noun,B1
tallar,verb,A2
talle,noun,B2
taller,determiner,C1
taller,noun,C1
taller_de_cocina,noun,B1
taller_mecánico,noun,A2
talonario,noun,B1
talón,noun,B2
tamal,noun,A1
tamalería,noun,A1
tamarindo,noun,A2
tamaño,adjective,A2
tamaño,noun,B2
tambaleante,adjective,C1
tambalear,verb,B2
también,adverb,A1
tambor,noun,B1
tamboril,noun,A2
tamborrada,noun,A2
tampoco,adverb,A2
tan,adverb,A2
tanda,noun,C1
tango,noun,B1
tanguería,noun,A2
tantito,adverb,B1
tanto,adverb,B1
tanto,determiner,A2
tanto,noun,A1
tanto,pronoun,C1
taoísmo,noun,C1
tapa,noun,A1
tapar,verb,B2
tapeo,noun,B1
tapero,adjective,B1
tapia,noun,B1
tapiz,noun,C1
taponar,verb,C1
tapón,noun,B1
taquería,noun,A1
taquicardia,noun,A2
taquilla,noun,C1
taquillero,adjective,A2
taquígrafo,noun,B1
tarado,adjective,A2
tarado,noun,A2
tararear,verb,B1
tardar,verb,B1
tarde,adverb,A1
tarde,noun,A1
tardo,adjective,C1
tardío,adjective,C1
tarea,noun,B2
tarifa,noun,B2
tarjeta,noun,A1
tarjeta_de_crédito,noun,B1
tarjeta_sanitaria,noun,C1
tarot,noun,B1
tarro,noun,B1
tarta,noun,A2
tartamudear,verb,B2
tarteso,adjective,B2
tasa,noun,B2
tasa_de_paro,noun,C1
tasar,verb,C1
tasca,noun,B1
tatuaje,noun,A2
tatuar,verb,A2
taurino,adjective,C1
tauro,adjective,A2
tauro,noun,A2
taxi,noun,B1
taxista,noun,B1
taxonómico,adjective,C1
taxímetro,noun,B1
taza,noun,A2
tazón,noun,B2
tchimpounga,noun,A2
te,pronoun,A2
te,verb,B2
teatral,adjective,C1
teatro,noun,A1
teatro_de_cámara,noun,B1
teatro_popular,noun,B1
tebeo,adjective,A2
tebeo,noun,A2
techo,noun,B2
tecito,noun,B1
tecla,noun,A2
teclado,noun,A2
teclear,verb,A2
tecnología,noun,B2
tecnológico,adjective,B2
tectiforme,adjective,B2
tedio,noun,B2
tehuacán,noun,B1
tehuelche,adjective,B1
tehuelche,noun,B1
teja,noun,B2
tejado,noun,A2
tejano,noun,B1
tejanos,noun,A2
tejedor,adjective,C1
tejedor,noun,B2
tejer,verb,A2
tejero,noun,A2
tejido,noun,C1
tejo,noun,B1
tela,noun,A2
telar,noun,B2
tele,noun,A1
telecinco,noun,B1
telecomedia,noun,B1
telecomunicación,noun,A2
telediario,noun,A2
telefonear,verb,A2
telefonista,noun,C1
telefonía,noun,C1
telefónico,adjective,A2
teleniños,noun,C1
telenovela,noun,A1
telepatía,noun,B1
telescopio,noun,C1
telespectador,noun,C1
telestereo,noun,A2
teletrabajo,noun,B2
televidente,adjective,C1
televisar,verb,B1
televisivo,adjective,C1
televisión,noun,A2
televisor,noun,A2
telugu,noun,B1
teléfono,noun,A2
teléfono_de_información,noun,A2
telón,noun,C1
tema,noun,A1
temario,noun,B2
temblar,verb,A2
temblor,noun,B1
tembloroso,adjective,C1
temer,verb,B2
temerario,adjective,C1
temeroso,adjective,C1
temible,adjective,C1
temor,noun,C1
temperamental,adjective,B1
temperamento,noun,B2
temperatura,noun,A1
tempestad,noun,A2
tempestuoso,adjective,C1
templar,verb,A1
temple,noun,B2
templo,noun,A1
tempo,noun,B2
temporada,noun,B2
temporal,adjective,B2
temporal,noun,A2
temporalidad,noun,C1
temprano,adjective,C1
temprano,adverb,A2
temática,noun,C1
temático,adjective,C1
tenacidad,noun,C1
tenaz,adjective,C1
tendedero,noun,B2
tendencia,noun,B2
tender,verb,C1
tendido,noun,C1
tenedor,noun,C1
tenencia,noun,C1
tener,conjunction,B2
tener,verb,A1
tener_cuidado_con,verb,A2
tener_que,verb,A1
tenia,noun,C1
teniente,noun,B1
tenis,noun,A1
tenista,noun,B1
tensar,verb,B2
tensión,noun,C1
tenso,adjective,B2
tensor,adjective,C1
tentación,noun,B2
tentador,adjective,B1
tentativa,noun,C1
tentempié,noun,B1
teológico,adjective,B2
teoría,noun,A2
teoría_de_la_comunicación,noun,A2
tequila,noun,A1
terapeuta,noun,B2
terapia,noun,A2
terapia_natural,noun,B2
terapéutico,adjective,C1
tercer_sector,noun,C1
tercero,adjective,C1
tercero,noun,B2
terciario,adjective,B2
tercio,adjective,C1
tercio,noun,B2
teresa,noun,A2
tergiversar,verb,B2
terma,noun,A1
termal,adjective,A2
terminal,noun,A1
terminar,verb,A2
termotanque,noun,C1
termómetro,noun,B1
ternero,noun,A1
ternura,noun,A2
terraza,noun,A1
terremoto,noun,B2
terrenal,adjective,A2
terreno,noun,A2
terrestre,adjective,C1
terrible,adjective,A2
territorial,adjective,A2
territorio,noun,C1
terror,noun,A2
terrorismo,noun,B2
terrorista,adjective,A2
terrorista,noun,B2
terrorífico,adjective,B1
terruño,noun,C1
terrón,noun,C1
terso,adjective,B2
tertulia,noun,A2
tertuliano,noun,A2
tesis,noun,C1
tesitura,noun,C1
tesorero,noun,C1
tesorería,noun,C1
tesoro,noun,A1
test,noun,B2
testamento,noun,A2
testificar,verb,B2
testigo,noun,C1
testimoniar,verb,C1
testimonio,noun,C1
tesón,noun,B2
teta,noun,B1
teta_asustada,noun,B1
tetrapléjico,noun,B1
tex-mex,adjective,B1
texas,noun,B1
textil,adjective,B1
textil,noun,B2
texto,noun,A2
textual,adjective,C1
textura,noun,B1
tez,noun,C1
teñir,verb,A2
teórico,adjective,C1
teórico,noun,B2
thriller,noun,A2
thyssen,noun,A1
thyssen_bomemiza,noun,A1
ti,pronoun,A2
ti,verb,C1
tibetano,adjective,B1
tiburón,noun,B2
tic,noun,B2
ticket,noun,B1
tico,adjective,A1
tiempo,noun,A1
tiempo_libre,noun,A1
tienda,noun,A1
tienda_de_el_barrio,noun,A1
tierno,adjective,B2
tierra,noun,A2
tigre,noun,B1
tigresa,noun,A2
tijera,noun,A1
tijeretazo,noun,B1
tila,noun,B1
tilde,noun,B1
timar,verb,B2
timbre,noun,A2
timidez,noun,B2
timo,noun,B2
tina,noun,A2
tino,noun,A2
tinta,noun,C1
tintar,verb,B2
tinte,noun,B2
tintero,noun,B2
tinto,adjective,A1
tinto,noun,A1
tintorería,noun,B1
tipi,noun,B1
tipificar,verb,C1
tipo,noun,A1
tipografía,noun,B2
tira,noun,A1
tirada,noun,B2
tirado,noun,C1
tiramisú,noun,A2
tirano,adjective,B2
tirante,adjective,B1
tirante,noun,B1
tirar,verb,C1
tirio,noun,B2
tirita,noun,B1
tiro,noun,C1
tirón,noun,B1
tisú,noun,B2
titulación,noun,B2
titulado,noun,C1
titular,noun,A2
titular,verb,C1
titularidad,noun,C1
tiza,noun,C1
tlaxcalteca,adjective,C1
toalla,noun,B1
toar,verb,A2
tobillo,noun,C1
toca,noun,C1
tocadiscos,noun,C1
tocar,verb,A1
tocar_te,verb,B1
tocho,noun,A1
tocino,noun,A2
todavía,adverb,A1
todo,adjective,A2
todo,adverb,A1
todo,determiner,A1
todo,noun,A2
todo,pronoun,A1
todo_incluido,adverb,A1
todo_lo_contrario,adverb,B2
todoplan,noun,A2
todoterreno,noun,A2
tolerable,adjective,C1
tolerancia,noun,C1
tolerante,adjective,B1
tolerar,verb,C1
tolteca,noun,B1
toma,noun,A1
tomar,verb,A1
tomar_con_calma,verb,B1
tomate,noun,B1
tomatito,noun,A1
tomillo,noun,A2
tomo,noun,A1
tomás_frías,noun,A1
tonalidad,noun,A2
tonelada,noun,C1
tonificar,verb,A2
tono,noun,B2
tontería,noun,B1
tonto,adjective,B2
tonto,noun,B1
top,noun,A2
top-model,noun,B2
tope,noun,B2
topo,noun,B2
topográfico,adjective,B1
topología,noun,C1
toque,noun,B2
toquetear,verb,B2
torbellino,noun,B2
torcer,verb,C1
toreo,noun,B2
torero,adjective,C1
torero,noun,A1
tormenta,noun,A1
tornar,verb,B2
tornasolar,verb,C1
torneo,noun,A2
tornillo,noun,C1
torno,noun,C1
toro,noun,C1
torpe,adjective,C1
torre,noun,A1
torrencial,adjective,A2
torrente,noun,A2
torso,noun,B1
torta,noun,B1
tortellini,noun,B1
tortilla,noun,A1
tortuga,noun,A1
tortuguero,noun,A1
tortura,noun,C1
torturar,verb,B1
tos,noun,A1
toser,verb,A2
tostada,noun,A2
tostador,noun,B1
tostar,verb,B1
total,adjective,A2
total,noun,B2
total_de_habitantes,noun,B2
totalidad,noun,B2
totalitario,adjective,B1
totipotencial,adjective,C1
totonaco,adjective,B1
totora,noun,A2
tour,noun,B1
tour_gastronómico,noun,B1
tour_nocturno,noun,B1
tournée,noun,B1
toxina,noun,C1
traba,noun,C1
trabajador,adjective,B2
trabajador,noun,B2
trabajar,verb,A1
trabajar_más_horas_que_un_reloj,verb,B2
trabajo,noun,A1
trabajo_temporal,noun,B2
trabalenguas,noun,B1
trabar,verb,B2
traca,noun,B1
tractor,adjective,B2
tradicional,adjective,A1
tradicionalmente,adverb,C1
tradición,noun,A1
traducción,noun,B1
traducir,verb,C1
traductor,adjective,C1
traductor,noun,C1
traer,verb,A1
traficante,noun,B1
tragaperras,noun,A2
tragar,verb,C1
tragedia,noun,A2
trago,noun,A2
traicionar,verb,B1
traición,noun,B1
traidor,noun,C1
traje,noun,A2
trama,noun,B1
tramo,noun,A2
tramontana,noun,A1
tramontano,adjective,A1
trampa,noun,C1
tramposo,adjective,B1
tramposo,noun,B1
trance,noun,C1
tranquilidad,noun,A2
tranquilino,adjective,C1
tranquilizante,noun,A2
tranquilizar,verb,A2
tranquilo,adjective,A1
transacción,noun,C1
transbordador,noun,B1
transcribir,verb,C1
transcripción,noun,A2
transcurrir,verb,B2
transcurso,noun,C1
transferencia,noun,B2
transferir,verb,B2
transfigurar,verb,B2
transformación,noun,B2
transformador,adjective,B2
transformar,verb,C1
transfronterizo,adjective,B2
transgresor,noun,B2
transgénico,adjective,B1
transición,noun,B1
transitable,adjective,A2
transitar,verb,B2
transitivo,adjective,B1
transitorio,adjective,C1
transmisión,noun,C1
transmisor,adjective,C1
transmitir,verb,B1
transnacional,adjective,B2
transparencia,noun,C1
transparente,adjective,B1
transpirable,adjective,B2
transportar,verb,A1
transporte,noun,B2
transportista,noun,B2
transversal,adjective,C1
tranvía,noun,A2
trapecista,noun,A2
trapense,adjective,B1
trapezoidal,adjective,B2
trapo,noun,B2
tras,preposition,B2
trascendencia,noun,B2
trascender,verb,B2
trascripción,noun,A2
trasero,adjective,B1
trasero,noun,B2
trasfondo,noun,B2
trasladar,verb,A2
traslado,noun,B2
trasmitir,verb,B1
trasnacional,adjective,A2
trasnochar,verb,B1
traspasar,verb,B2
traspaso,noun,B2
trasplante,noun,C1
trastero,noun,B1
trasto,noun,A2
trastorno,noun,B2
trasvase,noun,C1
trata,noun,C1
tratado,noun,B2
tratado_de_libre_comercio,noun,B1
tratamiento,noun,C1
tratar,verb,B2
trato,noun,B2
trauma,noun,B2
traumatología,noun,C1
traumático,adjective,B2
travesura,noun,A1
travesía,noun,B2
travieso,adjective,C1
través,noun,B2
trayecto,noun,B2
trayectoria,noun,B2
trazado,noun,B2
trazar,verb,C1
trazo,noun,B2
tregua,noun,C1
treintañero,noun,C1
treintena,noun,C1
trekking,noun,A2
tremendo,adjective,A1
tremolina,noun,C1
tren,noun,A1
trenza,noun,A2
trepar,verb,A1
tres,number,A2
triangular,verb,B2
triatlón,noun,A1
tribu,noun,A2
tribulación,noun,B2
tribuna,noun,B2
tribunal,noun,C1
tribunal_supremo,noun,C1
tributo,noun,C1
triciclo,noun,B1
trifásico,adjective,B2
trigo,noun,A2
triguero,adjective,C1
trilogía,noun,A2
trimestre,noun,C1
trinchera,noun,C1
trineo,noun,C1
trinidad,noun,A2
tripa,noun,C1
triple,noun,B2
triplete,noun,B2
triplicar,verb,C1
tripulación,noun,A2
tripular,verb,A2
triste,adjective,A1
tristeza,noun,C1
triturador,noun,A2
triturar,verb,C1
triunfador,adjective,B1
triunfador,noun,B1
triunfal,adjective,A2
triunfante,adjective,A2
triunfar,verb,C1
triunfo,noun,C1
trivial,adjective,B1
triángulo,noun,B2
trocar,verb,C1
trocear,verb,B1
trocito,noun,A2
trofeo,noun,B1
trompa,noun,A2
trompeta,noun,B1
trompetista,noun,A2
troncal,adjective,C1
tronchar,verb,B2
tronco,noun,C1
trono,noun,C1
tropa,noun,B1
tropezar,verb,B2
tropezón,noun,B1
tropical,adjective,A1
trotamundos,noun,B2
trotar,verb,C1
trova,noun,A1
trozo,noun,A2
trucha,noun,A2
truco,noun,B1
trueno,noun,B1
trueque,noun,B1
trufa,noun,B1
truncar,verb,A2
tráfico,noun,B1
trágico,adjective,C1
trámite,noun,B2
tránsito,noun,C1
trébol,noun,B2
trío,noun,A2
trófico,adjective,C1
trópico,noun,A2
tsunami,noun,C1
tu,determiner,A1
tu,verb,C1
tubo,noun,A2
tubérculo,noun,A1
tucán,noun,A2
tuerca,noun,C1
tuit,noun,B1
tula,noun,A1
tumba,noun,B1
tumbar,verb,C1
tumbo,noun,B1
tumulto,noun,B1
tuna,noun,B1
tupper,noun,A2
turbante,noun,B1
turbar,verb,C1
turco,adjective,B1
turismo,noun,B2
turista,noun,A1
turno,noun,A2
turno_de_palabra,noun,B2
turquesa,adjective,B1
turquesa,noun,A2
turrón,noun,C1
turístico,adjective,A1
tute,noun,B2
tutear,verb,A2
tuteo,noun,C1
tutor,noun,B2
tutorial,adjective,B2
tutoría,noun,C1
tuya,noun,A2
tuyo,adjective,A2
tv,noun,A1
tweed,noun,B1
táctica,noun,B1
táctil,adjective,A2
táper,noun,B1
té,noun,A2
técnica,noun,B1
técnico,adjective,C1
técnico,noun,A1
ténue,adjective,A2
térmico,adjective,B2
término,noun,B1
tí,pronoun,A2
tía,noun,A1
tímido,adjective,A1
tío,noun,A2
típico,adjective,A1
títere,noun,C1
título,noun,C1
tómbola,noun,B2
tónica,noun,A2
tónico,adjective,B1
tónico,noun,A2
tópico,noun,C1
tóxico,adjective,B1
tú,pronoun,A1
túnel,noun,A2
túnica,noun,A2
u,conjunction,B2
uau,interjection,A1
ubicación,noun,B1
ubicar,verb,C1
ucraniano,adjective,A2
ud.,pronoun,C1
uds.,pronoun,C1
uf,interjection,A1
uh,interjection,C1
ultimar,verb,B2
ultimátum,noun,B2
ultra,adjective,A2
ultrajar,verb,C1
ultramar,noun,B2
ultramarinos,noun,B2
ultrasonido,noun,C1
ululante,adjective,C1
umami,adjective,B1
umbilical,adjective,A2
un,determiner,A1
un,noun,C1
un_poco_más_tarde,adverb,B2
una,determiner,A2
una_vez,adverb,B2
unam,preposition,C1
unanimidad,noun,C1
ungüento,noun,B2
uni,noun,A2
unidad,noun,B2
unidad_de_vigilancia_intensiva,noun,B1
unifamiliar,adjective,C1
uniforme,adjective,A1
uniforme,noun,A2
uniformizar,verb,A2
unilateral,adjective,C1
unir,verb,A2
universal,adjective,A2
universidad,noun,A1
universidad_abierta,noun,B2
universitaria,adjective,B2
universitario,adjective,C1
universitario,noun,C1
universo,noun,B1
unión,noun,C1
uno,determiner,A1
uno,pronoun,A1
untar,verb,C1
unánime,adjective,B1
upsala,noun,A1
urbanismo,noun,C1
urbanita,noun,B2
urbanización,noun,A2
urbanizar,verb,B2
urbano,adjective,B1
urbanístico,adjective,C1
urbe,noun,B2
urdaibai,noun,A1
urdir,verb,B2
urgencia,noun,C1
urgencias,noun,A2
urgente,adjective,B1
urraca,noun,A1
uruguay,noun,B1
uruguayo,adjective,B1
uruguayo,noun,A1
usanza,noun,C1
usar,verb,B1
uso,noun,B1
usted,pronoun,A2
usual,adjective,A2
usuario,adjective,B1
usuario,noun,C1
usufructo,noun,C1
usurpar,verb,B2
utensilio,noun,B2
utilidad,noun,C1
utilitario,adjective,C1
utilización,noun,B1
utilizar,verb,C1
utopía,noun,B2
uva,noun,A2
uve,noun,A2
uy,interjection,A1
uyuni,noun,A2
uña,noun,A2
v,noun,A1
va,verb,B1
vaca,noun,A2
vacacional,adjective,C1
vacaciones,noun,A1
vacación,noun,A2
vacante,adjective,B2
vacante,noun,C1
vaciar,verb,B1
vacilante,adjective,C1
vacilar,verb,B2
vacuna,noun,A2
vacunar,verb,C1
vacuno,noun,B2
vacío,adjective,B1
vacío,noun,B1
vagabundo,noun,A2
vago,adjective,C1
vagón,noun,B1
vaina,noun,B1
vainilla,noun,B1
vajilla,noun,A2
valdés,noun,A2
vale,adverb,A1
vale,noun,A2
valenciano,adjective,B1
valenciano,noun,C1
valentía,noun,B2
valer,verb,A1
valiente,adjective,A2
valiente,noun,B1
valija,noun,B1
valioso,adjective,B2
valla,noun,B1
vallar,verb,B1
valle,noun,A1
valor,noun,C1
valoración,noun,B2
valorar,verb,B2
valorización,noun,C1
valorizar,verb,B1
vals,noun,C1
valvanera,noun,A2
valía,noun,C1
vamos,interjection,A1
vampiro,noun,B1
vandálico,adjective,A1
vanguardia,noun,A1
vanguardista,adjective,A2
vanidoso,adjective,C1
vano,noun,B2
vapor,noun,A1
vaporera,noun,B1
vaquero,adjective,A2
vaquero,noun,A2
vaquería,noun,B1
vara,noun,B1
varadero,noun,A1
variable,adjective,C1
variable,noun,C1
variación,noun,B2
variado,adjective,A1
variante,noun,A1
variar,verb,A1
variedad,noun,B1
varilla,noun,B2
varios,adjective,A2
varios,determiner,A2
varios,pronoun,B1
varita,noun,B2
varonil,adjective,B2
varón,noun,B2
vas,noun,C1
vasallaje,noun,C1
vasallo,noun,C1
vasco,adjective,A2
vasco,noun,B1
vascular,adjective,C1
vasija,noun,A2
vaso,noun,A1
vasto,adjective,C1
vaticinar,verb,C1
vaticinio,noun,B2
vaya,interjection,A2
vaya,noun,C1
ve,noun,A2
vecino,adjective,A1
vecino,noun,B1
vedado,noun,A1
vedar,verb,C1
vega,noun,C1
vegano,adjective,A2
vegetación,noun,B1
vegetal,adjective,A1
vegetal,noun,A1
vegetarianismo,noun,A2
vegetariano,adjective,B1
vegetariano,noun,B2
vehemente,adjective,C1
vehicular,verb,C1
vehículo,noun,C1
veinteañero,noun,C1
veintena,noun,C1
vejez,noun,A1
vela,noun,A2
velar,adjective,B2
velar,verb,B1
velero,noun,A1
vello,noun,C1
velo,noun,C1
velocidad,noun,A1
velorio,noun,A2
vena,noun,C1
venado,noun,A1
vencedor,noun,C1
vencer,verb,B2
vencimiento,noun,B1
venda,noun,B2
vendar,verb,A1
vendedor,noun,A1
vender,verb,A1
vendimia,noun,A2
vendo,noun,A1
vendí,noun,B2
veneciano,adjective,C1
veneno,noun,B2
venenoso,adjective,C1
venerar,verb,B1
venezolano,adjective,A2
venezolano,noun,A2
venga,interjection,A2
venganza,noun,A2
vengar,verb,B1
vengativo,adjective,A1
venir,verb,A1
venta,noun,A1
ventaja,noun,B1
ventajoso,adjective,B2
ventana,noun,A2
ventanal,noun,A2
ventanilla,noun,A2
ventilación,noun,B2
ventilador,adjective,C1
ventilador,noun,C1
ventilar,verb,C1
ventura,noun,B2
ver,noun,C1
ver,verb,A1
vera,noun,B1
veracidad,noun,B2
veraneante,adjective,A2
veraneante,noun,C1
veraneo,noun,A2
veraniego,adjective,B2
verano,noun,A1
verbal,adjective,C1
verbena,noun,A1
verbo,noun,A1
verda,adjective,B1
verdad,noun,A1
verdadero,adjective,B1
verde,adjective,A1
verde,noun,A2
verdecer,verb,B2
verdoso,adjective,A1
verdura,noun,A1
vereda,noun,B1
veredicto,noun,B2
vergonzoso,adjective,B2
vergüenza,noun,A2
verificar,verb,C1
verme,noun,B1
verruga,noun,B2
versatilidad,noun,B1
versión,noun,B2
verso,adjective,C1
verso,noun,A2
versátil,adjective,B2
vertebral,adjective,B1
vertedero,noun,C1
verter,verb,C1
vertical,adjective,B2
vertiente,noun,C1
vertiginoso,adjective,C1
vespa,noun,A2
vestido,noun,A2
vestigio,noun,C1
vestir,verb,A1
vestuario,noun,B1
vestíbulo,noun,A2
veta,noun,C1
vetar,verb,A1
veterano,noun,A2
veterinario,adjective,A1
veterinario,noun,C1
veto,noun,C1
vez,noun,A1
viabilidad,noun,B2
viable,adjective,B2
viajar,verb,A1
viaje,noun,A1
viajero,noun,A2
viajeror,noun,B1
vial,adjective,C1
vianda,noun,A1
vibración,noun,C1
vibrante,adjective,B2
vibrar,verb,B2
vicepresidente,noun,C1
vicerrectorado,noun,C1
vicesecretario,noun,B2
viceversa,adverb,C1
vicio,noun,C1
vicioso,adjective,C1
vicisitud,noun,C1
vicky,noun,A2
victimar,verb,C1
victor,noun,A2
victoria,noun,B2
victoriano,noun,B2
vicuña,noun,A2
vida,noun,A1
vida_de_pareja,noun,B2
vida_silvestre,noun,B1
video_instalación,noun,A2
videoclip,noun,B1
videoconferencia,noun,B1
videojuego,noun,B2
vidriera,noun,B2
vidrio,noun,B1
viejecito,noun,A2
viejo,adjective,A1
viejo,noun,B1
viejo_mundo,noun,A2
viento,noun,A1
vientre,noun,A2
vienés,adjective,B1
viernes,noun,B1
viga,noun,C1
vigencia,noun,B2
vigente,adjective,C1
vigilancia,noun,C1
vigilante,adjective,A2
vigilante,noun,A2
vigilar,verb,A2
vigor,noun,B2
vigía,noun,B1
vih,noun,B1
vikingo,adjective,B2
vikingo,noun,B2
villa,noun,B2
villacosta,noun,A2
villar_de_el_arzobispo,noun,B2
villasana,noun,B1
vinagre,noun,C1
vinagreta,noun,B2
vinculación,noun,C1
vinculante,adjective,C1
vincular,verb,C1
vinilo,noun,B1
vino,noun,A1
vinoterapia,noun,C1
violación,noun,C1
violar,verb,C1
violencia,noun,C1
violento,adjective,C1
violeta,adjective,B2
violeta,noun,B1
violinista,noun,A2
violín,noun,B1
virgen,adjective,C1
virgen,noun,C1
virgen_de_la_peregrina,noun,A1
virgencita,noun,A1
virginal,adjective,B2
virgo,noun,A2
virilidad,noun,B2
virreina,noun,B1
virreinal,adjective,C1
virreinato,noun,A2
virtual,adjective,B1
virtud,noun,C1
virus,noun,C1
visa,noun,B1
visado,noun,A2
visaje,noun,B2
visar,verb,A2
visera,noun,A1
visible,adjective,B2
visigodo,adjective,C1
visigodo,noun,C1
visigótico,adjective,A2
visillo,noun,A2
visita,noun,A1
visitador,noun,A2
visitante,noun,A2
visitar,verb,A1
visión,noun,C1
viso,noun,B1
vista,noun,A1
vistazo,noun,B2
vistilla,noun,B1
visto,verb,A2
vistoso,adjective,C1
visual,adjective,C1
visón,noun,C1
vital,adjective,B2
vitalidad,noun,C1
vitamina,noun,A1
vitela,noun,B2
vitoriano,adjective,B1
vitral,noun,B1
vitrina,noun,A2
vitualla,noun,C1
viudo,adjective,A1
viudo,noun,A1
vivaracho,adjective,C1
vivaz,adjective,B2
vivencia,noun,C1
vivienda,noun,B2
viviente,adjective,B1
vivir,noun,C1
vivir,verb,A1
vivir_el_riesgo,verb,B2
vivo,adjective,A1
vivo,noun,B2
viña,noun,A2
viñedo,noun,B1
viñeta,noun,B1
vocabulario,noun,C1
vocación,noun,B2
vocal,noun,C1
vocalización,noun,C1
vocear,verb,B2
volador,adjective,B1
volador,noun,B1
volante,adjective,B1
volante,noun,B1
volar,verb,C1
volcar,verb,B2
volcán,noun,A1
volcánico,adjective,B1
voleibol,noun,B1
volumen,noun,B1
volumetría,noun,C1
voluntad,noun,C1
voluntariado,noun,B1
voluntario,adjective,A2
voluntario,noun,A2
voluntarioso,adjective,B1
volver,verb,A1
volver_a,verb,A2
volátil,adjective,C1
vomitar,verb,A2
von_thyssen,noun,A1
voracidad,noun,B2
vorágine,noun,B2
vos,pronoun,B1
voseante,adjective,C1
vosear,verb,A2
voseo,noun,B1
vosotros,pronoun,A1
votación,noun,B2
votar,verb,B2
voto,noun,B2
voz,noun,A2
vudú,noun,A1
vuelo,noun,A1
vuelta,noun,A2
vuelta_a_el_mundo,noun,B1
vuestro,adjective,B2
vuestro,determiner,A1
vulcanismo,noun,C1
vulgar,adjective,A2
vulgaridad,noun,B2
vulnerabilidad,noun,B2
vulnerable,adjective,B2
vulnerar,verb,C1
válido,adjective,A2
válvula,noun,B2
vándalo,noun,A2
vástago,noun,C1
véase,adverb,A2
vértice,noun,B1
vértigo,noun,A2
vía,noun,A2
víbora,noun,C1
víctima,noun,C1
víctor,noun,A2
vídeo,noun,A2
vínculo,noun,C1
víscera,noun,B1
víspera,noun,A2
vítor,noun,C1
víveres,noun,B2
vóley,noun,B2
vómito,noun,A2
walkman,noun,A2
waterpolo,noun,B1
web,adjective,B2
web,noun,B1
weekend,noun,C1
whisky,noun,B1
wifi,noun,B1
windsurf,noun,A1
windsurfero,noun,B2
wisconsin,noun,C1
x,noun,A1
xenofobia,noun,B1
xenófobo,adjective,C1
xi,noun,B2
xii,noun,B1
xilófono,noun,A2
y,adverb,B2
y,conjunction,A1
y,determiner,C1
y,noun,B2
y,preposition,A2
y,verb,C1
y recomendación,conjunction,B1
ya,adverb,A1
yacer,verb,B2
yale,noun,B2
yankee,noun,A2
yanqui,adjective,A2
yanqui,noun,A1
yate,noun,A2
ye,noun,A1
yegua,noun,B2
yelmo_cineplex,noun,A2
yema,noun,B2
yerba,noun,A2
yerno,noun,B1
yeso,noun,C1
yiddish,noun,B1
yo,pronoun,A1
yodo,noun,B2
yoga,noun,A1
yogur,noun,A1
yolopinto,noun,A2
yoruba,adjective,A1
yuca,noun,A2
yudo,noun,B2
yugoslavo,adjective,B1
yunta,noun,B1
yupi,interjection,B1
yurumí,noun,B1
yute,noun,A2
yuxtaposición,noun,C1
z,noun,C1
zacateco,noun,B2
zafra,noun,A2
zaguán,noun,B2
zaida,noun,C1
zamba,noun,C1
zanahoria,noun,A2
zanja,noun,B1
zanjar,verb,C1
zapata,noun,B2
zapatero,adjective,B2
zapatero,noun,C1
zapatería,noun,B1
zapatilla,noun,A1
zapato,noun,A1
zapping,noun,B2
zeta,noun,A2
zodíaco,noun,A1
zona,noun,A1
zona_rosa,noun,B1
zonas_comunes,noun,B1
zoo,noun,C1
zoológico,noun,C1
zoom,noun,B1
zorrilla,noun,A1
zorro,noun,C1
zoólogo,noun,A1
zuecos,noun,A2
zulo,noun,C1
zumba,noun,A2
zumbador,noun,C1
zumo,noun,A2
zumo_de_naranja,noun,A2
zurdo,adjective,B1
zurdo,noun,B1
zuñir,verb,B2
zás,interjection,B1
zócalo,noun,B1
ábrol,noun,A1
ácido,adjective,C1
ácido,noun,B2
áfrica,noun,A2
áfrica_occidental,noun,A1
ágil,adjective,A1
ágora,noun,C1
águila,noun,C1
álamo,noun,A2
álava,noun,B1
álbum,noun,A1
álgido,adjective,C1
ámbito,noun,B2
ánfora,noun,B1
ángel,noun,C1
ángulo,noun,B2
ánima,noun,C1
ánimo,noun,B1
árabe,adjective,A1
árabe,noun,C1
árbitro,noun,C1
árbol,noun,A2
área,noun,B2
árido,adjective,B2
ártico,adjective,B1
áspero,adjective,C1
ático,noun,A2
ávaro,noun,B2
ávido,adjective,C1
él,pronoun,A1
élite,noun,B2
énfasis,noun,B2
épico,adjective,B1
época,noun,A1
ése,determiner,A2
éste,determiner,A1
éter,noun,B1
ética,noun,B2
ético,adjective,C1
étnico,adjective,B1
éxito,noun,B1
éxtasis,noun,C1
íbero,adjective,A2
íbero,noun,A2
ídolo,noun,B1
índice,noun,C1
índice_de_prosperidad,noun,B1
índole,noun,B2
íntegro,adjective,B2
íntimo,adjective,C1
ñ,noun,A1
ñame,noun,A2
ñandú,noun,C1
ñoquis,noun,A1
ñundo,other,B1
ó,conjunction,A1
ómnibus,noun,A2
ópera,noun,A1
óptico,adjective,C1
órale,interjection,B1
órden,noun,A2
órgano,noun,A1
óseo,adjective,B2
óvulo,noun,C1
óxido,noun,B2
último,adjective,A2
único,adjective,A2
úrico,adjective,B2
útil,adjective,B1
ﬁesta,noun,B1
