headword,pos,CEFR
-ci,adverb,B1
abaisser,verb,B2
abandon,noun,B2
abandonner,verb,A2
abasourdir,verb,B2
abattage,noun,B2
abattoir,noun,B2
abattre,verb,B2
abbaye,noun,B1
abbé,noun,B1
abeille,noun,B2
aberration,noun,B2
aboiement,noun,B2
abolir,verb,B2
abolition,noun,B2
abomination,noun,C1
abondamment,adverb,B2
abondance,noun,B2
abondant,adjective,B1
abonder,verb,C2
abonnement,noun,B2
abonner,verb,B2
abonné,noun,B2
abord,noun,B2
abordable,adjective,C1
aborder,verb,B1
aborigène,adjective,C2
aboutir,verb,B2
aboutissement,noun,C2
aboyer,verb,B1
abreuver,verb,C2
abri,noun,B1
abricot,noun,A2
abriter,verb,A2
abroger,verb,C1
abruti,noun,C1
abrutir,verb,C2
abréger,verb,B2
absence,noun,B1
absent,adjective,B2
absent,noun,C1
absenter,verb,B2
absentéisme,noun,C1
absolu,adjective,B1
absolu,noun,C1
absolument,adverb,B1
absorber,verb,B2
absorption,noun,C1
absoudre,verb,B2
abstenir,verb,B2
abstention,noun,C2
abstraction,noun,C2
abstraire,verb,B2
absurde,adjective,B1
absurde,noun,B2
abus,noun,B2
abuser,verb,B2
abusif,adjective,C1
abyme,noun,C1
abyssal,adjective,C1
abîme,noun,B2
abîmer,verb,B2
acacia,noun,C2
académicien,adjective,C1
académicien,noun,B2
académie,noun,B2
académique,adjective,B2
académisme,noun,C1
accablant,adjective,C2
accabler,verb,C1
accaparer,verb,B2
accent,noun,A1
accentuer,verb,B2
acceptable,adjective,B2
acceptation,noun,B2
accepter,verb,A1
acception,noun,B2
accessible,adjective,B2
accession,noun,B2
accessoire,noun,B2
accident,noun,A1
accidentel,adjective,B2
accidenter,verb,B2
acclamation,noun,B2
acclamer,verb,B2
acclimater,verb,C2
accolade,noun,C2
accoler,verb,C1
accommoder,verb,B2
accompagnement,noun,B2
accompagner,verb,A1
accomplir,verb,A2
accomplissement,noun,B2
accord,noun,A2
accorder,verb,B1
accordéon,noun,C2
accoter,verb,C1
accouchement,noun,C1
accoucher,verb,B2
accouder,verb,C1
accourir,verb,B2
accroc,noun,C1
accrochage,noun,C2
accroche,noun,C1
accrocher,verb,B1
accroire,verb,B2
accroissement,noun,B2
accroître,verb,B2
accrue,noun,C1
accréditer,verb,C1
accueil,noun,A1
accueillant,adjective,B2
accueillir,verb,A1
accumulation,noun,C1
accumuler,verb,B2
accusateur,noun,C1
accusation,noun,B2
accuser,verb,B1
accusé,noun,C2
accès,noun,B1
accéder,verb,B1
accélérateur,noun,B2
accélération,noun,B2
accélérer,verb,B1
accéléré,noun,C1
acerbe,adjective,C2
acharnement,noun,B2
acharner,verb,B2
achat,noun,A2
acheminement,noun,C2
acheminer,verb,B2
acheter,verb,A1
acheteur,adjective,C2
acheteur,noun,B2
achever,verb,B2
achoppement,noun,C1
acide,adjective,C2
acide,noun,B2
acier,noun,B1
acompte,noun,C1
acoustique,noun,C1
acquisition,noun,B2
acquitter,verb,B2
acquéreur,noun,B2
acquérir,verb,B1
acrobatie,noun,C1
acrobatique,adjective,C1
acte,noun,B1
acteur,noun,B1
actif,adjective,A2
actif,noun,B2
action,noun,B1
actionnaire,noun,B2
actionner,verb,B2
activement,adverb,B2
activer,verb,B2
activisme,noun,C2
activité,noun,A1
actualiser,verb,C1
actualité,noun,A2
actuel,adjective,B1
actuellement,adverb,A2
acétylcholine,noun,C2
ad,adverb,C1
adage,noun,B2
adaptable,adjective,C1
adaptation,noun,B1
adapter,verb,A2
additif,noun,C1
addition,noun,A2
adduction,noun,C2
adepte,noun,B1
adhérent,adjective,C1
adhérent,noun,B2
adhérer,verb,B2
adhésif,adjective,C1
adhésion,noun,B2
adieu,interjection,B2
adieu,noun,B1
adjoindre,verb,B2
adjoint,noun,B2
adjudant,noun,C1
adjuger,verb,C2
adjurer,verb,B2
adjuvant,noun,C2
admettre,verb,B1
administrateur,noun,C1
administratif,adjective,A2
administration,noun,B1
administrer,verb,B2
admirable,adjective,A2
admirablement,adverb,C2
admirateur,noun,B2
admiratif,adjective,C1
admiration,noun,B2
admirer,verb,A1
admission,noun,C1
ado,noun,B2
adolescence,noun,B2
adolescent,adjective,B1
adolescent,noun,A2
adonner,verb,B2
adopter,verb,B1
adoptif,adjective,B1
adoption,noun,B2
adorable,adjective,A1
adorateur,noun,C1
adoration,noun,C2
adorer,verb,A1
adosser,verb,C1
adoubement,noun,B2
adoucir,verb,C1
adresse,noun,A1
adresser,verb,B1
adroit,adjective,B1
adroitement,adverb,B2
aduler,verb,C2
adulte,adjective,B2
adulte,noun,A1
adultère,adjective,C1
adultérer,verb,C1
advenir,verb,B2
adversaire,noun,B2
adversité,noun,B2
adéquat,adjective,B2
affadissement,noun,C1
affaiblir,verb,B2
affaire,noun,A1
affairer,verb,B2
affaler,verb,C2
affamer,verb,B2
affamé,adjective,C1
affect,noun,C2
affectation,noun,B2
affecter,verb,B2
affectif,adjective,B2
affection,noun,B2
affectionner,verb,B2
affectivement,adverb,C2
affectivité,noun,C1
affectueusement,adverb,C1
affectueux,adjective,B2
affichage,noun,C1
affiche,noun,A2
afficher,verb,B1
affilier,verb,C2
affilée,adverb,C2
affiner,verb,B2
affinité,noun,C1
affirmatif,adjective,C2
affirmation,noun,C1
affirmative,noun,C2
affirmer,verb,B1
affleurer,verb,C2
affligeant,adjective,C1
affliger,verb,B2
affluence,noun,C2
affluent,noun,B2
affluer,verb,C2
afflux,noun,C2
affolant,adjective,C1
affolement,noun,B2
affoler,verb,A2
affranchi,adjective,C2
affranchir,verb,B2
affreusement,adverb,B2
affreux,adjective,B1
affront,noun,C2
affrontement,noun,B2
affronter,verb,B1
affubler,verb,C2
affût,noun,B2
aficionado,noun,C1
afin,conjunction,B1
africain,adjective,A1
africain,noun,C2
agacement,noun,B2
agacer,verb,B2
agaçant,adjective,C2
agence,noun,A1
agenda,noun,B2
agent,noun,B1
aggiornamento,noun,C1
agglomération,noun,B2
agglutiner,verb,C1
aggravation,noun,C1
aggrave,noun,C2
aggraver,verb,B2
agile,adjective,B2
agilité,noun,B2
agio,noun,C1
agir,verb,A2
agitation,noun,B1
agiter,verb,B1
agneau,noun,B2
agoniser,verb,C1
agora,noun,C2
agoraphobie,noun,C1
agrandir,verb,B1
agrandissement,noun,C2
agresser,verb,B1
agresseur,noun,C1
agressif,adjective,B2
agression,noun,B2
agressivité,noun,C1
agricole,adjective,B1
agriculteur,noun,B1
agriculture,noun,A1
agripper,verb,C2
agro-alimentaire,adjective,B2
agroalimentaire,adjective,C1
agronome,noun,C1
agronomie,noun,C1
agronomique,adjective,B2
agrume,noun,C2
agréable,adjective,A1
agréablement,adverb,C2
agréer,verb,B1
agrégat,noun,C1
agrégation,noun,C1
agréger,verb,C2
agrément,noun,B2
agrémenter,verb,C1
aguet,noun,C2
aguicheur,adjective,C1
ah,interjection,A1
aicher,verb,C2
aidant,noun,C2
aide,noun,A1
aider,verb,A1
aigle,noun,B2
aigre,adjective,C1
aigrelet,adjective,C2
aigrement,adverb,C1
aigreur,noun,C2
aigu,adjective,B2
aigue-marine,noun,C2
aiguille,noun,B1
aiguiller,verb,C1
aiguiser,verb,B2
aiguë,adjective,B2
ail,noun,B2
aile,noun,A1
ailer,verb,C1
ailler,verb,B1
ailleurs,adverb,A2
ailleurs,noun,C1
aimable,adjective,B1
aimablement,adverb,C2
aimant,noun,C1
aimer,verb,A1
ainsi,adverb,A1
ainsi,conjunction,A2
air,noun,A1
airbus,noun,C1
aire,noun,B2
aisance,noun,B2
aise,noun,B1
aisé,adjective,B2
aisément,adverb,B2
ajourner,verb,C2
ajout,noun,C1
ajoute,noun,A2
ajouter,verb,A1
alambic,noun,C1
alanguir,verb,C2
alarmant,adjective,C2
alarme,noun,B2
alarmer,verb,B2
alarmiste,adjective,B2
albigeois,adjective,C1
albinos,noun,C1
album,noun,A2
albâtre,noun,C2
alcool,noun,A2
alcoolique,adjective,C2
alcoolique,noun,C2
alcooliser,verb,C2
alcoolisme,noun,B2
alcoolémie,noun,C2
alcootest,noun,C2
aldéhyde,noun,C1
aldéhydé,adjective,C2
alentour,noun,B1
alerte,adjective,B2
alerte,noun,B2
alerter,verb,B2
alexandra,noun,C1
algérien,adjective,B1
alibi,noun,B2
alignement,noun,C1
aligner,verb,B2
aliment,noun,A2
alimentaire,adjective,B1
alimentation,noun,A2
alimenter,verb,B2
alinéa,noun,C2
aliénant,adjective,C1
aliénation,noun,C1
aliéner,verb,C2
allaitement,noun,C1
allant,noun,C1
allemand,adjective,A1
allemand,noun,A2
aller,noun,B2
aller,verb,A1
allergie,noun,C1
allergique,adjective,B2
alliance,noun,B2
allier,verb,B2
allocataire,noun,C2
allocation,noun,B2
allocution,noun,C2
allogène,adjective,C1
allongement,noun,B2
allonger,verb,A2
allongé,adjective,B2
allons,interjection,B1
allouer,verb,B2
allumage,noun,B2
allume,noun,C2
allumer,verb,A1
allumette,noun,B2
allure,noun,B2
allusif,adjective,C2
allusion,noun,B2
allègre,adjective,B2
allécher,verb,C2
allée,noun,B2
alléger,verb,B2
allégorie,noun,B2
allégresse,noun,C1
allô,interjection,A1
alors,adverb,A1
alpage,noun,C2
alphabet,noun,C1
alphabétique,adjective,C2
alphabétisation,noun,B2
alpin,adjective,B2
alpiniste,noun,B2
alsacien,adjective,C2
alternance,noun,B2
alternatif,adjective,B2
alternative,noun,B2
alterner,verb,B2
altesse,noun,C2
altier,adjective,C1
altitude,noun,B2
altération,noun,B2
altérer,verb,B2
altérité,noun,B2
aléa,noun,B2
aléatoire,adjective,B2
amadouer,verb,C1
amaigrir,verb,C2
amande,noun,B1
amant,noun,B2
amateur,noun,A2
amateurisme,noun,C1
amazonien,adjective,C1
ambassade,noun,A2
ambassadeur,noun,B2
ambiance,noun,A2
ambiant,adjective,C1
ambigu,adjective,B2
ambiguïté,noun,B2
ambitieux,adjective,B2
ambitieux,noun,C2
ambition,noun,B2
ambivalence,noun,C2
ambivalent,adjective,C1
ambre,noun,B2
ambrer,verb,B2
ambulance,noun,B2
ambulancier,adjective,C1
ambulancier,noun,B2
ambulant,adjective,B2
amende,noun,B2
amener,verb,B1
amer,adjective,B2
amertume,noun,B2
ameublement,noun,C2
ami,adjective,A1
ami,noun,A1
amiable,adjective,C1
amical,adjective,B2
amicalement,adverb,C2
amidon,noun,B2
amin,noun,C1
amincir,verb,C2
amitié,noun,A2
amollir,verb,C1
amont,noun,C1
amorcer,verb,B2
amortissement,noun,C2
amour,noun,A1
amoureux,adjective,A1
amoureux,noun,A1
amphi,noun,C2
amphibiens,noun,C2
ample,adjective,C1
ampleur,noun,B2
amplificateur,noun,C1
amplifier,verb,B2
ampoule,noun,B2
amputer,verb,C2
amusant,adjective,A1
amuse-gueule,noun,C1
amusement,noun,B2
amuser,verb,A1
amuseur,noun,C2
amène,adjective,C2
amèrement,adverb,C1
amélioration,noun,B1
améliorer,verb,B1
aménagement,noun,B2
aménager,verb,B1
aménageur,noun,C2
américain,adjective,A2
américain,noun,B2
américanisation,noun,C1
américaniser,verb,C2
amérindien,adjective,B2
an,noun,A1
analgésie,noun,C1
analogique,adjective,C1
analphabète,adjective,C2
analyse,noun,B2
analyser,verb,A1
analyste,noun,B2
analytique,adjective,B2
ananas,noun,C1
anarchique,adjective,B2
anarchiste,noun,C2
anatomie,noun,C1
anatomique,adjective,B2
ancestral,adjective,C2
anchois,noun,C2
anchoïade,noun,C2
ancien,adjective,A1
ancien,noun,B2
ancrage,noun,C1
ancre,noun,B2
ancrer,verb,B2
ancêtre,noun,B1
andalou,noun,C1
andalouse,adjective,C1
andouillette,noun,B2
androïde,adjective,C2
androïde,noun,C2
anecdote,noun,B2
anecdotique,adjective,C1
anesthésie,noun,B2
anesthésier,verb,C1
anesthésique,adjective,B2
anesthésique,noun,B2
anesthésiste,noun,C1
ange,noun,B1
angine,noun,C1
anglais,adjective,A1
anglais,noun,C1
anglaiser,verb,C2
angle,noun,A2
anglicisme,noun,B2
anglo-américain,adjective,C1
anglo-saxon,adjective,B2
anglo-saxon,noun,B2
anglophone,adjective,B2
angoissant,adjective,B2
angoisse,noun,B2
angoisser,verb,B2
animal,adjective,A2
animal,noun,A1
animateur,adjective,B1
animateur,noun,A1
animation,noun,A2
animer,verb,A2
annales,noun,B2
annexe,adjective,C2
annexer,verb,B2
anniversaire,adjective,B2
anniversaire,noun,A1
annonce,noun,B1
annoncer,verb,A1
annonceur,noun,C1
annonciateur,adjective,C1
annuaire,noun,B2
annuel,adjective,B1
annuellement,adverb,C2
annulaire,noun,C1
annulation,noun,C2
annuler,verb,B2
année,noun,A1
anodin,adjective,C1
anomalie,noun,B2
anomie,noun,C1
anonymat,noun,B2
anonyme,adjective,B2
anonyme,noun,B2
anophèle,noun,C2
anormal,noun,B2
anormalement,adverb,C2
antagonisme,noun,C1
antagoniste,adjective,C2
antagoniste,noun,C2
antalgique,adjective,C1
antan,noun,B2
antarctique,adjective,C1
antenne,noun,B2
anthologie,noun,C2
anthropologie,noun,B2
anthropologique,adjective,B2
anthropologue,noun,C2
anti-inflammatoire,noun,C1
antibactérien,adjective,C1
antibiotique,adjective,C1
antibiotique,noun,B2
antichambre,noun,B2
anticipation,noun,B2
anticiper,verb,B1
anticonformiste,adjective,C2
antifascisme,noun,C2
antihéros,noun,C2
antijeunes,adjective,C2
antillais,adjective,B2
antimicrobien,adjective,C1
antinucléaire,adjective,C2
antioxydant,adjective,B2
antipathie,noun,C1
antipathique,adjective,C1
antipelliculaire,adjective,C2
antipode,noun,B2
antiquaire,noun,C2
antique,adjective,B2
antiquité,noun,A1
antiraciste,adjective,C2
antistatique,adjective,C1
antitabac,adjective,B2
antiviral,adjective,C1
antivol,noun,C1
antédiluvien,adjective,C2
antérieur,adjective,B2
anus,noun,C1
anxieux,adjective,B2
anxiété,noun,C1
anéantir,verb,B2
août,noun,A1
apaisement,noun,C1
apaiser,verb,C2
apanage,noun,B2
apatride,adjective,C1
apercevoir,verb,A1
aperçu,noun,C2
apeurer,verb,C1
apeuré,adjective,C1
aplanir,verb,C2
apocalypse,noun,C1
apocalyptique,adjective,B2
apocryphe,adjective,C1
apogée,noun,B2
apothéose,noun,C1
apparat,noun,C1
apparaître,verb,A1
appareil,noun,A1
apparemment,adverb,B1
apparence,noun,B1
apparent,adjective,B2
apparenter,verb,B2
apparenté,adjective,C1
apparier,verb,C1
apparition,noun,B2
appartement,noun,A1
appartenance,noun,B2
appartenant,adjective,C2
appartenir,verb,A2
appauvrir,verb,C1
appauvrissement,noun,B2
appel,noun,B1
appelant,noun,B2
appeler,verb,A1
appellation,noun,B2
appelé,noun,C1
applaudir,verb,A2
applaudissement,noun,B2
applicable,adjective,C1
application,noun,B2
appliquer,verb,B2
apport,noun,B2
apporter,verb,A1
apposer,verb,B2
apprenant,noun,C2
apprendre,verb,A1
apprenti,noun,A2
apprentissage,noun,B1
apprivoiser,verb,B2
approbation,noun,C1
approche,noun,B2
approcher,verb,A1
approfondir,verb,B2
appropriation,noun,B2
approprier,verb,B2
approuver,verb,B2
approvisionnement,noun,C1
approvisionner,verb,B2
approximatif,adjective,C2
approximation,noun,C2
approximativement,adverb,B2
appréciable,adjective,B2
appréciation,noun,B2
apprécier,verb,B1
appréhender,verb,B2
appréhension,noun,C2
apprêter,verb,B2
appui,noun,B2
appuie-tête,noun,C1
appuyer,verb,A2
appât,noun,C1
appétit,noun,B2
après,adverb,A1
après,conjunction,A1
après,preposition,A1
après-demain,adverb,B2
après-guerre,noun,C1
après-midi,noun,A1
après-vente,adjective,C2
aptitude,noun,B2
apéritif,noun,A1
apéro,noun,B2
apôtre,noun,C1
aquacole,adjective,C2
aquarium,noun,B2
aquatique,adjective,C2
aqueduc,noun,C1
arabe,adjective,B2
arabe,noun,B2
arabesque,adjective,C2
arabesque,noun,C2
arabique,adjective,C1
araignée,noun,C2
arak,noun,C1
arbitraire,adjective,B2
arbitraire,noun,C1
arbitre,noun,B2
arborer,verb,B2
arboricole,adjective,C1
arbre,noun,A1
arbuste,noun,B2
arc,noun,B2
arc-en-ciel,noun,C1
arcade,noun,B2
archaïque,adjective,B2
archevêché,noun,C1
archevêque,noun,C2
archipel,noun,C2
architecte,noun,A2
architectural,adjective,B2
architecture,noun,A2
archives,noun,B2
archéologie,noun,B2
archéologique,adjective,B2
archéologue,noun,A2
archétype,noun,C2
ardent,adjective,C2
ardeur,noun,B2
ardu,adjective,B2
argent,noun,A1
argenterie,noun,B2
argentin,adjective,C1
argenté,adjective,B2
argile,noun,C1
argotique,adjective,B2
arguer,verb,B2
argument,noun,B2
argumentaire,noun,C2
argumentation,noun,C2
argumenter,verb,B2
aride,adjective,B2
aristocrate,adjective,C1
aristocrate,noun,B2
aristocratie,noun,B2
aristocratique,adjective,B2
arme,noun,A1
armement,noun,C1
armer,verb,B1
armoire,noun,B1
armoiries,noun,C2
armure,noun,B1
armé,adjective,B2
armée,noun,B1
aromate,noun,C2
aromatique,adjective,B2
aromatiser,verb,C2
arpenter,verb,C1
arrachage,noun,C1
arrachement,noun,B2
arracher,verb,B2
arrangement,noun,C1
arranger,verb,B1
arrestation,noun,B1
arrivage,noun,C2
arrivant,noun,B2
arriver,verb,A1
arrivé,adjective,B2
arrivé,noun,B1
arrière,adjective,B2
arrière,noun,B1
arrière-garde,noun,C1
arrière-grand-père,noun,C1
arrière-grands-parents,noun,C1
arrière-plan,noun,C1
arrogance,noun,B2
arrogant,adjective,B2
arroger,verb,C1
arrondir,verb,B2
arrondissement,noun,A1
arrosage,noun,C2
arroser,verb,B1
arroseur,noun,C2
arrosoir,noun,C1
arrêt,noun,B1
arrêter,verb,A1
arrêté,adjective,C1
arrêté,noun,B1
arsenal,noun,B2
art,noun,A1
arthurien,adjective,B2
artichaut,noun,B2
article,noun,A2
articler,verb,C2
articulaire,adjective,C1
articuler,verb,B2
artifice,noun,A2
artificiel,adjective,B1
artificiellement,adverb,B2
artisan,noun,B2
artisanal,adjective,B2
artisanat,noun,B2
artiste,adjective,B1
artiste,noun,A2
artistique,adjective,B1
artistiquer,verb,B2
artère,noun,B2
artériel,adjective,B2
arène,noun,B1
arête,noun,C1
as,noun,B2
ascendance,noun,C1
ascenseur,noun,A1
ascension,noun,B2
ascèse,noun,C1
ascétisme,noun,C1
asiatique,adjective,B2
asiatique,noun,C1
asile,noun,B2
asocial,noun,C2
aspect,noun,B1
aspirant,adjective,B2
aspirant,noun,C1
aspirateur,noun,B1
aspiration,noun,B2
aspirer,verb,B2
aspirine,noun,C2
aspérité,noun,B2
assagir,verb,C2
assainissement,noun,C2
assassin,adjective,B2
assassin,noun,B1
assassinat,noun,B2
assassiner,verb,B2
assaut,noun,B2
assavoir,verb,B2
assemblage,noun,B2
assembler,verb,B2
assemblée,noun,B1
assener,verb,C2
assentiment,noun,B2
asseoir,verb,A1
assertif,adjective,C2
asservir,verb,B2
asservissant,adjective,C1
asservissement,noun,C1
assez,adverb,A1
assidu,adjective,C2
assiduité,noun,C1
assidûment,adverb,C2
assiette,noun,B1
assigner,verb,C1
assimilation,noun,C2
assimiler,verb,B2
assis,adjective,C1
assise,noun,B2
assistanat,noun,C1
assistance,noun,B2
assistant,noun,A2
assister,verb,A1
assiéger,verb,B2
associatif,adjective,B2
association,noun,A1
associer,verb,B1
associé,noun,B2
assombrir,verb,C1
assommer,verb,C1
assortiment,noun,C1
assortir,verb,B2
assoupir,verb,C1
assouplir,verb,B2
assourdir,verb,C2
assourdissant,adjective,C2
assouvir,verb,B2
assujettir,verb,C2
assumer,verb,B2
assurance,noun,A1
assurer,verb,B1
assureur,noun,B2
assurément,adverb,C2
assyrien,adjective,C1
assèchement,noun,B2
assécher,verb,B2
astiquer,verb,C1
astre,noun,B2
astreindre,verb,C1
astrologie,noun,C1
astrologue,noun,B2
astronef,noun,C2
astronome,noun,B2
astronomie,noun,B2
astronomique,adjective,C2
astrophysicien,noun,C1
astuce,noun,C2
astucieux,adjective,B2
astéroïde,noun,C1
asymétrie,noun,C2
asymétrique,adjective,C1
atavique,adjective,C2
atavisme,noun,C2
atelier,noun,A1
atermoyeur,noun,C1
athlétique,adjective,B2
athlétisme,noun,B2
athée,adjective,C1
athéisme,noun,C1
athénien,adjective,C2
atlantique,adjective,B2
atmosphère,noun,B1
atmosphérique,adjective,B2
atoll,noun,C1
atome,noun,B2
atomique,adjective,B2
atomiser,verb,C2
atonie,noun,C2
atout,noun,B2
atroce,adjective,C1
atrocité,noun,C2
attabler,verb,B2
attachant,adjective,B2
attache,noun,B2
attachement,noun,B2
attacher,verb,A1
attaquant,adjective,C1
attaquant,noun,C1
attaque,noun,B1
attaquer,verb,A2
attarder,verb,B2
atteindre,verb,B1
atteinte,noun,B2
attelage,noun,C1
attendant,noun,B2
attendre,verb,A1
attentat,noun,B2
attente,noun,B1
attenter,verb,C2
attentif,adjective,B1
attention,noun,A1
attentionner,verb,C1
attentionné,adjective,C2
attentiste,adjective,C1
attentivement,adverb,B1
atterrer,verb,C2
atterrir,verb,B2
atterrissage,noun,B2
attestation,noun,C1
attester,verb,B2
attirail,noun,C2
attirance,noun,B2
attirant,adjective,C1
attirer,verb,B1
attiser,verb,C1
attitude,noun,B1
attractif,adjective,B2
attraction,noun,B2
attrait,noun,B2
attrape,noun,C2
attraper,verb,A2
attribuable,adjective,C1
attribuer,verb,B1
attribut,noun,B2
attribution,noun,B2
attrister,verb,C1
attroupement,noun,C1
attrouper,verb,C2
atténuer,verb,B2
atypique,adjective,C1
au,preposition,A1
au-dedans,adverb,B2
au-delà,adverb,B2
au-dessous,adverb,B1
au-dessus,adverb,A1
au-devant,adverb,B2
aubade,noun,C2
aubain,adjective,B2
aubaine,noun,B2
aube,noun,B2
auberge,noun,A2
aubergiste,noun,B2
aubette,noun,C1
aucun,pronoun,A1
aucunement,adverb,C1
audace,noun,B2
audacieux,adjective,B2
audience,noun,B2
audiovisuel,adjective,B2
audiovisuel,noun,B2
audit,noun,B2
auditeur,noun,B1
auditif,adjective,C1
audition,noun,B2
auditoire,noun,B2
auditorium,noun,C2
augmentation,noun,B1
augmenter,verb,B1
augurer,verb,C1
auguste,adjective,C1
aujourd'hui,adverb,A1
aujourd'hui,noun,B2
aune,noun,B2
auparavant,adverb,B1
auparavant,preposition,B2
auprès,adverb,A1
auquel,pronoun,B2
aura,noun,B2
aurore,noun,C1
auréoler,verb,C1
ausculter,verb,C2
auspice,noun,C1
aussi,adverb,A1
aussi,conjunction,B2
aussitôt,adverb,A1
austral,adjective,C1
australien,adjective,A2
autant,adverb,A2
autel,noun,B2
auteur,noun,A2
authenticité,noun,B2
authentification,noun,C1
authentifier,verb,C1
authentique,adjective,B2
auto,noun,B1
auto-stoppeur,noun,C1
auto-école,noun,C1
autobiographie,noun,C1
autobiographique,adjective,C1
autobus,noun,B1
autocar,noun,B2
autocentré,adjective,C2
autochtone,adjective,C1
autochtone,noun,B2
autodidacte,adjective,C2
autogestion,noun,C1
autographe,noun,C1
automate,adjective,C2
automate,noun,B2
automatique,adjective,B2
automatiquement,adverb,B1
automatiser,verb,C2
automatisme,noun,B2
automnal,adjective,C2
automne,noun,A1
automobile,adjective,B1
automobile,noun,B1
automobiliste,noun,B1
autonome,adjective,B2
autonomie,noun,B2
autoradio,noun,C1
autorisation,noun,B1
autoriser,verb,A2
autoritaire,adjective,B2
autorité,noun,B1
autoroute,noun,A2
autoroutier,adjective,B2
autoréférentiel,adjective,C2
autosuffisant,adjective,C1
autour,adverb,A1
autre,adjective,A1
autrefois,adverb,B1
autrement,adverb,B1
autrichien,adjective,C2
autruche,noun,B2
autrui,noun,B2
auvergnat,adjective,C2
auxiliaire,noun,C1
aval,noun,C1
avalanche,noun,C1
avaler,verb,B2
avance,noun,B1
avancement,noun,B2
avancer,verb,A1
avancée,noun,B2
avant,adverb,A2
avant,noun,A2
avant,preposition,A1
avant-bras,noun,B2
avant-garde,noun,B2
avant-gardiste,adjective,C1
avant-goût,noun,B2
avant-hier,adverb,B2
avantage,noun,A2
avantageux,adjective,B2
avare,adjective,C2
avare,noun,C1
avarice,noun,C2
avarie,noun,C2
avec,adverb,B1
avec,preposition,A1
aven,noun,C2
avenant,noun,C1
avenir,noun,B1
aventure,noun,A1
aventurer,verb,B2
aventureux,adjective,B2
aventurier,adjective,B2
aventurier,noun,B1
avenu,adjective,C1
avenue,noun,A1
aversion,noun,B2
avertir,verb,B1
avertissement,noun,C2
aveu,noun,B2
aveuglant,adjective,C2
aveugle,adjective,B1
aveugle,noun,B1
aveugler,verb,B2
aviaire,adjective,B2
aviation,noun,B2
avide,adjective,B2
avidement,adverb,C2
avidité,noun,C1
avilissant,adjective,C1
avion,noun,A1
aviron,noun,C2
avis,noun,A1
aviser,verb,B2
avisé,adjective,B2
aviver,verb,C1
avocat,noun,B1
avoine,noun,C2
avoir,noun,C2
avoir,verb,A1
avortement,noun,B2
avorter,verb,C2
avouer,verb,A2
avoué,noun,C1
avril,noun,A1
avènement,noun,B2
avérer,verb,B2
awalé,noun,C2
axe,noun,B2
axer,verb,B2
azote,noun,B2
aztèque,adjective,C2
azur,noun,C2
aérer,verb,B1
aérien,adjective,B2
aéronautique,adjective,C1
aéroport,noun,A1
aéroportuaire,adjective,B2
aérosol,noun,C1
aînesse,noun,C1
aîné,adjective,B2
aîné,noun,B1
aïe,interjection,C2
baba,adjective,B2
baba,noun,C2
baby,noun,B2
baby-boom,noun,C2
baby-foot,noun,C2
baby-sitter,noun,B2
bac,noun,A2
baccalauréat,noun,B1
bachelier,noun,C2
bactérie,noun,B2
bactérien,adjective,C1
badaud,noun,C2
badge,noun,C2
bagage,noun,B1
bagarre,noun,B1
bagatelle,noun,C1
bagne,noun,C1
bagnole,noun,B2
bague,noun,B1
baguer,verb,C1
baguette,noun,A2
bah,interjection,B1
baignade,noun,C1
baigner,verb,A1
baignoire,noun,C1
bailleur,noun,B2
bain,noun,A1
baise,noun,C1
baisemain,noun,C1
baiser,noun,B1
baisse,noun,B1
baisser,noun,B2
baisser,verb,B1
bal,noun,B2
balade,noun,A1
balader,verb,B2
baladeur,adjective,C2
baladeur,noun,B2
balai,noun,B2
balance,noun,B2
balancer,verb,B2
balayer,verb,B2
balayeur,noun,C2
balbutie,noun,B2
balcon,noun,B2
baleine,noun,B2
baliser,verb,B2
balle,noun,A2
ballet,noun,B1
ballon,noun,A2
balnéothérapie,noun,C1
balourdise,noun,C1
balsamique,adjective,C1
baluchon,noun,C1
balustrade,noun,C1
bambin,noun,B2
banal,adjective,B1
banalisation,noun,B2
banaliser,verb,B2
banalité,noun,C2
banane,noun,A2
bananier,noun,B2
banc,noun,B1
bancaire,adjective,A2
bancal,adjective,C1
bande,noun,A1
bandeau,noun,B2
bander,verb,C1
banderille,noun,C1
banderillero,noun,C1
banderole,noun,B2
bandit,noun,B2
bandoulière,noun,C2
bang,noun,C1
banlieue,noun,A1
bannir,verb,B2
banque,noun,A1
banquer,verb,C1
banquet,noun,B2
banquier,noun,B2
banquière,noun,B2
baobab,noun,C1
baptiser,verb,B2
bar,noun,A1
baraka,noun,C2
baraque,noun,B2
barbare,adjective,C1
barbare,noun,C2
barbarie,noun,C2
barbe,adjective,B2
barbe,noun,B1
barbecue,noun,B2
barbeler,verb,C1
barber,verb,C2
barbiche,noun,C2
barbu,adjective,B2
barder,verb,C2
baril,noun,B2
barillet,noun,C1
barioler,verb,C2
barman,noun,C1
baromètre,noun,B2
baron,noun,B2
baroque,adjective,B2
baroque,noun,C1
barque,noun,B1
barquette,noun,C1
barrage,noun,B2
barre,noun,B2
barreau,noun,B1
barrer,verb,C2
barrette,noun,C1
barricader,verb,C1
barrière,noun,B1
bas,adjective,A1
bas,adverb,A1
bas,noun,B1
bas-relief,noun,C1
basalte,noun,C1
basaner,verb,C1
bascule,noun,B2
basculer,verb,B2
base,noun,A2
baser,verb,B2
basilique,noun,B2
basket,noun,A2
basket-ball,noun,C1
basque,adjective,B1
basque,noun,C1
bassin,noun,B1
bastion,noun,B2
bat,noun,C1
bataille,noun,B1
batailler,verb,C1
bataillon,noun,B2
bateau,noun,A1
bateau-mouche,noun,B2
battant,adjective,B2
battant,noun,C2
battement,noun,B2
batterie,noun,B1
batteur,noun,C2
battoir,noun,C2
battre,verb,A1
baudrier,noun,C2
baume,noun,C1
bavard,adjective,B1
bavardage,noun,B2
bavarder,verb,A2
bavarois,adjective,C1
bavette,noun,C1
bavure,noun,C1
bayard,noun,C2
bayou,noun,C2
beau,adjective,A1
beau,noun,B2
beau-frère,noun,A2
beau-père,noun,B2
beaucoup,adverb,A1
beaujolais,noun,C1
beauté,noun,A2
beaux-arts,noun,A2
bec,noun,B2
beige,adjective,C2
belge,adjective,A1
belge,noun,C2
belle,noun,C2
belle-famille,noun,C2
belle-fille,noun,B1
belle-mère,noun,A2
belle-soeur,noun,B2
belote,noun,B2
belvédère,noun,C1
ben,adverb,A1
ben,noun,A2
benne,noun,B2
benzène,noun,C1
bercail,noun,C2
berceau,noun,C2
bercer,verb,B2
berge,noun,B2
berger,noun,B1
berk,interjection,C2
berline,noun,B2
berlue,noun,C2
besoin,noun,A1
best-seller,noun,B2
bestialité,noun,C2
bestiaux,noun,C1
bestiole,noun,C1
betterave,noun,B2
beur,noun,C1
beurk,interjection,C2
beurre,noun,A1
biais,noun,B2
biaiser,verb,C1
biaisé,adjective,C1
bibelot,noun,B2
bibi,noun,C1
bibliographique,adjective,B2
bibliothèque,noun,A2
bibliothécaire,noun,C1
biche,noun,C2
bichonner,verb,C1
bicolore,adjective,C2
bicyclette,noun,A1
bide,noun,C1
bidon,noun,C2
bien,adjective,A1
bien,adverb,A1
bien,noun,B1
bien-aimé,noun,B2
bien-être,noun,B2
bienfaisant,adjective,C1
bienfait,noun,B2
bienfaiteur,noun,C1
bienheureux,adjective,C2
biennal,adjective,C2
bientôt,adverb,A1
bienveillance,noun,B2
bienveillant,adjective,B2
bienvenir,verb,A1
bienvenu,noun,B1
bigarré,adjective,C1
biguine,noun,C2
bijou,noun,B1
bijouterie,noun,C2
bijoutier,adjective,C2
bijoutier,noun,B2
bilan,noun,B1
bilatéral,adjective,B2
bilingue,adjective,B2
bilinguisme,noun,B2
billard,noun,B2
bille,noun,B2
billet,noun,A1
bimoteur,adjective,C2
binaire,noun,C1
binocle,noun,C1
bioclimatique,adjective,C1
biodiversité,noun,B2
biodégradabilité,noun,C1
biographe,noun,C2
biologie,noun,B2
biologique,adjective,B2
biologiquement,adverb,C1
biologiste,noun,B2
biomasse,noun,C2
biométrie,noun,C1
biométrique,adjective,B2
biométrique,noun,C1
bionique,noun,C1
biotechnologie,noun,B2
biotope,noun,C1
birman,adjective,C1
bis,adjective,A1
biscotte,noun,B2
biscuit,noun,C1
bise,noun,A1
bison,noun,C2
bisou,noun,A2
bisquer,verb,C2
bistouri,noun,C2
bistro,noun,B2
bistrot,noun,A2
bit,noun,B2
bitume,noun,C1
bivouac,noun,C1
bizarre,adjective,A1
bizarre,noun,B2
bizarrement,adverb,B1
bizutage,noun,C1
bière,noun,A1
blabla,noun,C2
blague,noun,A1
blanc,adjective,A1
blanc,noun,B2
blanche,noun,C2
blancheur,noun,C1
blanchiment,noun,C1
blanchir,verb,B2
blanchisseur,adjective,C2
blanchisseur,noun,C2
blanchâtre,adjective,C1
blanquette,noun,C1
blaser,verb,B2
blason,noun,C2
blennorragie,noun,C1
blesser,verb,B1
blessure,noun,A2
blessé,adjective,B2
blessé,noun,B2
blet,adjective,C1
bleu,adjective,A1
bleu,noun,B2
bleuté,adjective,C2
blinder,verb,B2
blindé,adjective,C2
bloc,noun,B2
bloc-notes,noun,B2
blocage,noun,B2
blond,adjective,A1
blondel,noun,C1
bloquer,verb,B2
blottir,verb,C2
blouse,noun,B1
blouson,noun,A1
blue-jean,noun,C1
blues,noun,C2
blé,noun,A2
bobine,noun,C1
bobo,noun,B2
bobonne,noun,C1
bobsleigh,noun,C1
boeuf,noun,A1
bof,interjection,A2
bohème,noun,C1
bohémien,adjective,B1
bohémien,noun,B1
boire,verb,A1
bois,noun,A1
boisage,noun,C1
boisement,noun,C1
boiser,verb,B2
boiserie,noun,C2
boisson,noun,A1
boisé,adjective,C1
boite,noun,B2
boiter,verb,C2
boiteux,adjective,C2
bol,noun,B2
bolide,noun,C1
bombardement,noun,C1
bombarder,verb,B2
bombe,noun,B2
bon,adjective,A1
bon,adverb,B1
bon,noun,A2
bonbon,noun,B1
bond,noun,B1
bonder,verb,B2
bondir,verb,B2
bonheur,noun,A1
bonhomie,noun,B2
bonhomme,noun,B1
boniface,adjective,C1
bonjour,noun,A1
bonne,adverb,C2
bonne,noun,B2
bonnement,adverb,C1
bonnet,noun,B1
bonsoir,interjection,A2
bonsoir,noun,A1
bonté,noun,B1
bonus,noun,B2
boom,noun,B2
booster,noun,C1
boots,noun,C1
bord,noun,A1
bordelais,adjective,B2
border,verb,B2
bordure,noun,B2
bordée,noun,C2
bordélique,adjective,C2
borgne,noun,C1
borne,noun,B2
borner,verb,B2
bosniaque,adjective,C1
bosquet,noun,C2
boss,noun,C2
bosse,noun,C1
bosser,verb,B2
bot,adjective,C2
botanique,noun,C1
botte,noun,A2
bottin,noun,C1
bottine,noun,C2
boubou,noun,B2
bouche,noun,A2
boucher,adjective,B2
boucher,noun,C1
boucher,verb,B1
boucherie,noun,B2
bouchon,noun,B2
bouchère,noun,C1
bouchée,noun,C2
boucle,noun,B1
boucler,verb,B2
bouclier,noun,B1
bouclé,adjective,B2
bouddhisme,noun,C1
bouddhiste,adjective,C1
bouder,verb,C1
boudeur,adjective,C1
boudin,noun,C1
boudoir,noun,B2
boue,noun,B1
boueux,adjective,B2
bouffant,adjective,C2
bouffe,adjective,C1
bouffe,noun,C2
bouffer,verb,B2
bouffé,adjective,C1
bouffée,noun,B2
bouge,noun,B2
bouger,verb,B1
bougie,noun,B1
bougon,noun,C1
bougonner,verb,C1
bouillabaisse,noun,B2
bouillant,adjective,C2
bouillir,verb,B1
bouillonnant,adjective,C2
boulange,noun,C1
boulanger,adjective,A1
boulanger,noun,A2
boulangerie,noun,A2
boule,noun,A1
bouleau,noun,C1
bouler,verb,C2
boulet,noun,B2
boulevard,noun,A1
bouleversant,adjective,B2
bouleversement,noun,B2
bouleverser,verb,B1
boulon,noun,C1
boulonner,verb,C1
boulot,adjective,B1
boulot,noun,B1
boum,noun,C2
bouquet,noun,A2
bouquin,noun,B2
bouquiner,verb,B2
bouquiniste,noun,C2
bourbeux,adjective,C2
bourdonnement,noun,C1
bourdonner,verb,C2
bourg,noun,B2
bourgade,noun,B1
bourgeois,adjective,A2
bourgeois,noun,B2
bourgeoisement,adverb,C1
bourgeoisie,noun,B1
bourgmestre,noun,C1
bourgogne,noun,B2
bourguignon,adjective,C1
bourrache,noun,C2
bourreau,noun,B2
bourrer,verb,B2
bourriche,noun,C1
bourru,adjective,C2
bourse,noun,B2
boursier,adjective,B2
bousculade,noun,C1
bousculer,verb,B2
bout,noun,A1
bouteille,noun,A1
bouter,verb,C1
boutique,noun,A1
bouton,noun,B1
bouée,noun,C1
bowling,noun,A2
boxeur,noun,C1
bozo,noun,C2
boîte,noun,A1
boîtier,noun,B2
bracelet,noun,B2
braconner,verb,C2
brai,noun,C1
brailler,verb,C1
braise,noun,C2
braiser,verb,C2
branche,noun,B1
brancher,verb,B1
branchie,noun,C2
branchée,noun,C2
brandon,noun,C1
brandonner,verb,C1
branlant,adjective,C1
branle,noun,C1
braquer,verb,C2
braqueur,noun,C1
bras,noun,A1
brasier,noun,C1
brasser,verb,C2
brasserie,noun,B2
brasseur,noun,C2
brave,adjective,A2
bravement,adverb,C2
braver,verb,B2
bravo,interjection,A1
bravoure,noun,B2
brebis,noun,B2
bref,adjective,B2
bref,adverb,B1
breton,adjective,B1
breton,noun,C2
breuvage,noun,B2
brevet,noun,B1
bric-à-brac,noun,C1
bricolage,noun,B1
bricole,noun,C1
bricoler,verb,B2
bricoleur,noun,B2
brider,verb,C1
bridge,noun,C2
brie,noun,C2
brigadier,noun,B1
brigand,noun,B2
brillamment,adverb,B2
brillant,adjective,B1
brillant,noun,C2
briller,verb,A1
brimade,noun,B2
brin,noun,B2
brio,noun,C1
brioche,noun,C1
brique,noun,B2
briquet,noun,B2
brise,noun,C1
briser,verb,B1
briseur,noun,C2
britannique,adjective,B1
brocante,noun,B2
broche,noun,B2
brochure,noun,C2
broder,verb,C2
broderie,noun,C1
bronchite,noun,C1
bronzage,noun,C2
bronze,noun,B1
bronzer,verb,B2
bronzé,adjective,C2
brosse,noun,B2
brosser,verb,B2
brouhaha,noun,B2
brouillard,noun,B1
brouiller,verb,C1
brouillon,adjective,B2
broussaille,noun,C1
broussailleux,adjective,C2
broutille,noun,C1
broyer,verb,C1
brr,interjection,C2
bruir,verb,B2
bruire,verb,B1
bruit,noun,A1
brumaire,noun,C1
brume,noun,B1
brun,adjective,A1
brun,noun,C2
brunch,noun,C1
brushing,noun,C1
brusque,adjective,B2
brusquement,adverb,B1
brut,adjective,C1
brutal,adjective,B1
brutalement,adverb,B2
brutalité,noun,B2
brute,noun,B2
bruxellois,adjective,C1
bruyamment,adverb,C1
bruyant,adjective,B1
bruyère,noun,B2
brèche,noun,B2
brève,noun,B2
brésilien,adjective,A2
brûlant,adjective,B1
brûler,verb,A2
buanderie,noun,B2
budget,noun,B1
budgétaire,adjective,C1
buffet,noun,A1
buis,noun,C1
buissière,noun,C2
buisson,noun,B2
buissonnier,adjective,C1
bulbe,noun,B2
bulldozer,noun,C1
bulle,adjective,C2
bulle,noun,B2
buller,verb,C1
bulletin,noun,A2
bureau,noun,A1
bureaucrate,noun,C1
bureaucratique,adjective,B2
buron,noun,C2
bus,noun,A1
business,noun,B2
buste,noun,C1
but,noun,B1
butane,noun,C1
buter,verb,B2
butin,noun,C1
butiner,verb,C2
butte,noun,B2
butter,verb,B2
buveur,noun,B2
by,noun,C2
byzantin,adjective,C2
bâcler,verb,C1
bâillement,noun,B2
bâiller,verb,B2
bâtiment,noun,A1
bâtir,verb,B2
bâtisse,noun,C1
bâtisseur,noun,C1
bâton,noun,B1
bâtonnet,noun,C1
bé,interjection,C2
béarnais,noun,C2
bébé,noun,A1
bémol,noun,C2
bénigne,adjective,C2
bénir,verb,C2
bénite,adjective,C1
bénédictin,noun,C1
bénédiction,noun,C2
bénéfice,noun,B2
bénéficiaire,noun,C1
bénéficier,adjective,B2
bénéficier,verb,B1
bénéfique,adjective,B2
bénévolat,noun,B2
bénévole,adjective,B2
bénévole,noun,B2
béquille,noun,B2
béret,noun,B2
bétail,noun,C1
béton,noun,B2
bête,adjective,B1
bête,noun,B1
bêtement,adverb,C1
bêtise,noun,A2
bûche,noun,B2
bûcheron,noun,B1
cabale,noun,C1
cabane,noun,B1
cabaret,noun,B2
cabas,noun,C2
cabine,noun,B1
cabinet,noun,B1
cabot,noun,C2
cabotin,adjective,C2
cabrer,verb,C2
cabriolet,noun,C2
cache-cache,noun,C2
cacher,verb,A1
cacheter,verb,C2
cachette,noun,B1
cachottier,noun,C2
cactus,noun,C2
cadavre,noun,B2
caddie,noun,C2
cadeau,noun,A1
cadeauter,verb,C2
cadenasser,verb,C1
cadence,noun,B2
cadencer,verb,C1
cadet,noun,B2
cadrage,noun,C2
cadran,noun,C1
cadre,noun,B1
cadrer,verb,B1
cadreur,noun,C2
cafard,noun,C1
cafetan,noun,C2
café,noun,A1
café-tabac,noun,C1
café-théâtre,noun,B2
cage,noun,B2
cagoule,noun,C2
cahier,noun,A2
cahotant,adjective,C2
caillou,noun,B1
caisse,noun,A1
caissier,noun,A2
caisson,noun,C2
calamistrer,verb,C2
calamiteux,adjective,C2
calanque,noun,B2
calcaire,adjective,B2
calciner,verb,C1
calcium,noun,C1
calcul,noun,B2
calculateur,adjective,B2
calculer,verb,B1
cale,noun,C1
calembour,noun,B2
calendrier,noun,B1
caler,verb,B2
calfater,verb,C1
calice,noun,C1
calme,adjective,A1
calme,noun,B2
calmement,adverb,B2
calmer,verb,B1
calorie,noun,B2
calvaire,noun,B2
calvinisme,noun,C2
camarade,noun,A2
camaraderie,noun,C2
cambodgien,adjective,C2
cambrer,verb,C1
cambriolage,noun,B2
cambrioleur,noun,C2
camembert,noun,C2
camerounais,adjective,B2
camion,noun,A2
camionnette,noun,B1
camouflage,noun,C1
camoufler,verb,B2
camp,noun,B1
campagne,noun,A1
campement,noun,B2
camper,verb,B1
campeur,noun,C2
camping,noun,A1
camping-car,noun,C1
campus,noun,B2
camus,adjective,C2
camélia,noun,C2
caméra,noun,B1
canadien,adjective,A2
canadien,noun,C2
canal,noun,B2
canalisation,noun,B2
canapé,noun,B2
canaque,adjective,C2
canard,noun,B2
cancan,noun,B2
cancer,noun,B2
cancre,noun,C1
cancéreux,adjective,B2
cancérigène,adjective,B2
cancérogène,noun,C1
candeur,noun,C2
candidat,noun,A2
candidature,noun,B1
caniculaire,adjective,B2
canicule,noun,B2
canin,adjective,C1
canine,noun,C1
caniveau,noun,B2
canne,noun,A2
cannelloni,noun,C2
cannibale,noun,C1
canon,noun,C2
canot,noun,C2
canoë-kayak,noun,C1
cantatrice,noun,B2
cantine,noun,A1
canton,noun,B2
cantonade,noun,C1
cantonner,verb,B2
canular,noun,B2
canule,noun,C2
canut,noun,C1
canyon,noun,C2
caoutchouc,noun,B2
cap,noun,B2
capable,adjective,A2
capacité,noun,B2
cape,noun,B2
capeline,noun,C2
capillarité,noun,C1
capitaine,noun,B1
capital,adjective,B2
capital,noun,B2
capitale,noun,A1
capitalisation,noun,C1
capitalisme,noun,B2
capitaliste,adjective,B2
capitole,noun,C2
capitule,noun,C1
capituler,verb,B2
capot,noun,C1
caprice,noun,B2
capricieux,adjective,B2
capsule,noun,C1
capter,verb,B2
capteur,noun,B2
captif,adjective,B2
captivant,adjective,C2
captivité,noun,B2
capture,noun,B2
capturer,verb,B2
capuche,noun,C2
capuchon,noun,B2
capucin,noun,C1
car,conjunction,A1
car,noun,A2
carabin,noun,C2
carabine,noun,C1
caracoler,verb,C1
caractère,noun,B1
caractériser,verb,B2
caractéristique,adjective,B2
caractéristique,noun,B1
carafe,noun,B1
caramel,adjective,C1
caramel,noun,C2
carapace,noun,C1
caravane,noun,C1
caravaning,noun,C1
caraïbe,adjective,C2
carbone,noun,B2
carbonifère,noun,C2
carbonique,adjective,B2
carboné,adjective,C2
carburant,noun,B1
carburer,verb,B1
carcan,noun,C2
carcasse,noun,B2
carcéral,adjective,B2
cardiaque,adjective,B2
cardinal,adjective,B2
cardinal,noun,B2
cardio-vasculaire,adjective,B2
carence,noun,C1
caressant,adjective,C2
caresse,noun,B1
caresser,verb,B1
cargaison,noun,C2
cargo,noun,C1
caricatural,adjective,C2
caricature,noun,C2
caritatif,adjective,B2
carmélite,noun,C2
carnaval,noun,B2
carnet,noun,A2
carnivore,adjective,C1
carotte,adjective,C1
carotte,noun,B2
caroténoïde,noun,C1
carpe,noun,C1
carreau,noun,C1
carrefour,noun,B1
carreler,verb,B2
carrer,verb,B2
carrière,noun,A2
carrosse,noun,B1
carrure,noun,C2
carré,adjective,B2
carré,noun,B2
carrément,adverb,B2
cartable,noun,B2
carte,noun,A1
cartel,noun,C1
carthaginois,adjective,C2
cartographe,noun,C1
cartographier,verb,C1
carton,noun,B1
cartonner,verb,C1
cartouche,noun,C2
cartouchière,noun,C1
cartésien,adjective,B2
cas,noun,A1
casaque,noun,C2
cascade,noun,B2
case,noun,B1
caser,verb,C2
caserne,noun,B1
casino,noun,B2
casque,noun,A2
casquer,verb,C2
casquette,noun,B2
cassation,noun,C1
casse,noun,B2
casse-cou,noun,C1
casse-gueule,adjective,C2
casse-pieds,adjective,C2
casse-tête,noun,B2
casseau,noun,C2
casser,verb,A2
casserole,noun,B2
cassette,noun,B2
cassis,noun,C2
cassolette,noun,C2
cassonade,noun,C1
cassoulet,noun,C2
cassure,noun,B2
cassé,adjective,B1
cassé,noun,C2
castagne,noun,B2
castagnettes,noun,B1
caste,noun,B2
castillan,adjective,C2
castor,noun,C1
castration,noun,C1
cataclysme,noun,C2
catalan,adjective,B2
catalogue,noun,B2
cataloguer,verb,C1
catastrophe,noun,B1
catastrophique,adjective,B2
cathare,adjective,C1
cathare,noun,C1
cathodique,adjective,B2
catholicisme,noun,B2
catholique,adjective,B1
cathédrale,noun,A1
catégorie,noun,B1
catégorique,adjective,B2
catégoriquement,adverb,B2
caténaire,noun,C1
cauchemar,noun,B1
causalité,noun,B2
cause,noun,A1
causer,verb,B1
causeur,noun,C2
caution,noun,B2
cavale,noun,C1
cavalerie,noun,B2
cavalier,adjective,C1
cavalier,noun,B1
cave,noun,A2
caveau,noun,C2
caver,verb,C2
caverne,noun,B2
caverneux,adjective,C2
caviar,noun,B2
cavité,noun,C2
ce,pronoun,A1
ceci,pronoun,A2
ceinture,noun,B1
ceinturer,verb,C2
cela,pronoun,A1
celer,verb,B1
cellulaire,adjective,B2
cellule,noun,B2
celte,adjective,B1
celtique,adjective,B1
celui,pronoun,A1
cendre,noun,B2
cendrier,noun,C1
cendrillon,noun,B1
censure,noun,B2
censurer,verb,C2
censé,adjective,B2
cent,noun,B1
centaine,noun,B1
centenaire,adjective,B2
centenaire,noun,B2
centime,noun,B2
centimètre,noun,B1
central,adjective,B1
central,noun,C2
centrale,noun,B2
centralisation,noun,C1
centraliser,verb,B1
centre,noun,A1
centre-ville,noun,A2
centrer,verb,B2
centrifuge,adjective,C2
centripète,adjective,C1
centurion,noun,C1
cependant,adverb,A2
cercle,noun,B2
cercler,verb,C1
cerf,noun,B2
cerf-volant,noun,C2
cerise,noun,B2
cerisier,noun,C2
cerner,verb,B2
certain,adjective,A1
certain,pronoun,A1
certainement,adverb,A1
certes,adverb,B1
certificat,noun,B2
certificateur,noun,C1
certifier,verb,C1
certifié,adjective,C1
certitude,noun,B2
cerveau,noun,B1
cervelle,noun,B2
cervical,adjective,C1
cessant,adjective,C1
cessation,noun,C1
cesse,noun,B2
cesser,verb,B1
cession,noun,C1
chacun,pronoun,A1
chagrin,noun,B2
chair,noun,B2
chaire,noun,B2
chaise,noun,A2
chalet,noun,B2
chaleur,noun,B1
chaleureusement,adverb,B2
chaleureux,adjective,A2
chambouler,verb,C2
chambre,noun,A1
chambrer,verb,C2
chameau,noun,C1
chamois,noun,B2
champ,noun,A2
champagne,noun,A1
champignon,noun,B1
champion,noun,A2
championnat,noun,B1
champêtre,adjective,C2
chance,noun,A1
chanceler,verb,C2
chancelière,noun,C2
chanceux,adjective,C1
chandeleur,noun,C2
chandelier,noun,B1
chandelle,noun,B2
change,noun,B1
changeant,adjective,B2
changement,noun,B1
changer,verb,A1
changeur,noun,C1
chanson,noun,A1
chansonnier,noun,C2
chant,noun,A2
chantant,adjective,C2
chanter,verb,A1
chanteur,noun,A1
chantier,noun,B2
chantonner,verb,C1
chantre,noun,C2
chaos,noun,C1
chaotique,adjective,B2
chaparder,verb,C1
chapardeur,adjective,C1
chapardeur,noun,C1
chapeau,noun,A2
chapeauter,verb,B2
chapelain,noun,C1
chapelet,noun,C1
chapelle,noun,B2
chaperon,noun,C2
chapitre,noun,B2
chapon,noun,C1
chaque,pronoun,A1
char,noun,B1
charade,noun,C1
charbon,noun,B1
charcuterie,noun,A2
charcutier,noun,B2
chardon,noun,C1
chardonneret,noun,C1
charge,noun,B1
chargement,noun,B2
charger,verb,B1
chariot,noun,C1
charisme,noun,C2
charité,noun,A2
charmant,adjective,A1
charme,noun,A2
charmeur,adjective,C2
charnel,adjective,B2
charnier,noun,B2
charpentière,noun,C1
charretier,noun,C1
charrette,noun,B2
charrier,verb,B2
charrue,noun,C2
charte,noun,B2
charter,noun,C1
chasse,noun,B1
chasser,verb,B1
chasseur,noun,B1
chat,noun,A1
chateaubriand,noun,C2
chaton,noun,B2
chaud,adjective,A1
chaud,noun,C1
chaudement,adverb,C1
chaudière,noun,C2
chaudron,noun,C1
chauffage,noun,B2
chauffe-eau,noun,C1
chauffer,verb,B1
chauffeur,noun,B2
chausser,verb,B1
chaussette,noun,B2
chausson,noun,B2
chaussure,noun,A1
chaussée,noun,B2
chauve,adjective,B2
chauve-souris,noun,C1
chauvin,adjective,C1
chauvinisme,noun,C1
chavirer,verb,B2
chaîne,noun,A2
chaînon,noun,B2
chef,noun,B1
chef-d'oeuvre,noun,C1
chef-lieu,noun,B2
chefs-d'oeuvre,noun,B2
cheikh,noun,C1
chemin,noun,A1
cheminée,noun,A1
chemise,noun,B1
chemisier,noun,C2
chenille,noun,C1
cheptel,noun,C1
cher,adjective,A1
cher,adverb,A1
chercher,verb,A1
chercheur,adjective,B2
chercheur,noun,B2
cheval,noun,A1
chevalerie,noun,C2
chevalier,noun,A1
chevaucher,verb,B2
chevauchée,noun,C2
chevelu,adjective,C2
chevelure,noun,C2
chevet,noun,C1
cheveu,noun,A1
cheville,noun,B2
chevrier,noun,C1
chevron,noun,C1
chewing-gum,noun,C2
chez,preposition,A1
chi,noun,C1
chic,adjective,A2
chichement,adverb,C1
chichi,noun,C1
chicon,noun,C1
chien,noun,A1
chiffe,noun,C1
chiffon,noun,B2
chiffre,noun,A2
chiffrer,verb,B2
chignon,noun,C2
chilien,adjective,C1
chimie,noun,B2
chimique,adjective,B2
chimiquement,adverb,C1
chimiste,noun,B2
chiner,verb,B2
chinois,adjective,A1
chinois,noun,B2
chiot,noun,B2
chiper,verb,B2
chirurgical,adjective,B2
chirurgie,noun,B2
chirurgien,noun,B2
chloration,noun,C1
chlorophyllien,adjective,C1
choc,noun,B1
chocolat,noun,A1
choeur,noun,B2
choisir,verb,A1
choix,noun,A1
choléra,noun,B2
chope,noun,C1
choquant,adjective,B1
choquer,verb,B1
choral,adjective,C1
chorale,noun,B2
chorizo,noun,C1
chorégraphe,noun,C1
chorégraphie,noun,C1
chose,noun,A1
chou,noun,B2
chouchou,noun,C2
chouchouter,verb,C2
choucroute,noun,B2
chouette,adjective,B2
chouette,noun,C1
choyer,verb,C2
christ,noun,B2
christianisme,noun,B2
chromatographie,noun,C1
chromo,noun,C1
chromosome,noun,C2
chronique,adjective,B2
chronique,noun,B2
chroniquement,adverb,C1
chroniqueur,noun,C2
chronologique,adjective,C1
chronométrer,verb,C2
chrysalide,noun,C1
chrysanthème,noun,C1
chrétien,adjective,B2
chrétien,noun,B2
chuchotement,noun,B2
chuchoter,verb,B2
chut,interjection,A2
chut,noun,B2
chute,noun,B2
chuter,verb,B2
châssis,noun,C1
châtaigne,noun,C1
châtaignier,noun,C2
châtain,adjective,A2
châtain,noun,C2
château,noun,A1
châtelain,noun,C1
châtelet,noun,C2
châtier,verb,B2
châtiment,noun,B2
chèche,noun,C2
chèque,noun,A1
chère,noun,A1
chèrement,adverb,B2
chèvre,noun,A2
chèvrefeuille,noun,C2
chérer,verb,B2
chéri,noun,A2
chérir,verb,B1
chêne,noun,B2
chômage,noun,A1
chômer,verb,C1
chômeur,noun,A2
ci,adverb,C1
ci-dessous,adverb,C1
ci-dessus,adverb,B2
ci-joint,adverb,B2
ciao,interjection,C1
cible,noun,B2
cibler,verb,B2
cicatrice,noun,C1
cicatriser,verb,B2
cidre,noun,A2
ciel,noun,A1
cieux,noun,C2
cigale,noun,B2
cigare,noun,B1
cigarette,noun,B1
cigarillo,noun,B2
cigarière,noun,C1
cigogne,noun,C2
cil,noun,C2
cime,noun,B2
ciment,noun,B2
cimetière,noun,A1
cinq,noun,B2
cinquantaine,noun,B1
cinquante,adjective,A2
cinquante,noun,A2
cinquantième,adjective,C1
cinquième,adjective,B2
cinquième,noun,B1
cintre,noun,C2
ciné,noun,A2
cinéaste,noun,B1
cinéma,noun,A1
cinématographe,noun,C2
cinématographique,adjective,B1
cinéphile,noun,B2
circadien,adjective,C1
circonscrire,verb,B2
circonspect,adjective,C1
circonspection,noun,C2
circonstance,noun,B2
circonstancier,verb,C2
circuit,noun,B1
circulaire,adjective,B2
circulation,noun,B1
circuler,verb,B1
cire,noun,A2
cirer,verb,B1
cirque,noun,B1
ciseau,noun,B2
ciseler,verb,B2
citadin,adjective,B2
citadin,noun,B1
citer,verb,A2
citoyen,noun,B1
citoyenneté,noun,B2
citron,noun,B2
citronnier,noun,C1
citrouille,noun,C1
cité,noun,A1
civil,adjective,B1
civil,noun,C2
civilisation,noun,B1
civiliser,verb,C1
civique,adjective,B2
civisme,noun,B2
civière,noun,C2
clac,interjection,C1
clair,adjective,A1
clair,adverb,B2
clair,noun,B2
clairement,adverb,B1
clairière,noun,C2
clairon,noun,C1
clairvoyance,noun,C2
clamer,verb,B2
clan,noun,B2
clandestin,adjective,B2
claquement,noun,C1
claquer,verb,B2
clarifier,verb,C1
clarté,noun,B2
classe,noun,A1
classement,noun,B1
classer,verb,B2
classification,noun,B2
classique,adjective,A2
classique,noun,B2
classiquement,adverb,C1
clause,noun,B2
claustrophobie,noun,C1
clavier,noun,B2
clef,noun,B1
cleptomane,noun,C1
cleptomanie,noun,C1
clerc,noun,C2
clergé,noun,B2
clic,noun,B2
cliché,noun,B1
client,noun,A1
clientèle,noun,B1
clignement,noun,C1
cligner,verb,B2
clignotant,noun,B2
clignoter,verb,C2
climat,noun,A1
climatique,adjective,B2
climatisation,noun,B2
climatiser,verb,C2
climatiseur,noun,C2
climatologie,noun,B2
climatologue,noun,B2
clin,noun,B2
clinicien,adjective,C1
clinique,adjective,B2
clinique,noun,B2
clinquant,adjective,C2
clip,noun,B2
clique,noun,C2
cliquer,verb,C1
clivage,noun,B2
cliver,verb,C2
cloaque,noun,C2
clochard,noun,C1
cloche,noun,B1
clocher,noun,B2
clocher,verb,C1
clochette,noun,B2
clodo,noun,C1
cloison,noun,C2
cloisonner,verb,C1
clonage,noun,B2
clone,noun,C1
clope,noun,C1
cloporte,noun,C1
clore,verb,B2
clou,noun,B2
clouer,verb,B2
clown,noun,B2
clownesque,adjective,C1
club,noun,A1
clé,noun,A1
clémence,noun,C1
clément,adjective,B2
cléricalisme,noun,C2
clôture,noun,B1
coach,noun,B1
coaguler,verb,C1
coalition,noun,C1
coassement,noun,C2
coauteur,noun,B2
cobaye,noun,C1
coca,noun,B2
cocarde,noun,B2
cocher,noun,B1
cocher,verb,C1
cochon,noun,B1
cochonnaille,noun,C2
cochonnet,noun,C1
cochère,adjective,C2
cocktail,noun,B2
coco,adjective,C2
coco,noun,C1
cocon,noun,C1
cocorico,noun,C1
cocotier,noun,B2
cocu,adjective,C2
codage,noun,C2
code,noun,A2
coder,verb,B2
coeur,noun,A1
coexistence,noun,B2
coffre,noun,B2
coffre-fort,noun,B2
coffret,noun,B1
cogito,noun,C2
cognac,noun,B2
cogner,verb,B2
cognitif,adjective,B2
cognition,noun,C2
cohabitant,adjective,C1
cohabitation,noun,B1
cohabiter,verb,B2
cohorte,noun,B2
cohue,noun,B2
cohérent,adjective,B2
cohésion,noun,C1
coiffe,noun,C2
coiffer,verb,A2
coiffeur,noun,B2
coiffure,noun,B2
coin,noun,A1
coincer,verb,B2
coke,noun,C2
col,noun,B1
colimaçon,noun,C1
colin-maillard,noun,C1
colis,noun,B2
collaborateur,noun,B2
collaboration,noun,B2
collaborer,verb,B2
collage,noun,C1
collagène,adjective,C1
collant,adjective,B2
collant,noun,B2
collatéral,adjective,B2
colle,noun,B2
collecte,noun,C1
collecter,verb,C1
collectif,adjective,B1
collectif,noun,B2
collection,noun,A1
collectionner,verb,A2
collectionneur,noun,A2
collectivement,adverb,C1
collectiviste,adjective,C1
collectivité,noun,B2
coller,verb,A2
collerette,noun,C2
collet,noun,C2
collier,noun,B2
colline,noun,A2
collision,noun,B2
colloque,noun,B2
collège,noun,A1
collègue,noun,A1
collégial,adjective,C1
collégien,adjective,C1
collégien,noun,B2
colocataire,noun,B1
colocation,noun,B1
colonel,noun,B1
colonial,adjective,B2
colonialisme,noun,C2
colonialiste,adjective,C2
colonie,noun,A2
colonisation,noun,C2
coloniser,verb,B2
colonne,noun,B2
colorer,verb,A2
coloris,noun,C2
colossal,adjective,B2
colporteur,noun,B2
colza,noun,B2
colère,noun,A1
colérique,adjective,C2
combat,noun,A2
combativité,noun,C1
combattant,adjective,C1
combattant,noun,B1
combattre,verb,B1
combe,noun,C1
combien,adverb,A1
combinaison,noun,B2
combine,noun,C2
combiner,verb,B2
combiné,noun,C2
comble,noun,B2
combler,verb,B2
combustible,noun,B2
combustion,noun,C2
comique,adjective,A2
comique,noun,B2
comité,noun,B2
commandant,noun,B2
commande,noun,B1
commandement,noun,B2
commander,verb,A1
commanderie,noun,C1
commando,noun,C2
comme,adverb,A1
comme,conjunction,A1
commencement,noun,B1
commencer,verb,A1
comment,adverb,A1
commentaire,noun,A2
commentateur,noun,B2
commenter,verb,A2
commerce,noun,A1
commercer,verb,B2
commercial,adjective,A1
commercial,noun,B2
commercialisable,adjective,C2
commercialisation,noun,C1
commercialiser,verb,B2
commerçant,adjective,B2
commerçant,noun,A2
commettre,verb,B2
commissaire,noun,B1
commissariat,noun,A2
commission,noun,B2
commode,adjective,C1
commode,noun,B2
commun,adjective,A1
commun,noun,B1
communal,adjective,B2
communard,noun,C2
communautaire,adjective,B2
communautarisation,noun,C1
communauté,noun,A2
commune,noun,B1
communiant,noun,C1
communicable,adjective,C1
communicant,adjective,B2
communicatif,adjective,C1
communication,noun,A1
communier,verb,B2
communion,noun,B1
communiquer,verb,B1
communiqué,noun,B2
communisme,noun,C2
communiste,adjective,C1
communiste,noun,B2
communément,adverb,B2
commère,noun,C2
commémoratif,adjective,C1
commémoration,noun,C1
commémorer,verb,B2
compact,adjective,B2
compagne,noun,B2
compagnie,noun,A1
compagnon,noun,B1
compagnonnage,noun,C1
comparable,adjective,B2
comparaison,noun,B1
comparatif,adjective,C1
comparatif,noun,C2
comparaître,verb,C2
comparer,verb,B1
compartiment,noun,B2
compassion,noun,B1
compatibilité,noun,C1
compatible,adjective,B2
compatriote,noun,B2
compensation,noun,B2
compenser,verb,B2
complainte,noun,B2
complaisance,noun,C1
complaisant,adjective,C1
complet,adjective,A1
complet,noun,C2
complexe,adjective,B2
complexe,noun,B2
complexification,noun,C1
complexité,noun,B2
complice,adjective,B2
complice,noun,B2
complicité,noun,B2
complies,noun,C1
compliment,noun,B2
complimenter,verb,C1
compliquer,verb,A1
compliqué,adjective,B2
compliqué,noun,C1
complot,noun,B2
comploter,verb,C2
complètement,adverb,B1
complément,noun,B2
complémentaire,adjective,B2
complémentaire,noun,C2
compléter,verb,A2
componction,noun,C2
comporte,noun,B2
comportement,noun,B1
comportemental,adjective,C1
comporter,verb,B1
composant,adjective,C2
composant,noun,B2
composante,noun,B2
composer,verb,A1
composite,adjective,C1
composite,noun,C1
compositeur,noun,B2
composition,noun,B2
compost,noun,C1
composter,verb,C1
composé,noun,C2
compote,noun,C1
comprendre,verb,A1
compression,noun,C2
comprimé,noun,B2
compromettant,adjective,C2
compromettre,verb,B2
compromis,noun,B2
compréhensible,adjective,C1
compréhensif,adjective,C2
compréhension,noun,B2
comptabilité,noun,A2
comptable,adjective,B2
comptable,noun,B2
comptage,noun,B2
comptant,adverb,C1
compte,noun,B1
compte-gouttes,noun,C1
compter,verb,A1
compteur,noun,C2
comptoir,noun,B2
compulsif,adjective,C2
compère,noun,B2
compétence,noun,B2
compétent,adjective,B2
compétitif,adjective,C1
compétition,noun,B1
compétitivité,noun,B2
comte,noun,B2
comté,noun,B2
comète,noun,C2
comédie,noun,A2
comédien,noun,A2
con,adjective,B2
con,noun,B2
concave,adjective,C2
concavité,noun,C1
concentration,noun,B2
concentrer,verb,B1
concentrique,adjective,C2
concept,noun,B2
conception,noun,B2
concernant,preposition,B2
concerner,verb,A2
concert,noun,A1
concertation,noun,B2
concerter,verb,C2
concertiste,noun,B2
concession,noun,B2
concevoir,verb,B2
concierge,adjective,C2
concierge,noun,B1
conciliant,adjective,C2
conciliation,noun,B2
concilier,verb,B2
concis,adjective,C1
concision,noun,C1
concitoyen,noun,B2
concluant,adjective,C1
conclure,verb,B1
conclusion,noun,B2
concocter,verb,C2
concombre,noun,A2
concomitamment,adverb,C2
concordance,noun,C1
concordant,adjective,C1
concorder,verb,C1
concourir,verb,B2
concours,noun,A2
concret,adjective,B1
concret,noun,B2
concrètement,adverb,B2
concrétiser,verb,B2
concubin,noun,C1
concurremment,adverb,C2
concurrence,noun,B1
concurrencer,verb,B2
concurrent,adjective,C1
concurrent,noun,B2
concéder,verb,B2
condamnation,noun,B1
condamner,verb,B1
condenser,verb,C1
condensé,noun,C2
condition,noun,A2
conditionnel,adjective,C1
conditionnel,noun,C1
conditionnement,noun,C1
conditionner,verb,B2
conditionné,adjective,B2
condoléance,noun,C2
conducteur,adjective,B2
conducteur,noun,A2
conduire,verb,A1
conduit,noun,B2
conduite,noun,B1
confection,noun,B2
confectionner,verb,C2
confesser,verb,B2
confession,noun,B2
confiance,noun,A1
confiant,adjective,C2
confidence,noun,B2
confident,noun,B2
confidentialité,noun,B2
confidentiel,adjective,B2
confier,verb,B1
configuration,noun,C2
configurer,verb,C1
confinement,noun,C1
confiner,verb,B2
confirmation,noun,C2
confirmer,verb,A2
confiserie,noun,C2
confiseur,noun,C1
confisquer,verb,C2
confit,adjective,C2
confiture,noun,A1
conflictuel,adjective,B2
conflit,noun,B1
confluent,noun,B2
confondre,verb,B1
conforme,adjective,B2
conformer,verb,B2
conformisme,noun,B2
conformiste,adjective,B2
confort,noun,B1
confortable,adjective,A2
confortablement,adverb,B2
conforter,verb,C2
confrontation,noun,C1
confronter,verb,B2
confrère,noun,B2
confrérie,noun,B2
confus,adjective,B2
confusion,noun,B2
confédéral,adjective,C1
confédération,noun,B2
conférence,noun,B2
conférencier,noun,C2
conférer,verb,B2
congeler,verb,B2
congolais,adjective,C1
congrès,noun,B2
congé,noun,A2
congélateur,noun,B2
congélation,noun,C1
congénère,noun,B2
conifère,noun,C1
conjecture,noun,C2
conjoindre,verb,C1
conjoint,adjective,C1
conjoint,noun,B2
conjonction,noun,C1
conjoncture,noun,B2
conjoncturel,adjective,C2
conjugaison,noun,C2
conjugal,adjective,B2
conjugalité,noun,C2
conjuguer,verb,B2
connaissance,noun,A1
connaître,verb,A1
connecter,verb,B2
connerie,noun,C1
connexion,noun,B2
connotation,noun,B2
connoter,verb,C1
connu,adjective,B2
conquérir,verb,B1
conquête,noun,B1
consacrer,verb,A2
consciemment,adverb,B2
conscience,noun,B1
consciencieusement,adverb,B2
conscient,adjective,B2
conscient,noun,C1
conscrit,noun,B2
conseil,noun,A1
conseiller,noun,B1
conseiller,verb,A2
consensus,noun,B2
consentant,adjective,C1
consentement,noun,C1
consentir,verb,B2
conservateur,adjective,B1
conservateur,noun,B1
conservation,noun,B2
conservatoire,noun,B2
conserve,noun,C2
conserver,verb,A2
considérable,adjective,B1
considérablement,adverb,B2
considérant,noun,B2
considération,noun,B2
considérer,verb,A1
consigne,noun,B2
consigner,verb,C1
consistant,adjective,C2
consister,verb,B1
consolation,noun,B2
console,noun,A2
consoler,verb,B2
consolidation,noun,C1
consommable,adjective,C1
consommateur,noun,B1
consommation,noun,B1
consommer,verb,A2
consommé,noun,C2
consonance,noun,C1
consortium,noun,C2
conspiration,noun,C2
constamment,adverb,B1
constance,noun,C1
constant,adjective,B2
constante,noun,B2
constat,noun,B2
constatation,noun,B2
constater,verb,A2
constellation,noun,C2
consternation,noun,C1
constituant,adjective,B2
constituant,noun,C1
constituer,verb,B2
constitution,noun,B1
constitutionnel,adjective,B2
constructeur,adjective,B2
constructeur,noun,B2
constructible,adjective,C1
constructif,adjective,B2
construction,noun,A2
construire,verb,A1
consul,noun,C2
consulaire,adjective,C1
consulat,noun,B2
consultable,adjective,C1
consultant,noun,B2
consultatif,adjective,B2
consultation,noun,B2
consulter,verb,B1
consumériste,adjective,B2
consécration,noun,B2
consécutif,adjective,B2
conséquence,noun,B1
conséquent,adjective,B1
contact,noun,A2
contacter,verb,A2
contagieux,adjective,B1
contagion,noun,B2
contagiosité,noun,C1
container,noun,B2
contamination,noun,B2
contaminer,verb,C1
conte,noun,A2
contemplatif,adjective,C1
contemplation,noun,C1
contempler,verb,B2
contemporain,adjective,A2
contemporain,noun,B2
contempteur,noun,C1
contenance,noun,C2
contenir,verb,B1
content,adjective,A1
contenter,verb,B1
contentieux,noun,C2
contenu,noun,B1
conter,verb,C2
contestation,noun,C1
conteste,noun,B2
contester,verb,B2
conteur,noun,B2
contexte,noun,B1
contiguïté,noun,C2
continent,adjective,B2
continent,noun,A1
continental,adjective,B2
contingence,noun,B2
continu,adjective,A1
continu,noun,B2
continuation,noun,C2
continuel,adjective,B2
continuellement,adverb,B2
continuer,verb,A1
continuité,noun,B2
continuum,noun,C2
contondant,adjective,C2
contour,noun,C1
contourner,verb,B2
contraceptif,adjective,C1
contraceptif,noun,C1
contraception,noun,B2
contracter,verb,B2
contraction,noun,B2
contractuel,adjective,C1
contractuel,noun,C2
contracté,adjective,C2
contradicteur,noun,C1
contradiction,noun,B2
contradictoire,adjective,B2
contraignant,adjective,B2
contraindre,verb,B2
contrainte,noun,B1
contraire,adjective,B2
contraire,noun,B1
contrairement,adverb,B1
contrarier,verb,B2
contraste,noun,B2
contraster,verb,B2
contrat,noun,B1
contravention,noun,B2
contre,noun,A2
contre,preposition,A1
contre-allée,noun,C2
contre-courant,noun,B2
contre-culture,noun,B2
contre-don,noun,C1
contre-espionnage,noun,C2
contre-indication,noun,B2
contre-pouvoir,noun,B2
contrebalancer,verb,C2
contrebande,noun,C1
contrebandier,adjective,C1
contrebandier,noun,B2
contrecarrer,verb,C1
contredire,verb,C1
contrefait,adjective,C1
contrefaçon,noun,C1
contreficher,verb,C2
contrepartie,noun,B2
contrepoint,noun,C2
contrer,verb,B2
contresens,noun,C1
contretemps,noun,C2
contrevenir,verb,C1
contribuable,noun,B2
contribuer,verb,B1
contribution,noun,B2
contrit,adjective,C2
controverse,noun,B2
controverser,verb,B2
contrée,noun,B2
contrôlable,adjective,C1
contrôle,noun,A1
contrôler,verb,B1
convaincant,adjective,B1
convaincre,verb,A2
convalescence,noun,C1
convenance,noun,C1
convenir,verb,B1
convention,noun,B1
conventionnel,adjective,B2
conventionnellement,adverb,C1
convenu,adjective,C1
convergence,noun,C1
convergent,adjective,B2
converger,verb,C2
conversation,noun,A2
converser,verb,C2
convertir,verb,B1
conviction,noun,B2
convier,verb,B2
convive,noun,B2
convivial,adjective,B2
convivialité,noun,B1
convocation,noun,B2
convoiter,verb,B2
convoquer,verb,B2
convoyer,verb,C1
conçu,adjective,C2
cool,adjective,B2
coopératif,adjective,C1
coopération,noun,A1
coopérative,noun,B2
coopérer,verb,C1
coordinateur,noun,B2
coordonner,verb,B2
copain,adjective,B1
copain,noun,A1
copeau,noun,C1
copie,noun,B2
copier,verb,B2
copieux,adjective,B1
copine,noun,A1
copropriétaire,noun,C1
copyright,noun,C1
coq,noun,B1
coque,noun,C1
coqueluche,noun,C1
coquetterie,noun,C1
coquillage,noun,B2
corail,adjective,B2
corallien,adjective,C2
corbeau,noun,C2
corbeille,noun,B2
corde,noun,A1
cordial,adjective,B2
cordialement,adverb,C1
cordon,noun,B2
cordonnier,noun,C1
cormier,noun,C1
cormoran,noun,C1
corne,noun,B1
cornet,noun,C2
cornichon,noun,C1
cornique,adjective,C1
coron,noun,B2
coronaire,adjective,C2
corporation,noun,B2
corporel,adjective,C2
corps,noun,A2
corpusculaire,adjective,C2
correct,adjective,B1
correctement,adverb,B2
correction,noun,B2
correspondance,noun,B2
correspondant,adjective,B2
correspondant,noun,B2
correspondre,verb,B1
corrida,noun,B1
corridor,noun,B2
corriger,verb,A2
corroborer,verb,C2
corrompre,verb,C2
corruption,noun,B2
corrélation,noun,C2
corsage,noun,C1
corse,adjective,B2
corset,noun,C2
cortex,noun,B2
corticoïdes,noun,C2
cortège,noun,B2
corvéable,adjective,C2
cosigner,verb,B2
cosmonaute,noun,C1
cosmopolite,adjective,B2
cosmétique,adjective,C1
cosmétique,noun,C1
cossu,adjective,C1
costaud,adjective,C1
costaud,noun,C2
costume,noun,B1
costumer,verb,B2
cotation,noun,C2
cote,noun,B2
coter,verb,B2
coterie,noun,C1
cotisation,noun,B2
cotiser,verb,C2
coton,noun,B1
cottage,noun,C1
cou,noun,B1
couac,noun,C1
couchage,noun,B2
couchant,adjective,C1
couchant,noun,C2
couche,noun,B2
couche-tard,noun,C1
couche-tôt,adjective,C1
coucher,noun,B1
coucher,verb,A1
couchette,noun,C2
coucou,noun,B2
coude,noun,B1
coudre,verb,B1
couler,verb,B1
couleur,noun,A1
couleuvre,noun,C1
coulis,noun,C1
coulisse,noun,B2
coulisser,verb,C2
couloir,noun,A1
coulée,noun,C2
coumarine,noun,C1
coup,noun,A1
coupable,adjective,B1
coupable,noun,B2
coupe,noun,A2
coupe-papier,noun,C1
couper,verb,A1
coupeur,noun,C1
couple,noun,A1
coupler,verb,B2
coupole,noun,B2
coupure,noun,B2
couque,noun,C1
cour,noun,A1
courage,noun,A1
courageusement,adverb,B1
courageux,adjective,A1
courageux,noun,C2
couramment,adverb,B2
courant,adjective,B1
courant,noun,B1
courante,noun,C1
courbe,adjective,C1
courbe,noun,B2
courber,verb,B2
coureur,noun,B2
courgette,noun,B2
courir,verb,A1
couronne,noun,B1
couronnement,noun,C1
couronner,verb,B2
courrier,noun,B1
courroucer,verb,C2
course,noun,A1
coursier,noun,C2
court,adjective,A1
court,adverb,B1
court,noun,B1
court-circuiter,verb,C2
court-métrage,noun,C2
courtier,noun,C1
courtisan,noun,C1
courtiser,verb,B2
courtois,adjective,B2
courtoisie,noun,C1
couscous,noun,A2
cousin,noun,A1
coussin,noun,C2
couteau,noun,B1
coutelier,noun,C1
coutellerie,noun,C1
coutume,noun,A2
coutumier,adjective,C2
couture,noun,B2
couturier,adjective,C1
couturier,noun,B1
couturière,noun,B2
couvent,noun,B2
couver,verb,B2
couvercle,noun,B1
couvert,adjective,C2
couvert,noun,B2
couverture,noun,B1
couvreur,noun,C2
couvrir,verb,A1
covalent,adjective,C1
cow-boy,noun,C2
coïncidence,noun,B1
coïncider,verb,B2
coût,noun,B1
coûter,verb,A1
coûteux,adjective,B2
cracher,verb,B1
crack,noun,C1
craie,noun,C2
craindre,verb,B2
crainte,noun,B2
craintif,adjective,C1
cramique,noun,C1
crampe,noun,C2
cramponner,verb,B2
cran,noun,C2
crapaud,noun,B2
craquant,adjective,B2
craqueler,verb,C1
craquelin,noun,C1
craquement,noun,C1
craquer,verb,B1
crasseux,adjective,C1
cravate,noun,B1
cravater,verb,C1
crayon,noun,B1
credo,noun,C1
cresson,noun,C1
creuser,verb,B1
creuset,noun,B2
creux,adjective,B2
creux,noun,B2
crever,verb,B2
crevette,noun,B2
crevé,adjective,C1
cri,noun,A1
criailler,verb,C1
criant,adjective,B2
criard,adjective,B2
crible,noun,C1
cribler,verb,C1
cric,noun,C1
crier,verb,A1
crime,noun,B1
criminalité,noun,B2
criminel,adjective,B2
criminel,noun,B2
criminologie,noun,B2
criminologue,noun,B2
crinière,noun,C1
crique,noun,C2
crise,noun,A2
crispation,noun,C2
crispin,noun,C2
crisser,verb,B2
cristal,noun,B2
cristalliser,verb,B2
cristaux,noun,B2
critiquable,adjective,B2
critique,adjective,B1
critique,noun,B1
critiquer,verb,A2
critère,noun,B1
croate,adjective,C2
croate,noun,B2
crochet,noun,C2
crocodile,noun,B2
croire,verb,A1
croisade,noun,B2
croiser,verb,B1
croisette,noun,C1
croisière,noun,C2
croissance,noun,B2
croissant,adjective,B2
croissant,noun,A2
croisé,adjective,B2
croisé,noun,C1
croix,noun,B1
croque-monsieur,noun,C1
croquer,verb,B2
croquis,noun,C2
crosse,noun,C2
crotte,noun,B2
crotter,verb,C2
crottin,noun,C2
crouler,verb,B2
croupe,noun,C1
croyable,adjective,B2
croyance,noun,B2
croyant,adjective,B2
croyant,noun,C1
croître,verb,B2
croûte,noun,C1
cru,noun,B2
cruauté,noun,C2
crucial,adjective,B2
crudité,noun,B2
crue,noun,B2
cruel,adjective,B2
cruellement,adverb,C1
crustacé,noun,C2
cryptographie,noun,C2
crypté,adjective,C1
crâne,adjective,C1
crâne,noun,B2
crèche,noun,A2
crème,noun,A2
crève-coeur,noun,C2
créateur,adjective,B2
créateur,noun,B1
créatif,adjective,B2
création,noun,B1
créativité,noun,B2
créature,noun,B2
crécelle,noun,C1
crédibilité,noun,B2
crédible,adjective,C1
crédit,noun,B2
créditeur,adjective,C1
créer,verb,A1
crémaillère,noun,C2
crémation,noun,C1
créneau,noun,C2
créole,adjective,A2
créole,noun,A2
créoliser,verb,C1
crépiter,verb,C1
crépu,adjective,C2
crépuscule,noun,B2
crétois,adjective,C1
crêpe,noun,A1
crête,noun,B2
crûment,adverb,C2
cuadrilla,noun,C1
cube,noun,B2
cuber,verb,C1
cubisme,noun,C2
cubitus,noun,C2
cueillette,noun,B2
cueillir,verb,B1
cuiller,noun,B2
cuillère,noun,B2
cuir,noun,B2
cuirasse,noun,C1
cuire,verb,A2
cuisant,adjective,C1
cuisine,noun,A1
cuisiner,verb,B2
cuisinier,noun,A2
cuisse,noun,B2
cuisson,noun,B2
cuistot,noun,C2
cuiter,verb,C1
cuivre,noun,B2
cuivrer,verb,C1
cuivré,adjective,C2
culbute,noun,C1
culinaire,adjective,A2
culminer,verb,B2
culot,noun,C2
culotte,noun,B2
culpabiliser,verb,B2
culpabilité,noun,C1
culte,noun,B2
cultivateur,noun,C2
cultiver,verb,A2
cultivé,adjective,A2
cultuel,adjective,C1
culture,noun,A1
culturel,adjective,A1
culturellement,adverb,B2
cumulatif,adjective,C1
cumuler,verb,B2
curare,noun,C1
curatif,adjective,B2
curer,verb,C2
curieusement,adverb,B1
curieux,adjective,A1
curieux,noun,B2
curiosité,noun,B1
curseur,noun,B2
cursus,noun,B2
curé,noun,B1
cutané,adjective,C1
cuve,noun,C1
cuvette,noun,C1
cuvée,noun,C1
cybernétique,noun,B2
cyclamen,noun,C1
cycle,noun,B1
cyclisation,noun,C1
cyclisme,noun,B2
cycliste,adjective,C1
cycliste,noun,B1
cyclone,noun,B2
cygne,noun,C1
cylindre,noun,B2
cynique,adjective,C2
cyniquement,adverb,C1
cynisme,noun,B2
cyprès,noun,C1
cystite,noun,C1
câble,noun,B2
câlin,noun,C2
cène,noun,C2
cèpe,noun,C2
cécité,noun,C1
céder,verb,B2
céleri,noun,C2
céleste,adjective,C2
célestin,noun,C1
célibat,noun,C1
célibataire,adjective,A2
célibataire,noun,B2
célèbre,adjective,A1
célébration,noun,B2
célébrer,verb,A2
célébrissime,adjective,C2
célébrité,noun,B2
céramique,adjective,C1
céramique,noun,C1
céréale,noun,A2
cérébral,adjective,B2
cérémonie,noun,A2
césar,noun,B2
cétacé,noun,C2
cône,noun,C1
côte,noun,A1
côtier,adjective,B2
côtoyer,verb,B2
côté,noun,A1
d'abord,adverb,A1
d'accord,adverb,A1
d'ailleurs,adverb,B1
d'autant,adverb,B2
da,interjection,C1
dactylo,noun,C1
dactylographie,noun,C2
dada,noun,B2
daigner,verb,C2
daim,noun,C2
dalle,noun,B2
daller,verb,C2
daltonien,noun,C1
dam,noun,B2
dame,interjection,C1
dame,noun,A1
damer,verb,C1
damoiselle,noun,C2
dan,noun,B2
dancing,noun,C1
dandy,noun,B2
danger,noun,B1
dangereusement,adverb,C2
dangereux,adjective,A1
danois,adjective,C2
dans,preposition,A1
danse,noun,A1
danser,verb,A1
danseur,noun,A2
darne,noun,C2
datation,noun,C1
date,noun,A1
dater,verb,A2
daube,noun,C2
dauphin,noun,B2
davantage,adverb,B1
de,determiner,B1
de,preposition,A1
debout,adverb,B1
dedans,adverb,B1
dedans,noun,B2
degré,noun,A2
dehors,adverb,A2
dehors,noun,B1
dehors,preposition,C2
delirium,noun,C2
delta,noun,C2
demain,adverb,A1
demain,noun,A1
demandant,adjective,C2
demande,noun,A1
demander,verb,A1
demandeur,noun,B2
demeurant,noun,B2
demeure,noun,B2
demeurer,verb,B1
demi,adjective,B2
demi,adverb,B2
demi,noun,A1
demi-bouteille,noun,C2
demi-douzaine,noun,B2
demi-finale,noun,C2
demi-frère,noun,B2
demi-heure,noun,A1
demi-journée,noun,C2
demi-mort,adjective,C2
demi-mot,noun,B2
demi-pension,noun,C1
demi-siècle,noun,B2
demi-soeur,noun,C2
demi-tour,noun,B2
demi-échec,noun,C2
demoiselle,noun,B1
dengue,noun,C1
denim,noun,C1
dense,adjective,B2
densité,noun,B2
dent,noun,A1
dentaire,adjective,B2
dentelle,noun,B1
dentier,noun,C2
dentifrice,noun,B2
dentiste,noun,A2
dentition,noun,C2
depuis,adverb,B2
depuis,preposition,A1
dermique,adjective,C2
dernier,adjective,A1
dernier,noun,A2
dernièrement,adverb,B1
derrière,adverb,B1
derrière,noun,B2
derrière,preposition,A1
descendant,noun,B2
descendeur,noun,C1
descendre,verb,A1
descente,noun,B2
descriptif,adjective,C1
descriptif,noun,C2
description,noun,B1
design,noun,B1
designer,noun,B2
dessein,noun,B2
dessert,noun,A1
desservir,verb,B2
dessin,noun,A1
dessinateur,noun,A2
dessiner,verb,A1
dessous,adverb,B1
dessous,noun,B2
dessus,adverb,B1
dessus,noun,B2
dessécher,verb,C1
destin,noun,B1
destinataire,noun,C1
destination,noun,A1
destiner,verb,B1
destinée,noun,B2
destructeur,adjective,B2
destructeur,noun,C1
destruction,noun,B2
dette,noun,B1
deuil,noun,C1
deux,noun,B2
deuxièmement,adverb,B2
devancer,verb,B2
devant,adverb,A1
devant,noun,B1
devant,preposition,A1
devenir,noun,C2
devenir,verb,A1
devin,noun,C1
deviner,verb,B1
devis,noun,B2
devise,noun,B2
deviser,verb,C1
devoir,noun,A1
devoir,verb,A1
deçà,adverb,B2
dia,interjection,B2
diable,noun,A2
diabolique,adjective,C2
diabète,noun,B2
diacre,noun,C2
diagnostic,noun,B2
diagnostiquer,verb,C2
diagonale,noun,B2
dialecte,noun,B2
dialogue,noun,A2
dialoguer,verb,B2
diamant,noun,B2
diamètre,noun,B1
diapo,noun,C1
diariste,noun,C1
dictature,noun,B2
dicter,verb,C1
dictionnaire,noun,B2
dicton,noun,B2
dictée,noun,B2
didacticien,noun,C2
didactique,adjective,B2
didactique,noun,C1
diesel,noun,C1
dieu,noun,A1
difficile,adjective,A1
difficilement,adverb,B1
difficulté,noun,A2
difforme,adjective,C1
diffus,adjective,B2
diffuser,verb,B2
diffusif,adjective,C1
diffusion,noun,B1
différemment,adverb,B1
différence,noun,A1
différenciation,noun,B2
différencier,verb,B2
différend,noun,C1
différent,adjective,A1
différer,verb,B2
différé,adjective,C1
digestion,noun,B2
digital,adjective,B2
diglossie,noun,C2
digne,adjective,B2
dignité,noun,B2
digue,noun,B2
dijonnais,adjective,C2
diktat,noun,B2
dilater,verb,B2
dilettante,noun,C2
diligence,noun,B2
diluer,verb,B2
dimanche,noun,A1
dimension,noun,B1
diminuer,verb,B1
diminution,noun,B2
dinar,noun,C1
dinde,noun,A2
dingue,adjective,B2
dingue,noun,C2
dinosaure,noun,B2
diocèse,noun,C1
dioxyde,noun,B2
diphtérie,noun,C1
diplodocus,noun,C1
diplomate,noun,C1
diplomatie,noun,B2
diplomatique,adjective,B2
diplôme,noun,B1
diplômer,verb,B2
diplômé,adjective,C2
diplômé,noun,B2
dire,noun,B2
dire,verb,A1
direct,adjective,A1
direct,noun,C1
directement,adverb,A1
directeur,adjective,B2
directeur,noun,A1
directif,adjective,C1
direction,noun,A1
directive,noun,C1
dirigeant,noun,B2
diriger,verb,A1
disc-jockey,noun,C2
discal,adjective,C1
disciple,noun,B2
disciplinaire,adjective,C1
discipline,noun,B1
discipliner,verb,C1
discorde,noun,C2
discothèque,noun,B2
discount,noun,B2
discounter,noun,C1
discours,noun,A2
discret,adjective,B1
discrimination,noun,B2
discriminatoire,adjective,B2
discrètement,adverb,B2
discrédit,noun,C1
discréditer,verb,C2
discrétion,noun,B2
discussion,noun,A2
discuter,verb,A1
disgracieux,adjective,C1
disgrâce,noun,B2
disparaître,verb,A1
disparition,noun,B1
disparité,noun,C2
dispenser,verb,B2
disperser,verb,B2
disponible,adjective,B1
dispos,adjective,C1
disposer,verb,B2
dispositif,noun,B2
disposition,noun,B1
disproportionné,adjective,C1
dispute,noun,B1
disputer,verb,B1
disquaire,noun,C2
disque,noun,A1
dissection,noun,C1
dissertation,noun,C2
dissident,noun,C2
dissimuler,verb,B2
dissiper,verb,B1
dissociation,noun,B2
dissocier,verb,B2
dissolution,noun,C1
dissoudre,verb,B2
dissuader,verb,B2
dissuasif,adjective,B2
dissymétrique,adjective,C1
dissémination,noun,C1
disséminer,verb,B2
distance,noun,B1
distancer,verb,C1
distancier,verb,C1
distant,adjective,B2
distillation,noun,C1
distiller,verb,C1
distinct,adjective,B2
distinctement,adverb,B2
distinction,noun,B1
distinguer,verb,B1
distinguo,noun,C1
distingué,adjective,B2
distorsion,noun,C2
distractif,adjective,C2
distraction,noun,B2
distraire,verb,B2
distrait,adjective,C2
distraitement,adverb,B2
distrayant,adjective,B2
distribuer,verb,B1
distributeur,adjective,C1
distributeur,noun,B2
distribution,noun,B2
district,noun,C2
dit,adjective,B2
diurne,adjective,C1
diurèse,noun,C2
diva,noun,B2
divaguer,verb,C2
divan,noun,C2
divergence,noun,C2
divergent,adjective,B2
divers,adjective,A2
diversification,noun,B2
diversifier,verb,B2
diversité,noun,A2
divertir,verb,C2
divertissant,adjective,B2
divertissement,noun,B2
divin,adjective,B2
divinatoire,adjective,C1
divinité,noun,B2
diviser,verb,A2
division,noun,B2
divisionnaire,adjective,C1
divorce,noun,B2
divorcer,verb,A1
divulgation,noun,B2
dix,noun,B2
dix-huitième,adjective,C1
dix-septième,adjective,C2
dixième,adjective,B2
dixième,noun,C1
dizaine,noun,B1
diététique,adjective,C1
diététique,noun,C1
do,noun,B2
docile,adjective,C2
dock,noun,C2
docteur,noun,B1
doctoral,adjective,C2
doctorat,noun,B1
doctoresse,noun,C1
document,noun,A1
documentaire,adjective,B2
documentaire,noun,B1
documenter,verb,C2
dodo,noun,C2
dodu,adjective,C2
dogme,noun,B2
doigt,noun,A2
dollar,noun,B1
dolmen,noun,C1
doléance,noun,C1
domaine,noun,A1
domestique,adjective,A2
domestique,noun,B1
domicile,noun,B1
dominant,adjective,B1
dominante,noun,C1
domination,noun,B2
dominer,verb,B1
dominical,adjective,B1
domino,noun,B2
dommage,noun,B1
dommageable,adjective,C1
dompter,verb,C1
don,noun,B1
donc,adverb,A1
donjon,noun,B2
donne,noun,C1
donner,verb,A1
donneur,noun,C1
donné,adjective,C2
donnée,noun,B2
dont,pronoun,B1
dopamine,noun,C1
doper,verb,C2
dorade,noun,C2
dorer,verb,B1
dormant,adjective,C2
dormeur,noun,C1
dormir,verb,A1
doré,adjective,B1
dorénavant,adverb,B2
dos,noun,A1
dose,noun,B2
doser,verb,C1
dossier,noun,B1
doter,verb,B2
douane,noun,C1
double,adjective,A2
double,noun,B2
doubler,verb,B1
doucement,adverb,A1
douceur,noun,B1
douche,noun,A2
doucher,verb,B2
douer,verb,B1
douillet,adjective,C1
douleur,noun,B2
douloureux,adjective,B2
douro,noun,C1
doute,noun,A2
douter,verb,B1
douteux,adjective,B2
douve,noun,C2
doux,adjective,A1
doux,noun,B2
douzaine,noun,B2
douzième,adjective,C1
dracher,verb,C1
dragon,noun,B1
draguer,verb,C2
dragée,noun,C1
drainer,verb,B2
dramatique,adjective,B1
dramatiquement,adverb,C1
dramatisation,noun,C2
dramatiser,verb,C1
dramaturge,noun,B1
drame,noun,B1
drap,noun,B1
drapeau,noun,B1
drastique,adjective,B2
drastiquement,adverb,B2
dressage,noun,B2
dresser,verb,B1
dresseur,noun,C2
dressing,noun,C2
dressé,adjective,C2
drogue,noun,B2
droguer,verb,C2
droguerie,noun,C1
droguiste,noun,C1
drogué,noun,B2
droit,adjective,A1
droit,noun,A1
drosophile,noun,C2
drôle,adjective,A1
drôle,noun,A1
drôlement,adverb,C2
du,preposition,A1
duc,noun,B1
ducal,adjective,C1
ducat,noun,B2
duchesse,noun,C1
duel,adjective,C2
duel,noun,B2
duelliste,noun,C2
dulcinée,noun,C1
dune,noun,C1
duo,noun,B2
dupe,adjective,B2
duperie,noun,C1
duquel,pronoun,B2
dur,adjective,A1
dur,adverb,C2
dur,noun,B1
durable,adjective,B2
durablement,adverb,B2
durant,preposition,B1
durcir,verb,B1
durement,adverb,B2
durer,verb,A1
dureté,noun,B2
durée,noun,B1
dyade,noun,C1
dynamique,adjective,A1
dynamique,noun,B2
dynamiser,verb,B2
dynamisme,noun,B2
dynamite,noun,C2
dysenterie,noun,C1
dysfonctionnement,noun,C1
dès,preposition,A2
dé,noun,B2
déambulation,noun,C1
déambuler,verb,C1
débarbouiller,verb,C2
débarquement,noun,C2
débarquer,verb,B2
débarras,noun,C2
débarrasser,verb,B1
débat,noun,B2
débattre,verb,B2
débauche,noun,C2
débile,adjective,B2
débit,noun,B2
débitant,noun,C1
débiteur,adjective,B2
déblaiement,noun,C2
débloquer,verb,C2
déboire,noun,B2
débonnaire,adjective,C2
débordant,adjective,C2
déborder,verb,B1
déboucher,verb,B2
débouché,noun,B2
débouler,verb,C2
débourser,verb,C2
débouté,noun,C1
débraillé,adjective,B2
débrancher,verb,C2
débrider,verb,C1
débrouillard,adjective,B2
débrouiller,verb,B1
début,noun,A1
débutant,adjective,B1
débuter,verb,B1
décacheter,verb,C2
décadence,noun,C1
décaféiner,verb,C2
décalage,noun,B2
décaler,verb,B2
décamper,verb,C1
décapiter,verb,C1
décapotable,noun,C1
déceler,verb,C2
décembre,noun,A1
décennal,adjective,C2
décennie,noun,B2
décent,adjective,C2
décentraliser,verb,B2
déception,noun,B2
décerner,verb,B1
décevant,adjective,C1
décevoir,verb,A2
décharge,noun,B1
décharné,adjective,C1
déchaînement,noun,C1
déchaîner,verb,B2
déchet,noun,B1
déchiffrer,verb,B2
déchirant,adjective,B2
déchirer,verb,B1
déchéance,noun,C1
décibel,noun,B2
décider,verb,A1
décideur,noun,C1
décidé,adjective,B2
décidément,adverb,B2
décimal,noun,C1
décimètre,noun,C2
décisif,adjective,B2
décision,noun,A2
décisionnel,adjective,C2
déclamation,noun,C2
déclaration,noun,B2
déclarer,verb,A2
déclassement,noun,B2
déclencher,verb,B2
déclic,noun,C1
déclin,noun,B2
déclinant,adjective,C1
décliner,verb,B2
décodeur,noun,C1
décoiffer,verb,C2
décollage,noun,B2
décoller,verb,B2
décolleter,verb,C2
décollé,adjective,B2
décomposer,verb,C2
décomposition,noun,B2
décompresser,verb,B2
décompte,noun,C2
déconcerter,verb,B2
décongeler,verb,C2
décongélation,noun,C1
déconnecter,verb,B2
déconseiller,verb,B2
déconstruction,noun,C1
décontracter,verb,A2
décontraction,noun,C2
décontracté,adjective,B2
déconvenue,noun,C1
décor,noun,A2
décorateur,noun,C2
décoratif,adjective,C2
décoration,noun,A1
décorer,verb,A1
décorner,verb,C1
décortiquer,verb,B2
découler,verb,B2
découpe,noun,C1
découper,verb,B2
décourager,verb,B1
découvert,adjective,B2
découverte,noun,A1
découvreur,noun,C2
découvrir,verb,A1
décret,noun,B2
décrier,verb,B2
décrire,verb,A2
décrocher,verb,B1
décroît,noun,C1
décrypter,verb,B2
décréter,verb,B2
déculpabiliser,verb,C1
décès,noun,B1
décéder,verb,B2
décédé,adjective,C1
dédaigner,verb,B2
dédicace,noun,C1
dédicacer,verb,B2
dédier,verb,B2
dédommager,verb,C2
dédoublement,noun,C1
dédoubler,verb,C2
dédramatiser,verb,C1
déduction,noun,B2
déduire,verb,B2
déesse,noun,B1
défaillance,noun,B2
défaillant,adjective,B2
défaillir,verb,B2
défaire,verb,B2
défaite,noun,B2
défaitisme,noun,C2
défaitiste,adjective,C1
défaut,noun,B2
défavoriser,verb,B2
défectueux,adjective,B2
défendre,verb,A1
défense,noun,B1
défenseur,noun,B1
défensif,adjective,C2
défi,noun,B2
défiance,noun,C1
déficient,adjective,C2
déficit,noun,B2
déficitaire,adjective,C1
défier,verb,B2
défiger,verb,C2
défigurer,verb,B2
défiler,verb,B2
défilé,noun,B2
définir,verb,A2
définitif,adjective,B2
définition,noun,B2
définitivement,adverb,B2
défoncer,verb,C1
défoncé,adjective,C1
déforestation,noun,B2
déformation,noun,B2
déformer,verb,C2
défouler,verb,C2
défrichement,noun,C1
défunt,adjective,C2
défunt,noun,C1
dégager,verb,B1
dégaine,noun,C1
dégainer,verb,B2
dégeler,verb,C2
dégotter,verb,C1
dégourdir,verb,B2
dégoût,noun,B2
dégoûtant,adjective,C2
dégoûter,verb,B2
dégradant,adjective,B2
dégradation,noun,B2
dégrader,verb,B2
dégras,noun,C2
déguisement,noun,B2
déguiser,verb,A2
dégustation,noun,B2
déguster,verb,A2
dégât,noun,B2
déjection,noun,B2
déjeuner,noun,A1
déjeuner,verb,A1
déjouer,verb,B2
déjà,adverb,A1
délai,noun,B1
délaisser,verb,B2
délibération,noun,C2
délibérer,verb,B2
délibérément,adverb,C1
délicat,adjective,B2
délicatement,adverb,B2
délicatesse,noun,B2
délice,noun,B2
délicieux,adjective,A1
délier,verb,B2
délimiter,verb,B2
délinquance,noun,B2
délinquant,adjective,B2
délinquant,noun,B2
délirant,adjective,B2
délire,noun,C2
délirer,verb,C2
délit,noun,B2
délivrance,noun,B2
délivrer,verb,B2
délocaliser,verb,B2
déloger,verb,C2
déloyauté,noun,C2
déluge,noun,C1
délégation,noun,B2
déléguer,verb,B2
délégué,noun,B2
délétère,adjective,C2
démagogie,noun,C1
démagogue,noun,C1
démanteler,verb,C2
démaquiller,verb,C1
démarche,noun,B2
démarquer,verb,B2
démarrage,noun,C1
démarrer,verb,B2
démasquer,verb,B2
dématérialisation,noun,C1
démence,noun,C1
démener,verb,B2
démentir,verb,B2
démesurer,verb,C2
démesuré,adjective,C1
déminage,noun,C1
démission,noun,B2
démissionner,verb,B2
démocrate,adjective,C1
démocratie,noun,B2
démocratique,adjective,B2
démocratiquement,adverb,B2
démocratisation,noun,B2
démodé,adjective,C2
démographe,noun,C1
démographique,adjective,B2
démolir,verb,B1
démon,noun,B2
démoniaque,adjective,C1
démonstration,noun,B1
démonter,verb,B2
démontrer,verb,B2
démonétiser,verb,C2
démoraliser,verb,B2
démotique,adjective,C2
démotivation,noun,C2
démotiver,verb,C2
démoustication,noun,C1
démuni,adjective,C1
démunir,verb,B2
déménagement,noun,B1
déménager,verb,A2
démêler,verb,C1
démêlé,noun,C1
dénaturer,verb,C1
déneigement,noun,C2
déneiger,verb,C2
déni,noun,C1
dénicher,verb,B2
dénigrer,verb,C1
dénombrer,verb,C1
dénomination,noun,B2
dénommer,verb,C2
dénoncer,verb,B1
dénonciation,noun,B2
dénoter,verb,C1
dénouement,noun,B2
dénouer,verb,B2
dénoyauter,verb,C1
dénuer,verb,B2
dénégation,noun,C1
déontologie,noun,C1
déontologique,adjective,C2
départ,noun,A1
département,noun,A1
départemental,adjective,B2
dépassement,noun,C1
dépasser,verb,B1
dépassionner,verb,C1
dépeindre,verb,B2
dépendance,noun,B2
dépendant,adjective,B2
dépendre,verb,A2
dépens,noun,C1
dépense,noun,B1
dépenser,verb,B1
dépensier,adjective,B2
dépensier,noun,C1
déphaser,verb,C1
dépistage,noun,C1
dépister,verb,C1
dépit,noun,B2
dépiter,verb,B2
déplacement,noun,B1
déplacer,verb,B1
déplacé,adjective,C1
déplaire,verb,B2
dépliant,noun,B2
déplier,verb,B2
déploiement,noun,C1
déplorable,adjective,C1
déplorablement,adverb,C1
déplorer,verb,B2
déployer,verb,C1
déportation,noun,C1
déporter,verb,B2
dépose,noun,C1
déposer,verb,A2
dépositaire,noun,C1
déposséder,verb,B2
dépotoir,noun,C1
dépouille,noun,C1
dépouiller,verb,B2
dépression,noun,B2
déprimant,adjective,C2
déprimant,noun,C2
déprime,noun,C1
déprimer,verb,B1
dépréciation,noun,C1
députer,verb,B2
député,noun,B2
dépêche,noun,C2
dépêcher,verb,A1
dépôt,noun,B2
dérangeant,adjective,C1
déranger,verb,A1
dérapage,noun,C1
dérision,noun,B2
dérisoire,adjective,B2
dérive,noun,B2
dériver,verb,B2
dérivé,noun,C1
dérober,verb,B2
dérobée,adverb,B2
dérogation,noun,B2
dérogatoire,adjective,C1
déroger,verb,C1
déroulement,noun,B2
dérouler,verb,B1
dérouter,verb,C1
dérèglement,noun,C1
désabusé,adjective,C1
désaccord,noun,B2
désacralisation,noun,B2
désaffectation,noun,C2
désaffecter,verb,C2
désaffection,noun,C2
désagréable,adjective,B2
désagrégation,noun,B2
désagrément,noun,C1
désaltérer,verb,B2
désapprobateur,adjective,C1
désapprobation,noun,C1
désapprouver,verb,C2
désarmer,verb,B1
désarroi,noun,B2
désastre,noun,B2
désastreux,adjective,B2
désemparer,verb,C2
désemplir,verb,C1
désenchanter,verb,C1
désert,adjective,B1
désert,noun,B1
déserter,verb,B1
déserteur,noun,C1
désertification,noun,C1
désertique,adjective,C1
désespoir,noun,B1
désespérant,adjective,B2
désespérer,verb,A2
désespéré,adjective,B2
désespérément,adverb,B1
déshabiller,verb,B1
déshonneur,noun,B2
déshonorant,adjective,C1
déshonorer,verb,B2
déshumaniser,verb,C1
désigner,verb,B2
désillusion,noun,B2
désillusionner,verb,C2
désinfecter,verb,C2
désinfection,noun,C1
désinformation,noun,C1
désintéressement,noun,C2
désinvolture,noun,C1
désir,noun,B1
désirable,adjective,C1
désirer,verb,A1
désireux,adjective,B2
désister,verb,C1
désobéir,verb,C1
désobéissance,noun,C2
désobéissant,adjective,C2
désoeuvrement,noun,C1
désolant,adjective,C1
désoler,verb,A1
désopilant,adjective,C2
désordonner,verb,C2
désordre,noun,B1
désorganiser,verb,B2
désorienter,verb,B2
désormais,adverb,B2
déstructuration,noun,C1
déséquilibre,noun,C1
déséquilibrer,verb,C1
détachement,noun,B2
détacher,verb,B1
détail,noun,A1
détailler,verb,B2
détecter,verb,B2
détecteur,adjective,C1
détecteur,noun,C1
détective,noun,B1
dételer,verb,C1
détendre,verb,B1
détenir,verb,B2
détente,noun,B2
détenteur,noun,C1
détention,noun,B2
déterminant,adjective,B2
détermination,noun,B2
déterminer,verb,B2
déterminisme,noun,C1
déterminé,adjective,B2
détestable,adjective,B2
détester,verb,A1
détonation,noun,C2
détour,noun,B2
détourner,verb,B2
détoxication,noun,C2
détracteur,noun,C2
détresse,noun,B2
détriment,noun,B2
détroit,noun,B2
détruire,verb,B1
détérioration,noun,C1
détériorer,verb,C1
dévaler,verb,C1
dévaloriser,verb,B2
dévastateur,adjective,B2
dévastation,noun,C1
dévaster,verb,B2
développement,noun,A2
développer,verb,A2
développé,noun,C2
développée,noun,C2
déverser,verb,B2
déviance,noun,B2
dévisser,verb,C1
dévoiler,verb,B2
dévolu,adjective,B2
dévonien,noun,C2
dévorant,adjective,C1
dévorer,verb,A2
dévouement,noun,B2
dévouer,verb,B2
dévoyer,verb,C1
dévêtir,verb,C2
déçu,adjective,B1
dîner,noun,A1
dîner,verb,A1
dôme,noun,B2
eau,noun,A1
ecchymose,noun,C1
ecclésiastique,adjective,C2
effacer,verb,B1
effectif,adjective,B2
effectif,noun,B2
effectivement,adverb,B1
effectuer,verb,B1
effervescence,noun,B2
effervescent,adjective,B2
effet,noun,A1
effeuillage,noun,C1
efficace,adjective,B1
efficacement,adverb,C2
efficacité,noun,B1
effiler,verb,B2
effluve,noun,B2
effondrement,noun,C1
effondrer,verb,A2
efforcer,verb,B2
effort,noun,B1
effraction,noun,C1
effraie,noun,B2
effrayant,adjective,B2
effrayer,verb,B2
effroi,noun,B2
effronterie,noun,C2
effroyable,adjective,B2
efféminer,verb,C1
ego,noun,B2
eh,interjection,A1
eldorado,noun,C1
elle,pronoun,A1
elle-même,pronoun,B1
ellipse,noun,B2
emballage,noun,B2
emballer,verb,B2
emballeur,noun,C1
embarcadère,noun,C2
embarcation,noun,C2
embarquement,noun,C2
embarquer,verb,B2
embarras,noun,B2
embarrassant,adjective,C2
embarrasser,verb,B2
embauche,noun,B2
embaucher,verb,B2
embellir,verb,B2
embellissement,noun,B2
emblème,noun,B2
emblée,adverb,B2
emblématique,adjective,B2
embonpoint,noun,C2
embout,noun,C1
embouteillage,noun,B1
embouteiller,verb,C1
emboîtage,noun,C1
emboîter,verb,B2
embraser,verb,B2
embrassade,noun,B2
embrasse,noun,B1
embrasser,verb,A1
embrasure,noun,C2
embryon,noun,B2
embryonnaire,adjective,C2
embuscade,noun,B2
embêtant,adjective,C2
embêtement,noun,C2
embêter,verb,B2
emmener,verb,A1
emmerdement,noun,C1
emmerder,verb,C1
emmerdeur,noun,C1
emménager,verb,B2
emparer,verb,B1
empathie,noun,C1
empathique,adjective,C1
empereur,noun,B2
empester,verb,C2
emphase,noun,C2
empierrer,verb,C1
empile,noun,C1
empiler,verb,C1
empire,noun,B1
empiéter,verb,B2
emplacement,noun,B1
emplette,noun,C2
emplir,verb,B2
emploi,noun,A2
employer,verb,B1
employeur,noun,B2
employé,noun,B1
empoigner,verb,C2
empoisonnement,noun,C1
empoisonner,verb,B1
empoisonné,adjective,C2
emporter,verb,B1
empreindre,verb,B2
empreinte,noun,B2
empressement,noun,B2
empresser,verb,B2
emprise,noun,B2
emprisonnement,noun,B2
emprisonner,verb,B2
emprunt,noun,B2
emprunter,verb,B1
empâtement,noun,C1
empêcher,verb,B1
empêcheur,noun,C1
empêtrer,verb,C1
en,preposition,A1
en,pronoun,A1
en-cas,noun,C2
en-haut,noun,C1
encablure,noun,C1
encadrement,noun,B2
encadrer,verb,B2
encastrer,verb,B2
enceindre,verb,B2
enceint,adjective,C2
enceinte,adjective,B2
enceinte,noun,B2
encens,noun,C2
encenser,verb,B2
encercler,verb,C2
enchantement,noun,B2
enchanter,verb,A2
enchanteur,noun,B2
enchaîner,verb,B2
enchaîné,adjective,B2
enchevêtrement,noun,C1
enchevêtrer,verb,C2
enchère,noun,B2
enclave,noun,B2
enclin,adjective,B2
enclore,verb,C1
enclos,noun,C1
encombrant,adjective,C1
encombre,noun,C2
encombrement,noun,B2
encombrer,verb,B2
encontre,adverb,C1
encor,adverb,C1
encore,adverb,A1
encourageant,adjective,C1
encouragement,noun,C2
encourager,verb,B1
encourir,verb,C1
encre,noun,B2
encyclopédie,noun,B2
encyclopédique,adjective,C1
endettement,noun,C2
endetter,verb,B2
endiabler,verb,C2
endiguer,verb,C1
endommager,verb,C1
endormir,verb,A1
endormissement,noun,B2
endosser,verb,C2
endroit,noun,A1
enduit,noun,C2
endurance,noun,B2
endurer,verb,B2
enfance,noun,A1
enfant,noun,A1
enfanter,verb,B2
enfantin,adjective,C2
enfer,noun,B2
enfermement,noun,B2
enfermer,verb,A2
enferrer,verb,C1
enfilade,noun,C1
enfiler,verb,B2
enfin,adverb,A1
enflammer,verb,B2
enfler,verb,C1
enfoncer,verb,B2
enfourcher,verb,C2
enfuir,verb,B1
engagement,noun,B2
engager,verb,A2
engendrer,verb,B2
engin,noun,B2
engloutir,verb,B2
engoncer,verb,C1
engouement,noun,B2
engouffrer,verb,C1
engourdir,verb,C2
engrais,noun,B2
engraisser,verb,C1
engrenage,noun,C1
engueuler,verb,B2
enhardir,verb,C2
enivrer,verb,B2
enjeu,noun,B1
enjoindre,verb,C1
enjoué,adjective,C2
enlaidir,verb,C1
enlever,verb,A2
enliser,verb,C2
enlèvement,noun,B2
enneigement,noun,C1
enneiger,verb,B2
ennemi,adjective,B2
ennemi,noun,B1
ennui,noun,B1
ennuyer,verb,A1
ennuyeux,adjective,A2
enorgueillir,verb,C2
enquête,noun,A2
enquêter,verb,B2
enquêteur,noun,B2
enracinement,noun,C1
enraciner,verb,B2
enrager,verb,B2
enregistrement,noun,B1
enregistrer,verb,B1
enrhumer,verb,B2
enrichir,verb,B1
enrichissant,adjective,B2
enrichissement,noun,B2
enrouler,verb,B2
ensanglanter,verb,C2
enseignant,adjective,B2
enseignant,noun,B2
enseigne,noun,B2
enseignement,noun,A2
enseigner,verb,B1
ensemble,adverb,A1
ensemble,noun,A1
ensemencement,noun,C1
ensoleillement,noun,C2
ensoleiller,verb,A2
ensoleillé,adjective,B2
ensorceler,verb,C1
ensuite,adverb,A1
entacher,verb,C1
entamer,verb,B2
entasser,verb,B2
entendre,verb,A1
entente,noun,C2
enterrement,noun,C2
enterrer,verb,B1
enthousiasme,noun,B1
enthousiasmer,verb,B2
enthousiaste,adjective,B2
entier,adjective,A2
entité,noun,C2
entièrement,adverb,B1
entomologiste,noun,C1
entonner,verb,B2
entorse,noun,B2
entourage,noun,B1
entourer,verb,B1
entraide,noun,B2
entraider,verb,C1
entrailles,noun,C1
entrain,noun,C2
entrait,noun,C2
entraver,verb,B2
entraînement,noun,B2
entraîner,verb,A2
entraîneur,noun,B1
entre,preposition,A1
entre-deux,noun,C1
entre-temps,adverb,B2
entrebâiller,verb,C2
entrecroiser,verb,C1
entrelacer,verb,C2
entremise,noun,C2
entremêler,verb,C2
entreposer,verb,B2
entreprenant,adjective,C1
entreprendre,verb,B2
entrepreneur,noun,B2
entreprise,noun,A1
entrepôt,noun,C2
entrer,verb,A1
entresol,noun,C2
entretenir,verb,B2
entretien,noun,B1
entrevoir,verb,C1
entrevue,noun,B2
entrouvrir,verb,B2
entrée,noun,A1
entériner,verb,C2
entêter,verb,C1
envahir,verb,B1
envahissement,noun,C1
enveloppe,noun,B1
envelopper,verb,B1
envergure,noun,C1
envers,noun,B2
envers,preposition,B1
envi,adverb,C1
enviable,adjective,B2
envie,noun,A1
envier,verb,B1
environ,adverb,A2
environ,noun,C1
environ,preposition,A1
environnant,adjective,B2
environnement,noun,A1
environnemental,adjective,B2
envisageable,adjective,C1
envisager,verb,B2
envoi,noun,B1
envoler,verb,B1
envoyer,verb,A1
envoyé,noun,B2
envoûtant,adjective,C2
ergonomique,adjective,C2
ermitage,noun,B2
errance,noun,C1
errer,verb,B2
erreur,noun,A1
erroné,adjective,B2
escalade,noun,B1
escalader,verb,B2
escalator,noun,C1
escale,noun,B2
escalier,noun,A2
escargot,noun,A2
escarper,verb,C1
escarpin,noun,B2
escarpé,adjective,C1
esclavage,noun,B2
esclave,noun,A2
escompter,verb,C1
escorte,noun,C1
escorter,verb,B2
escouade,noun,C2
escrime,noun,C2
escroquerie,noun,C2
espace,noun,A1
espacer,verb,C1
espadrille,noun,C1
espagnol,adjective,A1
espagnol,noun,A1
espingole,noun,C1
espion,noun,B2
espionnage,noun,C2
espionner,verb,B2
espoir,noun,B1
esprit,noun,B1
espèce,noun,B1
espérance,noun,B1
espérer,verb,A1
espéré,adjective,B2
esquimau,noun,C2
esquisser,verb,B2
essai,noun,B2
essaimer,verb,C2
essart,noun,C1
essayer,verb,A1
esse,noun,C1
essence,noun,B1
essentiel,adjective,B2
essentiel,noun,A2
essentiellement,adverb,B2
esseulé,adjective,C2
essor,noun,B2
essorer,verb,C1
essouffler,verb,C2
essuie-glace,noun,B2
essuyer,verb,B1
est,noun,A1
est-à-dire,adverb,B1
estampiller,verb,C1
este,adjective,C2
esthète,adjective,C1
esthétique,adjective,B2
esthétique,noun,B2
estimation,noun,B2
estime,noun,B2
estimer,verb,B1
estomac,noun,B2
estomper,verb,C2
estrade,noun,C1
estropier,verb,C1
estérification,noun,C1
et,conjunction,A1
ethnie,noun,B2
ethnique,adjective,B1
ethnocentrisme,noun,C1
ethnologie,noun,B2
ethnologique,adjective,C1
ethnologiquement,adverb,C1
ethnologue,noun,B2
eugénol,noun,C1
euh,interjection,A1
euphorie,noun,B2
euphémisme,noun,B2
eurasien,adjective,C1
euro,noun,A1
européen,adjective,A1
européen,noun,B2
eux,pronoun,A1
ex,adverb,C2
ex-voto,noun,B2
exact,adjective,B1
exactement,adverb,A1
exactitude,noun,C1
exagération,noun,C2
exagérer,verb,A2
exagéré,adjective,B2
exagérément,adverb,B2
exaltation,noun,C1
exalter,verb,B2
examen,noun,A1
examinateur,noun,C1
examiner,verb,B1
exaspérant,adjective,C2
exaspération,noun,C1
exaspérer,verb,B2
exaucer,verb,C2
excellence,noun,B2
excellent,adjective,A1
exceller,verb,B2
excepter,verb,B2
exception,noun,B2
exceptionnel,adjective,B1
exceptionnellement,adverb,B2
excepté,preposition,C2
excessif,adjective,B2
excessivement,adverb,C1
excitant,adjective,C1
excitation,noun,B2
exciter,verb,B2
exclamation,noun,B2
exclamer,verb,A2
exclu,adjective,C1
exclure,verb,B2
exclusif,adjective,C2
exclusion,noun,B2
exclusivement,adverb,B2
excoriation,noun,C2
excrément,noun,C2
excursion,noun,B1
excuse,noun,B1
excuser,verb,A1
excès,noun,B1
excédentaire,adjective,C1
excéder,verb,B2
exemplaire,adjective,B2
exemplaire,noun,B1
exemplarité,noun,C1
exemple,noun,A1
exempt,adjective,C1
exercer,verb,B1
exercice,noun,A1
exergue,noun,C1
exhaustif,adjective,C2
exhiber,verb,B2
exhibition,noun,B2
exhibitionnisme,noun,C1
exhorter,verb,B2
exigeant,adjective,B2
exigence,noun,B2
exiger,verb,B1
exigible,adjective,C1
exiguïté,noun,C1
exil,noun,B1
exiler,verb,B1
existant,adjective,B2
existence,noun,B1
existentiel,adjective,C1
exister,verb,A1
exit,noun,B2
exode,noun,B2
exonérer,verb,B2
exorbitant,adjective,B2
exotique,adjective,A2
exotisme,noun,B1
expansif,adjective,B2
expansion,noun,B2
expatriation,noun,B2
expatrier,verb,B2
expert,adjective,B2
expert,noun,B2
expertise,noun,B2
expiration,noun,C1
explication,noun,A1
explicite,adjective,C1
explicitement,adverb,B2
expliciter,verb,C1
expliquer,verb,A1
exploit,noun,B2
exploitant,noun,B2
exploitation,noun,B2
exploiter,verb,B2
explorateur,noun,B2
exploration,noun,B1
explorer,verb,B1
exploser,verb,B1
explosif,adjective,B2
explosion,noun,B2
expo,noun,B2
exponentiel,adjective,C2
exportation,noun,B2
exporter,verb,B2
exposant,noun,C1
exposer,verb,A2
exposition,noun,A1
exposé,noun,B2
express,noun,C1
expresse,adjective,C1
expressif,adjective,B2
expression,noun,B1
expressionnisme,noun,C2
expressément,adverb,C1
exprimer,verb,A2
exprès,adjective,C1
exprès,adverb,B1
expulser,verb,B2
expulsion,noun,B2
expédient,adjective,C1
expédient,noun,C1
expédier,verb,B2
expéditeur,noun,B2
expédition,noun,B2
expérience,noun,B1
expérimental,adjective,B2
expérimentalement,adverb,C2
expérimentateur,noun,C1
expérimentation,noun,B2
expérimenter,verb,B2
expérimenté,adjective,B2
exsangue,adjective,C1
extasier,verb,C1
extension,noun,B2
externe,adjective,B2
extinction,noun,B2
extirper,verb,C1
extra,adjective,C1
extraction,noun,B2
extraire,verb,B1
extrait,noun,B2
extraordinaire,adjective,A1
extraordinaire,noun,B1
extraordinairement,adverb,C1
extrapoler,verb,C2
extraterrestre,noun,C1
extravagant,adjective,B2
extrémiste,noun,C1
extrémité,noun,B2
extrême,adjective,B2
extrême,noun,B2
extrêmement,adverb,B2
exténuer,verb,B2
extérieur,adjective,B1
extérieur,noun,B1
extérieurement,adverb,C2
exubérant,adjective,C2
exulter,verb,C2
exutoire,noun,B2
exécrer,verb,C1
exécuter,verb,B2
exécutif,adjective,B2
exécution,noun,B2
exécutoire,adjective,C1
fa,noun,C1
fable,noun,C2
fabricant,noun,B2
fabrication,noun,B2
fabrique,noun,B2
fabriquer,verb,A1
fabuleux,adjective,B1
fac,noun,A2
face,noun,A1
face-à-face,noun,C2
facette,noun,B2
facile,adjective,A1
facilement,adverb,A1
faciliter,verb,B1
facilité,noun,B2
facteur,noun,B2
factice,adjective,C2
faction,noun,B2
factotum,noun,C2
factuel,adjective,B2
facture,noun,B1
faculté,noun,B2
facétie,noun,C1
fadeur,noun,B2
faible,adjective,B1
faible,noun,B2
faiblement,adverb,B1
faiblesse,noun,B1
faiblir,verb,B2
faille,noun,B2
faillir,verb,B1
faillite,noun,B2
faim,noun,A1
fainéant,noun,B2
fair-play,noun,B2
faire,verb,A1
faire-part,noun,C2
faisabilité,noun,B2
faisceau,noun,C1
faiseur,noun,C2
fait,adjective,B2
fait,noun,A1
falaise,noun,A1
falloir,verb,A1
fameux,adjective,B2
familial,adjective,B1
familial,noun,C1
familiariser,verb,B2
familiarité,noun,C1
familier,adjective,B1
familier,noun,B2
familièrement,adverb,C1
famille,noun,A1
famine,noun,B2
fan,noun,A2
fanatique,adjective,C1
fanatique,noun,B2
fanchon,noun,C1
faner,verb,C2
fanfare,noun,B2
fantaisie,noun,B1
fantaisiste,adjective,B2
fantasme,noun,B2
fantasmer,verb,C2
fantastique,adjective,A1
fantastique,noun,B2
fantôme,noun,B1
fanzine,noun,C2
fané,adjective,C2
farandole,noun,C1
farce,adjective,C2
farceur,noun,C1
farcir,verb,C1
farine,noun,A1
farouche,adjective,C2
fascinant,adjective,B2
fascination,noun,B1
fascine,noun,B2
fasciner,verb,B2
fascisme,noun,C2
fast-food,noun,B2
faste,noun,C2
fastueux,adjective,B2
fat,noun,C2
fatal,adjective,B1
fatalement,adverb,C1
fatalité,noun,B2
fatigant,adjective,A2
fatigue,noun,B1
fatiguer,verb,A1
fatigué,adjective,A2
fatum,noun,C1
faubourg,noun,B2
faucher,verb,B2
faucon,noun,C2
faufiler,verb,B2
faune,noun,B1
faussement,adverb,B2
fausser,verb,C2
fausseté,noun,C2
faute,noun,B1
fauter,verb,C1
fauteuil,noun,B1
fauve,noun,B2
fauvisme,noun,C2
faux,adjective,A1
favela,noun,C1
faveur,noun,A2
favorable,adjective,B2
favorablement,adverb,B2
favori,adjective,B2
favori,noun,C2
favoriser,verb,B2
favorite,adjective,B2
favorite,noun,B2
fayard,noun,C1
façade,noun,B1
façon,noun,A1
façonner,verb,B2
faïence,noun,B2
feignant,noun,C1
feindre,verb,B2
feintise,noun,C2
femelle,adjective,B2
femelle,noun,C2
femme,noun,A1
fendiller,verb,C1
fendre,verb,B2
fente,noun,B2
fenêtre,noun,A1
fenêtrer,verb,C1
fer,noun,A2
feria,noun,C1
ferme,adjective,B1
ferme,adverb,B1
ferme,noun,B1
fermement,adverb,C2
ferment,noun,B1
fermentation,noun,C1
fermer,verb,A1
fermeture,noun,A2
fermeté,noun,C2
fermier,noun,B2
fermé,adjective,C1
ferraille,noun,B2
ferret,noun,B2
ferroviaire,adjective,B2
ferré,adjective,B2
fertile,adjective,B2
fertilisation,noun,C1
fervent,adjective,B2
ferveur,noun,C1
festif,adjective,B2
festin,noun,C1
festival,noun,B1
festivité,noun,B2
festoyer,verb,C1
feu,noun,A1
feuillage,noun,B1
feuille,noun,A1
feuilleter,verb,B2
feuilleton,noun,A2
feuilletoniste,noun,B2
feutre,noun,C2
fi,noun,B2
fiabilité,noun,B2
fiable,adjective,B2
fiacre,noun,B2
fiancer,verb,C1
fiancé,noun,B1
fiançailles,noun,B2
fibre,noun,B2
ficeler,verb,C2
ficelle,noun,B2
fiche,noun,B1
ficher,verb,B2
fichier,noun,B1
fictif,adjective,C1
fiction,noun,B1
fictionnel,adjective,C2
fidèle,adjective,A2
fidèle,noun,B2
fidèlement,adverb,B2
fidéliser,verb,B2
fidélité,noun,A2
fief,noun,C2
fiel,noun,C2
fier,adjective,B1
fier,verb,A2
fierté,noun,B1
fifre,noun,C1
figer,verb,B2
figuier,noun,C2
figurant,noun,C2
figure,noun,B1
figurer,verb,B1
figurine,noun,B2
fil,noun,B1
filage,noun,C1
filaire,adjective,C1
filant,adjective,C2
filature,noun,C1
file,noun,B1
filer,verb,B2
filet,noun,B2
filial,adjective,C1
filiation,noun,B2
filigrane,noun,C1
filière,noun,B2
fille,noun,A1
fillette,noun,B1
film,noun,A1
filmer,verb,B1
filon,noun,B2
filtre,noun,B1
filtrer,verb,C1
fin,adjective,A1
fin,noun,A1
final,adjective,B2
finale,noun,B2
finalement,adverb,A1
finaliste,adjective,C2
finaliste,noun,C1
finalisé,adjective,C1
finance,noun,B2
financement,noun,B2
financer,verb,B1
financier,adjective,B1
financier,noun,C1
financièrement,adverb,B2
fine,noun,C1
finement,adverb,B2
finesse,noun,B2
fini,adjective,B2
finir,verb,A1
finlandais,adjective,C2
finnois,noun,C1
fion,noun,C1
fioul,noun,C1
firmament,noun,C1
firme,noun,B2
fiscal,adjective,B2
fiscalité,noun,C1
fissure,noun,B2
fixe,adjective,B1
fixe,noun,C2
fixement,adverb,B2
fixer,verb,A2
fièrement,adverb,B1
fièvre,noun,B1
fjord,noun,C2
flacon,noun,B2
flag,noun,C1
flagrant,adjective,B2
flamand,adjective,B2
flamant,noun,C2
flambeau,noun,C1
flamber,verb,B2
flambée,noun,C1
flamenco,noun,C2
flamme,noun,B1
flanquer,verb,C1
flash,noun,B1
flash-back,noun,B2
flatter,verb,B2
flatteur,adjective,C1
flemmard,adjective,C2
flemmarder,verb,C1
fleur,noun,A1
fleurer,verb,C1
fleurir,verb,B1
fleurissement,noun,C1
fleuriste,adjective,C2
fleuriste,noun,C2
fleuron,noun,C1
fleuve,noun,A1
flexibilité,noun,B2
flexible,adjective,C1
flic,noun,C1
flirter,verb,B2
floraison,noun,B2
floral,adjective,B2
flore,noun,B1
florence,noun,C2
florissant,adjective,B2
flot,noun,B2
flottant,adjective,C2
flotte,noun,B2
flotter,verb,B2
flou,adjective,C1
flouer,verb,C1
fluctuation,noun,B2
fluide,adjective,B2
fluide,noun,C1
fluidité,noun,C2
fluorescent,adjective,C1
fluvial,adjective,C2
flux,noun,B2
flâner,verb,B2
flânerie,noun,B2
flâneur,adjective,C2
flèche,noun,C1
fléau,noun,B2
flécher,verb,C2
flûte,noun,B2
flûter,verb,C1
flûteur,noun,C1
focaliser,verb,B2
foetal,adjective,C2
foetus,noun,B2
foi,noun,B2
foie,noun,A2
foin,noun,B2
foire,noun,B2
folie,noun,B1
folio,noun,C2
folklore,noun,B2
follement,adverb,B2
foncer,verb,B1
foncier,adjective,B1
foncièrement,adverb,C2
fonction,noun,A1
fonctionnaire,noun,B1
fonctionnaliste,adjective,C1
fonctionnalité,noun,C1
fonctionnel,adjective,B2
fonctionnement,noun,B2
fonctionner,verb,A2
foncé,adjective,B2
fond,noun,A2
fondamental,adjective,B2
fondamentalement,adverb,B2
fondant,noun,C1
fondateur,noun,B2
fondation,noun,B2
fondement,noun,B2
fonder,verb,A2
fondeur,noun,C1
fondre,verb,B2
fondu,adjective,B2
fondu,noun,C1
fondé,adjective,B2
fontaine,noun,A2
fonte,noun,B2
foot,noun,A1
football,noun,A2
footballeur,noun,B2
footing,noun,B2
for,noun,B2
forain,noun,C1
force,noun,A2
forcer,verb,B1
forcé,adjective,B2
forcément,adverb,B2
forestier,adjective,B2
forfait,noun,C2
forfaitaire,adjective,B2
forge,noun,C1
forger,verb,B2
forgeron,noun,B2
formalité,noun,B2
format,noun,B2
formation,noun,B1
forme,noun,A1
formel,adjective,B2
formellement,adverb,B2
former,verb,A1
formidable,adjective,A1
formidable,noun,B2
formulaire,noun,B2
formulation,noun,B2
formule,noun,B1
formuler,verb,B1
formé,adjective,B2
fort,adjective,A1
fort,adverb,B1
fort,noun,B2
fortement,adverb,B1
forteresse,noun,B2
fortifiant,adjective,C2
fortification,noun,C1
fortiori,adverb,B2
fortuit,adjective,C1
fortune,noun,B1
fortuné,adjective,B2
forum,noun,B2
forçat,noun,C2
forêt,noun,A1
fosse,noun,B2
fossile,adjective,B2
fossile,noun,B2
fossiliser,verb,B2
fossé,noun,B1
fou,adjective,A1
fou,noun,A1
foudre,noun,B1
fouet,noun,B2
fouetter,verb,B2
fouetté,adjective,C1
fougue,noun,C2
fougère,noun,B2
fouille,noun,B2
fouiller,verb,B2
foulard,noun,B2
foule,noun,B1
fouler,verb,C2
foulque,noun,C1
foulée,noun,B2
four,noun,B1
fourbu,adjective,C1
fourchette,noun,B1
fourgon,noun,C2
fourmi,noun,B2
fourmilière,noun,C1
fourneau,noun,B2
fourni,adjective,B2
fournil,noun,C1
fournir,verb,B2
fournisseur,noun,B2
fourniture,noun,C2
fourreau,noun,B2
fourrer,verb,B2
fourrure,noun,B2
foutre,adverb,C1
foutre,verb,B2
foyer,noun,A2
fracasser,verb,C1
fraction,noun,B2
fractionnement,noun,C1
fracture,noun,B2
fragile,adjective,B2
fragilisation,noun,C2
fragiliser,verb,B2
fragilité,noun,B2
fragment,noun,B2
fragmentation,noun,C2
fragrance,noun,B2
frais,adjective,A1
fraise,noun,B2
framboise,noun,C2
franc,adjective,B1
franc,noun,B1
franchement,adverb,B2
franchir,verb,B1
franchise,noun,C2
franco-allemand,adjective,B2
franco-provençal,noun,C2
francophone,adjective,A1
francophone,noun,B2
francophonie,noun,A2
franger,verb,C1
frangipanier,noun,C2
franglais,noun,C1
franque,adjective,C1
franquette,adverb,B2
franquisme,noun,C2
français,adjective,A1
français,noun,A2
frappant,adjective,B2
frappe,noun,B1
frapper,verb,A1
fraternité,noun,B2
fratrie,noun,C2
fraude,noun,C1
frauduleux,adjective,C1
frayeur,noun,C1
fraîche,noun,C2
fraîchement,adverb,B2
fraîcheur,noun,B1
fredonner,verb,C2
free-lance,noun,C2
frein,noun,B1
freiner,verb,B2
fresque,noun,B2
fret,noun,C1
freudien,adjective,C1
friand,adjective,C2
friand,noun,C1
fric,noun,B2
friche,noun,B2
frigo,adjective,B2
frigo,noun,B1
frileux,adjective,C2
fringant,adjective,C1
fringues,noun,B2
fripier,noun,C1
frire,verb,B1
frisbee,noun,C1
frise,noun,C2
friser,verb,B2
frissonnant,adjective,C2
frissonner,verb,B1
frisé,adjective,B2
frit,adjective,C2
frite,noun,B1
friterie,noun,C2
friture,noun,C1
froid,adjective,A1
froid,noun,A2
froidement,adverb,B2
froideur,noun,C1
froissant,adjective,C1
froisser,verb,B2
fromage,noun,A1
fromager,noun,C2
fromagerie,noun,C2
froncer,verb,B2
fronde,noun,B2
frondeur,noun,C1
front,noun,B1
frontal,adjective,C2
frontière,adjective,B2
frontière,noun,B1
fronton,noun,C2
frotte,noun,C1
frottement,noun,B2
frotter,verb,B1
fructifier,verb,C1
frugal,adjective,B2
fruit,noun,A1
fruiter,verb,B2
fruitier,adjective,C2
fruité,adjective,C2
frustration,noun,B2
frustrer,verb,B2
frère,noun,A1
frémir,verb,B2
frémissant,adjective,C2
frémissement,noun,C1
frénésie,noun,B2
fréquemment,adverb,B2
fréquence,noun,B2
fréquent,adjective,B1
fréquentation,noun,B1
fréquenter,verb,B1
fréquenté,adjective,C2
frêle,adjective,B2
frôler,verb,B1
fugace,adjective,C2
fugitif,adjective,C2
fugue,noun,C2
fuir,verb,B1
fuite,noun,B1
fulgurance,noun,B2
fulgurant,adjective,B2
fulminer,verb,C1
fumer,verb,A1
fumeur,noun,B1
fumier,noun,C1
fumiste,noun,C2
fumé,adjective,A2
fumée,noun,B1
funiculaire,adjective,C2
funèbre,adjective,B2
funéraire,adjective,C1
fur,noun,B2
fureur,noun,B2
furie,noun,B2
furieux,adjective,B1
furtif,adjective,C1
fuseau,noun,B2
fuser,verb,B2
fusil,noun,B1
fusiller,verb,B2
fusion,noun,B2
fusionner,verb,C2
fustiger,verb,B2
futile,adjective,C2
futur,adjective,A1
futur,noun,A2
futuriste,adjective,B2
futurologue,noun,C1
futé,adjective,C1
fuyant,adjective,C2
fâcher,verb,B1
fâcherie,noun,C1
fâcheux,adjective,B2
fève,noun,B2
fécal,adjective,C1
fécond,adjective,C1
fécondation,noun,B2
fécondité,noun,B1
fécule,noun,C1
fédéral,adjective,B2
fédéralisme,noun,C1
fédérateur,adjective,C2
fédération,noun,B1
fédérer,verb,B2
fée,noun,B1
féerie,noun,C2
féerique,adjective,C1
félicitation,noun,A1
féliciter,verb,A1
féminin,adjective,A2
féminisation,noun,C1
féminiser,verb,B2
féminisme,noun,B1
féministe,adjective,B1
féministe,noun,B2
féminité,noun,C1
féodal,adjective,B2
férié,adjective,A2
féroce,adjective,B2
férocité,noun,C1
févier,noun,C2
février,noun,A1
fêler,verb,C2
fêlé,adjective,C1
fêtard,noun,B2
fête,noun,A1
fêter,verb,A1
fût,noun,B1
gabelle,noun,C1
gadget,noun,B2
gaffe,noun,C1
gag,noun,C2
gage,noun,B2
gageure,noun,C2
gagnant,adjective,C2
gagnant,noun,B1
gagner,verb,A1
gai,adjective,B1
gaieté,noun,B2
gail,noun,C1
gain,noun,B2
gala,noun,B2
galant,adjective,B2
galant,noun,C1
galaxie,noun,B2
galerie,noun,A2
galette,noun,B2
galibi,noun,C1
gallinacé,noun,C1
gallo-romain,adjective,B1
galon,noun,C1
galonner,verb,C1
galop,noun,B2
galopant,adjective,C1
galoper,verb,B2
galvaniser,verb,C2
galère,noun,B2
galérer,verb,C1
gambas,noun,C2
gamelle,noun,C2
gamin,noun,A2
gamme,noun,B2
gangster,noun,C2
gant,noun,B1
garage,noun,A2
garagiste,noun,B2
garance,noun,C2
garantie,noun,B1
garantir,verb,B2
garde,noun,A2
garde-chasse,noun,C1
garde-robe,noun,C1
garder,verb,A1
garderie,noun,B2
gardian,noun,C2
gardien,noun,A2
gardon,noun,C2
gardénia,noun,C2
gare,interjection,C2
gare,noun,A1
garer,verb,B1
gargariser,verb,C2
garnir,verb,B2
garnison,noun,C1
garniture,noun,C2
garou,noun,B2
garrigue,noun,C2
gars,noun,B1
garçon,noun,A1
gascon,noun,C2
gaspard,noun,B2
gaspiller,verb,B2
gastrique,adjective,C1
gastronome,noun,C2
gastronomie,noun,B2
gastronomique,adjective,B2
gauche,adjective,A1
gauche,noun,A1
gaucherie,noun,C1
gaulois,adjective,B1
gauloiserie,noun,C2
gavage,noun,C1
gay,adjective,C2
gaz,noun,B1
gazelle,noun,C1
gazette,noun,C1
gazeuse,noun,C2
gazinière,noun,C2
gazole,noun,C1
gazon,noun,B2
gaélique,noun,C1
gaïac,noun,C1
geindre,verb,C1
gel,noun,B2
geler,verb,C2
gelé,adjective,B2
gelée,noun,B1
gemme,noun,C1
gemmologue,noun,C2
gendarme,noun,B1
gendarmerie,noun,A2
gendre,noun,B2
genevois,adjective,C1
genou,noun,A1
genre,noun,A2
gens,noun,A1
gentil,adjective,A1
gentilhomme,noun,B2
gentillesse,noun,B2
gentilshommes,noun,C1
gentiment,adverb,B2
gentleman,noun,B2
germanique,adjective,B2
germe,noun,B2
germer,verb,B2
geste,noun,B1
gestion,noun,B1
gestionnaire,adjective,C1
gestionnaire,noun,C1
gestualité,noun,C2
ghetto,noun,C1
gibelotte,noun,C2
gibier,noun,B2
gifle,noun,B2
gigantesque,adjective,B1
gilet,noun,B2
girafe,noun,C1
girofle,noun,B2
giroflée,noun,C1
girondin,adjective,C1
gisement,noun,B2
gitan,noun,B2
glace,noun,A1
glacer,verb,B1
glaciaire,adjective,C2
glacial,adjective,B2
glacier,noun,B2
glacé,adjective,B2
gladiateur,noun,B2
glaise,noun,C1
glamour,noun,B2
gland,noun,C1
glande,noun,C2
glaner,verb,C1
glaïeul,noun,C1
glissant,adjective,B2
glissement,noun,B2
glisser,verb,A2
global,adjective,B1
globalement,adverb,B2
globalisation,noun,B2
globaliser,verb,B2
globalité,noun,C1
globe,noun,B2
globe-trotter,noun,C2
gloire,noun,B2
glorieux,adjective,B2
glucose,noun,C2
gnome,noun,C1
go,noun,C2
gobelet,noun,C1
godille,noun,C1
golden,noun,C2
golf,noun,B1
golfe,noun,B2
gomme,noun,B2
gommer,verb,B2
gondole,noun,C2
gonfle,adjective,C2
gonfler,verb,B2
gonflé,adjective,C2
gorge,noun,B1
gorgonzola,noun,C1
gorgée,noun,C2
gosse,noun,B2
gothique,adjective,B2
gothique,noun,C1
goudron,noun,C1
gouffre,noun,B2
gourde,noun,C2
gourmand,adjective,B2
gourmand,noun,B2
gourmander,verb,C2
gourmet,noun,B2
gourou,noun,C1
gousse,noun,C2
goutte,noun,B1
goutte-à-goutte,noun,C2
goutter,verb,C2
gouttière,noun,B2
gouvernant,noun,B2
gouvernement,noun,A2
gouvernemental,adjective,B1
gouverner,verb,B2
gouverneur,noun,B2
goût,noun,A1
goûter,noun,B1
goûter,verb,A1
gracier,verb,C1
gracieusement,adverb,B2
gracieux,adjective,B2
gradin,noun,B2
graduellement,adverb,C1
gradé,adjective,C1
grain,noun,B2
graine,noun,B2
graisse,noun,B2
grammaire,noun,B2
gramme,noun,A2
grand,adjective,A1
grand-chose,noun,A2
grand-messe,noun,C2
grand-mère,noun,A1
grand-peine,adverb,C2
grand-père,noun,A1
grand-tante,noun,C1
grandeur,noun,B1
grandiose,adjective,B2
grandir,verb,B1
grandissant,adjective,B2
grands-parents,noun,A1
grange,noun,B2
graphique,adjective,B2
graphologue,noun,C1
gras,adjective,A1
grassement,adverb,C1
gratification,noun,C1
gratifier,verb,C2
gratin,noun,B2
gratiné,adjective,C2
gratitude,noun,B1
gratte-ciel,noun,C1
gratter,verb,B1
gratuit,adjective,A1
gratuitement,adverb,B2
gratuité,noun,B2
gravats,noun,C1
grave,adjective,A1
grave,noun,B2
gravement,adverb,B2
graver,verb,B2
graveur,noun,C1
gravier,noun,C1
gravir,verb,B2
graviter,verb,B2
gravité,noun,B2
gravure,noun,C1
gravé,adjective,C1
grec,adjective,B2
grec,noun,B2
grecque,adjective,B1
green,noun,C1
greffe,noun,C2
greffer,verb,B2
greffier,noun,B2
grenier,noun,B1
grenouille,noun,A2
gribiche,adjective,C1
grief,adjective,C1
griffe,noun,B2
griffer,verb,C1
griffure,noun,C1
grignoter,verb,B2
grillage,noun,C2
grillager,verb,C1
grille,noun,B2
grille-pain,noun,C1
griller,verb,B2
grillé,adjective,A2
grimace,noun,C2
grimage,noun,C2
grimper,verb,B1
grincement,noun,B2
grincer,verb,C1
grinçant,adjective,B2
griot,noun,C1
grippe,noun,B1
gris,adjective,A1
gris,noun,A2
grisaille,noun,B2
grisant,adjective,C1
griser,verb,C1
grisonnant,adjective,C2
grivois,adjective,C1
grièvement,adverb,C1
grognement,noun,C2
grogner,verb,C2
grondement,noun,C2
gronder,verb,C1
gros,adjective,A1
gros,adverb,B2
gros,noun,B2
grossesse,noun,B2
grosseur,noun,B2
grossier,adjective,B2
grossir,verb,B1
grossièrement,adverb,C2
grossièreté,noun,C1
grosso,adverb,B2
grotesque,adjective,B2
grotte,noun,A1
grouillant,adjective,C1
groupe,noun,A1
groupement,noun,B2
grouper,verb,B2
gruyère,noun,C2
grâce,noun,A1
grève,noun,B1
gré,noun,B2
gréco-latin,adjective,C1
grégaire,adjective,C1
gréviste,noun,C1
grêle,adjective,B2
guarani,noun,C2
guatémaltèque,adjective,C1
guerre,noun,A1
guerrier,adjective,B1
guerrier,noun,B1
guerroyer,verb,C2
guetter,verb,B2
gueule,noun,B2
gueuler,verb,C1
gueuze,noun,C2
guichet,noun,B2
guidage,noun,C1
guide,noun,B1
guider,verb,B1
guidon,noun,C1
guignol,noun,C2
guillotine,noun,B1
guillotiner,verb,C1
guinguette,noun,C1
guirlande,noun,C2
guise,noun,B2
guitare,noun,A2
guitariste,noun,B2
guyanais,adjective,B2
guère,adverb,B2
guéret,noun,C2
guéridon,noun,B2
guérir,verb,B1
guérison,noun,C1
guérissable,adjective,C1
guérisseur,adjective,C2
guérisseur,noun,C1
guêpe,noun,B2
gym,noun,B2
gymnastique,noun,B2
gâcher,verb,B1
gâteau,noun,A1
gâter,verb,B2
gène,noun,B2
géant,noun,B1
gémir,verb,B2
gémissement,noun,B2
génial,adjective,A1
génie,noun,B2
génocide,noun,C2
génome,noun,B2
général,adjective,A1
général,noun,A2
généralement,adverb,B1
généralisation,noun,B2
généraliser,verb,B2
généraliste,adjective,B2
généraliste,noun,C2
généralité,noun,C2
générateur,adjective,C1
générateur,noun,C2
génération,noun,A1
générer,verb,B2
généreusement,adverb,C2
généreux,adjective,A1
générique,noun,B2
générosité,noun,B1
généticien,noun,B2
génétique,adjective,B2
génétique,noun,B2
génétiquement,adverb,C1
géographe,noun,B2
géographie,noun,B2
géographique,adjective,B2
géographiquement,adverb,B2
géologie,noun,C1
géologique,adjective,B2
géologue,noun,B2
géométral,adjective,C1
géométrie,noun,B2
géométrique,adjective,B2
géopolitique,adjective,C1
gérable,adjective,C1
géranium,noun,C2
gérer,verb,B2
gênant,adjective,B1
gêne,noun,C2
gêner,verb,B1
gêné,adjective,B1
gîte,noun,B1
habile,adjective,B1
habilement,adverb,B2
habileté,noun,B2
habilité,noun,C2
habillement,noun,C1
habiller,verb,A1
habillé,adjective,B2
habit,noun,B1
habitable,adjective,C2
habitant,noun,A1
habitat,noun,B2
habitation,noun,B1
habiter,verb,A1
habitude,noun,A1
habituel,adjective,B1
habituellement,adverb,B1
habituer,verb,B1
habitué,adjective,B2
habité,adjective,B2
hache,noun,B1
hagard,adjective,B2
haie,noun,B2
haillon,noun,B2
haine,noun,B1
haineux,adjective,C1
halage,noun,C2
haleine,noun,B2
halieutique,adjective,C1
hall,noun,B1
halle,noun,B2
halo,noun,C1
halte,noun,B1
haltère,noun,C2
haltérophilie,noun,C2
hamac,noun,B2
hameau,noun,C1
hammam,noun,B2
hamster,noun,B2
hanche,noun,B2
hand-ball,noun,C2
handicap,noun,B2
handicaper,verb,B2
handicapé,adjective,B2
handicapé,noun,B2
hangar,noun,C1
hanter,verb,B2
hantise,noun,C1
hanté,adjective,B2
happening,noun,C1
harassant,adjective,C2
harceler,verb,C1
harcèlement,noun,C2
hard,noun,B2
hardi,adjective,B2
hardiesse,noun,C1
hardiment,adverb,C1
hardware,noun,C1
hareng,noun,C1
hargne,noun,C1
hargneux,adjective,C2
haricot,noun,B2
harmonica,noun,B2
harmonie,noun,B2
harmonieusement,adverb,B2
harmonieux,adjective,B2
harmonisation,noun,C1
harmoniser,verb,B2
harpon,noun,C1
hasard,noun,B1
hasardeux,adjective,B2
hausse,noun,B1
hausser,verb,C2
haut,adjective,A2
haut,adverb,A1
haut,noun,B1
haut-parleur,adjective,C2
haut-parleur,noun,C2
hautain,adjective,B2
hautement,adverb,B2
hauteur,noun,B1
havre,noun,C1
haïr,verb,B1
heaume,noun,B2
hebdo,noun,B2
hebdomadaire,adjective,B2
hebdomadaire,noun,B2
hectare,noun,B2
hein,interjection,A2
helvétique,adjective,B2
hennir,verb,C2
herbe,noun,A1
herbivore,adjective,C1
herculéen,adjective,C1
herméneutique,noun,C1
hermétiquement,adverb,C1
hertzien,adjective,C1
heu,noun,B2
heure,noun,A1
heureusement,adverb,A1
heureux,adjective,A1
heureux,noun,B2
heuristique,adjective,C2
heurt,noun,C1
heurter,verb,B2
heurtoir,noun,C1
hexagonal,adjective,B2
hexagone,noun,B2
hi-fi,adjective,C2
hi-han,interjection,C2
hiatus,noun,C2
hic,noun,C1
hideux,adjective,C1
hier,adverb,A1
hier,noun,B1
hier,verb,B1
high-tech,adjective,B1
himalayen,adjective,C1
hindi,noun,C1
hindou,adjective,C1
hindou,noun,C2
hip,adjective,C2
hippocampe,noun,B2
hippomobile,adjective,C1
hispanique,adjective,B2
hisser,verb,B1
histoire,noun,A1
historien,noun,B2
historiographique,adjective,C2
historique,adjective,A2
historique,noun,C2
historiquement,adverb,B2
hiver,noun,A1
hivernal,adjective,C1
hiérarchie,noun,B2
hiérarchique,adjective,B2
hiérarchisation,noun,C2
hiérarchiser,verb,C1
hmm,interjection,C1
hoc,adverb,C1
hochement,noun,C2
hocher,verb,C1
hollandais,adjective,C2
hollywoodien,adjective,C2
holocène,noun,C1
homard,noun,C1
hommage,noun,B1
homme,noun,A1
homo,adjective,C2
homo,noun,C1
homogamie,noun,C1
homogène,adjective,B2
homogénéisation,noun,C1
homogénéiser,verb,C1
homologue,noun,B2
homologuer,verb,C1
homonyme,noun,C1
homophonie,noun,C2
homosexuel,adjective,C2
homosexuel,noun,C2
homéopathie,noun,C1
hongrois,noun,C1
honneur,noun,A1
honnête,adjective,B1
honnête,noun,C1
honnêtement,adverb,B2
honnêteté,noun,B2
honorable,adjective,B2
honorer,verb,B2
honte,noun,B1
honteux,adjective,B2
hooligan,noun,C1
hop,interjection,B2
hoqueter,verb,C1
horaire,adjective,B2
horaire,noun,A2
horde,noun,C1
horizon,noun,B2
horizontal,adjective,B2
horloge,noun,B1
hormis,preposition,B2
hormonal,adjective,B2
hormone,noun,B2
horreur,noun,A1
horrible,adjective,A1
horriblement,adverb,B2
horrifier,verb,B2
hors,preposition,B1
hors-d'oeuvre,noun,A2
hors-série,adjective,B2
hortensia,noun,C1
horticole,adjective,C2
horticulteur,noun,C1
horticulture,noun,B2
hospitalier,adjective,C2
hospitalisation,noun,B2
hospitaliser,verb,B2
hospitalité,noun,B2
hospitalo-universitaire,adjective,C1
hostile,adjective,B2
hostilité,noun,C1
hou,interjection,C2
houlette,noun,C1
houspiller,verb,C1
houx,noun,C1
hue,interjection,C2
huile,noun,A1
huileux,adjective,C1
huissier,noun,C1
huitaine,noun,B2
huitième,adjective,B2
hum,interjection,A2
humain,adjective,A1
humain,noun,B1
humainement,adverb,C1
humaniser,verb,C1
humanisme,noun,B2
humaniste,adjective,B2
humaniste,noun,C2
humanitaire,adjective,B1
humanité,noun,B2
humble,adjective,B2
humeur,noun,A1
humide,adjective,B2
humidité,noun,B2
humiliant,adjective,B2
humiliation,noun,B2
humilier,verb,B2
humilié,adjective,C1
humoriste,adjective,C2
humoriste,noun,C1
humoristique,adjective,B2
humour,noun,A2
humus,noun,B2
humérus,noun,C2
huppé,adjective,C1
hurlement,noun,B2
hurler,verb,B1
hutte,noun,C2
huître,noun,B2
hybridation,noun,C1
hybride,adjective,C1
hydratation,noun,B2
hydrate,noun,C2
hydraulicien,noun,C1
hydraulique,noun,C1
hydrodynamique,adjective,C1
hydrogène,noun,C1
hydrogénation,noun,C1
hydroélectrique,adjective,B2
hygiène,noun,A2
hygiénisme,noun,C1
hygiéniste,noun,C2
hymne,noun,B2
hypermarché,noun,A2
hypertension,noun,B2
hypertrophier,verb,C1
hypnotique,adjective,C1
hypocrisie,noun,B2
hypocrite,adjective,B2
hypocrite,noun,B2
hypothalamus,noun,B2
hypothèse,noun,B2
hypothéquer,verb,B2
hypothétique,adjective,C1
hystérie,noun,C1
hystérique,adjective,C1
hâte,noun,B2
hâter,verb,B2
hère,noun,C1
hé,interjection,A2
hébergement,noun,B2
héberger,verb,B1
hébergeur,noun,C2
hégémonie,noun,B2
hélas,interjection,B1
héler,verb,A2
hélicoptère,noun,A2
héliotrope,noun,C1
hémicycle,noun,C2
hémisphère,noun,B2
hémisphérique,adjective,C2
hémorragie,noun,C2
hépatite,noun,C1
hérissement,noun,C1
hérisser,verb,C2
hérisson,noun,C2
héritage,noun,A2
hériter,verb,B2
héritier,noun,B2
héron,noun,C2
héroïne,noun,B1
héroïque,adjective,B2
héréditaire,adjective,B2
hérédité,noun,C2
hérésie,noun,B2
hérétique,adjective,C1
hésitant,adjective,B2
hésitation,noun,C2
hésiter,verb,A2
hétérogène,adjective,B2
hôpital,noun,A1
hôte,noun,B2
hôtel,noun,A1
hôtelier,adjective,B2
hôtelier,noun,B2
hôtellerie,noun,B2
ici,adverb,A1
iconoclaste,adjective,C1
iconographique,adjective,C1
icône,noun,B2
idem,adverb,B2
identifiable,adjective,B2
identification,noun,B2
identifier,verb,B1
identique,adjective,B2
identité,noun,A1
idiome,noun,B2
idiosyncrasie,noun,C1
idiot,adjective,B1
idiot,noun,B1
idole,noun,B2
idylle,noun,C1
idyllique,adjective,B2
idéal,adjective,A1
idéal,noun,B2
idéalisation,noun,C1
idéaliser,verb,B2
idéaliste,adjective,C2
idéaliste,noun,B2
idée,noun,A1
idéologie,noun,B2
idéologique,adjective,C1
idéologiquement,adverb,C1
igname,noun,B2
ignorance,noun,B2
ignorer,verb,A2
iguane,noun,C2
il,pronoun,A1
illicite,adjective,B2
illico,adverb,C1
illimiter,verb,B2
illumination,noun,C1
illuminer,verb,A2
illusion,noun,B1
illustration,noun,A2
illustre,adjective,B2
illustrer,verb,A2
illustré,adjective,C1
illustré,noun,C1
illégal,adjective,B1
illégalement,adverb,C2
illégitime,adjective,B2
image,noun,A1
imagerie,noun,B2
imaginable,adjective,C1
imaginaire,adjective,B2
imaginatif,adjective,C2
imagination,noun,B1
imaginer,verb,A1
imbattable,adjective,C1
imbriquer,verb,B2
imbuvable,adjective,C2
imbécile,adjective,B2
imbécile,noun,B1
imitateur,noun,C2
imitation,noun,C2
imiter,verb,B1
immaculé,adjective,C1
immatriculation,noun,C2
immatriculer,verb,C1
immatérialité,noun,C2
immatériel,adjective,B2
immense,adjective,A2
immensité,noun,B2
immensément,adverb,B2
immerger,verb,C1
immergé,adjective,B2
immersion,noun,C2
immeuble,adjective,B2
immeuble,noun,A1
immigrant,adjective,C1
immigration,noun,B2
immigrer,verb,B1
immiscer,verb,C2
immobile,adjective,B1
immobilier,adjective,B1
immobilier,noun,B2
immobilisation,noun,C2
immobiliser,verb,C2
immodéré,adjective,B2
immoral,adjective,C2
immortaliser,verb,C2
immortalité,noun,B2
immortel,noun,C2
immuable,adjective,B2
immédiat,adjective,B2
immédiat,noun,C2
immédiatement,adverb,A1
immédiateté,noun,C2
immémorial,adjective,C1
impact,noun,B2
impair,adjective,C2
impair,noun,C2
imparable,adjective,C2
impartialité,noun,C1
impasse,noun,B2
impassibilité,noun,C2
impatiemment,adverb,B2
impatience,noun,B2
impatient,adjective,B1
impatienter,verb,B2
impeccable,adjective,B2
impensable,adjective,C2
imperfection,noun,C2
imperméabiliser,verb,C1
imperméable,adjective,B2
imperméable,noun,B2
imperturbable,adjective,C2
impitoyable,adjective,B2
implacable,adjective,B2
implant,noun,C1
implantation,noun,B2
implanter,verb,B1
implication,noun,B2
implicite,adjective,C2
implicitement,adverb,C2
impliquer,verb,B1
implorer,verb,B2
impoli,adjective,C1
impolitesse,noun,C2
impondérable,adjective,B2
import,noun,C2
import-export,noun,C2
importance,noun,B1
important,adjective,A1
importation,noun,B2
importer,verb,B1
importun,adjective,C1
importuner,verb,B2
imposable,adjective,B2
imposant,adjective,B1
imposer,verb,B1
imposition,noun,B2
impossibilité,noun,B2
impossible,adjective,A1
impossible,noun,B1
imposteur,noun,B2
impraticable,adjective,C1
imprescriptible,adjective,C1
impression,noun,A2
impressionnant,adjective,B1
impressionner,verb,B2
impressionnisme,noun,B2
impressionniste,adjective,B2
impressionniste,noun,C2
imprimante,noun,C2
imprimer,verb,B1
imprimerie,noun,B2
imprimeur,noun,B2
imprimé,adjective,B2
improbable,adjective,C1
imprononçable,adjective,C1
improvisation,noun,C2
improviser,verb,B2
improviste,adverb,C1
imprudemment,adverb,C2
imprudent,adjective,B2
impréciser,verb,C2
imprégnation,noun,C1
imprégner,verb,B2
imprévisible,adjective,C1
imprévu,adjective,B2
imprévu,noun,B2
impuissance,noun,B2
impuissant,adjective,B2
impulsif,adjective,B2
impulsion,noun,B2
impunité,noun,B2
impunément,adverb,C1
impur,adjective,B2
imputable,adjective,B2
imputer,verb,B2
impératif,adjective,B2
impératif,noun,B2
impérativement,adverb,B2
impératrice,noun,B2
impérial,adjective,B2
impôt,noun,B1
in,adjective,B2
inabordable,adjective,C1
inacceptable,adjective,B2
inachever,verb,C2
inactif,adjective,B2
inactivité,noun,C1
inadaptation,noun,C1
inadapté,adjective,B2
inadmissible,adjective,B2
inaliénable,adjective,C2
inaltérabilité,noun,C2
inaltérable,adjective,C1
inaltéré,adjective,B2
inanité,noun,C1
inaperçu,adjective,C2
inapte,adjective,C1
inassouvi,adjective,C1
inattendu,adjective,B2
inauguration,noun,A1
inaugurer,verb,B1
inca,adjective,C1
inca,noun,B2
incalculable,adjective,B2
incandescence,noun,C2
incapable,adjective,B1
incapable,noun,B2
incapacité,noun,C1
incarcérer,verb,C1
incarnation,noun,C2
incarner,verb,B2
incendiaire,adjective,C1
incendie,noun,B1
incendier,verb,B1
incertain,adjective,B2
incertitude,noun,B2
incessant,adjective,B2
inchangé,adjective,C2
incidence,noun,B2
incident,adjective,C1
incident,noun,B1
incinération,noun,B2
incitant,noun,C2
incitatif,adjective,C1
incitation,noun,C2
inciter,verb,B2
incliner,verb,B2
incliné,adjective,C1
inclure,verb,B1
incognito,adverb,B2
incognito,noun,C2
incohérence,noun,B2
incohérent,adjective,C2
incommoder,verb,B2
incomparable,adjective,B2
incomparablement,adverb,C2
incompatible,adjective,B2
incomplet,adjective,C2
incompris,adjective,C2
incompréhensible,adjective,B2
incompréhension,noun,C2
incompétent,adjective,C1
inconcevable,adjective,B2
inconditionnel,adjective,C2
inconditionnel,noun,B2
incongru,adjective,C1
inconnu,adjective,A2
inconnu,noun,B1
inconscience,noun,B2
inconscient,adjective,B2
inconscient,noun,B2
inconsidéré,adjective,C1
incontestable,adjective,B2
incontesté,adjective,C2
incontournable,adjective,B2
incontrôlable,adjective,C1
inconvénient,adjective,C1
inconvénient,noun,B1
incorporation,noun,B2
incorporer,verb,C2
incorrigiblement,adverb,C1
incroyable,adjective,A1
incroyable,noun,C2
incroyant,noun,C2
incrustation,noun,C1
incrédule,adjective,B2
inculquer,verb,B2
incurable,adjective,B2
indemne,adjective,B1
indemnisation,noun,B2
indemniser,verb,B2
indemnité,noun,B2
indescriptible,adjective,B2
index,noun,B2
indicateur,adjective,C1
indicateur,noun,C1
indication,noun,B1
indice,noun,A2
indicible,adjective,B2
indien,adjective,A2
indien,noun,B2
indifféremment,adverb,C1
indifférence,noun,B1
indifférent,adjective,B1
indigence,noun,C1
indigent,adjective,C1
indigeste,adjective,C2
indigestion,noun,C1
indignation,noun,B2
indigne,adjective,B2
indigner,verb,B1
indigène,adjective,B2
indigène,noun,C1
indique,adjective,B2
indiquer,verb,A1
indiqué,adjective,B2
indirect,adjective,B2
indirectement,adverb,B2
indiscipline,noun,C2
indiscipliné,adjective,C1
indiscret,adjective,C2
indiscrétion,noun,C1
indiscutable,adjective,C1
indiscutablement,adverb,C1
indispensable,adjective,B1
indispensable,noun,C2
indissociable,adjective,C2
indissoluble,adjective,B2
indistinctement,adverb,C1
individu,noun,B1
individualisation,noun,C1
individualiser,verb,C1
individualisme,noun,B2
individualiste,adjective,B2
individualisé,adjective,B2
individualité,noun,C1
individuation,noun,C1
individuel,adjective,B2
individuellement,adverb,B2
indo-européen,noun,C2
indolore,adjective,C2
indomptable,adjective,C2
indonésien,adjective,B2
indu,adjective,C1
induire,verb,B2
indulgence,noun,C1
indulgent,adjective,B2
industrialisation,noun,C1
industrialiser,verb,B2
industrie,noun,B1
industriel,adjective,A2
industriel,noun,B1
industriellement,adverb,B2
indécis,adjective,C2
indéfiniment,adverb,B2
indéfinissable,adjective,B2
indélicat,adjective,C1
indéniable,adjective,B2
indéniablement,adverb,C2
indépendance,noun,B1
indépendant,adjective,A1
indépendant,noun,C2
indéterminer,verb,C2
indéterminé,adjective,C1
ineffable,adjective,C2
inefficace,adjective,C1
inefficacité,noun,C2
inerte,adjective,C2
inertie,noun,C1
inestimable,adjective,B2
inexact,adjective,C2
inexistant,adjective,B2
inexistence,noun,C1
inexorable,adjective,C2
inexorablement,adverb,B2
inexplicable,adjective,C1
inexprimablement,adverb,C2
inexpérimenté,adjective,B2
inextinguible,adjective,C1
inexécution,noun,C1
infaillible,adjective,B2
infamant,adjective,C2
infantile,adjective,B2
infarctus,noun,C2
infatigable,adjective,C1
infect,adjective,B2
infecter,verb,B2
infectieux,adjective,B2
infection,noun,B2
infernal,adjective,B2
infester,verb,C1
infidèle,adjective,B2
infidélité,noun,C1
infiltration,noun,B2
infiltrer,verb,B2
infime,adjective,C1
infini,adjective,B2
infini,noun,B2
infiniment,adverb,B2
infinité,noun,C1
infirme,adjective,C2
infirmerie,noun,C1
infirmier,noun,A2
inflammation,noun,C1
inflation,noun,C1
inflationniste,adjective,C2
inflexible,adjective,C2
inflexion,noun,C2
infliger,verb,B2
influence,noun,B1
influencer,verb,B2
influent,adjective,C2
influer,verb,B2
infondé,adjective,C1
informaticien,noun,A1
informatif,adjective,B2
information,noun,A1
informationnel,adjective,C1
informatique,adjective,A2
informatique,noun,A1
informatiser,verb,C2
informel,adjective,B2
informer,verb,A1
informé,adjective,B2
infraction,noun,B2
infranchissable,adjective,C2
infrarouge,adjective,C1
infrastructure,noun,B2
infructueux,adjective,C1
infuser,verb,C1
infusion,noun,C1
infâme,adjective,C2
inférieur,adjective,B2
infériorité,noun,C1
ingrat,noun,C2
ingratitude,noun,C2
ingrédient,noun,B2
ingénierie,noun,B2
ingénieur,noun,A2
ingénieux,adjective,C2
ingéniosité,noun,B2
ingénu,adjective,C2
inhabituel,adjective,B2
inhabité,adjective,C1
inhalation,noun,C1
inhaler,verb,C1
inhiber,verb,B2
inhibition,noun,B2
inhospitalier,adjective,C1
inhumain,adjective,B2
inhérent,adjective,C2
inimaginable,adjective,B2
inimitié,noun,C2
initial,adjective,B2
initial,noun,C2
initialement,adverb,C2
initiateur,noun,C1
initiation,noun,B1
initiatique,adjective,B2
initiative,noun,B1
initier,verb,B1
initié,noun,B2
injecter,verb,B2
injection,noun,B2
injonction,noun,B2
injure,noun,B2
injurier,verb,C2
injurieux,adjective,B2
injuste,adjective,B1
injustice,noun,B1
injustifié,adjective,C1
inlassable,adjective,C1
inlassablement,adverb,C1
innerver,verb,C1
innocence,noun,C1
innocent,adjective,A2
innocent,noun,C2
innombrable,adjective,B2
innovation,noun,B2
innover,verb,B2
inné,adjective,B2
inoccupé,adjective,C2
inoffensif,adjective,C1
inondation,noun,B2
inonder,verb,B2
inondé,adjective,C1
inopinément,adverb,C1
inopportun,adjective,C2
inopérant,adjective,B2
inoubliable,adjective,A2
inox,adjective,C1
inquiet,adjective,A2
inquiétant,adjective,B1
inquiéter,verb,A1
inquiétude,noun,B2
insalubre,adjective,C2
insatisfaction,noun,C1
inscription,noun,A1
inscrire,verb,A2
inscrit,noun,C2
insecte,noun,B2
insecticide,noun,B2
insensible,adjective,B2
insensé,adjective,C1
insertion,noun,B2
insignifiant,adjective,B2
insinuation,noun,C2
insinuer,verb,B2
insistance,noun,B2
insister,verb,A2
insolation,noun,C1
insolent,adjective,C2
insolite,adjective,B1
insoluble,noun,C1
insomniaque,noun,C1
insomnie,noun,C1
insonorisation,noun,C2
insouciance,noun,B2
insouciant,adjective,C1
insoupçonné,adjective,C2
inspecter,verb,C1
inspecteur,noun,A2
inspiration,noun,B2
inspirer,verb,A2
instabilité,noun,B2
instable,adjective,B2
installation,noun,A2
installer,verb,A1
instance,noun,B2
instant,adjective,B2
instant,noun,A2
instantané,adjective,B2
instantané,noun,B2
instantanément,adverb,B2
instar,noun,B2
instauration,noun,C1
instaurer,verb,B2
instigateur,noun,C2
instigation,noun,C1
instinct,noun,B2
instinctif,adjective,C1
instinctivement,adverb,C2
instituer,verb,B2
institut,noun,A2
instituteur,noun,B2
institution,noun,A2
institutionnaliser,verb,C2
institutionnel,adjective,B2
instructif,adjective,C2
instruction,noun,B2
instruire,verb,B2
instrument,noun,B2
instrumental,adjective,C2
instrumentaliser,verb,C1
insuffisamment,adverb,C1
insuffisance,noun,C2
insuffisant,adjective,B2
insulaire,adjective,C1
insultant,adjective,B2
insulte,noun,B1
insulter,verb,B2
insupportable,adjective,A2
insupporter,verb,C1
insurgé,noun,C2
insurrection,noun,B2
insécurité,noun,B1
inséparable,adjective,B2
insérer,verb,B2
intact,adjective,B1
intellectuel,adjective,B2
intellectuel,noun,B1
intellectuellement,adverb,B2
intelligemment,adverb,C1
intelligence,noun,B1
intelligent,adjective,A1
intelligibilité,noun,C1
intello,noun,C2
intempérie,noun,C1
intendant,noun,C1
intense,adjective,A2
intensif,adjective,B1
intensification,noun,B2
intensifier,verb,C1
intensité,noun,B2
intensément,adverb,C1
intenter,verb,B2
intention,noun,B1
intentionnellement,adverb,B2
inter,noun,C1
interactif,adjective,B1
interaction,noun,B2
interactivité,noun,C1
interagir,verb,B2
intercommunal,adjective,C1
interconnexion,noun,C1
interculturel,adjective,C1
intercéder,verb,C1
interdiction,noun,B2
interdire,verb,A1
interdisciplinaire,adjective,B2
interdit,adjective,C1
interdit,noun,B2
interdépendant,adjective,C1
interethnique,adjective,C1
interférence,noun,B2
interférer,verb,C1
intergouvernemental,adjective,B2
interjection,noun,C1
interlocuteur,noun,B2
interloquer,verb,C2
intermittent,adjective,B2
intermède,noun,C2
intermédiaire,adjective,B2
intermédiaire,noun,B2
international,adjective,A1
internationaliser,verb,C1
internationaliste,adjective,C2
interne,adjective,B2
internement,noun,C1
interner,verb,C1
internet,noun,A1
interpellation,noun,B2
interpeller,verb,B1
interpoler,verb,C1
interposé,adjective,C1
interprofessionnel,adjective,B2
interprète,noun,B1
interprétation,noun,B2
interpréter,verb,B1
interrogation,noun,B2
interrogatoire,noun,B2
interroger,verb,A1
interrompre,verb,B1
interrupteur,noun,C1
interruption,noun,B2
intertitre,noun,C1
intervalle,noun,B2
intervenant,adjective,C2
intervenir,verb,B1
intervention,noun,B1
interview,noun,B1
interviewer,verb,B2
intestin,noun,B2
intestinal,adjective,C1
intime,adjective,B2
intimement,adverb,B2
intimider,verb,B2
intimité,noun,B2
intituler,verb,B1
intitulé,noun,C1
intolérance,noun,B2
intonation,noun,B2
intouchabilité,noun,C1
intouchable,adjective,C2
intoxiquer,verb,B2
intracérébral,adjective,C1
intraitable,adjective,C1
intransigeant,adjective,B2
intrigant,adjective,C2
intrigue,noun,B2
intriguer,verb,B1
introduction,noun,B2
introduire,verb,B2
intronisation,noun,C1
introuvable,adjective,B2
introverti,adjective,C1
intrus,noun,C2
intrusion,noun,C1
intuition,noun,B2
intuitivement,adverb,C2
intumescence,noun,C1
intégral,adjective,B2
intégral,noun,C1
intégralement,adverb,C1
intégralité,noun,C1
intégrant,adjective,C1
intégration,noun,B2
intégrer,verb,B1
intégrisme,noun,C2
intégrité,noun,C2
intégré,adjective,B2
intéressant,adjective,A1
intéresser,verb,A1
intéressé,adjective,B2
intérieur,adjective,B2
intérieur,noun,A1
intérim,noun,B2
intérimaire,adjective,B2
intériorisation,noun,C1
intérêt,noun,B1
inusité,adjective,C1
inutile,adjective,B1
inutilement,adverb,B2
inutilité,noun,B2
invariablement,adverb,B2
invasion,noun,B2
invendable,adjective,C1
inventaire,noun,C2
inventer,verb,A1
inventeur,adjective,C2
inventeur,noun,B2
inventif,adjective,B2
invention,noun,A2
inventivité,noun,B2
inverse,adjective,B2
inverse,noun,B2
inversement,adverb,B2
inverser,verb,B2
investigateur,noun,C2
investigation,noun,B2
investir,verb,B2
investissement,noun,B2
investisseur,noun,C1
investiture,noun,B2
inviolé,adjective,C1
invisible,adjective,B1
invitation,noun,A1
invite,noun,B1
inviter,verb,A1
invité,adjective,A2
invité,noun,A1
involontaire,adjective,B2
invoquer,verb,B2
invraisemblable,adjective,B2
invétéré,adjective,C2
inébranlablement,adverb,C1
inédit,adjective,B2
inégal,adjective,B2
inégalable,adjective,C2
inégalement,adverb,B2
inégalité,noun,B2
inéluctable,adjective,B2
inépuisable,adjective,B2
inévitable,adjective,B2
inévitablement,adverb,C2
iode,noun,C1
ionique,adjective,C1
iranien,adjective,C1
irascible,adjective,B2
iris,noun,B2
irlandais,adjective,B2
irlandais,noun,C1
ironie,noun,B2
ironique,adjective,B1
ironiquement,adverb,B2
ironiser,verb,C1
irraisonné,adjective,B2
irrationnel,adjective,B2
irremplaçable,adjective,C1
irrespectueux,adjective,C2
irrespirable,adjective,C1
irresponsabilité,noun,C2
irresponsable,adjective,C2
irrigation,noun,B2
irriguer,verb,C2
irritable,adjective,C2
irritant,adjective,C1
irritation,noun,C1
irriter,verb,B2
irruption,noun,B2
irréaliste,adjective,B2
irrécupérable,adjective,C1
irréductible,adjective,B2
irréfutable,adjective,C1
irrégulier,adjective,C1
irrémédiable,adjective,C1
irrémédiablement,adverb,B2
irréparable,adjective,C1
irréparablement,adverb,C1
irrésistible,adjective,B2
irrésistiblement,adverb,C1
irréversible,adjective,B2
isba,noun,B2
islam,noun,B2
islandais,adjective,C1
isme,noun,C2
isolement,noun,B2
isoler,verb,B1
isolé,adjective,B1
isotopique,adjective,C1
israélien,adjective,C1
israélien,noun,B2
issu,adjective,B2
issue,noun,B2
italien,adjective,A1
italien,noun,A1
italique,noun,C1
itinéraire,noun,A2
itou,adverb,C1
ivoirien,adjective,C1
ivoirien,noun,B2
ivre,adjective,B2
ivresse,noun,B2
ivrogne,adjective,B2
jacinthe,noun,C2
jacquerie,noun,C1
jade,noun,B2
jadis,adverb,B2
jaillir,verb,C2
jais,noun,C2
jalousie,noun,B1
jaloux,adjective,A2
jamais,adverb,A1
jambe,noun,A1
jambon,noun,B1
janvier,noun,A1
japonais,adjective,A2
japonais,noun,B2
jardin,noun,A1
jardinage,noun,B2
jardiner,verb,B2
jardinet,noun,C2
jardinier,adjective,B1
jardinier,noun,B2
jargon,noun,C1
jaser,verb,C1
jasmin,noun,B2
jaune,adjective,A1
jaune,noun,B1
jaunir,verb,C1
javel,noun,C1
jazz,noun,A2
je,pronoun,A1
jean,noun,A1
jet,noun,B1
jetable,adjective,C1
jeter,verb,A1
jeton,noun,C2
jeté,adjective,C1
jetée,noun,B2
jeu,noun,A1
jeudi,noun,A1
jeun,adverb,B2
jeune,adjective,A1
jeune,noun,A1
jeunesse,noun,A1
jeunet,adjective,C1
jeunisme,noun,C1
jeûne,noun,C1
jeûner,verb,C1
joaillerie,noun,C2
joaillier,noun,B2
job,noun,B1
jockey,noun,C1
jogger,verb,C1
jogging,noun,B2
joie,noun,A1
joindre,verb,B1
joint,noun,C1
jointe,noun,C2
jointure,noun,C2
joli,adjective,A1
joliment,adverb,B2
jongler,verb,C1
jongleur,noun,B2
joseph,noun,C2
joual,noun,C2
joue,noun,B1
jouer,verb,A1
jouet,noun,A2
jouette,noun,C1
joueur,noun,A2
jouir,verb,B2
jouissance,noun,C1
jour,noun,A1
journal,adjective,B1
journal,noun,A1
journalier,adjective,C1
journalisme,noun,B2
journaliste,noun,A1
journée,noun,A1
joute,noun,C1
jouteur,noun,B2
jouxter,verb,C1
jovial,adjective,C2
joyau,noun,B2
joyeusement,adverb,B1
joyeux,adjective,A1
joyeux,noun,C2
jubilation,noun,C1
jucher,verb,B2
judaïsme,noun,C1
judiciaire,adjective,B2
judicieusement,adverb,C1
judicieux,adjective,B2
judo,noun,C2
judoka,noun,C2
juge,noun,A2
jugement,noun,B1
juger,verb,B1
juif,adjective,B2
juif,noun,C1
juillet,noun,A1
juin,noun,A1
jules,noun,C1
julien,adjective,B2
jumeau,adjective,C2
jumeau,noun,A2
jumelage,noun,C1
jumeler,verb,C2
jumelle,adjective,B2
jumelle,noun,C2
jungle,noun,B1
junior,adjective,C1
junior,noun,C2
jupe,noun,B1
jupon,noun,C1
jurer,verb,B1
juridique,adjective,B2
juridiquement,adverb,B2
juriste,noun,B2
jury,noun,B1
juré,noun,B2
jus,noun,A1
jusque,preposition,A1
justaucorps,noun,C1
juste,adjective,A1
juste,noun,B1
justement,adverb,A1
justesse,noun,B2
justice,noun,A2
justicier,adjective,B2
justification,noun,C1
justifier,verb,B2
juvénile,adjective,C1
juxtaposer,verb,B2
juxtaposition,noun,B2
jérémiade,noun,C1
jésuite,noun,B2
kafkaïen,adjective,C1
kaki,adjective,C2
kaléidoscope,noun,B2
kangourou,noun,C2
kaolin,noun,C2
kaori,noun,C2
karaté,noun,C2
kayak,noun,C2
kidnapper,verb,C2
kif,noun,C2
kiki,adjective,C2
kilo,noun,A1
kilogramme,noun,C1
kilomètre,noun,A1
kilowattheure,noun,C2
kiné,noun,C2
kinésithérapeute,noun,B2
kiosque,noun,B2
kiosquier,noun,C2
kit,noun,B2
kitsch,adjective,C2
kitsch,noun,C1
kiwi,noun,C2
klaxon,noun,C1
klaxonner,verb,C2
krach,noun,C2
kraft,noun,C1
kurde,adjective,C1
kyrielle,noun,C1
la,noun,C2
la,pronoun,A1
labdanum,noun,C1
label,noun,B2
labo,noun,B2
laboratoire,noun,A2
laboureur,noun,C2
labyrinthe,noun,C2
lac,noun,B1
lacrymal,adjective,C2
lacérer,verb,C2
lady,noun,C1
laguiole,noun,B2
laid,adjective,B1
laideur,noun,B2
laine,noun,B1
laisse,noun,B2
laisser,verb,A1
laisser-aller,noun,C2
laissez-passer,noun,B2
lait,noun,A1
laitier,adjective,A2
laitier,noun,C2
lame,noun,B1
lamelle,noun,C2
lamentation,noun,B2
lamenter,verb,C2
laminer,verb,C1
laminé,adjective,C1
lampe,noun,A1
lance,noun,B1
lancement,noun,B2
lancer,noun,C1
lancer,verb,A2
lancinant,adjective,B2
lancée,noun,C1
landais,adjective,C1
landau,noun,B2
lande,noun,C1
langage,noun,B1
langagier,adjective,C2
langouste,noun,C2
langue,noun,A1
languedocien,adjective,C1
languir,verb,B2
lansquenet,noun,C2
lanterne,noun,B2
lapalissade,noun,C1
lapidaire,adjective,C2
lapidaire,noun,C2
lapin,noun,A2
lapis-lazuli,noun,B2
laquais,noun,C2
laquer,verb,C1
lard,noun,B2
lardon,noun,C2
large,adjective,A1
largement,adverb,B1
largeur,noun,B2
larme,noun,A2
larvaire,adjective,C1
las,adjective,C1
las,interjection,C1
laser,noun,B2
lasser,verb,C1
lassitude,noun,C1
latex,noun,C1
latin,adjective,A2
latin,noun,B2
latitude,noun,B2
laurer,verb,C2
lauréat,noun,C1
lavabo,noun,B1
lavage,noun,B2
lavande,noun,C1
lavandière,noun,B2
lavandé,adjective,B2
lave-linge,noun,B2
lave-mains,noun,C2
lave-vaisselle,noun,C2
laver,verb,A1
laveur,noun,C2
lavé,adjective,C2
laïcisation,noun,C2
laïcité,noun,C1
laïque,adjective,B2
laïque,noun,C1
le,determiner,A1
le,pronoun,A1
leader,noun,B2
lecteur,noun,B1
lectorat,noun,B2
lecture,noun,A1
leitmotiv,noun,C1
lendemain,noun,A1
lent,adjective,B1
lentement,adverb,A1
lenteur,noun,B1
lentille,noun,B2
lequel,pronoun,A2
lessive,noun,B1
lest,noun,C1
lettre,noun,A1
lettrer,verb,C2
leucémie,noun,C2
leur,determiner,A1
leurre,noun,C2
lever,noun,C1
lever,verb,A1
lexique,noun,C2
leçon,noun,A2
liaison,noun,B2
liane,noun,C2
libertin,noun,C2
liberty,adjective,C2
liberté,noun,A1
libraire,noun,B2
librairie,noun,B2
libre,adjective,A1
librement,adverb,B1
librettiste,noun,C1
libéral,adjective,B2
libéral,noun,B2
libéralisation,noun,B2
libéralisme,noun,B2
libérateur,noun,C2
libération,noun,A2
libératoire,adjective,B2
libérer,verb,A2
libéré,adjective,C2
licence,noun,B1
licenciement,noun,B2
licencier,verb,B2
licencieux,adjective,C1
licencié,noun,B2
lie,adjective,C2
lien,noun,B2
lier,verb,B1
liesse,noun,C1
lieu,noun,A1
lieue,noun,B2
lieutenant,noun,B2
lifting,noun,B2
ligne,noun,B1
lignée,noun,C2
ligue,noun,B2
lilas,noun,B1
lime,noun,C1
limitation,noun,B2
limite,noun,B1
limiter,verb,B1
limonade,noun,C2
limousin,adjective,C1
limpide,adjective,B2
limpidité,noun,C1
linge,noun,B1
lingerie,noun,C1
linguiste,noun,B2
linguistique,adjective,A2
linguistique,noun,B2
linguistiquement,adverb,C1
linéaire,adjective,C1
lion,noun,B1
lipide,noun,C2
liqueur,noun,C1
liquide,adjective,B2
liquide,noun,B2
liquider,verb,C1
liquéfier,verb,C1
lire,noun,B2
lire,verb,A1
lis,noun,B2
lisant,adjective,C1
liser,verb,C2
liseré,noun,B2
lisibilité,noun,C1
lisible,adjective,C1
lisière,noun,C1
lisse,adjective,B2
liste,noun,A2
listing,noun,B2
lit,noun,A1
literie,noun,C1
litho,noun,C2
litre,noun,A1
littoral,adjective,C1
littoral,noun,B1
littéraire,adjective,B1
littéralement,adverb,B1
littérature,noun,A1
littératurer,verb,C1
live,adjective,B2
livide,adjective,B2
living-room,noun,C1
livraison,noun,B2
livre,noun,A1
livrer,verb,B1
livresque,adjective,C1
livret,noun,B2
livreur,noun,C1
lièvre,noun,B2
lié,adjective,B2
lobby,noun,C1
lobotomiser,verb,C2
local,adjective,A1
local,noun,B2
localisation,noun,C1
localiser,verb,B2
localité,noun,B2
locataire,noun,B2
locatif,adjective,C1
location,noun,B2
locomotif,adjective,C1
locomotive,noun,B2
locuteur,noun,B2
loden,noun,C1
loft,noun,B2
loge,noun,B2
logement,noun,A2
loger,verb,B1
logiciel,noun,B1
logique,adjective,B2
logique,noun,B2
logiquement,adverb,C1
logis,noun,B2
logistique,noun,B2
loi,noun,A2
loin,adverb,A1
loin,noun,B2
lointain,adjective,A2
lointain,noun,B2
loisir,noun,A1
londonien,adjective,B2
long,adjective,A1
long,adverb,C1
long,noun,A1
long-courrier,adjective,C1
longer,verb,B2
longiligne,adjective,C2
longtemps,adverb,A1
longtemps,noun,B2
longue,adjective,A1
longue,noun,C2
longue-vue,noun,C2
longuement,adverb,B1
longueur,noun,B2
longévité,noun,C1
look,noun,B2
loquace,adjective,C1
loque,noun,C1
lord,noun,B2
lorgner,verb,C2
lorrain,adjective,C1
lors,adverb,B1
lorsque,conjunction,A2
losange,noun,C2
lot,noun,B2
loterie,noun,B2
lotion,noun,C1
loto,noun,B1
louable,adjective,C1
louche,adjective,C2
loucherbem,noun,C1
loue,noun,C2
louer,verb,A2
loueur,noun,B2
loufoque,adjective,B2
loup,noun,A2
loupe,noun,B2
lourd,adjective,A2
lourde,noun,B2
lourdement,adverb,B1
louveteau,noun,C2
loyal,adjective,B1
loyalement,adverb,B2
loyauté,noun,B2
loyer,noun,B1
lu,adjective,C1
lubie,noun,C1
lubrifiant,noun,C1
lucide,adjective,B2
lucidité,noun,B2
lucratif,adjective,B2
ludique,adjective,B2
lueur,noun,B2
luge,noun,C2
lugubre,adjective,C1
lui,pronoun,A1
lui-même,pronoun,A2
luire,verb,A2
lumignon,noun,C1
luminescent,adjective,C1
lumineux,adjective,B2
luminosité,noun,B2
lumière,noun,A1
lunaire,adjective,C1
lundi,noun,A1
lune,noun,A2
lunette,noun,C1
luné,adjective,B2
lurette,noun,B2
lustre,noun,B2
lut,noun,B2
luth,noun,C1
lutte,noun,B1
lutter,verb,B2
luxe,noun,B2
luxembourgeois,adjective,C1
luxueux,adjective,B2
luzerne,noun,C1
lycra,noun,C1
lycée,noun,A1
lycéen,adjective,B2
lycéen,noun,B2
lyncheur,noun,C2
lynx,noun,C2
lyonnais,adjective,B1
lyrique,adjective,C1
lyrisme,noun,C2
lys,noun,B2
là,adverb,A1
là-bas,adverb,A1
là-dedans,adverb,B1
là-dessus,adverb,B2
là-haut,adverb,B1
lâche,adjective,B1
lâchement,adverb,C2
lâcher,verb,B2
lâcheté,noun,C2
lèche,noun,C2
lèse-majesté,noun,C2
lève,noun,B2
lèvre,noun,B1
lé,noun,C1
légal,adjective,B2
légaliser,verb,B2
légalité,noun,C1
légendaire,adjective,B2
légende,noun,A1
léger,adjective,A2
légiférer,verb,C1
légion,noun,B1
législateur,noun,C1
législatif,adjective,B2
législatif,noun,C2
législation,noun,B2
législature,noun,C2
légiste,adjective,C2
légitimation,noun,C1
légitime,adjective,B2
légitimement,adverb,C1
légitimer,verb,B2
légitimité,noun,B2
léguer,verb,B2
légume,noun,A1
légumier,noun,C1
légèrement,adverb,B1
légèreté,noun,B2
lémuriens,noun,C1
léonard,adjective,C1
léopard,noun,C1
léser,verb,B2
lésion,noun,C1
lévitation,noun,C1
lézard,noun,B2
mac,noun,B1
macabre,adjective,C2
macadam,noun,B2
macaque,noun,C1
macaron,noun,C2
machin,noun,B2
machine,noun,B1
machinerie,noun,C2
machiniste,noun,B2
machisme,noun,B2
machiste,adjective,C2
macédoine,noun,C1
madame,noun,A1
madeleine,noun,B2
mademoiselle,noun,A1
madrier,noun,C1
madrilène,adjective,C2
magasin,noun,A1
magazine,noun,A1
mage,adjective,B2
mage,noun,C1
maghrébin,adjective,B1
maghrébin,noun,B2
magicien,noun,B1
magie,noun,B1
magique,adjective,B1
magistralement,adverb,C1
magistrat,noun,B2
magistrature,noun,C2
magnanimement,adverb,C1
magnanimité,noun,C1
magnifier,verb,C2
magnifique,adjective,A1
magnifiquement,adverb,B2
magnitude,noun,B2
magnésium,noun,B2
magnétique,adjective,B2
magnétoscope,noun,B2
magouille,noun,C1
mai,noun,A1
maigre,adjective,B1
maigre,noun,B2
maigrir,verb,B1
mail,noun,A1
maillage,noun,C1
maillot,noun,B1
main,noun,A1
main-d'oeuvre,noun,B2
main-forte,noun,C2
mainmise,noun,C2
maintenance,noun,C2
maintenant,adverb,A1
maintenir,verb,B1
maintien,noun,B2
maire,noun,A2
mairesse,noun,C1
mairie,noun,A1
mais,conjunction,A1
maison,noun,A1
maisonnette,noun,C1
maisonnée,noun,C1
majestueux,adjective,B2
majesté,noun,B2
majeur,adjective,B1
majeur,noun,C1
major,adjective,C1
major,noun,B2
majoration,noun,C1
majoritaire,adjective,C1
majoritairement,adverb,B2
majorité,noun,B1
mal,adjective,B1
mal,adverb,A1
mal,noun,A1
mal-logé,noun,C2
mal-être,noun,B2
malade,adjective,A1
malade,noun,A2
maladie,noun,B1
maladivement,adverb,C1
maladresse,noun,B2
maladroit,adjective,B2
maladroitement,adverb,C1
malaga,noun,C1
malais,adjective,B2
malchance,noun,B2
malencontreux,adjective,B2
malentendu,noun,B2
malfaiteur,noun,B2
malformation,noun,B2
malgache,noun,C1
malgré,preposition,B1
malheur,noun,B1
malheureusement,adverb,A2
malheureux,adjective,A2
malheureux,noun,B1
malhonnête,adjective,B2
malhonnêteté,noun,C2
malice,noun,B2
malicieux,adjective,B2
malien,adjective,C2
malignité,noun,B2
malin,adjective,B2
malin,noun,C1
malle,noun,C2
malle-poste,noun,C1
malléable,adjective,C1
malmener,verb,B2
malnutrition,noun,C2
malsain,adjective,B2
maltais,adjective,C1
maltraiter,verb,B2
malus,noun,C1
malveillant,adjective,C1
malvenu,adjective,B2
malédiction,noun,B2
maman,noun,A1
mamie,noun,B1
mammifère,adjective,C1
mammifère,noun,B2
mammouth,noun,C2
man,noun,C2
management,noun,B2
manager,noun,B2
manche,noun,B1
manchette,noun,B2
mandarin,adjective,C1
mandarine,noun,C2
mandat,noun,B2
mandataire,noun,B2
mandoline,noun,C1
mandrin,noun,B2
manger,noun,B1
manger,verb,A1
mangeur,noun,B2
manhattan,noun,C2
maniaque,adjective,B2
manichéisme,noun,C1
manie,noun,B2
manier,verb,B2
manifestant,noun,B2
manifestation,noun,B1
manifeste,adjective,C2
manifeste,noun,B2
manifester,verb,B2
manioc,noun,C2
manipulateur,adjective,B2
manipulateur,noun,C1
manipulation,noun,B2
manipuler,verb,B2
manivelle,noun,C1
manière,noun,A1
maniérer,verb,B2
manne,noun,B2
mannequin,noun,B2
manoeuvre,noun,B2
manoeuvrer,verb,B2
manquant,adjective,B2
manque,adjective,C1
manque,noun,B1
manquer,verb,A1
mansarde,noun,C1
mansardé,adjective,C1
mante,noun,C1
manteau,noun,B1
mantille,noun,B2
manuel,adjective,B1
manuel,noun,B2
manufacture,noun,B2
manuscrit,noun,B2
manutention,noun,C1
manutentionnaire,noun,B2
manzanilla,noun,C1
mappemonde,noun,C1
maquereau,noun,C2
maquette,noun,A2
maquettiste,noun,C2
maquillage,noun,B2
maquiller,verb,B2
maquis,noun,B2
maquisard,noun,C1
marabouter,verb,C1
marais,noun,B2
marathon,noun,B1
marbre,noun,B2
marchand,adjective,B1
marchand,noun,B1
marchandage,noun,C2
marchandise,noun,B1
marchant,adjective,C1
marche,noun,A1
marcher,noun,B2
marcher,verb,A1
marcheur,noun,B2
marché,noun,A1
mardi,noun,A1
marelle,noun,B2
marge,noun,B2
marger,verb,C1
marginal,adjective,B2
marginal,noun,C2
marginaliser,verb,B2
marginalité,noun,C2
margot,noun,A2
marguerite,noun,C1
mari,noun,A1
mariage,noun,A1
marianne,noun,C1
marier,verb,A1
marin,adjective,B1
marin,noun,B2
marine,noun,B2
marinier,noun,C1
mariolle,noun,C1
marionnette,noun,C2
maritime,adjective,B2
marié,adjective,B2
marié,noun,B1
marketing,noun,B2
marmaille,noun,C1
marmiton,noun,C2
marmonner,verb,B2
marmotte,noun,B2
marner,verb,C1
marocain,adjective,A2
marocain,noun,C2
marquage,noun,C2
marquant,adjective,B2
marque,noun,A2
marquer,verb,A1
marqueur,noun,C1
marquise,noun,C1
marraine,noun,B2
marrant,adjective,A2
marre,adverb,A2
marrer,verb,B2
marron,adjective,A2
marron,noun,B2
mars,noun,A2
marteau,noun,B1
marteler,verb,C1
martien,adjective,C1
martingale,noun,C2
martyriser,verb,B2
marxisme,noun,C2
marxiste,adjective,B2
marécage,noun,C2
marécageux,adjective,B2
maréchal,noun,B2
marée,noun,B2
mascarade,noun,C1
masculin,adjective,B2
masochisme,noun,C2
masque,noun,A2
masquer,verb,B2
massacrant,adjective,C1
massacre,noun,C2
massacrer,verb,B2
masse,noun,B1
masser,verb,B2
massif,adjective,B2
massif,noun,B2
massification,noun,C1
massivement,adverb,B2
massue,noun,C1
masure,noun,C2
matador,noun,C1
match,noun,B1
matelas,noun,B2
matelot,noun,C1
maternel,adjective,A2
maternité,noun,B2
math,noun,B2
maths,noun,A1
mathématicien,noun,B2
mathématique,adjective,B2
mathématique,noun,A2
matin,noun,A1
matinal,adjective,B2
matinée,noun,B1
matir,verb,C2
matière,noun,A1
maton,noun,C1
matraquage,noun,C1
matrice,noun,B2
matrimonial,adjective,B2
mature,adjective,C1
maturité,noun,B2
matérialisation,noun,C1
matérialiser,verb,B2
matériau,noun,B2
matériel,adjective,B1
matériel,noun,B1
matériellement,adverb,B2
maudire,verb,B2
maudit,adjective,B2
mauresque,adjective,C2
maussade,adjective,C1
mauvais,adjective,A1
mauvais,adverb,C1
mauvais,noun,B2
mauve,adjective,B2
max,noun,B2
maxi,adjective,C1
maxi,adverb,C2
maximal,adjective,B2
maxime,noun,C1
maximiser,verb,C2
maximum,adjective,B2
maximum,noun,B2
mayonnaise,adjective,C2
mayonnaise,noun,C1
mazarine,noun,C1
mazet,noun,C1
maçon,adjective,C1
maçon,noun,B2
maçonnerie,noun,B2
maître,noun,A1
maîtrise,noun,B1
maîtriser,verb,B1
maïa,noun,C1
maïeur,noun,C1
maïs,noun,B2
me,pronoun,A1
mec,noun,A1
meilleur,adjective,A1
melon,noun,B2
melting-pot,noun,C1
membre,noun,B1
menace,noun,B1
menacer,verb,B1
menaçant,adjective,B2
mendiant,noun,B2
mendier,verb,C1
mener,verb,A2
meneur,noun,C2
menotte,noun,B2
mensonge,noun,B1
mensuel,adjective,B1
mensuel,noun,C2
mental,adjective,B2
mental,noun,C1
mentalité,noun,B2
menteur,adjective,B2
menteur,noun,B1
menthe,noun,A2
mention,noun,B2
mentionner,verb,B2
mentir,verb,A2
menton,noun,B1
mentor,noun,C1
menu,adjective,B2
menu,adverb,C2
menu,noun,A1
menuisier,noun,B2
mer,noun,A1
mercantile,adjective,C1
mercenaire,noun,C1
merci,noun,A1
mercredi,noun,A1
merde,noun,C1
merder,verb,B2
merguez,noun,C1
merveille,noun,A2
merveilleusement,adverb,B2
merveilleux,adjective,A1
merveilleux,noun,C2
mesdames,noun,B1
mesdemoiselles,noun,B1
mesquin,adjective,C1
message,noun,A1
messager,noun,C1
messagerie,noun,B2
messe,noun,A1
messieurs,noun,A1
messin,noun,C1
messire,noun,C1
mesure,noun,B1
mesurer,verb,A2
mets,noun,B1
metteur,noun,B2
mettre,verb,A1
meublant,adjective,C1
meuble,adjective,C2
meuble,noun,B1
meubler,verb,B2
meunier,adjective,B2
meunier,noun,B2
meurtre,noun,B2
meurtrier,adjective,B2
meurtrier,noun,B2
meute,noun,C2
mexicain,adjective,B2
mexicain,noun,C2
mi,noun,A2
mi-chemin,adverb,B2
mi-corps,adverb,C1
mi-jambe,adverb,C2
mi-temps,noun,B1
mi-voix,adverb,B2
miauler,verb,B2
micro,noun,A2
micro-onde,noun,C1
micro-ordinateur,noun,B2
micro-organisme,noun,C1
microbe,noun,C1
microbien,adjective,C1
microbiologiste,noun,C1
microclimat,noun,C2
microcosme,noun,B2
microgramme,noun,C2
microprocesseur,noun,B2
microscope,noun,B2
microscopie,noun,C1
microseconde,noun,C1
midi,noun,A1
mie,noun,C1
miel,noun,B2
mien,pronoun,B1
mieux,adverb,A1
mignon,adjective,A2
migrant,adjective,B2
migrant,noun,B2
migrateur,adjective,B2
migration,noun,B2
migratoire,adjective,B2
mil,adjective,C1
milady,noun,B2
milice,noun,C1
milieu,noun,A1
militaire,adjective,B1
militant,adjective,B2
militantisme,noun,B2
militer,verb,B2
mille,noun,B1
mille-feuille,noun,C1
milliard,noun,B1
milliardaire,adjective,C2
milliardaire,noun,C2
millier,noun,B1
millimètre,noun,C1
million,noun,A1
millionnaire,noun,C1
millénaire,adjective,C2
millénaire,noun,B1
millésime,noun,B2
millésimer,verb,C2
milord,noun,C1
milouin,noun,C1
mime,noun,C2
mimosa,noun,C2
mimétisme,noun,C1
minable,adjective,C2
mince,adjective,A1
mincir,verb,C2
mine,noun,B1
miner,verb,C1
minerai,noun,B2
minet,noun,C1
mineur,adjective,B1
mineur,noun,B2
mini,adjective,B2
miniature,noun,C1
minier,adjective,B2
minima,adverb,C1
minimal,adjective,B2
minimiser,verb,C1
minimum,noun,B1
ministre,noun,B1
ministère,noun,B1
ministériel,adjective,B2
minoritaire,adjective,B2
minorité,noun,B2
minuit,noun,B1
minuscule,adjective,B2
minute,noun,A1
minutieusement,adverb,C1
minutieux,adjective,C2
minéral,adjective,A2
minéral,noun,C1
minéralité,noun,C2
minéralogique,adjective,C1
miracle,noun,B1
miraculeux,adjective,C1
mirage,noun,B2
mirifique,adjective,C1
miroir,noun,B1
miroiter,verb,C2
mise,noun,B1
miser,verb,B2
misogyne,noun,C1
misogynie,noun,C1
missile,noun,C1
mission,noun,B1
missionnaire,noun,C1
mistral,noun,A2
misère,noun,B1
misérabilisme,noun,C2
misérabiliste,adjective,C1
misérable,adjective,B1
miteux,adjective,C2
mitiger,verb,B2
mitoyen,adjective,C1
mixage,noun,C1
mixer,verb,C1
mixité,noun,C1
mixte,adjective,A2
mixture,noun,C2
mnésique,adjective,B2
mobile,adjective,B2
mobile,noun,B2
mobilier,adjective,B2
mobilier,noun,B2
mobilisation,noun,B2
mobiliser,verb,B1
mobilité,noun,B2
mobylette,noun,B1
moche,adjective,C1
modalité,noun,B2
mode,noun,A1
modeler,verb,C2
moderne,adjective,A1
moderne,noun,B2
modernisation,noun,C1
moderniser,verb,B2
modernisme,noun,C1
moderniste,adjective,B2
modernité,noun,B2
modeste,adjective,B1
modestement,adverb,C1
modestie,noun,C2
modification,noun,B2
modifier,verb,B1
modique,adjective,B2
modo,adverb,B2
module,noun,C2
modèle,noun,B1
modélisme,noun,C1
modéliste,noun,C1
modérateur,noun,C2
modération,noun,C2
modérer,verb,B2
modéré,adjective,C1
modéré,noun,C1
moelle,noun,C1
moeurs,noun,B2
moi,noun,A1
moi,pronoun,A1
moi-même,pronoun,B1
moindre,adjective,B2
moine,noun,B2
moins,adverb,A1
moisir,verb,C1
moissonneur,adjective,C1
moitié,noun,A2
mollet,adjective,C1
mollir,verb,C1
moléculaire,adjective,B2
molécule,noun,B2
moment,noun,A1
momentané,adjective,B2
momentanément,adverb,B2
momie,noun,C1
momifier,verb,C1
mon,determiner,A1
monarchie,noun,B1
monarchique,adjective,C1
monarchiste,adjective,C2
monarque,noun,C1
monastique,adjective,B2
monastère,noun,B1
mondain,adjective,B2
mondanité,noun,C1
monde,noun,A1
mondial,adjective,A1
mondialement,adverb,C1
mondialisation,noun,B2
mondialiser,verb,C1
mongolie,noun,C1
moniteur,noun,B2
monnaie,noun,A2
monnayer,verb,B2
monochrome,adjective,C1
monogame,adjective,C2
monoparental,adjective,B2
monopole,noun,B2
monopoliser,verb,B2
monopolistique,adjective,C2
monorail,adjective,C2
monoski,noun,C2
monosyllabique,adjective,C2
monotone,adjective,B2
monotonie,noun,C2
monoxyde,noun,B2
monseigneur,noun,B2
monsieur,noun,A1
monstre,adjective,C2
monstre,noun,B1
monstrueusement,adverb,C1
monstrueux,adjective,B2
monstruosité,noun,B2
mont,noun,B2
mont-de-piété,noun,C1
montage,noun,B2
montagnard,adjective,B2
montagnard,noun,C2
montagne,noun,A1
montagneux,adjective,C2
montant,adjective,C2
montant,noun,A2
monte,noun,B1
monter,verb,A1
montgolfière,noun,C1
monticule,noun,C1
montmartrois,noun,C2
montre,noun,A2
montrer,verb,A1
monture,noun,B2
monté,adjective,B2
montée,noun,B2
monument,noun,A1
monumental,adjective,A2
monétaire,adjective,B2
moque,noun,C1
moquer,verb,A2
moquerie,noun,C2
moquette,noun,C2
moqueur,adjective,B2
moqueur,noun,C1
moral,adjective,B1
moral,noun,B2
morale,noun,B2
moralement,adverb,B2
moralisateur,adjective,B2
moralité,noun,B1
morbide,adjective,C1
morceau,noun,A1
mordant,noun,C2
mordre,verb,B1
moreau,adjective,C2
morgue,noun,C1
morne,adjective,C1
morose,adjective,C2
morosité,noun,C1
morphinique,adjective,C1
morphologie,noun,C1
morphologique,adjective,C2
morphologiquement,adverb,C1
mort,adjective,B1
mort,noun,A1
mort-aux-rats,noun,C1
mortalité,noun,B2
mortel,adjective,B2
mortellement,adverb,C1
mortifère,adjective,C2
mosaïque,adjective,C2
mosaïque,noun,B2
mosquée,noun,C2
mot,noun,A1
motard,noun,C2
moteur,adjective,C1
moteur,noun,A2
motif,noun,A2
motivation,noun,B1
motiver,verb,B1
moto,noun,B1
motoneige,noun,C2
motoriser,verb,C2
mou,adjective,B2
mou,noun,C1
mouche,noun,B1
moucher,verb,B2
mouchoir,noun,B1
moue,noun,C1
mouette,noun,C2
mouflon,noun,C2
mouillage,noun,C1
mouiller,verb,B1
mouillé,adjective,B2
moule,noun,B2
moulin,noun,A1
mourant,adjective,B1
mourant,noun,C1
mourir,verb,A1
mousquet,noun,C2
mousquetaire,noun,B2
mousse,adjective,C2
mousse,noun,B2
mousser,verb,C1
mousson,noun,C1
moustache,noun,B1
moustiquaire,noun,B2
moustique,noun,B2
moutarde,noun,B2
moutarder,verb,C1
mouton,noun,A2
mouvant,adjective,B2
mouvement,noun,B1
mouvementer,verb,C1
mouver,verb,C1
mouvoir,verb,B2
moyen,adjective,A1
moyen,noun,A1
moyennant,preposition,B2
moyenne,noun,A1
moyenner,verb,B2
moyenâgeux,adjective,C1
muer,verb,C1
muet,adjective,B1
mugir,verb,C1
muguet,noun,B2
mule,noun,A1
mulet,noun,B2
multicolore,adjective,B2
multiculturalisme,noun,C1
multidisciplinaire,adjective,B2
multilatéral,adjective,C1
multilingue,adjective,C1
multilinguisme,noun,C1
multimédia,adjective,B2
multinational,adjective,B2
multiple,adjective,B2
multiple,noun,C2
multiplication,noun,B2
multiplicité,noun,C1
multiplier,verb,B1
multitude,noun,B2
municipal,adjective,B1
municipalité,noun,B2
munir,verb,B2
muqueuse,noun,C1
mur,noun,A1
muraille,noun,B2
mural,adjective,A2
murmure,noun,B1
murmurer,verb,B1
musc,noun,C2
muscadet,noun,C2
muscle,noun,B2
muscler,verb,B1
musclé,adjective,C2
musculaire,adjective,B2
musculation,noun,B2
musculature,noun,C1
museau,noun,C2
museler,verb,C1
muser,verb,A2
musette,noun,C2
music-hall,noun,B2
musical,adjective,A2
musicien,noun,A1
musique,noun,A1
musli,noun,C1
musqué,adjective,C2
musulman,adjective,A2
musée,noun,A1
muséologue,noun,C1
mutation,noun,B2
muter,verb,C1
mutilation,noun,C1
mutiler,verb,B2
mutualiste,adjective,B2
mutuel,adjective,B2
mutuellement,adverb,C1
mygale,noun,C1
mylord,noun,C1
myope,adjective,C2
myriade,noun,C1
myrrhe,noun,C2
mystique,adjective,B2
mystère,noun,A2
mystérieux,adjective,A2
mythe,noun,B1
mythique,adjective,B2
mythologie,noun,B2
mâchoire,noun,B2
mâle,adjective,B2
mâle,noun,B2
mât,noun,C1
mâtiner,verb,B2
mèche,noun,B2
mère,adjective,B1
mère,noun,A1
mètre,noun,A1
méandre,noun,C2
mécanicien,adjective,C2
mécanicien,noun,C2
mécanique,adjective,B2
mécanique,noun,B2
mécanisation,noun,C1
mécanisme,noun,B2
méchamment,adverb,C2
méchanceté,noun,B2
méchant,adjective,B1
méchant,noun,B1
mécher,verb,B1
méconnaissable,adjective,C2
méconnaissance,noun,B2
méconnaître,verb,B2
mécontent,adjective,B2
mécontent,noun,C1
mécontentement,noun,B2
mécréant,noun,C2
mécène,noun,C2
médaille,noun,B1
médecin,noun,A1
médecine,noun,A2
médias,noun,A2
médiateur,adjective,C2
médiateur,noun,C1
médiathèque,noun,B1
médiation,noun,B2
médiatique,adjective,B2
médiatisation,noun,B2
médiatiser,verb,B2
médical,adjective,B1
médicalement,adverb,C1
médicament,noun,B2
médicamenteux,adjective,C1
médicinal,adjective,C2
médico-légal,adjective,C1
médiocre,adjective,B2
médiocre,noun,C2
médiocrité,noun,C1
médire,verb,B2
méditation,noun,C1
méditer,verb,C1
méditerranéen,adjective,B2
médiéval,adjective,A2
médiéviste,noun,B2
méfait,noun,B2
méfiance,noun,B2
méfier,verb,B1
mégot,noun,C2
mélancolie,noun,B2
mélancolique,adjective,C1
mélange,noun,B1
mélanger,verb,A2
mélangé,adjective,B2
mélanésien,adjective,C1
méli-mélo,noun,B2
mélodie,noun,B1
mélodieux,adjective,C1
mélodrame,noun,C1
mélomane,adjective,C1
mémoire,noun,B1
mémorable,adjective,B2
mémorisation,noun,C1
mémoriser,verb,B2
ménage,noun,A1
ménagement,noun,C1
ménager,adjective,B1
ménager,verb,B2
ménestrel,noun,B1
méninge,noun,C1
ménopause,noun,C2
méplat,adjective,C1
méprendre,verb,C2
mépris,noun,B2
méprisable,adjective,B2
méprisant,adjective,B2
méprise,noun,B2
mépriser,verb,B2
méridional,adjective,C1
mérite,noun,B1
mériter,verb,B1
mérovingien,adjective,C1
mésaventure,noun,B2
métal,noun,A2
métallique,adjective,B1
métallurgie,noun,B2
métamorphose,noun,C2
métamorphoser,verb,B2
métaphore,noun,C1
méthane,noun,B2
méthanol,noun,C1
méthode,noun,B1
méthodique,adjective,B2
méthodiquement,adverb,C1
méthodologie,noun,B2
métier,noun,A1
métis,adjective,C1
métissage,noun,B2
métrage,noun,B2
métro,adjective,C1
métro,noun,A1
métropole,noun,A2
métropolitain,adjective,B2
météo,adjective,B2
météo,noun,B2
météorite,noun,C1
météorologie,noun,C1
météorologique,adjective,B2
mêler,verb,B1
mêlée,noun,C2
même,adjective,A1
même,adverb,A1
môme,noun,B2
mûr,adjective,C1
na,interjection,C1
nacre,noun,C2
nageoire,noun,C2
nager,verb,B2
nain,noun,C1
naissance,noun,A2
naissant,adjective,C1
nana,noun,C2
nantais,adjective,B2
nantir,verb,B2
napolitain,adjective,C2
napoléon,noun,C2
napoléonien,adjective,C1
nappe,noun,B1
narcissique,adjective,B2
narcissique,noun,C1
narcotique,noun,C2
narcotiser,verb,C1
narghilé,noun,C1
narine,noun,B2
narquois,adjective,C1
narrateur,noun,B2
narratif,adjective,C2
nasal,adjective,C2
nasse,noun,C2
natal,adjective,B1
nataliste,adjective,C1
natalité,noun,B2
natation,noun,A2
natif,noun,C1
nation,noun,B2
national,adjective,A1
national,noun,B2
nationalisme,noun,C1
nationalité,noun,A1
natte,noun,B2
natter,verb,C1
naturaliser,verb,C1
naturalisme,noun,C1
naturalité,noun,C2
nature,noun,A1
naturel,adjective,A2
naturel,noun,B2
naturellement,adverb,B1
naufragé,noun,B2
nausée,noun,B2
nautique,adjective,B2
navaja,noun,C1
naval,adjective,C1
navet,noun,B2
navette,noun,B1
navigateur,noun,B2
navigation,noun,B2
naviguer,verb,B2
navire,noun,B2
nazisme,noun,C2
naître,verb,A1
naïf,adjective,B2
naïveté,noun,C2
ne,adverb,A1
nectar,noun,C1
nef,noun,C1
neige,noun,A1
neiger,verb,B1
neigeux,adjective,C1
nerf,noun,B2
nerveux,adjective,A2
nervosité,noun,C2
net,adjective,B2
net,adverb,C2
nettement,adverb,B2
nettoyage,noun,B1
nettoyer,verb,A2
nettoyeur,noun,C1
neuf,adjective,A1
neuf,noun,B1
neurobiologie,noun,C1
neurobiologiste,noun,C1
neurologie,noun,C1
neuronal,adjective,B2
neurone,noun,B2
neurophysiologique,adjective,C2
neurotransmetteur,noun,C2
neutraliser,verb,C2
neutralité,noun,C2
neutre,adjective,B2
neutron,noun,C1
neuvième,adjective,C1
neuvième,noun,C1
neveu,noun,A2
nez,noun,A1
ni,conjunction,A1
niais,adjective,C1
niaiserie,noun,B2
nicher,verb,C1
nichée,noun,C2
nickel,noun,B2
nicotine,noun,C1
nid,noun,B2
nier,verb,B2
nimber,verb,C1
nippon,adjective,C2
niquer,verb,C2
niveau,noun,A2
nivernais,adjective,C2
nièce,noun,B2
noble,adjective,B1
noble,noun,B1
noblesse,noun,B2
noce,noun,B2
nocif,adjective,B2
nocturne,adjective,A2
noeud,noun,B2
noir,adjective,A1
noir,noun,A1
noircir,verb,B2
noisette,noun,C2
noix,noun,B2
nom,noun,A1
nomade,adjective,B2
nomadisme,noun,B2
nombre,noun,A1
nombreux,adjective,A1
nomenclature,noun,C1
nominatif,adjective,C1
nomination,noun,B2
nommer,verb,B1
nommé,adjective,B1
non,adverb,A1
non,interjection,A2
non-conformiste,adjective,C2
non-fumeur,noun,B2
non-initié,noun,C1
non-lieu,noun,C1
non-observation,noun,C1
non-salarié,noun,C2
non-sens,noun,C2
non-stop,adjective,C2
non-voyant,noun,C2
nonante,adjective,C2
nonchalamment,adverb,C2
nonchalance,noun,B2
nord,adjective,B1
nord,noun,A1
nord-africain,adjective,C2
nord-américain,adjective,C1
nord-américain,noun,C2
nord-est,noun,C2
nord-ouest,noun,C2
nordique,adjective,C1
normal,adjective,A1
normal,noun,B2
normalement,adverb,B1
normalité,noun,C1
normand,adjective,B2
norme,noun,B2
normer,verb,C1
norvégien,adjective,C2
nosographie,noun,C1
nostalgie,noun,B2
nostalgique,adjective,B2
notabilité,noun,C1
notable,adjective,B2
notable,noun,C1
notaire,noun,B2
notamment,adverb,A2
notation,noun,C2
note,noun,A1
noter,verb,A1
notice,noun,C1
notifier,verb,C1
notion,noun,B1
notoire,adjective,C1
notoriété,noun,B2
notre,determiner,A1
nouba,noun,C1
nouer,verb,B2
nounou,noun,B2
nourrice,noun,B2
nourricier,adjective,C2
nourrir,verb,B1
nourrisson,noun,C1
nourriture,noun,A2
nous,pronoun,A1
nouveau,adjective,A1
nouveau,noun,B1
nouveau-né,adjective,C2
nouveau-né,noun,B2
nouveauté,noun,B1
nouvelle,noun,A1
nouvellement,adverb,B2
novateur,noun,B2
novembre,noun,A1
noviciat,noun,C1
noyade,noun,C2
noyau,noun,C1
noyer,verb,B2
nu,noun,B1
nuage,noun,A2
nuageux,adjective,B2
nuance,noun,B2
nuancer,verb,C1
nucléaire,adjective,B1
nucléaire,noun,B1
nue,noun,B2
nuer,verb,C2
nuire,verb,B2
nuisance,noun,B2
nuisible,adjective,C1
nuit,noun,A1
nuitée,noun,C1
nul,adjective,A1
nullement,adverb,B2
numération,noun,C2
numérique,adjective,B1
numériser,verb,C1
numéro,noun,A1
numéroter,verb,A2
nuptial,adjective,C2
nuptialité,noun,C2
nuque,noun,B2
nutriment,noun,C1
nutritionnel,adjective,B2
nylon,noun,C2
nymphéa,noun,C2
nègre,adjective,B2
nègre,noun,B2
néanmoins,adverb,B2
néant,noun,B2
nébuleuse,noun,B2
nécessaire,adjective,A2
nécessairement,adverb,B2
nécessiter,verb,B2
nécessité,noun,B2
nécrologique,adjective,C2
nécropole,noun,C1
néerlandais,adjective,B2
néfaste,adjective,B2
négatif,adjective,B1
négligeable,adjective,C2
négligent,adjective,C1
négliger,verb,B2
négoce,noun,C2
négociant,noun,B2
négociateur,noun,C1
négociation,noun,B1
négocier,verb,B2
négritude,noun,B2
négro-africain,adjective,C1
néologie,noun,C1
néologisme,noun,C2
néon,noun,C2
néophyte,noun,C1
néoromantique,adjective,C1
névrose,noun,C1
névrotique,adjective,C1
nôtre,pronoun,B1
oasis,noun,B2
objecter,verb,B2
objectif,adjective,B1
objectif,noun,B1
objection,noun,B2
objectivité,noun,C1
objet,noun,A1
obligation,noun,B1
obligatoire,adjective,A1
obligatoirement,adverb,B2
obliger,verb,A2
obligé,adjective,B2
oblique,adjective,B2
obscur,adjective,B2
obscurantisme,noun,C1
obscurcir,verb,C2
obscurité,noun,B1
observable,adjective,C2
observateur,noun,B2
observation,noun,B2
observatoire,noun,B2
observer,verb,A1
obsession,noun,B2
obsessionnel,adjective,B2
obsolète,adjective,B2
obstacle,noun,B2
obstination,noun,C1
obstiner,verb,C1
obstinément,adverb,C1
obstruction,noun,C2
obstruer,verb,B2
obséder,verb,B2
obtenir,verb,B1
obtention,noun,B2
obus,noun,C1
obèse,adjective,C2
obèse,noun,C2
obéir,verb,B1
obéissance,noun,C2
obélisque,noun,B2
obérer,verb,C2
obésité,noun,B2
oc,adverb,C1
occasion,noun,A2
occasionnel,adjective,B2
occasionnellement,adverb,C2
occasionner,verb,B2
occidental,adjective,B1
occidentalisation,noun,C1
occipital,adjective,C2
occulter,verb,C1
occultisme,noun,C1
occupant,noun,B2
occupation,noun,B2
occuper,verb,A1
occurrence,noun,B2
ocelle,noun,C1
ocre,noun,C1
ocrer,verb,C1
octet,noun,C1
octobre,noun,A1
octroyer,verb,C1
oculaire,adjective,C1
ocytocine,noun,C1
océan,noun,A2
océanien,adjective,C1
océanique,adjective,B2
océanographe,noun,C1
océanographique,adjective,C2
ode,noun,C1
odeur,noun,A1
odieux,adjective,B2
odorant,adjective,C1
odorat,noun,B2
oecuménisme,noun,C2
oeil,noun,A1
oenologie,noun,C2
oestrogène,noun,C1
oeuf,noun,A1
oeuvre,noun,A1
oeuvrer,verb,B2
offensant,adjective,C1
offense,noun,B2
offenser,verb,B2
offensive,noun,C2
office,noun,A1
officialiser,verb,C1
officiel,adjective,A1
officiellement,adverb,B2
officier,noun,B1
officier,verb,B2
officieux,adjective,C2
officière,noun,C1
offre,noun,B1
offrir,verb,A1
offusquer,verb,C1
ogre,noun,B1
oh,interjection,A1
ohé,interjection,C2
oie,noun,B2
oignon,noun,A2
oiseau,noun,A1
oisif,noun,C2
oisiveté,noun,C1
olfactif,adjective,C2
oligo-élément,noun,C2
olive,noun,A2
oliver,verb,C1
olivier,noun,B2
olympique,adjective,B1
olympisme,noun,C1
oléagineux,adjective,C1
ombilical,adjective,C2
ombrage,noun,C1
ombrager,verb,C1
ombre,noun,A1
ombrelle,noun,C2
ombreux,adjective,C1
omelette,noun,B2
omettre,verb,C1
omission,noun,C1
omnibus,adjective,C2
omniprésent,adjective,B2
oméga,noun,C2
on,pronoun,A1
once,noun,C1
oncle,noun,A1
onde,noun,B2
ongle,noun,B2
onirique,adjective,B2
ontologie,noun,C2
onéreux,adjective,C1
opale,adjective,C2
opale,noun,C2
opercule,noun,C2
opinion,noun,B1
opportun,adjective,C1
opportunité,noun,B2
opportunément,adverb,C1
opposant,noun,B2
opposer,verb,B1
opposition,noun,B1
oppression,noun,B2
opter,verb,B2
optimal,adjective,B2
optimisme,noun,B2
optimiste,adjective,B2
optimiste,noun,C2
option,noun,B1
optique,adjective,B2
optique,noun,B2
opéra,noun,A2
opéra-comique,noun,C1
opérateur,noun,B2
opération,noun,A1
opérationnel,adjective,B2
opératoire,adjective,C2
opérer,verb,B1
or,conjunction,B2
or,noun,A2
oracle,noun,C1
orage,noun,B1
orageux,adjective,C2
oral,adjective,B2
oralement,adverb,C2
orang-outan,noun,C1
orange,adjective,A1
orange,noun,B1
oranger,verb,C2
orangé,noun,C1
oratoire,adjective,C1
orbital,adjective,B2
orbite,noun,C1
orchestre,noun,B2
orchestrer,verb,B2
orchidée,noun,C2
ordinaire,adjective,B2
ordinaire,noun,B2
ordinairement,adverb,C1
ordinateur,adjective,B1
ordinateur,noun,A1
ordonnance,noun,B1
ordonnancement,noun,C2
ordonner,verb,B1
ordre,noun,A1
ordure,noun,B2
oreille,noun,A1
oreiller,noun,B1
oreillette,noun,C1
oreillon,noun,C2
ores,adverb,B2
orfèvrerie,noun,C2
organe,noun,B2
organigramme,noun,B2
organique,adjective,B2
organisant,adjective,C1
organisateur,adjective,B2
organisateur,noun,B2
organisation,noun,A1
organiser,verb,A1
organisme,noun,A2
orgue,noun,C2
orgueil,noun,B2
orgueilleux,adjective,B2
orientable,adjective,C2
oriental,adjective,B2
oriental,noun,C1
orientation,noun,B2
orienter,verb,B2
originaire,adjective,B2
original,adjective,A1
original,noun,C1
originalité,noun,B1
origine,noun,A1
originel,adjective,B2
orme,noun,B2
ornemental,adjective,C2
orner,verb,B2
ornithologique,adjective,C1
orphelin,adjective,B2
orphelin,noun,B2
orphelinat,noun,C1
orteil,noun,C2
orthographe,noun,B1
orée,noun,B2
os,noun,B1
oscillation,noun,C1
osciller,verb,B2
ose,noun,C2
oser,verb,B1
ossement,noun,C1
osseux,adjective,B2
ostensoir,noun,C2
ostentation,noun,C2
ostracisme,noun,C2
ostéoporose,noun,C2
otage,noun,C2
otite,noun,C1
ou,conjunction,A1
ouah,interjection,C2
ouais,interjection,A1
oubli,noun,B2
oublie,noun,A2
oublier,verb,A1
oubliette,noun,B2
ouest,adjective,B1
ouest,noun,A2
ouf,interjection,A2
ouh,interjection,B2
oui,interjection,A1
ouragan,noun,B2
ours,noun,B1
outil,noun,A2
outrage,noun,B2
outrager,verb,C1
outrance,noun,B2
outre,adverb,B2
outre-mer,adverb,A2
outrepasser,verb,C2
outrer,verb,B2
ouvert,adjective,B1
ouvertement,adverb,B2
ouverture,noun,A1
ouvrage,noun,B2
ouvre-boîte,noun,B2
ouvrier,adjective,B1
ouvrier,noun,A1
ouvrir,verb,A1
ouïe,noun,C2
ovale,adjective,C2
overdose,noun,C2
oxydant,adjective,C2
oxydation,noun,C2
oxyde,noun,B2
oxygène,noun,B2
oxygéner,verb,C2
ozone,noun,B2
oïl,adverb,B2
où,adverb,A1
où,pronoun,A1
p'tit,adjective,B2
pachyderme,adjective,C2
pachyderme,noun,C1
pacifique,adjective,B2
pacte,noun,B2
pagaille,noun,B2
page,noun,A1
pager,verb,C2
pagode,noun,C2
paie,noun,B2
paiement,noun,B2
paillasson,noun,C2
paille,noun,B1
paillette,noun,B2
pain,noun,A1
pair,adjective,B2
pair,noun,B1
paire,noun,B2
paisible,adjective,B2
paisiblement,adverb,B2
paix,noun,A1
pakistanais,adjective,C1
palabre,noun,C2
palace,noun,B2
palais,noun,A1
palefrenier,noun,C2
palet,noun,C2
paletot,noun,C1
palette,noun,C1
palier,noun,B2
palimpseste,noun,C2
palissade,noun,C2
palliatif,noun,C2
pallier,verb,C1
palme,noun,B1
palmier,noun,B2
palonnier,noun,C1
palpable,adjective,B2
palpiter,verb,B2
paludisme,noun,C1
palé,adjective,C2
paléolithique,noun,C1
paléontologique,adjective,C2
paléontologue,noun,C2
pamphlet,noun,B2
pamphlétaire,noun,C1
pamplemousse,noun,A2
pan,noun,B2
panafricain,adjective,C2
pancarte,noun,B2
pancréas,noun,C2
pandémie,noun,B2
panel,noun,C1
panier,noun,B1
panique,noun,B1
paniquer,verb,B2
panne,noun,B1
panneau,noun,A2
pano,noun,C1
panonceau,noun,C1
panoplie,noun,B2
panorama,noun,A2
panoramique,adjective,B2
pantalon,noun,A1
panthéon,noun,C2
pantoufle,noun,B2
paon,noun,C1
papa,noun,A1
paparazzi,noun,C1
pape,noun,A1
papi,noun,B1
papier,noun,A2
papillon,noun,B2
papoter,verb,C1
papyrus,noun,C1
paquebot,noun,B1
paquet,noun,A1
par,noun,B2
par,preposition,A1
par-ci,adverb,B2
par-delà,preposition,C2
par-dessous,adverb,C1
par-dessus,adverb,B1
parabole,noun,C1
parachute,noun,B2
parachuter,verb,B2
parachutisme,noun,B2
parade,noun,B2
parader,verb,B2
paradigme,noun,C1
paradis,noun,A1
paradisiaque,adjective,C2
paradoxal,adjective,B2
paradoxalement,adverb,B2
paradoxe,noun,B2
paragraphe,noun,B2
parallèle,adjective,B2
parallèle,noun,B2
parallèlement,adverb,B2
paralyser,verb,B2
paralysie,noun,C1
paralysé,adjective,C2
paramètre,noun,B2
paramédical,adjective,C2
parapente,noun,C2
paraphe,noun,C1
parapluie,noun,A2
paraplégique,adjective,C1
parapsychologie,noun,C1
parasite,noun,B2
parasol,noun,B2
paratonnerre,noun,C1
paraître,verb,B1
parc,noun,A1
parce,conjunction,A1
parcelle,noun,B2
parchemin,noun,C1
parcourir,verb,B1
parcours,noun,B1
pardessus,noun,C1
pardi,interjection,B2
pardieu,interjection,C2
pardon,interjection,A1
pardon,noun,A1
pardonner,verb,B1
pare-brise,noun,B2
pareil,adjective,B1
pareil,adverb,B2
pareil,noun,B1
pareillement,adverb,C2
parent,adjective,B2
parent,noun,B2
parental,adjective,B2
parenthèse,noun,B2
parenté,noun,B2
parer,verb,B2
paresse,noun,B2
paresseusement,adverb,C1
paresseux,adjective,B1
paresseux,noun,B2
parfaire,verb,B2
parfait,adjective,A1
parfaitement,adverb,B1
parfois,adverb,A1
parfum,noun,A1
parfumer,verb,B2
parfumerie,noun,C1
parfumeur,noun,B2
pari,noun,B2
pariage,noun,C2
parier,verb,B1
paris-brest,noun,C2
parisien,adjective,A2
parisien,noun,A1
paritaire,adjective,C1
parité,noun,B2
parking,noun,A1
parkinsonien,adjective,C1
parlement,noun,B2
parlementaire,adjective,B2
parlementaire,noun,B2
parler,noun,B1
parler,verb,A1
parleur,noun,B2
parlé,adjective,B2
parme,noun,C2
parmesan,noun,C1
parmi,preposition,A2
paroi,noun,B2
paroisse,noun,C2
paroissial,adjective,C2
parole,noun,A2
parquet,noun,B2
parrainage,noun,C2
parrainer,verb,B2
part,noun,A1
partage,noun,B2
partager,verb,A1
partagé,adjective,B2
partant,adjective,C2
partenaire,noun,B1
partenariat,noun,B2
parterre,noun,B2
parti,adjective,B2
parti,noun,B2
participant,adjective,B1
participant,noun,B2
participatif,adjective,B2
participation,noun,B2
participe,noun,B2
participer,verb,A1
particularisme,noun,B2
particularité,noun,B1
particule,noun,B2
particulier,adjective,A1
particulier,noun,B1
particulièrement,adverb,A2
partie,noun,A1
partiel,adjective,B1
partiellement,adverb,B2
partir,verb,A1
partisan,noun,B2
partition,noun,B2
parton,noun,B2
partout,adverb,A1
paru,adjective,C1
parure,noun,B2
parution,noun,B2
parvenir,verb,B1
parvis,noun,B2
pas,adverb,A1
pas,noun,A1
pascal,adjective,B2
paseo,noun,C1
passage,noun,A1
passager,adjective,B2
passager,noun,B1
passant,noun,B1
passe,noun,B1
passe-droit,noun,C2
passe-partout,noun,C1
passe-passe,noun,C2
passe-temps,noun,C1
passeport,noun,B1
passer,verb,A1
passerelle,noun,B2
passeur,noun,C1
passif,adjective,B2
passif,noun,C1
passion,noun,A1
passionnant,adjective,A2
passionnel,adjective,B2
passionner,verb,A1
passionnément,adverb,C1
passivité,noun,C1
passé,noun,A1
passé,preposition,C2
pasteur,noun,B2
pasteurisation,noun,C2
pastille,noun,B2
pastoral,adjective,C1
pat,adjective,A2
pat,noun,C1
patate,noun,B2
pataud,adjective,C1
patchouli,noun,C1
paternaliste,adjective,C2
paternel,adjective,B2
paternité,noun,B1
pathologie,noun,B2
pathologique,adjective,B2
pathos,noun,C2
patiemment,adverb,B1
patience,noun,B1
patient,adjective,A2
patient,noun,B2
patienter,verb,B1
patin,noun,C2
patinage,noun,B2
patinette,noun,C2
patinoire,noun,C2
patrice,noun,B2
patricien,adjective,C1
patrie,noun,B2
patrimoine,noun,B2
patrimonial,adjective,C1
patron,noun,A2
patronyme,noun,C2
patrouiller,verb,C2
patte,noun,B1
paume,noun,B2
paupière,noun,B2
paupériser,verb,C1
pause,noun,B1
pause-café,noun,C2
pauvre,adjective,B1
pauvre,noun,A1
pauvrement,adverb,C2
pauvreté,noun,B1
pavaner,verb,B2
paver,verb,B2
pavillon,noun,B2
pavillonnaire,adjective,B2
pavois,noun,C1
payant,adjective,B1
payer,verb,A2
pays,noun,A1
paysage,noun,A1
paysagiste,noun,C1
paysan,adjective,B1
paysan,noun,B1
peau,noun,A2
peaufiner,verb,C2
peigne,noun,B2
peignoir,noun,B2
peigné,adjective,C2
peindre,verb,A2
peine,noun,A1
peiner,verb,B2
peintre,noun,A1
peinture,noun,A1
pelage,noun,C2
pelle,noun,B2
pelleter,verb,C2
pelletier,noun,C1
pelote,noun,B1
peloton,noun,C1
pelouse,noun,B2
pelé,adjective,C2
penchant,adjective,C2
penchant,noun,C1
pencher,verb,B1
pendant,adjective,C2
pendant,noun,B2
pendant,preposition,A1
pendre,verb,A1
pendule,noun,B2
penne,noun,C1
penny,noun,C1
pensant,adjective,C1
penser,noun,B2
penser,verb,A1
penseur,noun,B2
pensif,adjective,C2
pension,noun,B2
pensionnaire,noun,C1
pensée,noun,B1
pente,noun,B2
pentu,adjective,C1
perception,noun,B2
percer,verb,B2
percevoir,verb,B2
perche,noun,C1
percher,verb,B2
percussion,noun,C1
percutant,adjective,C2
percé,adjective,C2
percée,noun,C2
perdant,adjective,C1
perdre,verb,A1
perdrix,noun,C2
perdu,adjective,A2
perdurer,verb,B2
perfection,noun,B2
perfectionner,verb,B1
perfectionnisme,noun,C2
perfidie,noun,C2
perforer,verb,C1
performance,noun,B2
performant,adjective,B2
perfusion,noun,C1
perle,noun,A2
perler,verb,C2
permanence,noun,B2
permanent,adjective,B2
permettre,verb,A1
permis,noun,B1
permission,noun,B1
pernicieux,adjective,C1
perplexe,adjective,B2
perplexité,noun,C2
perpétrer,verb,C1
perpétuel,adjective,B2
perpétuer,verb,B2
perpétuité,noun,C1
perquisition,noun,B2
perquisitionner,verb,C2
perroquet,noun,C1
pers,adjective,A1
persan,adjective,B2
persan,noun,B2
persil,noun,B2
persistant,adjective,C2
persister,verb,B2
persona,noun,C1
personnage,noun,A1
personnaliser,verb,B2
personnalité,noun,B1
personne,adverb,A1
personne,noun,A1
personnel,adjective,A2
personnel,noun,B1
personnellement,adverb,B2
perspectif,adjective,B2
perspective,noun,B2
perspicace,adjective,C1
perspicacité,noun,B2
persuader,verb,B2
persuasion,noun,C1
persévérance,noun,C2
persévérant,adjective,C2
persévérer,verb,C2
perte,noun,B2
pertinemment,adverb,C1
pertinence,noun,B2
pertinent,adjective,B2
perturbation,noun,B2
perturber,verb,B2
pervers,adjective,B2
perversité,noun,C2
pervertir,verb,B2
pesant,adjective,C1
pesanteur,noun,C2
peser,verb,B1
peso,noun,C1
pessimisme,noun,C1
pessimiste,adjective,B2
pesticide,noun,B2
petit,adjective,A1
petit,noun,A2
petit-beurre,noun,C2
petit-bourgeois,noun,C2
petit-déjeuner,noun,B2
petit-fils,noun,B2
petit-neveu,noun,C2
petite-bourgeoise,adjective,C1
petite-fille,noun,A2
petitesse,noun,C1
petits-enfants,noun,B1
peu,adverb,A1
peul,adjective,C2
peul,noun,B2
peuple,noun,B1
peuplement,noun,C1
peupler,verb,B2
peur,noun,A1
peureux,adjective,C2
peut-être,adverb,A1
pff,interjection,C2
pfff,interjection,B2
pharaon,noun,C1
pharaonique,adjective,C1
phare,noun,B2
pharmaceutique,adjective,B2
pharmacie,noun,A2
pharmacien,noun,B2
pharmacologie,noun,C2
phase,noun,B2
philatéliste,noun,C1
philippin,adjective,C1
philo,noun,B2
philosophe,adjective,B2
philosophe,noun,B2
philosophie,noun,B1
philosophique,adjective,B2
philtre,noun,B2
phobie,noun,B2
phocéen,adjective,C1
phonographe,noun,C1
phonologique,adjective,C2
phonétique,adjective,B2
phonétique,noun,C1
phoque,noun,B2
phosphate,noun,C1
phosphore,noun,C2
phosphorescent,adjective,C1
photo,noun,A1
photocopie,noun,A2
photographe,noun,A2
photographie,noun,B1
photographier,verb,B1
photographique,adjective,B2
photomontage,noun,C1
photosynthèse,noun,C1
phrase,noun,A2
phrygien,adjective,B2
phréatique,adjective,C1
physicien,noun,B2
physiologie,noun,B2
physiologique,adjective,B2
physionomie,noun,C2
physique,adjective,B1
physique,noun,B1
physiquement,adverb,B1
phytoplancton,noun,C1
phénicien,adjective,C1
phénomène,noun,B1
piaf,noun,C1
piaffer,verb,C1
pianiste,noun,B2
piano,adverb,B2
piano,noun,B2
pianoter,verb,B2
piastre,noun,B2
piazza,noun,C2
pic,adverb,C2
pic,noun,B1
picador,noun,C1
picotement,noun,C1
pictogramme,noun,C1
pictural,adjective,C1
pie,adjective,C1
pied,noun,A1
pied-de-biche,noun,C2
pied-à-terre,noun,C2
pierre,noun,A1
pieux,adjective,B2
pigeon,noun,B2
pigiste,noun,C2
pigment,noun,C1
pile,adverb,B2
pile,noun,B2
pilier,noun,C1
piller,verb,B2
pilotage,noun,B2
pilote,noun,B1
piloter,verb,B2
pilule,noun,B2
piment,noun,C1
pimenter,verb,B2
pimpant,adjective,C2
pin,noun,B2
pince,noun,C2
pinceau,noun,B2
pincer,verb,C1
pineau,noun,C1
ping-pong,noun,B2
pingouin,noun,C2
pinson,noun,C1
pinède,noun,C2
pioche,noun,C2
piocher,verb,B2
pion,noun,B2
pionnier,noun,B2
pioupiou,noun,C1
pipe,noun,B2
pipi,noun,C2
piquant,noun,C1
pique,noun,B2
pique-nique,noun,B1
pique-niquer,verb,B1
piquer,verb,B1
piquet,noun,C2
piqûre,noun,B2
pirate,noun,C2
pire,adjective,A1
pirogue,noun,B1
pis,adverb,A2
pisciculteur,noun,C1
piscine,noun,A1
pistache,noun,C2
pistachier,noun,C1
piste,noun,A1
pistole,noun,C1
pistolet,noun,B2
piteux,adjective,C1
pitié,noun,B1
pitoyable,adjective,C2
pittoresque,adjective,B2
pittoresque,noun,C1
pivot,noun,B2
pivoter,verb,C1
pizza,noun,B1
pizzeria,noun,C2
pièce,noun,A1
piège,noun,B1
piéger,verb,B2
piétinement,noun,C1
piétiner,verb,B2
piéton,adjective,A2
piéton,noun,B2
piété,noun,C1
placard,noun,B1
place,noun,A1
placement,noun,B2
placer,noun,B2
placer,verb,A2
plafond,noun,B1
plafonner,verb,C2
plage,noun,A1
plaider,verb,B2
plaidoyer,noun,C1
plaie,noun,B2
plaignant,noun,C2
plaindre,verb,B1
plaine,noun,B1
plainte,noun,B1
plaire,verb,A1
plaisant,adjective,C2
plaisanter,verb,A2
plaisanterie,noun,B1
plaisir,noun,A1
plan,adjective,B2
plan,noun,A1
planche,noun,A1
plancher,noun,B2
plancher,verb,C1
planer,verb,B2
planette,noun,C1
planeur,noun,C2
planifier,verb,C2
planisphère,noun,C1
planning,noun,B2
planquer,verb,C1
plantation,noun,B2
plante,noun,A1
planter,verb,A2
plantigrade,noun,C1
planète,noun,B1
planétaire,adjective,B2
planétaire,noun,C1
plaquage,noun,C1
plaque,noun,B1
plaquer,verb,C1
plaquette,noun,C1
plasma,noun,C1
plasticien,noun,C2
plasticité,noun,B2
plastique,adjective,B2
plastique,noun,A2
plat,adjective,B1
plat,noun,A1
plate-forme,noun,B2
plateau,noun,A1
platitude,noun,C1
plein,adjective,A1
pleinement,adverb,B2
pleurant,adjective,C1
pleurant,noun,B2
pleure,noun,B2
pleurer,noun,B2
pleurer,verb,A1
pleurnicher,verb,C1
pleuvoir,verb,A1
pli,noun,B1
pliable,adjective,C2
pliant,adjective,C1
plie,noun,C1
plier,verb,B1
plisser,verb,C2
plomb,noun,B2
plomber,verb,C2
plomberie,noun,C2
plombier,noun,C2
plonge,noun,C2
plonger,verb,B2
plongeur,noun,B1
plongée,noun,B2
plouc,noun,C1
pluie,noun,A1
plume,noun,A2
plumer,verb,C1
plupart,noun,B1
pluralité,noun,B2
pluriannuel,adjective,C2
pluridisciplinaire,adjective,C2
pluriel,adjective,B2
pluriel,noun,C2
plurilinguisme,noun,C1
plurivoque,adjective,C2
plus,adverb,A1
plus-value,noun,C2
plusieurs,pronoun,A1
plutonium,noun,C1
plutôt,adverb,A1
pluvieux,adjective,C2
plâtre,noun,B2
plébisciter,verb,B2
pléiade,noun,B2
plénier,adjective,C1
plénitude,noun,C1
pléonasme,noun,C2
pneu,noun,B1
pneumatique,adjective,C2
pneumatique,noun,C1
pneumocoque,noun,C1
pneumologue,noun,C1
pneumonie,noun,C2
poche,noun,B1
pocher,verb,C1
pochette,noun,B2
pochoir,noun,C1
pocket,noun,B2
podium,noun,B2
poids,noun,B1
poignant,adjective,C2
poignard,noun,B2
poignarder,verb,B2
poignet,noun,B2
poignée,noun,B2
poil,noun,B1
poilu,adjective,C2
poindre,verb,B2
poing,noun,B1
point,adverb,B2
point,noun,A2
pointe,noun,B1
pointer,verb,B2
pointeur,noun,C1
pointilleux,adjective,C1
pointillisme,noun,C2
pointillé,noun,B2
pointu,adjective,B2
pointure,noun,B2
poinçon,noun,B2
poire,noun,B1
poireau,noun,C1
poiret,noun,C1
pois,noun,B2
poison,noun,B1
poisson,noun,A1
poissonnier,noun,C1
poitrine,noun,B1
poivre,noun,C2
poivrer,verb,C2
poivrier,noun,C1
poix,noun,C1
polaire,adjective,B2
polar,adjective,B2
polar,noun,C2
poli,adjective,B2
police,noun,A1
policier,adjective,B1
policier,noun,B1
poliment,adverb,B2
polir,verb,B2
politesse,noun,B1
politicien,adjective,C2
politicien,noun,C2
politique,adjective,A1
politique,noun,B1
politiquement,adverb,B2
politologue,noun,B2
pollen,noun,C2
pollinisateur,adjective,C2
polluant,adjective,A2
polluant,noun,B2
polluer,verb,B2
pollueur,noun,B2
pollution,noun,B1
polo,noun,B2
polonais,adjective,A2
polonais,noun,C1
polyester,noun,C1
polygamie,noun,C2
polymère,adjective,C1
polymère,noun,B2
polymériser,verb,C1
polynésien,adjective,C1
polyphonique,adjective,C1
polytechnicien,noun,C2
polyvalent,adjective,B2
polémique,adjective,B2
polémique,noun,B2
pomme,noun,A1
pommette,noun,B2
pommier,noun,B2
pompage,noun,C2
pompe,noun,B2
pomper,verb,B2
pompeux,adjective,B2
pompier,adjective,B2
pompier,noun,B1
pompiste,noun,C2
pomponner,verb,C1
ponction,noun,B2
ponctuel,adjective,B2
ponctuer,verb,B2
pondération,noun,C2
pondérer,verb,C2
poney,noun,C2
pont,noun,A1
pont-levis,noun,B2
pool,noun,C1
pop,adjective,B1
pop-corn,noun,C2
populaire,adjective,A2
populariser,verb,B2
popularité,noun,B2
population,noun,A1
populeux,adjective,C2
populisme,noun,C1
porc,noun,A2
porcelaine,noun,B1
porcelet,noun,C1
porche,noun,B2
pore,noun,C1
porosité,noun,C1
port,noun,A1
portable,adjective,A1
portail,noun,B2
portant,adjective,C1
portant,noun,C1
portatif,adjective,C1
porte,adjective,B1
porte,noun,A1
porte-bonheur,noun,B2
porte-carte,noun,C2
porte-clé,noun,C2
porte-documents,noun,C2
porte-monnaie,noun,B2
porte-parole,noun,B2
porte-à-faux,noun,C2
portefaix,noun,C1
portefeuille,noun,B2
porter,noun,B1
porter,verb,A1
porteur,noun,B2
portraire,verb,B2
portrait,noun,B1
portrait-robot,noun,C1
portugais,adjective,A2
portugais,noun,B2
portée,noun,B1
pose,noun,B2
poser,verb,A1
poseur,noun,C1
positif,adjective,B1
positif,noun,C1
position,noun,A2
positionner,verb,B2
positivement,adverb,B2
positiver,verb,C2
positivisme,noun,C2
possesseur,noun,B2
possession,noun,B1
possibilité,noun,A2
possible,adjective,A1
possible,noun,B1
posséder,verb,A1
postal,adjective,B2
poste,noun,A1
poster,noun,C2
poster,verb,B2
posteriori,adverb,C1
posthume,adjective,C2
postier,noun,B2
postillon,noun,C1
postuler,verb,C2
posture,noun,B2
postérieur,adjective,C2
postérité,noun,B2
posé,adjective,B2
posée,noun,C2
posément,adverb,C2
pot,noun,B1
potable,adjective,B2
potage,noun,C2
potager,noun,B2
potassium,noun,C1
pote,noun,B2
potentiel,adjective,B2
potentiel,noun,B2
potentiellement,adverb,C2
poterie,noun,C1
potier,noun,B2
potion,noun,C2
pottok,noun,C2
potée,noun,C2
pou,noun,B2
poubelle,noun,B1
pouce,noun,B2
poudre,noun,B2
poudrer,verb,B2
poudrière,noun,C1
poulailler,noun,C2
poule,noun,B2
poulet,noun,A2
pouliche,noun,C1
poumon,noun,B1
poupe,noun,C1
pouponner,verb,C1
poupée,noun,A2
pour,conjunction,A1
pour,preposition,A1
pourboire,noun,A2
pourcentage,noun,B2
pourfendre,verb,B2
pourpoint,noun,B2
pourpre,noun,B2
pourquoi,adverb,A1
pourquoi,noun,B2
poursuite,noun,B2
poursuivant,noun,C2
poursuivre,verb,B1
pourtant,adverb,A1
pourtour,noun,B2
pourvoyeur,noun,B2
pourvu,adjective,B2
pourvu,noun,C2
pousse,noun,B1
pousser,verb,A2
poussette,noun,C1
poussin,noun,B2
poussière,noun,A2
poussiéreux,adjective,B2
poussée,noun,B2
poutrelle,noun,C2
pouvoir,noun,B1
pouvoir,verb,A1
poème,noun,B1
poète,adjective,A2
poète,noun,B2
poésie,noun,A2
poétesse,noun,C1
poétique,adjective,B2
poétique,noun,C2
poêle,noun,B2
pragmatique,adjective,B2
prairie,noun,B1
praline,noun,C1
praticien,noun,B2
pratiquant,noun,B2
pratique,adjective,A2
pratique,noun,A2
pratiquement,adverb,B1
pratiquer,verb,A1
premier,noun,A1
premièrement,adverb,B1
prenant,adjective,B2
prendre,verb,A1
preneur,noun,B2
presbyte,adjective,C2
presbyte,noun,C1
presbytère,noun,C1
prescription,noun,B2
prescrire,verb,C1
presque,adverb,A1
pressant,adjective,B1
presse,noun,A2
pressentiment,noun,B2
pressentir,verb,C1
presser,verb,A1
pressing,noun,C1
pression,noun,B2
pressoir,noun,B2
pressé,adjective,B1
prestataire,noun,B2
prestation,noun,B2
prestidigitateur,noun,C2
prestige,noun,B2
prestigieux,adjective,B1
preuve,noun,B1
preux,adjective,C2
prier,verb,A1
primaire,adjective,B1
primaire,noun,B2
prime,adjective,B2
prime,noun,B2
primer,verb,C1
primeur,noun,C1
primitif,adjective,B2
primitif,noun,C1
primordial,adjective,B2
prince,noun,A1
princesse,noun,B1
principal,adjective,A1
principal,noun,B2
principalement,adverb,B1
principe,noun,B1
printanier,adjective,C1
printemps,noun,A1
priori,adverb,B2
priori,noun,C1
prioritaire,adjective,B2
prioritairement,adverb,C2
priorité,noun,B2
pris,adjective,C1
prise,noun,B1
priser,verb,B2
prison,noun,A1
prisonnier,noun,A2
privatif,adjective,C1
privation,noun,C1
priver,verb,B1
privilège,noun,B2
privilégier,verb,A2
privilégié,adjective,B2
privilégié,noun,C1
privé,adjective,B1
prix,noun,A1
prière,noun,B1
pro,noun,B2
probabilité,noun,C1
probable,adjective,B2
probablement,adverb,B1
probant,adjective,C2
probatoire,adjective,C1
problème,noun,A1
problématique,adjective,C2
problématique,noun,C2
processeur,noun,B2
procession,noun,B2
processus,noun,B2
prochain,adjective,A1
prochain,noun,C2
prochainement,adverb,B2
proche,adjective,A2
proche,noun,B2
proclamer,verb,B2
procréation,noun,C1
procuration,noun,B2
procurer,verb,B1
procès,noun,B2
procès-verbal,noun,C1
procéder,verb,B2
procédural,adjective,C2
procédure,noun,B2
procédé,noun,B2
prodige,noun,B2
prodigieux,adjective,B2
prodiguer,verb,C1
producteur,adjective,B2
producteur,noun,B1
productif,adjective,C1
production,noun,A2
productivisme,noun,C2
productivité,noun,B2
produire,verb,A1
produit,noun,A1
prof,noun,A1
profanation,noun,C1
profane,noun,C1
profaner,verb,C1
professeur,noun,A1
profession,noun,A2
professionnaliser,verb,B2
professionnel,adjective,B1
professionnel,noun,B1
professionnellement,adverb,C1
professoral,adjective,C1
professorat,noun,C2
profil,noun,B1
profiler,verb,B2
profit,noun,B2
profitable,adjective,C2
profiter,verb,A1
profiteur,noun,C1
profond,adjective,B1
profondeur,noun,B1
profondément,adverb,B1
profusion,noun,C1
proférer,verb,B2
progestérone,noun,C1
programmable,adjective,B2
programmation,noun,B2
programme,noun,A1
programmer,verb,B1
progresser,verb,B1
progressif,adjective,B2
progression,noun,B2
progressivement,adverb,B1
progrès,noun,A2
prohiber,verb,B2
prohibitif,adjective,B2
prohibition,noun,C1
proie,noun,C1
projecteur,noun,B2
projectif,adjective,C2
projectile,noun,C2
projection,noun,B1
projet,noun,A1
projeter,verb,B2
proliférer,verb,B2
prolonge,noun,C2
prolongement,noun,B2
prolonger,verb,B2
prolongé,adjective,B2
prolétariat,noun,C2
promenade,noun,A1
promener,verb,A1
promeneur,noun,B2
promesse,noun,B2
prometteur,adjective,B2
prometteur,noun,C1
promettre,verb,A1
promis,adjective,B2
promis,noun,B2
promiscuité,noun,C1
promontoire,noun,C2
promoteur,noun,B2
promotion,noun,B1
promotionnel,adjective,B2
promouvoir,verb,B2
prompt,adjective,B2
prompteur,noun,C1
promulguer,verb,B2
pronom,noun,B2
prononcer,verb,B1
prononciation,noun,B2
pronostic,noun,B2
pronostiquer,verb,C1
propagande,noun,C1
propagation,noun,B2
propager,verb,C2
propane,noun,C1
prophète,noun,B2
propice,adjective,B2
proportion,noun,B1
proportionnalité,noun,C1
proportionnel,adjective,B2
proportionnellement,adverb,C1
propos,noun,B1
proposer,verb,A1
proposition,noun,A1
propre,adjective,A1
proprement,adverb,B2
propreté,noun,B1
propriétaire,adjective,B1
propriétaire,noun,A1
propriété,noun,B1
propulser,verb,B2
propulseur,adjective,C2
propulseur,noun,C1
prorata,noun,C1
proroger,verb,C1
proscrire,verb,B2
prose,noun,B2
prospectif,adjective,C1
prospection,noun,B2
prospectus,noun,C1
prospère,adjective,B2
prospérer,verb,C1
prospérité,noun,B2
prostate,noun,C1
prostituer,verb,C1
prostitution,noun,C2
prostitué,noun,C1
protagoniste,noun,B2
protecteur,adjective,B2
protecteur,noun,B2
protection,noun,B2
protestant,adjective,B2
protestant,noun,B1
protestantisme,noun,B2
protestation,noun,B2
protester,verb,B2
prothèse,noun,B2
protocole,noun,B2
prototype,noun,B2
protoxyde,noun,C1
protubérant,adjective,C2
protéger,verb,A1
protégé,adjective,C2
protéiforme,adjective,C2
protéine,noun,B2
prouver,verb,A2
provenance,noun,B2
provenir,verb,B1
provençal,adjective,B2
provençal,noun,B2
proverbe,noun,B2
province,noun,A1
provincial,adjective,C2
provincial,noun,B1
proviseur,noun,C2
provision,noun,B1
provisionnel,adjective,C2
provisionné,adjective,C1
provisoire,adjective,B2
provisoirement,adverb,B2
provocant,adjective,B2
provocateur,adjective,B2
provocation,noun,B2
provoquer,verb,B1
proximité,noun,A2
proéminent,adjective,C2
prudemment,adverb,B2
prudence,noun,B2
prudent,adjective,B1
prune,adjective,C2
prune,noun,C2
prunelle,noun,C2
prussien,adjective,C1
prussien,noun,C2
près,adverb,A1
pré,noun,A2
préalable,adjective,B2
préalable,noun,B2
préalablement,adverb,C1
préambule,noun,C1
préau,noun,C2
précaire,adjective,B2
précarité,noun,B2
précaution,noun,B2
précautionneux,adjective,C1
précepte,noun,C2
précieuse,noun,C2
précieux,adjective,A2
précipitamment,adverb,C2
précipitation,noun,C2
précipiter,verb,B1
précis,adjective,A2
préciser,verb,B1
précision,noun,B2
précisément,adverb,B1
précoce,adjective,B2
précocement,adverb,C1
précolombien,adjective,C2
préconisation,noun,C1
préconiser,verb,B2
précurseur,noun,C2
précédent,adjective,B1
précédent,noun,B2
précéder,verb,B2
prédateur,adjective,C1
prédateur,noun,C1
prédiction,noun,B2
prédilection,noun,B2
prédire,verb,B2
prédisposer,verb,C1
prédisposition,noun,B2
prédominance,noun,C2
prédominant,adjective,B2
préexister,verb,C2
préfabrication,noun,C2
préfabriqué,adjective,C2
préface,noun,B2
préfectoral,adjective,B2
préfecture,noun,B1
préfet,noun,B2
préfigurer,verb,B2
préfète,noun,C1
préférable,adjective,B2
préférence,noun,B1
préférer,verb,A1
préféré,adjective,A1
prégnance,noun,C2
préhistoire,noun,B2
préhistorique,adjective,B1
préjudice,noun,B2
préjudiciable,adjective,C2
préjugé,noun,B2
prélever,verb,B2
préliminaire,adjective,B2
prélèvement,noun,B2
prématurément,adverb,B2
prémisse,noun,C2
prénom,noun,A1
prénommer,verb,C2
préoccupant,adjective,B2
préoccupation,noun,B2
préoccuper,verb,B2
préoccupé,adjective,C2
préparatif,noun,B2
préparation,noun,B2
préparatoire,adjective,B2
préparer,verb,A1
prépondérance,noun,C1
préposé,noun,C1
présager,verb,C2
présence,noun,B1
présent,adjective,A2
présent,noun,B1
présentateur,noun,A2
présentation,noun,B1
présentement,adverb,C1
présenter,verb,A1
préservatif,noun,B2
préservation,noun,B2
préserver,verb,B2
préside,noun,C1
présidence,noun,B1
président,noun,A2
présidente,noun,C1
présidentiel,adjective,B2
présider,verb,B1
présumer,verb,B2
présupposer,verb,C2
présupposé,noun,C2
prétendant,noun,B2
prétendre,verb,B1
prétendu,adjective,C2
prétendument,adverb,C1
prétentieux,noun,C1
prétention,noun,B2
prétexte,adjective,C1
prétexte,noun,B2
prétexter,verb,C2
prévaloir,verb,B2
prévenir,verb,B1
préventif,adjective,B2
prévention,noun,B2
prévenu,adjective,C2
prévisible,adjective,B2
prévision,noun,B1
prévisionnel,adjective,B2
prévoir,verb,A1
prévu,adjective,B2
prêcher,verb,C1
prêt,adjective,A1
prêt,noun,B1
prêt-à-porter,noun,B2
prêter,verb,A1
prêtre,noun,B1
prêtresse,noun,B2
prôner,verb,B2
psalmodier,verb,C1
psaume,noun,C2
pseudonyme,adjective,B2
pseudonyme,noun,B2
psy,noun,B2
psychanalyse,noun,C2
psychanalyste,noun,B2
psychiatre,noun,B2
psychiatrique,adjective,B2
psychique,adjective,B2
psychisme,noun,C2
psychologie,noun,B2
psychologique,adjective,B1
psychologiquement,adverb,B2
psychologue,noun,B1
psychopathe,noun,C2
psychophysiologie,noun,C1
psychosocial,adjective,C2
psychosomaticien,noun,C2
psychosomatique,adjective,C2
psychotechnicien,noun,C1
psychothérapeute,noun,C1
psychotrope,noun,C1
pub,noun,B2
public,adjective,B1
public,noun,B1
publication,noun,B1
publicitaire,adjective,B1
publicitaire,noun,C2
publicité,noun,A2
publier,verb,A1
publiphobe,noun,C1
publique,adjective,A2
publiquement,adverb,C2
puce,noun,B2
pudding,noun,C1
pudeur,noun,B2
pudique,adjective,B2
puis,adverb,A1
puisatier,noun,C1
puiser,verb,B2
puisque,conjunction,B1
puissamment,adverb,C2
puissance,noun,B1
puissant,adjective,B1
puissant,noun,B2
puits,noun,B2
pull,noun,A1
pull-over,noun,C2
pulmonaire,adjective,C2
pulpe,noun,C1
pulsation,noun,C2
pulsion,noun,C2
pulvériser,verb,C1
puni,noun,C2
punir,verb,B2
punition,noun,B1
pupille,noun,C2
pur,adjective,B2
pur-sang,noun,C1
purement,adverb,B2
pureté,noun,B1
purgatoire,noun,C1
puriste,adjective,C2
puriste,noun,B2
puritain,adjective,B2
puritain,noun,C2
purée,noun,C1
putain,noun,C1
puzzle,noun,B2
pyjama,noun,B2
pyramide,noun,A1
pyrotechnique,adjective,C2
pyrénéen,adjective,B2
pâle,adjective,B1
pâleur,noun,C1
pâlir,verb,B2
pâte,noun,A1
pâtir,verb,C2
pâtisserie,noun,A2
pâtissier,adjective,C2
pâtissier,noun,B2
pâturage,noun,C2
pâture,noun,B2
pâté,noun,A1
pègre,noun,C2
pèlerinage,noun,B2
père,noun,A1
pédagogie,noun,B2
pédagogique,adjective,B2
pédagogue,adjective,C1
pédagogue,noun,C2
pédale,noun,B2
pédaler,verb,B2
pédalo,noun,C1
pédestre,adjective,C1
pédiatre,noun,C1
pédopsychiatre,noun,C1
péjoratif,adjective,C1
pélican,noun,C1
pénal,adjective,B2
pénaliser,verb,B2
pénalité,noun,C1
pénible,adjective,B1
péniblement,adverb,B2
péniche,noun,C2
pénicilline,noun,C1
péninsule,noun,B2
pénitence,noun,C2
pénitent,noun,C1
pénitentiaire,adjective,C1
pénurie,noun,B2
pénétrant,adjective,C1
pénétrer,verb,B1
pépinière,noun,C2
pérenne,adjective,B2
pérenniser,verb,C2
pérennité,noun,C1
péridural,adjective,C1
péril,noun,B2
périlleux,adjective,B2
périmètre,noun,B2
période,noun,A2
périodiquement,adverb,B2
périphérie,noun,B2
périphérique,adjective,C1
périphérique,noun,B2
périple,noun,B1
péripétie,noun,B2
périr,verb,C1
périscope,noun,C1
pétale,noun,C1
pétanque,noun,A2
pétarader,verb,C1
péter,verb,C2
pétillant,adjective,C2
pétiller,verb,C1
pétition,noun,B2
pétrifier,verb,C1
pétrir,verb,B2
pétrole,noun,B2
pétrolier,adjective,B2
pétrolier,noun,C1
pétulant,adjective,C2
pêche,noun,A2
pêcher,verb,B1
pêcheur,noun,B2
pêle-mêle,adverb,B2
pôle,noun,B2
qu',adverb,A1
quadrichromie,noun,C1
quadriennal,adjective,C1
quadrille,noun,C2
quadriller,verb,C1
quadriréacteur,noun,C1
quai,noun,A1
qualificatif,noun,C1
qualification,noun,B2
qualifier,verb,B1
qualitatif,adjective,C1
qualité,noun,A1
quand,adverb,A1
quand,conjunction,A1
quant,preposition,B1
quantifier,verb,B2
quantique,adjective,C1
quantitatif,adjective,B2
quantité,noun,B2
quarantaine,noun,B2
quart,adjective,C2
quart,noun,A1
quartet,noun,C2
quartier,noun,A1
quasi,adverb,B2
quasiment,adverb,B1
quatre,noun,A2
quatre-heures,noun,C2
quatre-saisons,noun,C1
que,adverb,B1
que,conjunction,A1
que,pronoun,A1
quel,pronoun,A1
quelconque,adjective,B2
quelqu'un,pronoun,A1
quelque,pronoun,A1
quelquefois,adverb,A1
quelques-uns,pronoun,B1
quenelle,noun,C2
querelle,noun,B2
question,noun,A1
questionnaire,noun,B2
questionner,verb,B2
queue,noun,A2
qui,pronoun,A1
qui-vive,noun,B2
quia,adverb,C2
quiche,noun,B2
quiconque,pronoun,B2
quid,pronoun,C1
quidam,noun,C1
quille,noun,B2
quincaillier,noun,C1
quinquagénaire,noun,B2
quintaine,noun,C2
quinzaine,noun,B1
quiproquo,noun,C2
quitte,adjective,C1
quitter,verb,A1
quiétude,noun,C2
quoi,pronoun,A1
quoique,conjunction,B2
quolibet,noun,C2
quota,noun,B2
quotidien,adjective,A2
quotidien,noun,B1
quotidiennement,adverb,B1
québécois,adjective,A2
quête,noun,B1
rabais,noun,B2
rabaisser,verb,C2
rabat,noun,A2
rabat-joie,adjective,C1
rabattre,verb,B2
rabot,noun,C1
raccommodeur,noun,C1
raccompagner,verb,B2
raccorder,verb,B2
raccourcir,verb,C1
raccrocher,verb,B2
race,noun,B2
rachat,noun,C2
racheter,verb,B2
racial,adjective,B2
racine,noun,B2
racisme,noun,B2
raciste,adjective,B2
racket,noun,B2
racketter,verb,C1
raclette,noun,C2
racontar,noun,C2
raconter,verb,A1
radar,noun,B2
rade,noun,C2
radiation,noun,B2
radical,adjective,B2
radical,noun,B2
radicalement,adverb,B2
radin,adjective,C1
radin,noun,B2
radio,adjective,A2
radio,noun,A2
radioactivité,noun,B2
radioguider,verb,C1
radiologie,noun,C1
radiophonique,adjective,C2
radioscopie,noun,C2
radiothérapie,noun,C2
radium,noun,C1
radius,noun,C2
radoteur,adjective,C1
rafale,noun,B2
raffermissement,noun,C2
raffiner,verb,B2
raffinerie,noun,B2
raffiné,adjective,C1
rafraîchir,verb,C1
rafraîchissant,adjective,B2
rage,noun,B1
rager,verb,C1
rageur,adjective,C1
ragréage,noun,C2
rai,noun,C2
raid,noun,C2
raide,adjective,A2
raide,noun,C2
raider,noun,C1
raideur,noun,C1
raidir,verb,C2
rail,noun,B2
railler,verb,C1
raisin,noun,B2
raison,noun,A1
raisonnable,adjective,B1
raisonnement,noun,B2
raisonner,verb,B2
rajouter,verb,B2
ralenti,noun,B2
ralentir,verb,B2
ralentissement,noun,B2
rallier,verb,C2
rallonger,verb,B2
rallumer,verb,B1
rallye,noun,B2
ram,noun,C1
ramassage,noun,B2
ramasse,noun,C2
ramasser,verb,A2
ramassette,noun,C1
rambarde,noun,C1
rame,noun,B2
rameau,noun,C1
ramener,noun,B2
ramener,verb,A2
ramer,verb,B2
rameur,noun,C1
rami,noun,C1
ramification,noun,C1
ramoneur,noun,B2
rampant,noun,C1
rampe,noun,B2
ramper,verb,B2
ranch,noun,C2
rancoeur,noun,B2
randonner,verb,C2
randonneur,noun,B2
randonnée,noun,A2
rang,noun,B2
range,noun,C2
rangement,noun,C2
ranger,verb,A1
rangée,noun,B2
ranimer,verb,B2
rapace,noun,C2
rapatriement,noun,B2
rapatrier,verb,B2
rapatrié,noun,C1
rapetisser,verb,C1
rapide,adjective,A1
rapide,noun,B2
rapidement,adverb,A1
rapidité,noun,B2
rappel,noun,B2
rappeler,verb,A1
rapport,noun,B1
rapporter,verb,B1
rapporteur,noun,B2
rapprochement,noun,C1
rapprocher,verb,A2
raquette,noun,C2
rare,adjective,A2
rarement,adverb,B1
rareté,noun,B2
ras,adjective,B2
ras-le-bol,noun,C1
raser,verb,B2
rasoir,noun,B2
rassasier,verb,B2
rassemblement,noun,B2
rassembler,noun,C2
rassembler,verb,B1
rassurant,adjective,B2
rassurer,verb,A2
rat,noun,B2
ratatouille,noun,C1
rater,verb,B1
ratier,adjective,C1
rating,noun,C2
ratiocination,noun,C2
ration,noun,B2
rationaliser,verb,C2
rationalité,noun,C1
rationnel,adjective,B2
rationnellement,adverb,C1
rattachement,noun,C1
rattacher,verb,B1
rattrapage,noun,C1
rattraper,verb,A2
raté,noun,C1
rauque,adjective,B2
ravage,noun,B2
ravager,verb,B2
ravageur,adjective,C1
ravalement,noun,C2
rave,noun,C1
ravi,adjective,C1
ravigote,noun,C2
ravin,noun,C2
ravioli,noun,C2
ravir,verb,B2
ravissant,adjective,B2
ravisseur,noun,C2
ravitailler,verb,C2
raviver,verb,C2
ravoir,noun,C1
rayon,noun,B1
rayonnement,noun,B2
rayonner,verb,B2
rayure,noun,B2
raz,noun,B2
rebelle,adjective,B1
rebelle,noun,B2
rebeller,verb,C1
rebondir,verb,B2
rebondissant,adjective,C2
rebondissement,noun,C2
rebord,noun,C1
reboucher,verb,C1
rebut,noun,B2
rebutant,adjective,C1
rebuter,verb,C1
recaler,verb,C1
recensement,noun,C1
recenser,verb,B2
recension,noun,C2
recentrer,verb,C2
recette,noun,B1
recevable,adjective,C1
recevoir,verb,A1
recharge,noun,C1
recharger,verb,B2
recherche,noun,A1
rechercher,verb,A1
recherché,adjective,B2
reclure,verb,C2
recoin,noun,B2
recombiner,verb,C1
recommandation,noun,B2
recommander,verb,B1
recommandé,adjective,C2
recommencer,verb,A1
recomposer,verb,A2
recomposition,noun,C1
recompter,verb,C2
reconductible,adjective,C2
reconduire,verb,B1
reconnaissable,adjective,B2
reconnaissance,noun,B1
reconnaissant,adjective,B2
reconnaître,verb,A1
reconquérir,verb,C1
reconstituer,verb,B2
reconstitution,noun,B2
reconstruction,noun,C1
reconstruire,verb,B2
reconversion,noun,B2
recopier,verb,B2
record,noun,B1
recorriger,verb,C1
recoucher,verb,C1
recoudre,verb,C2
recouper,verb,C1
recourir,verb,B2
recours,noun,B1
recouvrir,verb,A2
recru,adjective,C2
recrutement,noun,B2
recruter,verb,B2
recruteur,noun,B2
recréer,verb,B2
rectangle,noun,C1
rectangulaire,adjective,B2
rectorat,noun,C2
recueil,noun,B1
recueillement,noun,C1
recueillir,verb,B2
recul,noun,B2
reculer,verb,B1
reculé,adjective,C1
recyclage,noun,B2
recycler,verb,B2
redescendre,verb,B1
redessiner,verb,C2
redevable,adjective,C1
redevance,noun,C1
redevenir,verb,B1
rediffuser,verb,C2
redire,verb,B2
rediscuter,verb,C2
redistribuer,verb,C1
redistribution,noun,C2
redonner,verb,B1
redoublement,noun,C2
redoubler,verb,B2
redoutable,adjective,B2
redoutablement,adverb,C1
redouter,verb,B2
redresser,verb,B2
redresseur,adjective,C2
redécouvrir,verb,B2
refaire,verb,B1
refermer,verb,B1
refiler,verb,C1
reflet,noun,B2
refléter,verb,B2
reformer,verb,C1
reformuler,verb,B2
refoulement,noun,C1
refouler,verb,B2
refoulé,adjective,C1
refoulé,noun,C1
refrain,noun,B2
refroidir,verb,B2
refroidissement,noun,B2
refuge,noun,B1
refus,noun,B2
refuser,verb,A1
regagner,verb,B1
regard,noun,B1
regardant,adjective,B2
regarder,verb,A1
reggae,adjective,B2
reggae,noun,B1
registre,noun,B2
regret,noun,B1
regrettable,adjective,B2
regretter,verb,A1
regroupement,noun,B2
regrouper,verb,B1
rehaussement,noun,C2
rehausser,verb,C2
rein,noun,B2
reine,noun,A1
reinette,noun,C2
rejaillir,verb,B2
rejet,noun,B2
rejeter,verb,B1
rejoindre,verb,B1
rejouer,verb,C2
relais,noun,B2
relancer,verb,B2
relater,verb,B2
relatif,adjective,B2
relatif,noun,B2
relation,noun,A2
relationnel,adjective,C2
relativement,adverb,B2
relativité,noun,B2
relaxation,noun,C1
relaxer,verb,C2
relecture,noun,C1
relent,noun,C1
relever,verb,B1
relevé,adjective,C2
relevé,noun,C2
relief,noun,B2
relier,verb,B1
religieusement,adverb,C1
religieux,adjective,B1
religieux,noun,B1
religion,noun,A2
relique,noun,B1
relire,verb,B2
relogement,noun,C2
reloger,verb,B2
relouer,verb,C1
relâche,noun,C2
relâchement,noun,C1
relâcher,verb,B2
relève,noun,C2
reléguer,verb,B2
remaniement,noun,C1
remariage,noun,B2
remarier,verb,B1
remarquable,adjective,B2
remarquablement,adverb,B2
remarque,noun,B1
remarquer,verb,A1
rembobiner,verb,C2
remboursement,noun,B2
rembourser,verb,B2
remerciement,noun,B2
remercier,verb,A1
remettre,verb,B1
remise,noun,B2
remiser,verb,C1
remonter,verb,A1
remontée,noun,C2
remords,noun,B2
rempailleur,noun,C1
rempart,noun,B2
remplacement,noun,B2
remplacer,verb,A1
remplaçable,adjective,C2
remplaçant,noun,C2
remplier,verb,C1
remplir,verb,A2
remplissage,noun,C1
remporter,verb,A2
remuant,adjective,C1
remue,noun,C1
remuer,verb,B1
remède,noun,B2
remédier,verb,B2
renaissance,noun,A2
renaissant,adjective,C1
renard,noun,B1
renaud,noun,C2
renaître,verb,B2
renchérir,verb,B2
renchérissement,noun,C1
rencontre,noun,A1
rencontrer,verb,A1
rendement,noun,B2
rendez-vous,noun,A1
rendormir,verb,B2
rendre,verb,A1
renfermer,verb,B2
renforcement,noun,B2
renforcer,verb,B2
renfort,noun,C2
renfrogner,verb,C1
rengainer,verb,B2
renier,verb,B2
renne,noun,C1
renom,noun,C2
renommer,verb,C2
renommé,adjective,C1
renommée,noun,C1
renoncement,noun,C1
renoncer,verb,B1
renouer,verb,B2
renouveau,noun,C1
renouvelable,adjective,B2
renouveler,verb,B1
renouvellement,noun,B2
renseignement,noun,B1
renseigner,verb,A2
rentabilité,noun,B2
rentable,adjective,B2
rente,noun,B2
rentraire,verb,B1
rentrer,verb,A1
rentré,adjective,C2
rentrée,noun,B1
renversant,adjective,C2
renverse,noun,C1
renversement,noun,C2
renverser,verb,B1
renversé,adjective,C1
renvoi,noun,C1
renvoyer,verb,B1
renâcler,verb,C2
reparaître,verb,B2
reparler,verb,B2
repartir,verb,A1
repas,noun,A1
repassage,noun,C1
repasse,noun,C1
repasser,verb,B1
repasseur,noun,C1
repeigner,verb,C1
repeindre,verb,C2
repenser,verb,B1
repentir,verb,B2
replacer,verb,B2
replanter,verb,B2
repli,noun,B2
replier,verb,B1
replié,adjective,C2
reportage,noun,B1
reporter,noun,B2
reporter,verb,B2
repos,noun,B1
reposer,verb,A1
repousse,noun,C1
repousser,verb,B1
repoussoir,noun,C1
reprendre,verb,A1
reprise,noun,B1
reproche,noun,B1
reprocher,verb,B2
reproductif,adjective,B2
reproduction,noun,B2
reproduire,verb,B2
représentant,noun,B2
représentatif,adjective,B2
représentation,noun,B2
représenter,verb,A1
reptation,noun,C1
reptile,noun,B2
repère,noun,B2
repérable,adjective,C2
repérage,noun,B2
repérer,verb,B2
repêcher,verb,C2
requin,noun,C1
requérir,verb,B2
requête,noun,B2
resonger,verb,C1
respect,noun,B1
respectable,adjective,B2
respecter,verb,A1
respectif,adjective,B2
respectivement,adverb,B2
respectueux,adjective,B1
respiration,noun,B1
respiratoire,adjective,B2
respirer,verb,B1
resplendir,verb,C1
responsabiliser,verb,C2
responsabilité,noun,A2
responsable,adjective,A1
ressaisir,verb,C2
ressemblance,noun,B2
ressembler,verb,A1
ressenti,adjective,C2
ressentiment,noun,C1
ressentir,verb,B1
resserrer,verb,C1
ressort,noun,B1
ressortir,verb,B1
ressource,noun,B1
restant,adjective,B2
restant,noun,B2
restau,noun,A2
restaurant,noun,A1
restaurateur,adjective,C2
restaurateur,noun,B2
restauration,noun,B1
restaurer,verb,A2
reste,noun,A1
rester,verb,A1
restituer,verb,B2
restitution,noun,B2
resto,noun,A2
restreindre,verb,B2
restrictif,adjective,B2
restriction,noun,B2
restructurer,verb,C1
resurgir,verb,C1
retard,noun,A1
retardataire,noun,B2
retarder,verb,B2
retenir,verb,A2
retentir,verb,B2
retentissement,noun,C1
retenue,noun,B2
retirer,verb,A1
retombe,noun,C2
retomber,verb,B1
retombée,noun,B2
retouche,noun,B2
retour,noun,A1
retourne,noun,C2
retourner,verb,A1
retracer,verb,B1
retraire,verb,C2
retrait,adjective,C2
retrait,noun,B2
retraite,noun,A2
retraitement,noun,C2
retraiter,verb,B1
retraité,adjective,B2
retraité,noun,B1
retrancher,verb,C2
retransmettre,verb,C1
retravailler,verb,B2
retrousser,verb,C1
retrouve,noun,B2
retrouver,verb,A1
revanche,noun,B1
revenant,noun,C2
revendeur,noun,C1
revendication,noun,B2
revendiquer,verb,B1
revendre,verb,B2
revenir,verb,A1
revente,noun,C1
revenu,noun,B1
revers,noun,B2
reverser,verb,C1
revigorer,verb,C2
revirement,noun,C1
revisiter,verb,C1
revitalisant,adjective,C1
revitaliser,verb,C2
revivre,verb,B1
revoir,verb,A1
revolver,noun,B2
revue,noun,B1
revêtement,noun,B2
revêtir,verb,B2
rez-de-chaussée,noun,B1
reçu,adjective,B2
rhabiller,verb,C2
rhinocéros,noun,C1
rhodanien,adjective,C2
rhododendron,noun,C2
rhum,noun,A2
rhumatisme,noun,C1
rhumatologie,noun,C2
rhumb,noun,C1
rhume,noun,B1
rhéologique,adjective,C1
rhétorique,adjective,C2
rhétorique,noun,C2
riant,adjective,B2
ricaner,verb,C2
riche,adjective,A1
riche,noun,B1
richement,adverb,C2
richesse,noun,A2
richissime,adjective,C2
ride,noun,B2
rideau,noun,B1
rider,verb,B2
ridicule,adjective,B2
ridicule,noun,B2
ridiculiser,verb,B2
rien,adverb,A1
rien,noun,A1
rigide,adjective,B2
rigole,noun,C1
rigoler,verb,B2
rigolo,adjective,B2
rigolote,adjective,C1
rigoureusement,adverb,B2
rigoureux,adjective,B2
rigueur,noun,B2
rime,noun,B2
rincer,verb,C1
ringard,adjective,C1
riposte,noun,C1
rire,noun,A2
rire,verb,A1
ris,noun,C2
risque,noun,B1
risquer,verb,B1
rit,noun,C2
rital,noun,C1
rite,noun,B2
ritournelle,noun,C1
rituel,adjective,B2
rituel,noun,B2
rivage,noun,B2
rival,adjective,C2
rival,noun,B2
rivaliser,verb,B2
rive,noun,A2
riverain,noun,B2
rivet,noun,C1
rivière,noun,A1
riz,noun,A1
robe,noun,A2
robinet,noun,B2
robot,noun,B1
robotique,noun,B1
robuste,adjective,B2
roc,noun,B2
rocaille,noun,C2
rocailleux,adjective,C2
rocambole,noun,C2
rocambolesque,adjective,C2
roche,noun,B1
rocher,noun,B1
rocher,verb,B2
rocheux,adjective,B2
rock,noun,A1
rococo,adjective,C2
roder,verb,C2
roi,noun,A1
rom,noun,C1
romain,adjective,A2
roman,adjective,B1
roman,noun,A1
roman-feuilleton,noun,B2
roman-photo,noun,C1
romancer,verb,C2
romanche,adjective,C2
romancier,noun,B1
romanesque,adjective,B2
romanesque,noun,B2
romano,noun,C1
romantique,adjective,A1
romantisme,noun,B2
rompre,verb,B1
rompu,noun,C2
ronchon,noun,C1
rond,adjective,A2
rond,noun,B1
rond-point,noun,C1
ronde,noun,B1
rondelle,noun,B2
ronder,verb,C2
rondeur,noun,C2
ronflant,adjective,C1
ronflement,noun,C2
ronfler,verb,C2
ronger,verb,C2
rongeur,noun,B2
ronronner,verb,B2
rosace,noun,C1
rosbif,noun,C1
rose,adjective,B1
rose,noun,B1
roser,verb,B2
rosette,noun,C1
rosier,noun,A2
rosé,adjective,C2
rot,noun,C1
rotation,noun,B2
roter,verb,C1
roturier,adjective,C1
rouage,noun,B2
roue,noun,A1
rouge,adjective,A1
rouge,noun,B2
rouge-gorge,noun,C1
rouget,noun,C1
rougeâtre,adjective,B2
rougir,verb,B1
rouille,noun,C1
rouiller,verb,C2
roule,noun,C1
rouler,verb,A1
roulette,noun,B2
rouleur,noun,C1
roulis,noun,C1
roulotte,noun,B2
roumain,adjective,B2
roumain,noun,C1
rousse,noun,B2
routard,noun,C1
route,noun,A1
router,verb,C2
routier,adjective,B1
routier,noun,B2
routine,noun,B2
rouvre,noun,B2
rouvrir,verb,B2
roux,adjective,B1
royal,adjective,A2
royalement,adverb,C2
royaliste,adjective,C1
royaume,noun,A2
royauté,noun,C1
ruban,noun,B1
rubis,noun,C1
rubrique,noun,B2
ruche,noun,C2
rude,adjective,B2
rudement,adverb,B2
rudiment,noun,C2
rudimentaire,adjective,B2
rudoiement,noun,C1
rue,noun,A1
ruelle,noun,B2
ruer,verb,B2
rugby,noun,C1
ruine,noun,B1
ruiner,verb,B2
ruiné,adjective,C1
ruisseau,noun,B1
rumeur,noun,B2
rupture,noun,B2
rural,adjective,B2
ruralité,noun,C1
ruse,noun,B2
ruser,verb,B2
rush,noun,C1
russe,adjective,A2
russe,noun,B2
rustique,adjective,B2
rusé,adjective,C2
ruée,noun,B2
rythme,noun,B1
rythmer,verb,C1
rythmicité,noun,C1
rythmique,adjective,C1
râle,noun,C1
râler,verb,B2
râpé,adjective,C2
râteau,noun,C2
règle,noun,B1
règlement,noun,B2
règne,noun,B1
ré,noun,A2
réac,adjective,C1
réac,noun,C1
réacteur,noun,B2
réaction,noun,B1
réactionnaire,adjective,C1
réactiver,verb,C1
réactivité,noun,C1
réadaptation,noun,B2
réadapter,verb,C2
réaffirmer,verb,C2
réagir,verb,B1
réajuster,verb,C2
réalisable,adjective,C1
réalisateur,noun,A2
réalisation,noun,B1
réaliser,verb,A1
réalisme,noun,B2
réaliste,adjective,B1
réalité,noun,A1
réaménager,verb,B2
réanimation,noun,B2
réapparaître,verb,B1
réapprendre,verb,B2
réapprovisionner,verb,C2
réassortir,verb,C2
rébellion,noun,B2
rébus,noun,C1
récalcitrant,adjective,C1
récemment,adverb,B2
récent,adjective,B1
récepteur,noun,B2
réceptif,adjective,C2
réception,noun,A2
réchaud,noun,C2
réchauffement,noun,B2
réchauffer,verb,B2
récidiver,verb,C1
récidiviste,noun,C2
réciprocité,noun,B2
réciproque,adjective,B2
réciproque,noun,C1
récit,noun,B1
réciter,verb,B2
réclamation,noun,B2
réclame,noun,C2
réclamer,verb,B1
réclusion,noun,B2
récoler,verb,C2
récolte,noun,B2
récolter,verb,B2
récompense,noun,B1
récompenser,verb,B1
réconcilier,verb,B2
réconfort,noun,C2
réconfortant,adjective,C2
récréation,noun,B2
récupération,noun,B2
récupérer,verb,B1
récurrent,adjective,B2
récuser,verb,B2
rédacteur,noun,B2
rédaction,noun,B1
rédemption,noun,C1
rédiger,verb,A2
réducteur,noun,C2
réductible,adjective,C2
réduction,noun,B2
réduire,verb,B1
réduit,adjective,B2
réel,adjective,B1
réel,noun,B2
réellement,adverb,B1
réentendre,verb,C1
réfectoire,noun,C1
réflexe,adjective,C1
réflexe,noun,B2
réflexion,noun,B1
réfléchi,adjective,C1
réfléchir,verb,A1
réforme,noun,B2
réfractaire,adjective,C2
réfrigérateur,noun,B2
réfugier,verb,B2
référence,noun,B1
référencer,verb,B2
référendum,noun,C1
référentiel,adjective,B2
référer,verb,B2
référé,noun,C1
régal,noun,C2
régaler,verb,B1
régalien,adjective,C1
régence,noun,C2
régent,noun,C2
régime,noun,B1
régiment,noun,C1
région,noun,A1
régional,adjective,B1
régir,verb,B2
réglage,noun,C2
réglementaire,adjective,C2
réglementation,noun,B2
réglementer,verb,B2
régler,verb,A1
régner,verb,B2
régresser,verb,C1
régression,noun,C2
régularisation,noun,C1
régulariser,verb,B2
régularité,noun,C1
régulateur,noun,C1
régulation,noun,C1
réguler,verb,C1
régulier,adjective,B1
régulier,noun,C2
régulièrement,adverb,B1
régénérer,verb,C2
régénérescence,noun,C2
réhabilitation,noun,C1
réhabiliter,verb,C1
réhabituer,verb,C1
réinscrire,verb,C1
réinsertion,noun,B2
réinstaller,verb,C1
réintroduction,noun,C1
réintroduire,verb,B2
réintégration,noun,C1
réintégrer,verb,C1
réinventer,verb,B2
réjouir,verb,B1
réjouissance,noun,C2
réjouissant,adjective,C1
rémanence,noun,C1
rémission,noun,C1
rémouleur,noun,C1
rémunération,noun,B2
rémunérer,verb,B2
rénovation,noun,C2
rénover,verb,B2
réorchestrer,verb,C2
réorganisation,noun,B2
réorganiser,verb,C1
répandre,verb,B1
réparable,adjective,C1
réparateur,adjective,B2
réparation,noun,B1
réparer,verb,B1
répartir,verb,B2
répartition,noun,B2
répercussion,noun,B2
répercuter,verb,C1
répertoire,noun,B1
répertorier,verb,B2
répit,noun,C1
réplique,noun,B2
répliquer,verb,B2
répondeur,adjective,C1
répondeur,noun,A2
répondre,verb,A1
réponse,noun,A1
répression,noun,B2
réprimander,verb,C2
réprimer,verb,B2
réprobation,noun,C2
réprouver,verb,C2
républicain,adjective,B1
républicain,noun,C1
république,noun,A1
répulsif,adjective,C1
répulsion,noun,C2
réputation,noun,B1
réputer,verb,B2
réputé,adjective,B2
répéter,verb,A1
répétitif,adjective,B2
répétition,noun,B1
réquisitoire,noun,C2
réseau,noun,B2
réservation,noun,B1
réserve,noun,A2
réserver,verb,A1
réserviste,noun,C1
réservoir,noun,B2
réservé,adjective,B2
résidence,noun,A2
résident,noun,B2
résidentiel,adjective,B2
résider,verb,B1
résidu,noun,B1
résignation,noun,B2
résigner,verb,B2
résigné,adjective,C1
résiliation,noun,C1
résine,noun,C1
résistance,noun,B1
résistant,adjective,B2
résistant,noun,A2
résister,verb,B1
résolument,adverb,B2
résolution,noun,B2
résonance,noun,C1
résonner,verb,B2
résorber,verb,B2
résoudre,verb,B2
résultat,noun,B1
résulter,verb,B2
résumer,verb,B2
résumé,noun,B2
résurgence,noun,C1
résurrection,noun,B2
rétabli,adjective,C1
rétablir,verb,B2
rétablissement,noun,C1
rétamer,verb,C1
rétameur,noun,C1
rétention,noun,C2
réticence,noun,B2
réticent,adjective,C1
réticule,noun,C2
rétif,adjective,B2
rétorquer,verb,B2
rétracter,verb,C1
rétribuer,verb,C1
rétribution,noun,B2
rétro,adjective,C2
rétrécir,verb,C1
rétrécissement,noun,C1
réunion,noun,A1
réunir,verb,A1
réussi,adjective,C1
réussir,verb,A1
réussite,noun,B1
réutilisable,adjective,C2
réutiliser,verb,B2
réveil,noun,B2
réveiller,verb,A1
réveillon,noun,A1
réverbère,noun,C2
réversible,adjective,C1
réviser,verb,B2
révision,noun,B2
révoltant,adjective,B2
révolte,noun,B2
révolter,verb,B2
révolution,noun,B1
révolutionnaire,adjective,B1
révolutionnaire,noun,B2
révolutionner,verb,B1
révélateur,adjective,B2
révélateur,noun,C2
révélation,noun,B1
révéler,verb,B1
révérence,noun,C1
réécrire,verb,C1
rééditer,verb,C1
réédition,noun,C1
rééligible,adjective,C1
réélire,verb,C2
rêne,noun,B2
rêvasser,verb,C1
rêve,noun,A1
rêver,verb,A1
rêverie,noun,B1
rêveur,adjective,B2
rêveur,noun,C1
rêvé,adjective,B2
rôder,verb,B2
rôle,noun,A1
rôti,noun,C2
rôtir,verb,B2
sabbatique,adjective,B2
sabin,adjective,C2
sablage,noun,C1
sable,noun,A2
sablon,noun,C1
sabot,noun,B1
saboter,verb,C2
sabre,noun,C1
sac,noun,A1
saccade,noun,C2
saccager,verb,C1
sacerdotal,adjective,C2
sachet,noun,B2
sacoche,noun,B2
sacraliser,verb,B2
sacre,noun,C2
sacrement,noun,B2
sacrer,verb,B2
sacrifice,noun,B2
sacrifier,verb,B2
sacrilège,noun,C1
sacro-saint,adjective,C2
sacré,adjective,B1
sacré,noun,B2
sacrément,adverb,C1
safari,noun,B2
saga,noun,C1
sagacité,noun,C2
sage,adjective,A2
sage-femme,noun,C1
sagement,adverb,C2
sagesse,noun,B2
saigner,verb,B2
saillant,adjective,B2
sain,adjective,B2
sainement,adverb,C1
saint,adjective,B1
saint,noun,B2
saint-pierre,noun,C1
saint-père,noun,C2
saisir,verb,B1
saisissant,adjective,C1
saisissement,noun,C2
saison,noun,A2
saisonnier,adjective,B2
salade,noun,A1
saladier,noun,B2
salaire,noun,B1
salami,noun,C1
salarial,adjective,B2
salariat,noun,C2
salarier,verb,B2
salarié,noun,B1
salaud,adjective,C2
salaud,noun,C1
sale,adjective,A1
saler,verb,B2
saleté,noun,B2
salir,verb,B1
salière,noun,B2
salle,noun,A1
salon,noun,A1
saloon,noun,C1
salsa,noun,B2
saluer,verb,A1
salut,noun,A1
salutaire,adjective,B2
salutation,noun,A2
salé,adjective,C1
samba,noun,B2
samedi,noun,A1
sanction,noun,B2
sanctionner,verb,B2
sandale,noun,C2
sandwich,noun,B1
sang,noun,A2
sang-froid,noun,C2
sanglant,adjective,B2
sangler,verb,C2
sanglier,noun,B2
sanguin,adjective,B2
sanguinaire,adjective,C1
sanitaire,adjective,B2
sanitaire,noun,C1
sans,conjunction,C1
sans,preposition,A1
sans-abri,noun,C1
sans-culotte,noun,C1
sans-emploi,noun,C1
sanscrit,adjective,C2
santal,noun,C2
santon,noun,C2
santé,noun,A1
saoul,adjective,C1
saper,verb,C1
saphir,adjective,C2
saphir,noun,B2
sapin,noun,A1
saquer,verb,C2
sarcasme,noun,C1
sarcophage,noun,C1
sardine,noun,A2
sari,noun,C2
sas,noun,C2
satanique,adjective,C1
satellite,noun,B2
satin,noun,B2
satirique,adjective,B2
satisfaction,noun,B1
satisfaire,verb,B1
satisfaisant,adjective,B2
satisfait,adjective,C2
satiété,noun,C1
saturer,verb,C1
sauce,noun,B2
saucisse,noun,B1
saucisson,noun,A2
sauf,adjective,B2
sauf,preposition,A2
saugrenu,adjective,B2
saumon,noun,A2
sauna,noun,C2
saupoudrage,noun,C1
saupoudrer,verb,C1
saurer,verb,B2
sauropodes,noun,C1
saut,noun,B2
saute,noun,B2
sauter,verb,A2
sauterelle,noun,C1
sautiller,verb,C2
sauvage,adjective,A2
sauvagement,adverb,B2
sauvegarde,noun,B2
sauvegarder,verb,C1
sauver,verb,A1
sauvetage,noun,C1
sauvette,adverb,C1
savane,noun,B2
savant,adjective,B2
savant,noun,B2
saveur,noun,B2
savoir,noun,B1
savoir,verb,A1
savoir-faire,noun,B2
savoir-vivre,noun,B2
savon,noun,B2
savonner,verb,C2
savonnette,noun,C2
savourer,verb,B2
savoureux,adjective,B1
savoyard,adjective,B2
saxon,noun,C2
scandale,noun,B2
scandaleux,adjective,B2
scandaliser,verb,C2
scander,verb,B2
scandinave,adjective,B2
scanner,noun,C1
scanner,verb,C2
scaphandre,noun,C2
scarabée,noun,B2
scarifier,verb,C1
sceau,noun,B2
scepticisme,noun,B2
schizo,noun,C2
schizophrène,noun,C2
schizophrénie,noun,B2
schéma,noun,C1
scie,noun,C1
science,noun,A1
science-fiction,noun,B1
scientifique,adjective,A1
scientifiquement,adverb,B2
scientisme,noun,C2
scientiste,noun,C2
scier,verb,B2
scinder,verb,B2
scintigraphie,noun,C2
scléroser,verb,C2
scolaire,adjective,A1
scolariser,verb,B2
scolarité,noun,B2
scoop,noun,B2
scooter,noun,C1
score,noun,C1
scorpion,noun,C1
scoubidou,noun,C1
scrupule,noun,B2
scruter,verb,B2
sculpter,verb,B2
sculpteur,noun,B1
sculpture,noun,A2
scène,noun,A2
scélérat,noun,B2
scénario,noun,B2
scénique,adjective,C2
scénographie,noun,C1
se,pronoun,A1
seau,noun,B1
sec,adjective,A1
second,noun,B1
secondaire,adjective,B2
seconder,verb,B2
secouer,verb,B1
secouriste,noun,C1
secours,noun,B1
secousse,noun,C2
secret,adjective,B1
secret,noun,A1
secrètement,adverb,B1
secrétaire,noun,A1
secrétariat,noun,A2
secte,noun,C1
secteur,noun,A2
section,noun,B1
seigneur,noun,B1
seigneurial,adjective,C2
seigneurie,noun,B2
sein,noun,B1
seizième,noun,C1
sel,noun,B1
select,adjective,C1
selle,noun,B2
seller,verb,B2
selon,preposition,A1
semaille,noun,C2
semaine,noun,A1
semblable,adjective,B1
semblant,noun,B1
sembler,verb,A1
semelle,noun,B2
semence,noun,B2
semer,verb,B2
semestre,noun,B2
semi-liberté,noun,B2
semis,noun,B2
sempiternellement,adverb,C2
senior,adjective,C1
senior,noun,B2
sensation,noun,B1
sensationnel,adjective,B2
sensibilisateur,noun,C1
sensibilisation,noun,B2
sensibiliser,verb,B2
sensibilité,noun,B2
sensible,adjective,A2
sensiblement,adverb,B2
sensitif,adjective,C1
sensitivité,noun,C1
sensoriel,adjective,B2
sensuel,adjective,B2
sente,noun,C1
sentence,noun,C2
senteur,noun,B2
sentier,noun,B1
sentiment,noun,A2
sentimental,adjective,B2
sentinelle,noun,B2
sentir,verb,A1
sept,noun,B2
septembre,noun,A1
septicémie,noun,C1
septième,adjective,B2
septième,noun,C2
serbo-croate,noun,C1
serein,adjective,B2
sereinement,adverb,C1
sergent,noun,C2
serment,noun,B2
sermon,noun,C2
serpent,noun,A1
serpenter,verb,C2
serpentin,noun,C1
serra,noun,C2
serre,noun,B2
serrer,verb,B1
serrure,noun,B1
serré,adjective,B2
sert,noun,C1
servante,noun,B1
serveur,noun,A1
serviable,adjective,C1
service,noun,A1
serviette,noun,B1
servir,verb,A1
serviteur,noun,B1
session,noun,B2
seuil,noun,B1
seul,adjective,A1
seul,noun,A2
seulement,adverb,A1
sevrage,noun,B2
sevrer,verb,C1
sex-appeal,noun,C1
sexagénaire,adjective,C1
sexagénaire,noun,C2
sexe,noun,B1
sexiste,adjective,C2
sexologue,noun,C1
sexualité,noun,B2
sexuel,adjective,B1
sexuellement,adverb,B2
sexué,adjective,C1
sexy,adjective,B2
shampoing,noun,C2
shampooing,noun,C2
shooter,verb,C2
shopping,noun,B2
short,noun,B1
show,noun,B2
show-business,noun,C2
si,adverb,A1
si,conjunction,A1
sibylle,noun,C1
sibérien,adjective,C1
sic,adverb,C1
sida,noun,B2
sidérurgique,adjective,C2
sien,pronoun,B1
sierra,noun,B2
sieste,noun,B2
sieur,noun,B2
sifflement,noun,B2
siffler,verb,B1
sifflet,noun,C1
sigler,verb,C2
signal,noun,B2
signalement,noun,C2
signaler,verb,B1
signaliser,verb,C1
signalé,adjective,C2
signataire,noun,C1
signature,noun,B2
signe,noun,A2
signer,verb,B1
significatif,adjective,B2
signification,noun,B2
signifier,verb,B1
signé,adjective,B2
silence,noun,A1
silencer,verb,C2
silencieusement,adverb,B1
silencieux,adjective,B1
silencieux,noun,C2
silhouette,noun,B1
silhouetter,verb,C2
sillage,noun,C2
sillon,noun,B2
sillonner,verb,B2
similaire,adjective,C1
similarité,noun,C1
similitude,noun,C1
simple,adjective,A1
simple,noun,B2
simplement,adverb,A2
simplicité,noun,B1
simplification,noun,B2
simplifier,verb,B2
simpliste,adjective,B2
simulacre,noun,B2
simulation,noun,B2
simuler,verb,C2
simultanément,adverb,B2
sincère,adjective,A2
sincèrement,adverb,B2
sincérité,noun,B2
singe,noun,B2
single,adjective,C1
single,noun,C2
singulariser,verb,C2
singulier,adjective,B2
singulièrement,adverb,B2
sinistre,adjective,B2
sinistre,noun,B2
sinistré,adjective,C1
sinistré,noun,C2
sinon,conjunction,A1
sinécure,noun,C1
sire,noun,B1
sirop,noun,A2
sirène,noun,B1
sismique,adjective,C1
site,noun,A1
situation,noun,A1
situer,verb,A1
six,noun,C1
siècle,noun,A1
siège,noun,B1
siéger,verb,B2
sketch,noun,B2
ski,noun,A1
skier,verb,A2
slogan,noun,B2
smoking,noun,B1
snob,adjective,B2
snob,noun,C1
snobisme,noun,B2
sobre,adjective,B2
sociabilité,noun,B2
sociable,adjective,C1
social,adjective,A2
socialement,adverb,B2
socialisation,noun,B2
socialiser,verb,C2
socialisme,noun,B2
socialiste,adjective,B2
socialiste,noun,C1
socio-économique,adjective,C1
socio-éducatif,adjective,C1
socioculturel,adjective,B2
sociologie,noun,B2
sociologique,adjective,B2
sociologue,noun,B2
socioprofessionnel,adjective,C1
société,noun,A1
socle,noun,B2
soda,noun,B2
soeur,noun,A1
soi,pronoun,B1
soi-disant,adjective,B2
soie,noun,B2
soif,noun,A2
soigner,verb,B1
soigneusement,adverb,B1
soigné,adjective,B1
soin,noun,B1
soir,noun,A1
soirée,noun,A1
soit,adverb,C1
soit,conjunction,A1
soixantaine,noun,B2
soja,noun,B2
sol,noun,B1
solaire,adjective,A2
soldat,noun,A2
soldate,noun,C1
solde,noun,A1
solder,verb,B2
soleil,noun,A1
solennel,adjective,B1
solennellement,adverb,B2
solennité,noun,C1
solidaire,adjective,B2
solidarité,noun,A2
solide,adjective,B1
solidement,adverb,C1
solidifier,verb,C1
solidité,noun,B2
solitaire,adjective,B1
solitaire,noun,B2
solitude,noun,B2
solliciter,verb,B2
solo,noun,B1
solstice,noun,C2
soluble,adjective,C2
solution,noun,A1
solvant,noun,B2
sombre,adjective,B1
sombrer,verb,B2
sommaire,adjective,C2
somme,noun,B1
sommeil,noun,A2
sommelier,noun,C1
sommer,verb,B2
sommet,noun,A1
sommier,noun,C2
somnolence,noun,C1
somnoler,verb,C2
somptueux,adjective,B2
son,determiner,A1
son,noun,A1
sondage,noun,B2
sonde,noun,C1
sonder,verb,C2
sondeur,noun,B2
songe,noun,B1
songer,verb,B1
songeur,adjective,C1
sonner,verb,A1
sonnerie,noun,B2
sonnette,noun,B2
sonore,adjective,B2
sonorité,noun,B2
sophie,noun,C1
sophistiquer,verb,B2
sophistiqué,adjective,B2
sorcellerie,noun,C2
sorcier,noun,B2
sordide,adjective,C1
sororal,adjective,C2
sors,noun,B2
sort,noun,A1
sortant,noun,B1
sorte,noun,B1
sortie,noun,A1
sortilège,noun,C2
sortir,noun,B2
sortir,verb,A1
sosie,noun,C1
sot,noun,C2
sottise,noun,C1
sou,noun,B1
soubresaut,noun,C1
soubreveste,noun,C2
souche,noun,B2
souci,noun,B2
soucier,verb,B2
soucieux,adjective,B2
soucoupe,noun,C2
soudain,adjective,B2
soudain,adverb,A1
soudainement,adverb,B2
soudanais,adjective,C2
souder,verb,C2
soudoyer,verb,C2
souffle,noun,B1
souffler,verb,A1
soufflet,noun,C2
soufflé,noun,C2
souffrance,noun,B2
souffrir,verb,B1
soufre,noun,B2
souhait,noun,B1
souhaitable,adjective,B2
souhaiter,verb,A1
souiller,verb,B2
souk,noun,B2
soul,adjective,C1
soulagement,noun,B2
soulager,verb,B1
soulever,verb,B1
soulier,noun,A2
souligner,verb,B2
soumettre,verb,B2
soumission,noun,B2
soupe,noun,A1
souper,noun,B1
souper,verb,B2
soupir,noun,B2
soupirer,verb,B2
souple,adjective,B1
souplesse,noun,B2
soupçon,noun,B2
soupçonner,verb,B2
soupçonneux,adjective,C1
source,noun,B1
sourcier,noun,C2
sourcil,noun,B1
sourciller,verb,C1
sourd,adjective,B1
sourd,noun,C1
souriant,adjective,A2
sourire,noun,A1
sourire,verb,A1
souris,noun,B1
sous,preposition,A1
sous-diacre,noun,C2
sous-directeur,noun,C1
sous-ensemble,noun,C1
sous-entendre,verb,C2
sous-entendu,noun,C2
sous-espèce,noun,C2
sous-estimer,verb,C2
sous-exploiter,verb,C2
sous-louer,verb,B2
sous-marinier,adjective,C1
sous-off,noun,C2
sous-préfecture,noun,C2
sous-préfet,noun,C1
sous-représentation,noun,C1
sous-sol,noun,B2
sous-titrer,verb,C1
sous-utilisation,noun,C1
souscription,noun,C2
souscrire,verb,B2
soussigné,adjective,C2
soustraction,noun,B2
soustraire,verb,B2
soutenir,verb,B2
souterrain,adjective,B2
souterrain,noun,B2
soutien,noun,B2
souvenir,noun,A1
souvenir,verb,A1
souvent,adverb,A1
souverain,adjective,C1
souveraineté,noun,C1
soviétique,adjective,B2
soûlard,noun,C1
spacieux,adjective,B1
spaghetti,noun,A2
spatial,adjective,B1
spatio-temporel,adjective,C1
spationaute,noun,C2
spectacle,noun,A1
spectaculaire,adjective,A2
spectateur,noun,A2
spectral,adjective,C2
spectre,noun,C1
spectromètre,noun,C1
spectrométrie,noun,C1
sphinx,noun,C1
sphère,noun,B2
sphérique,adjective,C2
spin,noun,C2
spiritualité,noun,C1
spirituel,adjective,B2
spirituellement,adverb,C1
splash,noun,C1
splendeur,noun,B2
splendide,adjective,B2
sponsor,noun,C1
spontané,adjective,B2
spontanéité,noun,C2
spontanément,adverb,B2
sporadique,adjective,C1
sporadiquement,adverb,C2
sport,noun,A1
sportif,adjective,A1
sportif,noun,A1
spot,noun,B2
spécial,adjective,A1
spécialement,adverb,A2
spécialisation,noun,B2
spécialiser,verb,B2
spécialiste,noun,B1
spécialité,noun,A1
spécificité,noun,B2
spécifier,verb,C1
spécifique,adjective,B2
spécifiquement,adverb,B2
spécimen,noun,C1
spéculateur,noun,C2
spéculatif,adjective,C1
spéculation,noun,B2
spéculer,verb,B2
spéléologie,noun,C2
square,noun,B1
squash,noun,C1
squatter,verb,B2
squelette,noun,B2
squelettique,adjective,C2
stabiliser,verb,C1
stabilité,noun,B1
stable,adjective,B2
stade,noun,B1
stage,noun,A2
stagiaire,adjective,B2
stagiaire,noun,B2
stagnant,adjective,C1
stagnation,noun,C2
stagner,verb,C1
stand,noun,B1
standard,adjective,C1
standard,noun,B1
standardiste,noun,C1
standing,noun,C2
staphylocoque,noun,C1
star,noun,B1
station,noun,A1
station-service,noun,C1
stationnement,noun,B2
stationner,verb,C1
statistique,adjective,B2
statistique,noun,B2
statue,noun,B1
statuer,verb,B2
statuette,noun,C2
statut,noun,B2
statutaire,adjective,C2
steak,noun,B2
stencil,noun,C2
stigmate,noun,C1
stigmatisation,noun,B2
stigmatiser,verb,C1
stimulant,adjective,B2
stimulant,noun,C2
stimulateur,noun,C2
stimulation,noun,B2
stimuler,verb,B2
stipulant,adjective,C2
stipuler,verb,B2
stock,noun,B2
stockage,noun,C1
stocker,verb,B2
stop,noun,B2
stopper,verb,C1
store,noun,B2
stoïcisme,noun,C1
strangulation,noun,C2
strapontin,noun,C1
stratagème,noun,B2
strate,noun,C1
stratosphère,noun,C1
stratégie,noun,B2
stratégique,adjective,B2
stress,noun,B1
stressant,adjective,C1
stresser,verb,B2
strict,adjective,B1
strictement,adverb,B2
strident,adjective,C1
structural,adjective,C1
structure,noun,B1
structurer,verb,B2
stuc,noun,C2
studio,noun,A1
stupeur,noun,B2
stupide,adjective,A2
stupidement,adverb,C2
stupidité,noun,C1
stupéfaction,noun,B1
stupéfaire,verb,B2
stupéfiant,adjective,C1
stupéfiant,noun,B2
style,noun,A2
stylet,noun,C1
styliser,verb,B2
stylisme,noun,B2
styliste,noun,B2
stylo,noun,B2
sténodactylographe,noun,C1
stérilité,noun,C1
stéréotype,noun,B2
stéréotyper,verb,C1
suave,adjective,B2
subir,verb,B2
subit,adjective,B2
subitement,adverb,C1
subjectif,adjective,C1
subjectivité,noun,B2
subjonctif,adjective,C1
subjuguer,verb,B2
sublime,adjective,B2
sublimer,verb,B2
subliminal,adjective,C1
submerger,verb,C1
submersion,noun,C1
subordonner,verb,C2
subsidiarité,noun,C1
subsistance,noun,C1
subsister,verb,B2
substance,noun,B2
substituer,verb,B2
substitut,noun,C2
substitution,noun,B2
substrat,noun,C1
subterfuge,noun,C1
subtil,adjective,B2
subtilité,noun,B2
subvenir,verb,B2
subvention,noun,B2
subventionner,verb,B1
subversif,adjective,C2
subversion,noun,C1
successeur,noun,B2
successif,adjective,B1
succession,noun,B2
succinct,adjective,C1
succomber,verb,B2
succulence,noun,C1
succulent,adjective,C2
succursale,noun,C1
succès,noun,A1
succédané,noun,C1
succéder,verb,B2
sucer,verb,C2
sucre,noun,A1
sucrer,verb,B1
sucrerie,noun,B2
sucrier,adjective,C2
sud,adjective,B1
sud,noun,A1
sud-africain,adjective,B2
sud-américain,adjective,C1
sud-est,noun,A2
sud-ouest,noun,A2
suer,verb,B2
sueur,noun,B2
suffire,verb,A2
suffisamment,adverb,B2
suffisance,noun,C1
suffisant,adjective,B1
suffixe,noun,C1
suggestion,noun,B2
suggérer,verb,B2
suicidaire,adjective,C1
suicide,noun,C2
suicider,verb,B2
suie,noun,C2
suisse,adjective,B2
suite,noun,A1
suivant,adjective,A2
suivant,preposition,B2
suivi,adjective,C1
suivi,noun,B2
suivre,verb,A1
sujet,adjective,B1
sujet,noun,A2
sulfate,noun,B2
sultan,noun,B2
sumérien,adjective,C2
super,adjective,A1
superbe,adjective,A1
superbement,adverb,C2
superficie,noun,B2
superficiel,adjective,B2
superflu,adjective,B2
superlatif,noun,C2
supermarché,noun,A1
superposer,verb,B2
superstar,noun,C1
superstitieux,adjective,C2
superstition,noun,C1
superviser,verb,C2
superviseur,noun,C2
supplanter,verb,B2
suppliant,adjective,B2
suppliant,noun,C1
supplice,noun,B2
supplier,verb,B1
supplique,noun,C1
suppléant,adjective,B2
suppléant,noun,C2
supplément,noun,C2
supplémentaire,adjective,B1
support,noun,B1
supportable,adjective,C2
supporter,noun,B2
supporter,verb,B1
supposer,verb,B1
supposition,noun,B2
suppression,noun,B2
supprimer,verb,B1
supraconducteur,noun,C1
supraconductivité,noun,C1
suprématie,noun,B2
suprême,adjective,B2
supérieur,adjective,A1
supérieur,noun,B1
sur,preposition,A1
sur-le-champ,adverb,C2
suranné,adjective,C2
surcharge,noun,C1
surcharger,verb,B2
surchauffer,verb,C2
surcoût,noun,B2
surcroît,noun,B2
surdimensionner,verb,C1
surdoué,adjective,C1
surenchère,noun,C1
surf,noun,B2
surface,noun,B1
surfer,verb,B2
surgeler,verb,B1
surgir,verb,B2
surhumain,adjective,B2
surimpression,noun,C1
surinformé,adjective,C1
surinvestissement,noun,C1
surlendemain,noun,C2
surmener,verb,C1
surmonter,verb,B1
surnaturel,adjective,B2
surnaturel,noun,C2
surnom,noun,B2
surnommer,verb,B2
surplomber,verb,C2
surprenant,adjective,B2
surprendre,verb,A1
surpris,adjective,B2
surprise,noun,A1
surproduction,noun,C2
surreprésentation,noun,C1
surréalisme,noun,C2
surréaliste,adjective,C2
surréaliste,noun,C1
surrénal,adjective,C2
sursauter,verb,B1
sursis,noun,C2
surtaxer,verb,C1
surtout,adverb,A1
surtout,noun,B2
surveillance,noun,B2
surveillant,adjective,C2
surveillant,noun,B2
surveille,noun,C1
surveiller,verb,A2
survenir,verb,B2
survie,noun,B2
survivance,noun,C1
survivant,noun,B2
survivre,verb,B1
survol,noun,C1
survoler,verb,B2
survolter,verb,C2
surélever,verb,C1
sus,adverb,C1
susceptible,adjective,B2
susciter,verb,B2
suspect,adjective,B2
suspect,noun,B2
suspecter,verb,C1
suspendre,verb,B2
suspens,noun,C2
suspense,noun,C2
suspension,noun,C2
suturer,verb,C1
suédois,adjective,B2
suédois,noun,C1
swahili,adjective,C1
swahili,noun,C2
syllabe,noun,B2
sylvestre,adjective,C1
symbiose,noun,C2
symbole,noun,A2
symbolique,adjective,B1
symboliquement,adverb,C1
symbolisation,noun,C2
symboliser,verb,A2
symbolisme,noun,C1
sympa,adjective,A1
sympathie,noun,A2
sympathique,adjective,A1
sympathiser,verb,B2
symphonie,noun,C1
symphonique,adjective,C2
symptomatique,adjective,C1
symptôme,noun,B2
symétrique,adjective,C2
synagogue,noun,B2
synapse,noun,B2
synaptique,adjective,C2
synchronisation,noun,C1
synchroniser,verb,B2
syncope,noun,C1
syndic,noun,C1
syndical,adjective,B2
syndicalisme,noun,C2
syndicaliste,noun,C2
syndicat,noun,B2
syndrome,noun,C1
synergie,noun,C1
synonyme,adjective,B2
synonyme,noun,C1
syntagme,noun,C2
syntaxe,noun,C2
synthèse,noun,B2
synthétique,adjective,B1
synthétiser,verb,B2
syphilis,noun,C2
système,noun,B1
systématique,adjective,B2
systématiquement,adverb,B2
sèche,adjective,B1
sèchement,adverb,B2
sève,noun,B2
séance,noun,B1
séant,noun,B2
sécher,verb,B2
sécheresse,noun,B2
sécheur,noun,C1
sécrétion,noun,B2
séculaire,adjective,C2
sécuriser,verb,B2
sécurité,noun,A2
sédentaire,adjective,C2
sédentaire,noun,C2
sédentariser,verb,C1
sédentarité,noun,B2
sédiment,noun,C1
sédimentation,noun,C1
séducteur,noun,C2
séduction,noun,B2
séduire,verb,B1
séduisant,adjective,B2
ségrégation,noun,B2
séisme,noun,B2
séjour,noun,A1
séjourner,verb,B2
sélectif,adjective,B1
sélection,noun,B2
sélectionner,verb,B1
sémantique,adjective,C2
sémantique,noun,C1
séminaire,noun,B2
sémiologie,noun,C1
sénateur,noun,B2
sénile,adjective,C1
sénéchal,noun,B1
sénégalais,adjective,C1
séparation,noun,B2
séparer,verb,A2
séparément,adverb,B2
sépia,noun,C1
sépulcre,noun,C1
sépulture,noun,C2
séquelle,noun,C1
séquence,noun,B2
séquencé,adjective,C1
séquençage,noun,C2
série,noun,B1
sérier,verb,B2
sérieusement,adverb,B1
sérieux,adjective,A1
sérieux,noun,B1
sérénade,noun,C1
sérénité,noun,B2
sévir,verb,B2
sévère,adjective,A2
sévèrement,adverb,B2
sûr,adjective,A1
sûrement,adverb,A1
sûreté,noun,B2
t-shirt,noun,C2
tabac,noun,B1
tabagisme,noun,B2
tabasse,noun,C2
table,noun,A1
tableau,noun,A1
tabler,verb,C1
tablette,noun,C1
tablier,noun,B2
tabou,adjective,C1
tabou,noun,B2
tabouret,noun,B2
tache,noun,B2
tacher,verb,B2
tacheter,verb,C1
tacitement,adverb,C1
taciturne,adjective,C1
tacle,noun,C1
tact,noun,C2
tactile,adjective,B2
tactique,noun,B2
tahitien,adjective,C2
tahitien,noun,C2
taillable,adjective,C2
taillader,verb,C2
taille,noun,A1
tailler,verb,B2
tailleur,noun,B1
taillé,adjective,C2
taire,verb,A2
talent,noun,B1
talentueux,adjective,C1
talisman,noun,C2
talon,noun,B1
talonner,verb,C2
talus,noun,C1
tam-tam,noun,C1
tambour,noun,B1
tambourin,noun,B1
tambouriner,verb,C1
tampon,noun,C1
tancer,verb,C2
tandis,conjunction,B1
tangible,adjective,B2
tanner,verb,C1
tant,adverb,A1
tante,noun,A1
tantinet,noun,C1
tantôt,adverb,B1
tapa,noun,C2
tapage,noun,B2
tapant,adjective,C1
taper,verb,B1
tapis,noun,B2
tapisser,verb,C2
tapisserie,noun,A2
tapissier,adjective,C2
tapoter,verb,C1
tard,adverb,A1
tarder,verb,B1
tardif,adjective,B2
tare,noun,C2
tarif,noun,B2
tarifaire,adjective,C1
tarir,verb,C2
tarot,noun,C2
tartare,adjective,C2
tarte,adjective,C2
tarte,noun,A2
tartine,noun,A1
tas,noun,B1
tasse,noun,B1
tasser,verb,C1
tatouage,noun,C2
tatouer,verb,C2
taureau,noun,B1
taurin,adjective,C1
tauromachie,noun,B2
tauzin,noun,C1
taverne,noun,C1
taxe,noun,B2
taxer,verb,B2
taxi,noun,A1
taïga,noun,C2
tchao,interjection,A2
tchèque,adjective,C2
tchèque,noun,B2
te,pronoun,A1
technicien,noun,B1
technicité,noun,C2
technique,adjective,B1
technique,noun,B2
techniquement,adverb,B2
technocrate,noun,B2
technocratique,adjective,C1
technologie,noun,A1
technologique,adjective,B1
technophile,adjective,C1
tee-shirt,noun,B1
teindre,verb,C1
teint,noun,B2
teinte,noun,B2
teinter,verb,B2
teinture,noun,C2
tel,noun,B2
tel,pronoun,A2
tellement,adverb,A1
tempe,noun,B2
temple,noun,B1
tempo,noun,B2
temporaire,adjective,B2
temporairement,adverb,B2
temporel,adjective,B2
temps,noun,A1
température,noun,A1
tempérer,verb,B2
tempête,noun,B1
tenace,adjective,B2
tenant,adjective,C2
tenant,noun,B2
tendance,noun,B1
tendre,adjective,B1
tendre,verb,B1
tendrement,adverb,B1
tendresse,noun,B2
tendu,adjective,C1
tenir,verb,A1
tennis,noun,A1
tennistique,adjective,C1
tension,noun,B2
tentacule,noun,C1
tentant,adjective,C2
tentateur,adjective,C2
tentateur,noun,C1
tentation,noun,B2
tentative,noun,B2
tente,noun,A1
tenter,verb,B1
tenture,noun,C1
tenu,adjective,C1
tenue,noun,B1
tercio,noun,C1
terme,noun,B2
terminaison,noun,C1
terminal,adjective,B2
terminer,verb,A1
terminologie,noun,C1
terminus,noun,B2
ternir,verb,B2
terrain,noun,A2
terrasse,noun,A1
terrassement,noun,C2
terre,noun,A1
terrer,verb,C1
terrestre,adjective,B2
terreur,noun,B2
terrible,adjective,A1
terriblement,adverb,B1
terrien,adjective,B2
terrien,noun,C1
terrifiant,adjective,A2
terrifier,verb,B2
territoire,noun,A2
territorial,adjective,B2
terroir,noun,B2
terroriser,verb,B2
terrorisme,noun,B2
terroriste,adjective,C1
terroriste,noun,B2
tertiaire,adjective,B2
test,noun,B1
tester,verb,B1
testostérone,noun,B2
tette,noun,C1
texte,noun,A1
textile,adjective,C2
textile,noun,B2
texto,adverb,C1
textuel,adjective,C1
thalassothérapie,noun,C1
thermique,adjective,B2
thon,noun,C2
thrombose,noun,C2
thuringien,adjective,C1
thème,noun,B1
thèse,noun,B2
thé,noun,A1
théier,adjective,C1
théière,noun,C1
thématique,adjective,B2
thématique,noun,B2
théologie,noun,C2
théoricien,noun,C1
théorie,noun,B2
théorique,adjective,B2
théoriquement,adverb,B2
théoriser,verb,B2
théorème,noun,C1
thérapeute,noun,C2
thérapeutique,adjective,B2
thérapie,noun,B2
thésard,noun,C1
théâtral,adjective,B2
théâtre,noun,A1
tiare,noun,C1
tic,noun,B2
tic-tac,noun,C1
ticket,noun,B1
tien,pronoun,B2
tiens,interjection,A1
tiers,noun,B1
tige,noun,C1
tigre,noun,B1
tilleul,noun,B1
timbre,noun,B2
timbre-poste,noun,C1
timide,adjective,A1
timidement,adverb,B2
timidité,noun,C2
tintement,noun,C2
tinter,verb,C1
tintouin,noun,C2
tir,noun,B2
tirage,noun,B2
tirailler,verb,B2
tirant,noun,C2
tire-au-flanc,noun,C1
tire-bouchon,noun,B2
tirer,noun,C1
tirer,verb,A1
tireur,noun,C1
tiroir,noun,A1
tissage,noun,B2
tisser,verb,B2
tisserand,noun,C2
tissu,noun,B1
tissé,adjective,C1
titi,noun,C2
titre,noun,A2
titulaire,adjective,B2
titulaire,noun,B2
titularisation,noun,C2
tiède,adjective,B2
toast,noun,B2
toc,adjective,B2
toc,interjection,C1
toc,noun,C2
toge,noun,C1
toi,pronoun,A1
toi-même,pronoun,C2
toile,noun,B1
toilette,noun,A1
toit,noun,A1
toiture,noun,C1
tollé,noun,C1
tolérance,noun,B1
tolérant,adjective,B2
tolérer,verb,B2
tom,noun,B2
tomate,noun,A1
tombal,adjective,C1
tombant,adjective,B2
tombe,noun,B1
tombeau,noun,C2
tomber,verb,A1
tombola,noun,C1
tombé,adjective,C2
tombée,noun,B1
tome,noun,B2
tomer,verb,C1
tommy,noun,A1
ton,determiner,A1
ton,noun,B1
tonalité,noun,B2
tondre,verb,C2
tonique,adjective,C1
tonitruer,verb,B2
tonka,noun,B2
tonne,noun,B1
tonneau,noun,B1
tonner,verb,C2
tonnerre,noun,B2
tontine,noun,C2
tonus,noun,C1
top,noun,B2
topaze,noun,B2
toper,verb,C1
toponymie,noun,C1
toque,noun,C2
torche,noun,B2
torchon,noun,C2
tordre,verb,B2
tordu,adjective,C2
torero,noun,B2
torrent,noun,B2
torsade,noun,C2
torse,noun,C2
tort,noun,B1
tortillé,adjective,C1
tortue,noun,C2
tortueux,adjective,B2
torture,noun,B2
torturer,verb,C1
toréador,noun,C1
total,adjective,B1
total,noun,A2
totalement,adverb,B1
totaliser,verb,B2
totalitarisme,noun,C1
totalité,noun,C1
touchant,adjective,C2
touchant,preposition,C1
touche,noun,B1
toucher,noun,B1
toucher,verb,A1
touffe,noun,C2
touffu,adjective,C2
touiller,verb,C2
toujours,adverb,A1
toupet,noun,C1
tour,noun,A1
tourisme,noun,A1
touriste,noun,A1
touristique,adjective,A2
tourmenter,verb,B1
tournage,noun,C1
tournant,adjective,B2
tournant,noun,B1
tourne,noun,B2
tourner,verb,A1
tournesol,noun,C1
tournoi,noun,B1
tournure,noun,C2
tourné,adjective,C1
tournée,noun,B1
tourteau,noun,B2
tourtière,noun,C2
tous,noun,B1
tousser,verb,B1
tout,adverb,A1
tout,noun,A1
tout,pronoun,A1
tout-petit,noun,C1
toute,adverb,B1
toute-puissance,noun,C2
toutefois,adverb,B1
toutou,noun,B2
toux,noun,B2
toxicologie,noun,C1
toxicomanie,noun,C1
toxique,adjective,B2
toxique,noun,C1
traboule,noun,C1
trac,noun,C2
tracas,noun,C1
trace,noun,B1
tracer,verb,B2
trachée,noun,C1
tract,noun,C2
traction,noun,B2
tracé,noun,B2
tradition,noun,A1
traditionaliste,adjective,C2
traditionnel,adjective,A2
traditionnellement,adverb,A2
traducteur,noun,C1
traduction,noun,B2
traduire,verb,B1
trafic,noun,B1
trafiquant,noun,C2
tragique,adjective,B1
tragédie,noun,B1
trahir,verb,B2
trahison,noun,B2
train,noun,A1
train-train,noun,C1
traire,verb,C1
trait,noun,B2
traitant,noun,C2
traite,noun,C2
traitement,noun,B2
traiter,verb,B1
traiteur,noun,C2
traité,noun,B2
trajectoire,noun,B2
trajet,noun,B1
tram,noun,C1
trame,noun,B2
tramer,verb,C2
tramontane,noun,C2
trampoline,noun,C1
tramway,noun,B2
tranchant,noun,C2
tranche,noun,B1
trancher,verb,B2
tranché,adjective,B2
tranchée,noun,C1
tranquille,adjective,A1
tranquillement,adverb,A2
tranquillisant,adjective,C2
tranquillité,noun,B2
transaction,noun,B2
transcendant,adjective,C2
transcription,noun,C2
transcrire,verb,B2
transfert,noun,B2
transfigurer,verb,C1
transformation,noun,B1
transformer,verb,A1
transformée,noun,C2
transférer,verb,B2
transgresser,verb,C2
transgression,noun,C1
transir,verb,C1
transistor,noun,C1
transit,noun,B2
transiter,verb,B2
transition,noun,B2
transitoire,adjective,B2
transmettre,verb,B1
transmissible,adjective,B2
transmission,noun,B1
transnational,adjective,C1
transparaître,verb,C1
transparence,noun,B2
transparent,adjective,B1
transpercer,verb,C1
transpiration,noun,C2
transpirer,verb,C2
transpondeur,noun,C1
transport,noun,A2
transporter,verb,B1
transporteur,noun,C1
transposer,verb,C1
transversal,adjective,B2
trappe,noun,C1
trapu,adjective,C1
traquer,verb,B2
trattoria,noun,C1
traumatisant,adjective,C2
traumatisme,noun,B2
travail,noun,A1
travailler,verb,A1
travailleur,adjective,B1
travailleur,noun,B2
travelling,noun,C1
travers,noun,B1
traverse,noun,B2
traverser,verb,A1
traversée,noun,A2
travestir,verb,C2
travestissement,noun,C1
travée,noun,C2
traçabilité,noun,C1
traînant,adjective,C2
traînasser,verb,C1
traîne,noun,B2
traîneau,noun,B2
traîner,verb,B1
traître,adjective,B2
traître,noun,B2
trekking,noun,C1
tremblant,adjective,B1
tremblant,noun,C2
tremble,noun,C2
tremblement,noun,B2
trembler,verb,B1
trempe,noun,C1
tremper,verb,B2
tremplin,noun,B2
trempé,adjective,C1
trentaine,noun,B1
trente,noun,C1
trentenaire,adjective,B2
tressaillir,verb,B2
tresse,noun,C1
tri,noun,B1
triangulaire,adjective,C2
tribu,noun,B2
tribulation,noun,C2
tribunal,noun,B1
tribune,noun,B2
tribut,noun,C2
tributaire,adjective,C1
tricher,verb,C1
tricolore,adjective,B2
tricoter,verb,C2
trier,verb,B2
trimballer,verb,C2
trimer,verb,B2
trimestre,noun,B2
trimestriel,adjective,C2
tringle,noun,C1
trinquer,verb,B2
trio,noun,C1
triomphant,adjective,B2
triomphe,noun,B2
triompher,verb,B2
tripe,noun,B2
triple,adjective,B2
tripler,verb,B2
triplette,noun,C1
triplé,noun,C2
triste,adjective,A1
tristement,adverb,B1
tristesse,noun,B1
tristounet,adjective,C1
trituration,noun,C2
troc,noun,B2
troglodyte,noun,C1
trognon,noun,C1
trois,noun,B2
trois-mâts,noun,C2
trois-pièces,noun,C2
trois-quarts,adjective,C1
trois-quarts,noun,B2
troisièmement,adverb,C1
troll,noun,C1
trombe,noun,C1
trompe,noun,B2
trompe-l'oeil,noun,C2
tromper,verb,A1
tromperie,noun,C1
trompeter,verb,C1
trompette,noun,B2
trompeur,adjective,C2
tronc,noun,B2
tronçon,noun,C1
trop,adverb,A1
trop,noun,A2
trop-plein,noun,C1
trophique,adjective,C1
trophée,noun,C2
tropical,adjective,B2
troquer,verb,C2
trotter,verb,B2
trottoir,noun,B1
trou,noun,B1
troubadour,noun,C2
troublant,adjective,B2
trouble,adjective,B2
trouble,noun,B1
troubler,verb,B1
trouer,verb,C1
troupe,noun,B1
troupeau,noun,B2
trousse,noun,C1
trouver,verb,A1
trouvère,noun,C2
trouée,noun,C1
truc,noun,B2
truffe,noun,B2
truffer,verb,B2
truite,noun,B2
trust,noun,C1
très,adverb,A1
trébucher,verb,C2
trépider,verb,C1
trésor,noun,B1
tréteau,noun,C2
trône,noun,C2
trôner,verb,C1
tsar,noun,B2
tsunami,noun,B2
tu,pronoun,A1
tuant,adjective,C2
tube,noun,B1
tuber,verb,C1
tubercule,noun,C1
tuberculose,noun,B2
tubulaire,noun,C1
tuer,verb,A2
tuerie,noun,C1
tueur,noun,B2
tuile,noun,C1
tuilerie,noun,B2
tulipe,noun,B2
tumeur,noun,C1
tumultueux,adjective,C1
tunique,noun,B2
tunisien,adjective,B2
tunnel,noun,B2
turbine,noun,C2
turbulence,noun,C1
turbulent,adjective,B2
turc,adjective,C1
turc,noun,B2
turf,noun,C2
turque,adjective,B2
turquoise,adjective,C2
tutelle,noun,B2
tutoiement,noun,C1
tutorat,noun,B2
tutoyer,verb,C1
tuyau,noun,B1
type,noun,A1
typer,verb,B2
typhus,noun,C1
typique,adjective,B2
typiquement,adverb,B1
typographie,noun,C2
typé,adjective,C1
tyran,noun,B2
tyrannie,noun,B2
tyrannique,adjective,C2
tzigane,adjective,C1
tâche,noun,B1
tâcher,verb,B2
tâtonner,verb,C2
té,noun,C2
télé,noun,A1
télécommande,noun,B1
télécommander,verb,C2
télécommunication,noun,B2
télécopie,noun,B2
télégramme,noun,C1
télégraphe,noun,B2
télégraphier,verb,C1
télégénique,adjective,C2
téléphone,noun,A1
téléphoner,verb,A1
téléphonie,noun,B2
téléphonique,adjective,B1
téléphérique,adjective,C2
téléphérique,noun,C1
téléspectateur,noun,B1
téléviser,verb,A2
téléviseur,noun,B2
télévision,noun,A1
télévisuel,adjective,B2
témoignage,noun,B1
témoigner,verb,B1
témoin,noun,B1
téméraire,adjective,C1
témérité,noun,B2
ténu,adjective,B2
ténèbre,noun,B2
ténébreux,adjective,C1
tétaniser,verb,C2
tétanos,noun,C1
téter,verb,B2
tétraplégique,noun,C1
tétrapode,adjective,C2
tétrapode,noun,C2
tête,noun,A1
tête-à-tête,noun,C1
têtu,adjective,B2
tôle,noun,C1
tôt,adverb,A1
ubuesque,adjective,C2
ukulélé,noun,C2
ulcère,noun,C1
ultime,adjective,C1
ultra,adjective,B2
ultramoderne,adjective,C2
ultrason,noun,C1
ultérieur,adjective,C1
un,determiner,A1
un,noun,A1
unanime,adjective,B2
unanimement,adverb,C1
unanimisme,noun,C1
unanimité,noun,B2
underground,adjective,C1
uni,adjective,B1
unification,noun,B2
unifier,verb,B2
uniforme,adjective,C1
uniforme,noun,B1
uniformisation,noun,C1
uniformité,noun,C1
uniformément,adverb,C1
unilatéral,adjective,C1
union,noun,A2
unique,adjective,B1
uniquement,adverb,B1
unir,verb,B1
unité,noun,B2
univers,noun,B2
universel,adjective,B1
universel,noun,C1
universitaire,adjective,A2
université,noun,A1
urbain,adjective,B1
urbanisation,noun,C1
urbanisme,noun,B2
urbaniste,noun,C1
urgence,noun,B1
urgent,adjective,B2
urinaire,adjective,C1
urine,noun,C2
uriner,verb,C1
urètre,noun,C1
us,noun,B2
usage,noun,B1
usager,adjective,C1
usager,noun,B2
usagé,adjective,B2
user,verb,B1
usine,noun,A1
ustensile,adjective,C1
ustensile,noun,C2
usure,noun,B2
usurier,noun,C1
usurpation,noun,C1
usé,adjective,B2
ut,noun,B2
utile,adjective,A2
utile,noun,B2
utilisable,adjective,C1
utilisateur,adjective,C1
utilisateur,noun,B2
utilisation,noun,B1
utiliser,verb,A1
utilitaire,adjective,B2
utilitariste,adjective,C1
utilité,noun,B2
utopie,noun,B2
utopiste,adjective,C1
utérus,noun,C1
v'là,adverb,C1
va-comme-je-te-pousse,adverb,C1
vacance,noun,A1
vacant,adjective,B2
vacarme,noun,B2
vaccin,noun,B2
vaccination,noun,B2
vacciner,verb,B2
vacciné,adjective,C1
vache,noun,B1
vacherie,noun,C2
vachette,noun,C2
vaciller,verb,B2
vacuité,noun,C1
vagabond,adjective,C2
vague,adjective,B1
vague,noun,B1
vaguement,adverb,B2
vahiné,noun,C1
vaillant,adjective,C2
vain,adjective,A2
vaincre,verb,B2
vainement,adverb,C2
vainqueur,noun,B1
vaisseau,noun,B2
vaisselle,noun,B1
val,noun,B2
valable,adjective,B2
valentin,noun,B2
valet,noun,C1
valeur,noun,A2
valeureux,adjective,C2
validation,noun,B2
valide,adjective,B2
valider,verb,B2
validité,noun,C1
valise,noun,B1
vallée,noun,A1
valoir,verb,B1
valorisant,adjective,B2
valoriser,verb,B2
valse,noun,C2
vampire,noun,B2
vandale,noun,C1
vandalisme,noun,B2
vanille,noun,B2
vanillé,adjective,B2
vaniteux,adjective,B2
vanité,noun,B2
vanter,verb,B2
vapeur,noun,B2
vaporiser,verb,C1
vaquer,verb,B2
varangue,noun,C1
varappe,noun,C2
variabilité,noun,C1
variable,adjective,B1
variant,adjective,C1
variante,noun,B2
variation,noun,B2
varier,verb,A1
varié,adjective,B1
variété,noun,B1
vascularisation,noun,C2
vase,noun,B1
vaseux,adjective,C2
vassal,noun,C2
vaste,adjective,B1
vautour,noun,B2
veau,noun,B1
vecteur,noun,B2
vedettariat,noun,B2
vedette,noun,B2
veille,noun,B1
veiller,verb,B2
veilleur,noun,B2
veinard,noun,C1
veine,noun,B2
velours,noun,B2
velouter,verb,C1
vendange,noun,B2
vendeur,adjective,B1
vendeur,noun,A2
vendre,verb,A1
vendredi,noun,A1
vendu,adjective,B2
vendéen,adjective,C1
vengeance,noun,B2
venger,verb,B1
venir,verb,A1
vent,noun,A1
venta,noun,C1
vente,noun,B1
ventilateur,noun,C1
ventilation,noun,B2
ventiler,verb,C1
ventre,noun,B1
venu,adjective,B2
venu,noun,B2
ver,noun,B2
verbal,adjective,B1
verbaliser,verb,C1
verbe,noun,B2
verdict,noun,C2
verdoyant,adjective,C1
verdure,noun,B2
verger,noun,C2
verglas,noun,B2
vergogne,noun,C1
verlan,noun,C1
vermeil,adjective,C1
vermine,noun,C1
vermoulu,adjective,C2
vernaculaire,adjective,C2
vernis,noun,C1
vernissage,noun,B2
verre,noun,A1
verrerie,noun,C1
verrier,adjective,C1
verrier,noun,C1
verrière,noun,B2
verrou,noun,B2
verrouiller,verb,B2
verrue,noun,C2
vers,preposition,A1
versa,adverb,B2
versaillais,noun,C2
versatile,adjective,C1
versatilité,noun,C2
verse,adjective,C2
versement,noun,B2
verser,verb,B2
version,noun,A2
versé,adjective,C1
vert,adjective,A1
vert,noun,B1
vertical,adjective,B2
vertical,noun,B2
vertige,noun,B2
vertigineusement,adverb,C1
vertigineux,adjective,B2
vertu,noun,B2
vertubleu,interjection,C2
vertueux,adjective,B2
vertèbre,noun,C1
vertébré,adjective,C2
vertébré,noun,C1
vespéral,adjective,C2
vessie,noun,C1
veste,noun,A2
vestiaire,noun,B2
vestibule,noun,B2
vestige,noun,A2
vestimentaire,adjective,B2
veuf,adjective,B2
vexer,verb,A2
via,preposition,B2
viabilité,noun,C1
viable,adjective,B2
viande,noun,A1
vibratile,adjective,C1
vibration,noun,C1
vibrer,verb,B2
vice,adverb,B2
vice,noun,B2
vice-président,noun,B2
vicier,verb,C1
vicomte,noun,B2
victime,noun,B1
victoire,noun,B1
victorien,adjective,B2
victorieux,adjective,C2
vidange,noun,B2
vide,adjective,A1
vide,noun,B2
vide-ordures,noun,C1
vider,verb,B2
vidé,adjective,C2
vidéaste,noun,C1
vidéo,adjective,B1
vidéo,noun,B2
vie,noun,A1
vieillard,noun,B1
vieille,noun,B2
vieillesse,noun,B2
vieillir,verb,B1
vieillissant,adjective,B2
vieillissement,noun,B2
vieillot,adjective,B2
viennois,adjective,C2
vierge,adjective,C1
vierge,noun,B2
vietnamien,adjective,C2
vietnamien,noun,C2
vieux,adjective,A1
vieux,noun,A1
vif,adjective,A2
vif,noun,B2
vigie,noun,C1
vigilance,noun,B2
vigilant,adjective,B2
vigne,noun,B1
vignoble,noun,B2
vigoureusement,adverb,C1
vigoureux,adjective,C1
vigueur,noun,B2
vilain,adjective,B2
vilebrequin,noun,C2
villa,noun,B1
village,noun,A1
villageois,adjective,B2
villageois,noun,B2
ville,noun,A1
vin,noun,A1
vinaigre,noun,B2
vinaigrette,noun,C2
vingtaine,noun,B1
vinicole,adjective,C2
vinification,noun,C1
violemment,adverb,B1
violence,noun,B1
violent,adjective,A2
violenter,verb,C1
violet,adjective,B1
violon,noun,C2
violoncelle,noun,C2
violoniste,noun,C2
vipère,noun,C2
virage,noun,B2
viral,adjective,C1
virer,verb,B2
virevolte,noun,C2
virginité,noun,C2
viril,adjective,B2
virilité,noun,B2
virtuel,adjective,B2
virtuel,noun,B2
virulent,adjective,C2
virus,noun,B2
vis,noun,B2
vis-à-vis,adverb,B2
visa,noun,B2
visage,noun,A1
viscéral,adjective,C2
viser,verb,B2
visibilité,noun,B2
visible,adjective,B2
visiblement,adverb,B2
vision,noun,B1
visionnaire,adjective,C1
visionnaire,noun,C2
visiophone,noun,C1
visite,noun,A1
visiter,verb,A1
visiteur,noun,A2
visser,verb,C1
visualiser,verb,C2
visuel,adjective,B2
visée,noun,B2
vit,noun,B2
vital,adjective,B2
vitalité,noun,B2
vitamine,noun,B2
vite,adjective,B2
vite,adverb,A1
vitesse,noun,B1
viticulteur,noun,B2
vitrage,noun,C2
vitrail,noun,B2
vitre,noun,B1
vitrine,noun,B2
vitro,noun,B2
vitré,adjective,C1
vivable,adjective,C2
vivant,adjective,B1
vivant,noun,B1
vivement,adverb,B1
vivre,noun,C2
vivre,verb,A1
vivrier,adjective,C2
vlan,interjection,C1
vocable,noun,C1
vocabulaire,noun,B2
vocal,adjective,B1
vocation,noun,B1
vociférer,verb,B2
vodka,noun,C1
voeu,noun,A2
vogue,noun,B2
voici,adverb,A1
voie,noun,B1
voile,noun,A1
voiler,verb,C2
voilette,noun,C1
voilier,noun,C2
voilà,adverb,A1
voir,verb,A1
voire,adverb,B1
voirie,noun,C1
voisin,adjective,A1
voisin,noun,A1
voisinage,noun,B2
voiture,noun,A1
voiturer,verb,B2
voiturette,noun,C1
voiturier,adjective,C1
voix,noun,A1
vol,noun,A1
volaille,noun,B2
volant,adjective,B2
volant,noun,B2
volatil,adjective,C1
volatile,noun,C1
volatiliser,verb,C1
volcan,noun,B1
volcanique,adjective,B2
voler,verb,A1
volet,noun,B1
voleur,adjective,B1
voleur,noun,A2
volley,noun,C1
volley-ball,noun,C1
volontaire,adjective,B2
volontairement,adverb,B2
volontariat,noun,C1
volontariste,adjective,B2
volontiers,adverb,B1
volonté,noun,B1
volubile,adjective,B2
volume,noun,B2
volumineux,adjective,B2
voluptueusement,adverb,C1
volupté,noun,B2
volute,noun,C1
voracité,noun,C1
vote,noun,B1
voter,verb,B1
votre,determiner,A1
vouer,verb,B2
vouloir,noun,B2
vouloir,verb,A1
vous,pronoun,A1
vouvoiement,noun,C1
vouvoyer,verb,B2
voyage,noun,A1
voyager,adjective,C2
voyager,verb,A1
voyageur,adjective,B1
voyageur,noun,A2
voyagiste,noun,C1
voyant,adjective,B2
voyant,noun,B2
voyeur,noun,C1
voyou,noun,B2
voûte,noun,C1
voûter,verb,C2
vrac,adverb,C2
vrai,adjective,A1
vrai,noun,B1
vraiment,adverb,A1
vraisemblablement,adverb,B2
vrombissement,noun,C1
vue,noun,A1
vulcanisation,noun,C1
vulgaire,adjective,C2
vulgarisation,noun,C2
vulnérabilité,noun,C1
vulnérable,adjective,B2
vécu,adjective,C1
vécu,noun,B2
végétal,adjective,B1
végétal,noun,B2
végétarien,adjective,C2
végétation,noun,B2
véhicule,noun,A2
véhiculer,verb,B2
véhémence,noun,B2
vélo,noun,A1
vélocipède,noun,C1
vénitien,adjective,B2
vénéneux,adjective,C2
vénérable,adjective,B2
vénérer,verb,C1
véranda,noun,B2
vérification,noun,B2
vérifier,verb,A2
véritable,adjective,A1
véritablement,adverb,B1
vérité,noun,A1
véronique,noun,C1
vétuste,adjective,C2
vétérinaire,adjective,C1
vétérinaire,noun,B2
vêtement,noun,A1
vêtir,verb,B2
vêtu,adjective,C1
vôtre,pronoun,B1
wagon,noun,B2
watt,noun,C2
week-end,noun,A1
western,noun,B2
whisky,noun,B2
wisigoth,noun,C2
wolof,adjective,C2
wolof,noun,B2
xénophobe,adjective,B2
y,pronoun,A1
ya,noun,C2
yack,noun,C1
yaourt,noun,A2
yard,noun,C2
ylang-ylang,noun,B2
z,noun,B2
zen,adjective,C1
zigomar,noun,C2
zodiaque,noun,C1
zone,noun,A1
zoner,verb,C1
zoo,noun,A2
zoom,noun,C2
zoé,noun,A1
zut,interjection,C2
zébrer,verb,B2
zéro,noun,B1
à,preposition,A1
âcreté,noun,C1
âge,noun,A1
âgé,adjective,A1
âme,noun,B1
âne,noun,A1
ânesse,noun,C1
ânonner,verb,C1
âpreté,noun,C2
çà,adverb,B2
ère,noun,B2
ès,preposition,C1
ébauche,noun,C1
ébaucher,verb,C1
éberluer,verb,B2
éblouir,verb,B1
éblouissant,adjective,B2
éboueur,noun,B2
ébranler,verb,B2
ébullition,noun,C2
ébéniste,noun,C2
écaille,noun,B2
écarlate,adjective,C1
écarquiller,verb,B2
écart,noun,B1
écarter,verb,B2
écervelé,adjective,C2
échange,noun,A2
échanger,verb,A1
échangeur,noun,C2
échantillon,noun,B2
échappement,noun,C1
échapper,verb,B1
échappé,noun,C1
écharpe,noun,A2
échauffer,verb,C1
échec,noun,B1
échelle,noun,B2
échelon,noun,B2
échevin,noun,C2
écho,noun,B2
échographie,noun,B2
échoppe,noun,B2
échouer,verb,B2
échéance,noun,B2
échéant,adjective,C1
éclabousser,verb,C1
éclair,noun,B1
éclairage,noun,A2
éclaircir,verb,B2
éclaircissement,noun,C2
éclaire,noun,C1
éclairement,noun,C1
éclairer,verb,B1
éclaireur,noun,C2
éclat,noun,B2
éclatant,adjective,B2
éclatement,noun,C2
éclater,verb,B1
éclectique,adjective,B2
éclectisme,noun,C1
écoeurer,verb,C2
école,noun,A1
écolier,adjective,B2
écolier,noun,B2
écolo,noun,B2
écologie,noun,B1
écologique,adjective,B2
écologiste,adjective,B2
écologiste,noun,B2
économe,adjective,C2
économie,noun,A2
économique,adjective,A2
économiquement,adverb,B2
économiser,verb,B1
économiseur,noun,C2
économiste,noun,B2
écoper,verb,B2
écorce,noun,B2
écorcher,verb,B2
écorner,verb,C2
écossais,adjective,B2
écosystème,noun,B2
écouler,verb,B1
écoutant,noun,B2
écoute,noun,A1
écouter,verb,A1
écouteur,noun,C2
écran,noun,A1
écrasant,adjective,C1
écrasement,noun,C1
écraser,verb,B1
écrasé,adjective,B2
écrevisse,noun,C2
écrier,verb,B1
écrire,verb,A1
écrit,noun,B1
écriture,noun,B1
écrivain,noun,A1
écrivant,noun,B2
écrouler,verb,B2
écu,noun,A2
écumer,verb,B2
écureuil,noun,B1
écurie,noun,A2
écuyer,noun,B2
édifiant,adjective,C2
édification,noun,B2
édifice,noun,B2
édifier,verb,B1
édit,noun,B2
éditer,verb,B2
éditeur,noun,B1
édition,noun,B1
éditorial,adjective,B2
éditorial,noun,C1
éducateur,adjective,C2
éducateur,noun,B2
éducatif,adjective,B1
éducation,noun,B1
éducationnel,adjective,C1
édulcorer,verb,C2
éduquer,verb,B2
égal,adjective,B1
également,adverb,A1
égaler,verb,C1
égalitaire,adjective,B2
égalitariste,adjective,C1
égalité,noun,B2
égard,noun,B2
égarer,verb,B2
églantine,noun,C1
église,noun,A1
égocentrique,adjective,C2
égorger,verb,C1
égout,noun,B2
égoïsme,noun,B2
égoïste,adjective,B2
égoïste,noun,B2
égrener,verb,B2
égyptien,adjective,B2
égyptien,noun,C1
égyptologue,noun,C1
éjecter,verb,C2
éjection,noun,C2
élaboration,noun,B2
élaborer,verb,B2
élan,noun,B1
élancer,verb,B2
élargir,verb,B2
élargissement,noun,C2
élasticité,noun,C1
élastique,adjective,C2
électeur,noun,B1
électif,adjective,C1
élection,noun,B1
électoral,adjective,B2
électoraliste,noun,C2
électricien,noun,B2
électricité,noun,A1
électrique,adjective,A2
électriser,verb,C1
électro,adjective,C1
électrocardiogramme,noun,C2
électrode,noun,B2
électromagnétique,adjective,B2
électromécanique,adjective,B2
électroménager,adjective,B2
électroménager,noun,B2
électron,noun,B2
électronique,adjective,B1
électronique,noun,B2
électrotechnique,adjective,C2
élevage,noun,B2
élever,verb,B1
éleveur,noun,B2
élevé,adjective,C1
éligible,adjective,B2
élimination,noun,B2
éliminer,verb,B2
élire,verb,A2
élite,noun,B2
élitisme,noun,C2
élitiste,adjective,C2
éloge,noun,B2
éloignement,noun,B2
éloigner,verb,B1
éloquence,noun,B2
éloquent,adjective,B2
élu,noun,B2
élucidation,noun,C1
élucider,verb,B2
éluder,verb,C1
élève,noun,A1
élégance,noun,B1
élégant,adjective,A2
élégie,noun,C2
élément,noun,A2
élémentaire,adjective,B2
éléphant,noun,C1
éléphanteau,noun,C1
élévation,noun,C1
émailler,verb,B2
émanation,noun,C1
émancipation,noun,B2
émanciper,verb,C1
émaner,verb,C1
émeraude,adjective,C2
émeraude,noun,B2
émergence,noun,B2
émergent,adjective,B2
émerger,verb,B2
émerveillement,noun,B2
émerveiller,verb,B1
émetteur,noun,B2
émettre,verb,B1
émeute,noun,B2
émigrant,noun,C2
émigration,noun,B2
émigrer,verb,B2
éminemment,adverb,B2
éminence,noun,C1
émirat,noun,C2
émission,noun,A2
émoi,noun,C1
émotif,adjective,B2
émotion,noun,A1
émotionnel,adjective,B2
émotivité,noun,B2
émouvant,adjective,B2
émouvoir,verb,B1
ému,adjective,B2
émérite,adjective,C2
énergie,noun,A2
énergique,adjective,B2
énergumène,noun,C1
énergétique,adjective,B2
énergétique,noun,C2
énerver,verb,B1
énigmatique,adjective,B1
énigme,noun,B2
énième,adjective,C2
énoncer,verb,B2
énonciation,noun,C2
énorme,adjective,A1
énormément,adverb,B1
énumérer,verb,B2
éolien,adjective,B2
éolienne,noun,B2
épais,adjective,B1
épaisseur,noun,B2
épanchement,noun,C2
épandre,verb,B2
épanouir,verb,B2
épanouissement,noun,B2
épargne,noun,C1
épargner,verb,B2
éparpiller,verb,B2
épars,adjective,C2
épater,verb,C2
épaule,noun,B1
épauler,verb,B2
épeler,verb,A2
éperdre,verb,C1
éperdu,adjective,C1
éperdument,adverb,B2
éperon,noun,B2
éphémère,adjective,B2
épi,noun,C2
épice,noun,A2
épicentre,noun,C1
épicer,verb,A2
épicerie,noun,B1
épicier,noun,B2
épicurisme,noun,C1
épidémie,noun,B2
épidémiologique,adjective,B2
épidémiologiste,noun,C1
épidémique,adjective,C1
épier,verb,C2
épileptique,adjective,B2
épinard,noun,B2
épineux,adjective,C1
épingle,noun,B1
épingler,verb,C1
épinglette,noun,C1
épinière,adjective,C1
épisode,noun,A2
épisodiquement,adverb,C1
éploré,adjective,B2
éplucher,verb,A2
éponge,noun,C1
éponger,verb,C2
épopée,noun,B2
époque,noun,A1
épousailles,noun,C2
épouse,noun,B1
épouser,verb,A1
épouvantable,adjective,B2
épouvante,noun,C1
épouvanter,verb,B2
époux,noun,B1
époxy,adjective,C1
éprendre,verb,B2
épreuve,noun,B1
éprouvant,adjective,C2
éprouver,verb,B2
éprouvette,noun,C1
épuisant,adjective,B2
épuisement,noun,C1
épuiser,verb,B2
épuration,noun,B2
épurer,verb,C1
épée,noun,A2
épître,noun,C2
équateur,noun,C2
équation,noun,B2
équatorial,adjective,B2
équilibre,noun,B2
équilibrer,verb,B2
équinoxe,noun,C2
équipage,noun,B1
équipe,noun,A2
équipement,noun,A2
équiper,verb,B1
équitable,adjective,B2
équitablement,adverb,C2
équitation,noun,B2
équité,noun,B2
équivalence,noun,C2
équivalent,adjective,B2
équivalent,noun,B2
équivaloir,verb,B2
équivoque,noun,C1
érable,noun,C2
éradication,noun,C1
érailler,verb,C1
éraillé,adjective,B2
érection,noun,C1
ériger,verb,B2
érotisme,noun,C1
érudit,noun,C2
éruption,noun,C2
ésotérique,adjective,C2
étable,noun,C2
établir,verb,B1
établissement,noun,B1
étage,noun,A1
étager,verb,C2
étagère,noun,B1
étai,noun,B2
étain,noun,C2
étalage,noun,C2
étaler,verb,B2
étalon,noun,C2
étanche,adjective,C1
étang,noun,B2
étant,noun,B2
étape,noun,B2
état,noun,B1
éteindre,verb,A1
étendard,noun,B2
étendre,verb,B2
étendue,noun,B2
éternel,adjective,B1
éternellement,adverb,B2
éternité,noun,B1
éthanol,noun,C1
éthique,adjective,B2
éthique,noun,B2
éthologie,noun,C2
étincelant,adjective,B2
étinceler,verb,B2
étiquette,noun,B1
étirement,noun,B2
étirer,verb,B2
étoffe,noun,B2
étoile,noun,A1
étoiler,verb,B2
étole,noun,C1
étonnamment,adverb,C1
étonnant,adjective,B1
étonnement,noun,B1
étonner,verb,A2
étonné,adjective,B2
étouffant,adjective,C2
étouffement,noun,C1
étouffer,verb,B1
étourdir,verb,B2
étourdissant,adjective,C1
étourneau,noun,C1
étrange,adjective,B1
étrange,noun,B1
étrangement,adverb,C1
étranger,adjective,A1
étranger,noun,A1
étranger,verb,C2
étrangeté,noun,B2
étrangler,verb,B2
étreindre,verb,C1
étreinte,noun,C2
étrenne,noun,B2
étrenner,verb,C1
étriqué,adjective,C1
étroit,adjective,A2
étroitement,adverb,B2
étrusque,adjective,C1
étude,noun,A1
étudiant,adjective,A1
étudiant,noun,A1
étudier,verb,A1
étudié,adjective,B2
étymologiquement,adverb,C1
été,noun,A1
évacuation,noun,B2
évacuer,verb,B2
évader,verb,B2
évadé,adjective,C2
évadé,noun,C1
évaluation,noun,B2
évaluer,verb,B1
évangéliser,verb,C1
évangéliste,noun,C2
évanoui,adjective,B2
évanouir,verb,B1
évaporation,noun,C1
évaporer,verb,C1
évaporé,adjective,C1
évaser,verb,C1
évasif,adjective,C2
évasion,noun,B2
éveil,noun,B2
éveiller,verb,B1
éventail,noun,B2
éventualité,noun,B2
éventuel,adjective,B2
éventuel,noun,B2
éventuellement,adverb,B2
éviction,noun,C2
évidemment,adverb,A1
évidence,noun,B1
évident,adjective,B1
évider,verb,C1
évier,noun,C1
évincer,verb,C2
éviter,verb,B1
évocateur,adjective,C2
évocation,noun,C1
évoluer,verb,A2
évolution,noun,A2
évoquer,verb,A2
événement,noun,B1
évêché,noun,C2
évêque,noun,B1
être,noun,B1
être,verb,A1
île,noun,A1
îlot,noun,C1
ô,interjection,B2
ôter,verb,B2
