headword,pos,CEFR
а,con,A1
а именно,adv,B2
а также,mwe,B2
аббревиатура,n,B2
абзац,n,A2
абонемент,n,B1
абонент,n,B2
аборт,n,B2
абсолютно,adv,B2
абсолютный,adj,B2
абстрактный,adj,B2
абсурд,n,C2
авангард,n,C2
аванс,n,B2
авария,n,A2
август,n prop,A1
авиакомпания,n,B1
авиационный,adj,C1
авиация,n,C1
авитаминоз,n,B2
авто,n,B2
автобус,n,A1
автозаправочная станция,mwe,B1
автоинспектор,n,B1
автомат,n,B2
автоматизация,n,B2
автоматически,adv,B1
автоматический,adj,B1
автомашина,n,A2
автомобиль,n,A1
автомобильный,adj,A2
автономия,n,B2
автономный,adj,B2
автоответчик,n,B1
автор,n,A1
авторизоваться,v,B1
авторитарный,adj,B2
авторитет,n,B2
авторитетный,adj,C1
авторский,adj,C1
авторское право,mwe,C1
авторство,n,C1
автострада,n,B2
автофокус,n,B2
агент,n,B2
агентство,n,B1
агрессивный,adj,B2
агрессия,n,B2
ад,n,B2
адаптация,n,B2
адвокат,n,B1
адекватный,adj,C2
админ,n,B2
административный,adj,B2
администратор,n,B2
администрация,n,B1
адмирал,n,C1
адрес,n,A1
адрес электронной почты,mwe,A2
адресат,n,A1
адресовать,v,B2
аж,particle,C2
азбука,n,A1
азиатский,adj,A1
азия,n prop,A1
академик,n,B2
академический,adj,B2
академия,n,B1
аквариум,n,B2
аккаунт,n,B1
аккумулятор,n,B1
аккуратно,adv,B1
аккуратный,adj,B1
аксессуар,n,B2
акт,n,C1
актер,n,A1
актерский,adj,B2
активизировать,v,B2
активировать,v,B2
активист,n,B2
активно,adv,B1
активность,n,B1
активный,adj,A2
активы,n,C1
актриса,n,A1
актуальный,adj,B2
акула,n,B2
акустический,adj,B2
акцент,n,A2
акцентировать,v,C2
акционер,n,C1
акционерный,adj,C1
акция,n,C1
алгоритм,n,B2
алиби,n,B2
алкоголизм,n,B2
алкоголик,n,C1
алкоголь,n,B1
алкогольный,adj,B1
аллах,n prop,B1
аллергический,adj,B1
аллергия,n,A1
аллея,n,B2
алмаз,n,B2
алтарь,n,C2
алфавит,n,A1
альбом,n,B2
альпинист,n,B2
альтернатива,n,C1
альтернативный,adj,B2
альянс,n,C1
амбиции,n,B2
америка,n prop,A1
американец,n,A1
американский,adj,A1
анализ,n,B2
анализировать,v,B1
аналитик,n,B2
аналитический,adj,B2
аналог,n,B2
аналогичный,adj,B2
аналогия,n,C2
анальный,adj,C1
ангар,n,C1
ангел,n,B2
английский,adj,A1
англичанин,n,A1
анекдот,n,B1
анкета,n,A1
аннулировать,v,B2
аномалия,n,B2
анонимный,adj,B2
ансамбль,n,B2
антагонизм,n,C1
антенна,n,B1
антибиотик,n,B1
антикварный,adj,B2
антисемитизм,n,C1
антитела,n,C1
антитрестовский,adj,C1
античный,adj,B2
антоним,n,A2
апартаменты,n,B1
апелляция,n,C1
апельсин,n,A1
аплодировать,v,B1
аплодисменты,n,B2
апостол,n,C2
аппарат,n,B2
аппаратура,n,B2
аппетит,n,A2
апрель,n prop,A1
аптека,n,A1
араб,n,A1
арабский,adj,A1
арбитражный,adj,C1
арбуз,n,B1
аргумент,n,B2
аргументировать,v,B2
арена,n,B1
аренда,n,A2
арендная плата,mwe,B1
арендовать,v,A2
арест,n,B2
арестовывать,v,B2
арка,n,B2
армейский,adj,B2
армия,n,B1
аромат,n,B1
арсенал,n,C2
артиллерийский,adj,C1
артиллерия,n,C1
артист,n,A1
археолог,n,B2
археологический,adj,B2
архив,n,B2
архивировать,v,B2
архивный,adj,B2
архитектор,n,B2
архитектура,n,B2
архитектурный,adj,B2
ас,n,C2
аспект,n,B2
аспирант,n,B2
ассистент,n,B2
ассортимент,n,B2
ассоциация,n,B2
ассоциировать,v,B2
астма,n,B2
асфальт,n,C1
аська,n,B2
атака,n,B2
атаковать,v,B2
атеист,n,B2
атмосфера,n,B1
атмосферный,adj,B2
атом,n,B2
атомный,adj,B2
атрибут,n,B2
аттракцион,n,B2
аудирование,n,B1
аудитория,n,A2
аукцион,n,B2
афера,n,C1
африка,n prop,A1
африканский,adj,A1
аэродром,n,B2
аэропорт,n,A1
аэс,n,B2
баба,n,C1
бабка,n,C1
бабки,n,B1
бабочка,n,B2
бабушка,n,A1
багаж,n,B1
база,n,B2
база данных,mwe,B2
базар,n,B2
базироваться,v,B2
базовый,adj,B2
бак,n,B2
бакс,n,C1
бактерия,n,B2
бал,n,C1
баланс,n,B2
балет,n,A1
балкон,n,A2
балл,n,A2
банальный,adj,C1
банан,n,A1
банда,n,B2
бандит,n,B2
банк,n,A1
банка,n,B1
банкир,n,B2
банкнота,n,B2
банковский,adj,B2
банкомат,n,A1
банкротство,n,B2
баня,n,B1
бар,n,B1
барабан,n,C1
барак,n,C1
баран,n,B2
бардак,n,C2
барон,n,C2
барьер,n,B2
бас,n,C2
баскетбол,n,A1
бассейн,n,A1
бастовать,v,B2
батальон,n,C2
батарейка,n,A2
батарея,n,A2
батюшка,n,C2
башка,n,C2
башня,n,B1
бег,n,A2
бегать,v,A1
беглец,n,B2
бегом,adv,B2
бегство,n,B2
беда,n,B2
бедность,n,B1
бедный,adj,A1
бедняга,n,C2
бедняк,n,B2
бедро,n,B1
бедствие,n,B2
бежать,v,A1
беженец,n,B2
без,adpos,A1
бездна,n,C2
бездомный,adj,B2
безжалостный,adj,B2
беззащитный,adj,B2
безнадежный,adj,B2
безналичный,adj,B1
безобразие,n,C1
безопасность,n,B1
безопасный,adj,B1
безработица,n,B2
безработный,n,B1
безразличный,adj,B2
безумие,n,C1
безумный,adj,C1
безусловно,adv,B2
беларусь,n prop,A1
белка,n,C1
белок,n,B1
белоруссия,n prop,A1
белорусский,adj,A1
белый,adj,A1
белье,n,A2
бензин,n,A2
бензоколонка,n,B1
берег,n,B1
бережно,adv,B2
береза,n,B2
беременность,n,B1
беременный,adj,B1
беречь,v,B2
бес,n,C2
беседа,n,B2
беседовать,v,B2
бесконечность,n,B2
бесконечный,adj,B2
бесплатный,adj,A2
бесплодный,adj,C2
беспокоить,v,B1
беспокоиться,v,B1
беспокойный,adj,B1
беспокойство,n,B2
бесполезный,adj,B1
беспомощный,adj,B2
беспорядок,n,B2
беспощадный,adj,C2
беспрецедентный,adj,C1
беспристрастность,n,C2
беспроводной,adj,B2
бессильный,adj,B2
бессмертный,adj,C1
бессмысленный,adj,B2
бессознательный,adj,C2
бессонница,n,B2
бесспорный,adj,C1
бестолковый,adj,C2
бесчисленный,adj,C1
бесшумный,adj,B2
бетон,n,B2
бешеный,adj,C1
библейский,adj,B2
библиография,n,B2
библиотека,n,A1
библия,n,B2
бизнес,n,B1
бизнесмен,n,B2
билет,n,A1
бинокль,n,B2
бинт,n,A2
биография,n,A2
биологический,adj,B2
биология,n,B1
биржа,n,B2
бит,n,B2
битва,n,C1
бить,v,A2
биться,v,C2
благо,n,B2
благодарить,v,A2
благодарность,n,B2
благодарный,adj,B1
благодаря,adpos,B1
благополучно,adv,C1
благоприятный,adj,C1
благоприятствовать,v,C2
благородный,adj,B2
благословение,n,C2
благосостояние,n,B2
благотворительный,adj,B2
благоустройство,n,C1
блаженство,n,C2
бланк,n,A2
бледный,adj,B1
блеск,n,B1
блестеть,v,B1
блестящий,adj,B1
ближайший,adj,B1
ближний,n,C1
близкий,adj,A1
близко,adv,A1
близнец,n,A2
близость,n,B1
блин,n,A2
блог,n,B1
блоггер,n,B1
блок,n,B2
блокада,n,B2
блокировать,v,B2
блокнот,n,A2
блондинка,n,A2
блюдо,n,A1
бог,n,A2
богатство,n,B1
богатый,adj,A1
богач,n,B2
богиня,n,C1
богослужение,n,C2
бодрствовать,v,B1
бодрый,adj,B2
боевик,n,B2
боевой,adj,B2
боец,n,C1
боже,excl,B2
божественный,adj,B2
божество,n,C2
божий,adj,B2
бой,n,B2
бойкотировать,v,C1
бойня,n,B2
бок,n,A1
бокал,n,B1
боковой,adj,B2
бокс,n,B1
боксер,n,B1
более,adv,B2
более или менее,mwe,B2
более чем,mwe,B2
болезненный,adj,B2
болезнь,n,A2
болельщик,n,B1
болеть,v,A1
болото,n,B2
болтать,v,B2
боль,n,A1
больница,n,A1
больничный,n,B2
больно,adv,A1
больной,adj,A1
больше,adv,A1
большевик,n,C1
больший,adj,A2
большинство,n,B1
большой,adj,A1
бомба,n,B1
бомбардировать,v,B2
бомбардировка,n,C1
бомбардировщик,n,C2
бомж,n,B2
бонус,n,C1
бор,n,C2
борец,n,C1
бормотать,v,B2
борода,n,B1
бороться,v,B1
борт,n,C1
борщ,n,A2
борьба,n,B1
босой,adj,B2
босс,n,C1
ботинок,n,A1
боулинг,n,B1
бочка,n,C1
боязнь,n,B2
бояться,v,B1
брак,n,B1
брат,n,A1
братец,n,C2
братство,n,C1
брать,v,A1
брать в аренду,mwe,A2
брать интервью,mwe,B2
брать на себя,mwe,C1
брать напрокат,mwe,B1
браться,v,C1
браузер,n,B2
бревно,n,C1
бред,n,C1
бремя,n,C2
бренд,n,B2
бригада,n,B2
бриллиант,n,B2
британский,adj,A1
бритва,n,A2
бриться,v,A1
бровь,n,B1
бродить,v,C1
бронирование,n,B1
бронировать,v,B1
броня,n,C2
бросать,v,A2
бросаться,v,B2
броский,adj,C2
бросок,n,B2
брошюра,n,A2
брызгать,v,B2
брюки,n,A1
будда,n prop,B1
буддизм,n,B1
будить,v,A2
будка,n,C2
будто,particle,B2
будущее,n,A2
будущий,adj,B1
будьте здоровы,excl,A2
буква,n,A1
буквальный,adj,C1
букет,n,B2
булочка,n,A2
бульвар,n,A2
бумага,n,A1
бумажник,n,A2
бумажный,adj,B1
бунт,n,C1
буржуазия,n,B2
буржуазный,adj,B2
бурный,adj,B2
буря,n,B2
бутерброд,n,A1
бутик,n,B2
бутылка,n,A1
буфет,n,A2
буханка,n,B2
бухгалтер,n,B2
бухгалтерский,adj,B2
бухта,n,C2
бушевать,v,C2
бы,v mod,A2
бывало,adv,C2
бывать,v,B1
бывший,adj,A2
бык,n,B1
быстро,adv,A1
быстрота,n,B1
быстрый,adj,A1
быт,n,B2
бытие,n,C2
бытовой,adj,B1
быть,v,A1
быть может,mwe,B1
бюджет,n,B2
бюджетный,adj,B2
бюллетень,n,B2
бюро,n,B2
бюрократический,adj,B2
бюрократия,n,B2
бюстгальтер,n,B1
в,adpos,A1
в ближайшее время,mwe,B2
в большинстве,mwe,B2
в глубине души,mwe,C2
в данном случае,mwe,B2
в данный момент,mwe,B2
в действительности,mwe,B2
в другом месте,mwe,A2
в зависимости от,mwe,B2
в качестве,mwe,B2
в конце концов,mwe,B2
в любое время,mwe,B2
в любом случае,mwe,B2
в мгновение ока,mwe,C2
в настоящее время,mwe,B2
в общей сложности,mwe,B2
в общем,mwe,B2
в одиночку,adv,C1
в основном,adv,B2
в особенности,mwe,B2
в отличие,mwe,C1
в очередной раз,mwe,C1
в первую очередь,mwe,C1
в последнее время,adv,B2
в пределах,mwe,B2
в принципе,mwe,B2
в противном случае,mwe,C1
в прошлый раз,mwe,B2
в прямом эфире,mwe,B1
в пьяном виде,mwe,B2
в рамках,mwe,B2
в результате,mwe,B2
в самом деле,mwe,C1
в свое время,mwe,C1
в свою очередь,mwe,B2
в связи,mwe,B1
в силу,mwe,B2
в скверном положении,mwe,C2
в соответствии с,mwe,B2
в среднем,mwe,B1
в течение,mwe,B1
в то время как,con,B2
в том случае,mwe,C1
в том числе,mwe,B1
в ходе,mwe,B2
в целом,adv,B2
в частности,adv,B2
вагон,n,A2
важнейший,adj,B1
важно,adv,A1
важность,n,B2
важный,adj,A1
ваза,n,B1
вакансия,n,B1
вакцина,n,C1
вал,n,C2
валить,v,C2
валюта,n,A2
валютный,adj,B2
валяться,v,C1
вампир,n,C1
ванна,n,A1
ванная,n,A1
ванная комната,mwe,A2
варвар,n,C1
варенье,n,A2
вариант,n,B2
вариация,n,C2
варить,v,A2
ваш,pron,A1
вблизи,adv,C1
введение,n,B2
вверх,adv,A2
вверху,adv,A2
ввиду,adpos,C1
ввод,n,B2
вводить,v,C1
вводить в действие,mwe,B2
вводить в заблуждение,mwe,C2
ввозить,v,B2
ввп,abbr,B2
вглубь,adv,C1
вдалеке,adv,C1
вдали,adv,C1
вдвое,adv,B2
вдвоем,adv,A2
вдвойне,adv,C1
вдобавок,adv,C2
вдова,n,A1
вдовец,n,A1
вдоль,adpos,C1
вдох,n,B1
вдохновение,n,B2
вдохновлять,v,C1
вдребезги,adv,C2
вдруг,adv,B1
вдыхать,v,B1
веб,n,B1
веб-кошелек,n,B1
веб-сайт,n,B1
веб-страница,n,B1
ведать,v,C2
ведение,n,C1
ведомость,n,B2
ведомство,n,C1
ведро,n,B1
ведущий,n,C1
ведь,particle,C1
ведьма,n,B2
вежливо,adv,A1
вежливый,adj,A1
везде,adv,A2
везти,v,C1
век,n,B1
веко,n,B1
вектор,n,C1
велеть,v,C2
велик,adj,C2
великан,n,B2
великий,adj,B1
великолепие,n,C2
великолепный,adj,C1
величайший,adj,B1
величественный,adj,C2
величество,n,C1
величие,n,C2
величина,n,B2
велосипед,n,A1
вена,n,B2
венера,n prop,B1
венерический,adj,B2
венчать,v,C2
вера,n,B1
веранда,n,C2
верблюд,n,B2
вербовать,v,C2
веревка,n,B1
верить,v,A2
вернее,adv,C1
верно,adv,A1
верность,n,B2
верный,adj,A2
вероятно,adv,B2
вероятность,n,B2
вероятный,adj,B2
версия,n,C1
верста,n,C2
вертеть,v,B1
вертикаль,n,C1
вертикальный,adj,B2
вертолет,n,B1
верующий,n,B2
верх,n,A1
верхний,adj,A2
верховный,adj,C2
верхушка,n,C1
вершина,n,B1
вес,n,A2
весело,adv,A2
веселый,adj,A2
веселье,n,B2
весенний,adj,A2
весить,v,A2
весна,n,A1
вести,v,A2
вести диалог,mwe,C1
вести переговоры,mwe,B2
вести переписку,mwe,B2
вести себя,mwe,B1
вестибюль,n,C1
вестись,v,C1
вестник,n,C2
весть,n,C1
весы,n,B1
весь,pron,A2
весьма,adv,C1
ветвь,n,B2
ветер,n,A2
ветеран,n,B2
ветеринар,n,B2
ветка,n,A2
вето,n,C1
вечер,n,A1
вечеринка,n,B1
вечерний,adj,B1
вечно,adv,C1
вечность,n,B2
вечный,adj,B2
вешать,v,B1
вещание,n,C2
вещество,n,B2
вещь,n,A1
взаимный,adj,B2
взаимодействие,n,B2
взаимодействовать,v,B2
взаимоотношения,n,B2
взаимопонимание,n,B2
взаимосвязь,n,B2
взамен,adv,B2
взвешивать,v,B1
взвод,n,C2
взволновать,v,B2
взгляд,n,B1
взглядывать,v,B2
вздох,n,C1
вздрагивать,v,B2
вздыхать,v,B2
взламывать,v,B2
взлет,n,B1
взлетать,v,B1
взнос,n,B2
взор,n,C2
взрослеть,v,B1
взрослый,n,A1
взрыв,n,B2
взрывать,v,B1
взрываться,v,B1
взрывной,adj,B2
взрывчатка,n,B2
взятие,n,C1
взятка,n,B2
взять,v,A2
взять такси,mwe,A2
взяться,v,C2
вид,n,A2
вид спорта,mwe,A1
видать,adv,C2
видение,n,C1
видео,n,A1
видеокамера,n,B1
видеоклип,n,B1
видеть,v,A1
видеть во сне,mwe,B2
видеть сон,mwe,A2
видеться,v,B2
видимо,adv,C2
видимость,n,B2
видимый,adj,B2
виднеться,v,C2
видно,adv,A2
видный,adj,B2
виза,n,A1
визг,n,C1
визировать,v,C1
визит,n,B2
визитная карточка,mwe,B1
визуальный,adj,B2
викторина,n,B1
вилка,n,A1
вилла,n,C1
вина,n,B2
винительный,adj,A2
вино,n,A1
виновник,n,B2
виноград,n,A1
винт,n,B2
винтовка,n,C2
виртуальный,adj,B2
вирус,n,B1
висеть,v,A2
виски,n,A1
висок,n,B2
витамин,n,A2
витрина,n,B1
вихрь,n,C2
вице-президент,n,B2
вич,n,B2
вклад,n,B1
вкладчик,n,B2
вкладывать,v,B2
включать,v,A1
включаться,v,B2
включение,n,B2
вкратце,adv,C2
вкус,n,A2
вкусный,adj,A1
влага,n,B2
влагалище,n,B2
владелец,n,B2
владение,n,C1
владеть,v,B2
владыка,n,C2
влажность,n,B2
влажный,adj,B2
власть,n,B1
влево,adv,A2
влезать,v,B2
влечение,n,C1
влечь,v,C2
влияние,n,B1
влиятельный,adj,C1
влиять,v,B2
вложение,n,B2
влюбленный,adj,B1
влюбляться,v,B1
вместе,adv,A2
вместе с тем,mwe,C1
вместимость,n,B2
вместо,adpos,B1
вмешательство,n,B2
вмешиваться,v,B2
вмещать,v,B2
вначале,adv,B1
вне,adpos,B2
внедорожник,n,C1
внедрение,n,B2
внедрять,v,C1
внезапный,adj,B2
внесение,n,C1
внешний,adj,B2
внешность,n,B1
внешняя политика,mwe,B2
вниз,adv,A2
вниз,prep,A2
внизу,adv,A2
внимание,n,A1
внимательный,adj,B2
вничью,adv,B1
вновь,adv,C2
вносить,v,B1
внук,n,A1
внутренне,adv,B2
внутренний,adj,B1
внутри,adv,A2
внутрь,adv,A2
внучка,n,A1
внушать,v,B2
во время,prep,B1
во всяком случае,mwe,B2
во главе,mwe,B2
во имя,mwe,C2
во что бы то ни стало,mwe,C2
во-первых,adv,B1
вовлекать,v,C2
вовремя,adv,A2
вовсе,adv,C2
вовсю,adv,C2
вода,n,A1
водитель,n,A1
водительские права,mwe,A1
водить,v,A2
водить автомобиль,mwe,A2
водиться,v,C1
водка,n,A1
водный,adj,B1
водоем,n,B2
водопад,n,C1
водород,n,B2
воевать,v,B1
военнослужащий,n,C2
военный,n,B1
вождение,n,B2
вождь,n,C1
возбуждать,v,B2
возбуждать дело,mwe,C1
возбуждаться,v,C1
возбуждение,n,B2
возводить,v,C2
возврат,n,B2
возвращать,v,B1
возвращаться,v,B1
возвращение,n,B1
возглавлять,v,B2
воздействие,n,B2
воздействовать,v,B2
возделывать,v,C2
воздержание,n,C1
воздерживаться,v,B2
воздух,n,A2
воздушный,adj,B2
воззвание,n,C2
возить,v,A2
возиться,v,C2
возле,adpos,B2
возлюбленный,n,C2
возмездие,n,C2
возмещение,n,B2
возмещение ущерба,mwe,B2
возможно,adv,B2
возможность,n,B2
возможный,adj,B2
возмущение,n,B2
вознаграждение,n,B2
возникать,v,B2
возникновение,n,B2
возобновлять,v,B2
возражать,v,B1
возражение,n,B1
возраст,n,A1
возрастать,v,B2
возрождение,n,C1
воин,n,C1
воинский,adj,C1
воистину,adv,C2
вой,n,C1
война,n,B1
войско,n,B2
вокзал,n,A2
вокруг,adv,B1
волейбол,n,A1
волк,n,B2
волна,n,B2
волнение,n,B2
волновать,v,B1
волноваться,v,B1
волокно,n,B2
волос,n,A1
волосатый,adj,B2
волшебник,n,B2
волшебный,adj,B2
вольный,adj,B2
воля,n,B2
вон,particle,B2
вонять,v,B2
воображать,v,B2
воображение,n,B2
вообще,adv,B2
воодушевлять,v,C1
вооружение,n,C1
вооруженный,adj,B1
вопить,v,C2
воплощение,n,C2
вопль,n,C2
вопреки,adpos,C1
вопрос,n,A1
вопросительный,adj,A1
вор,n,B1
воробей,n,C1
воровать,v,A1
воровство,n,B2
ворона,n,C1
ворота,n,B2
воротник,n,B2
восемнадцатый,num,A2
восемнадцать,num,A1
восемь,num,A1
восемьдесят,num,A1
восемьсот,num,A1
восклицательный,adj,A1
восклицать,v,B1
воскресение,n,B2
воскресенье,n prop,A1
воспаление,n,B1
воспаляться,v,B1
воспитание,n,B1
воспитатель,n,B1
воспитывать,v,A2
воспользоваться,v,B2
воспоминание,n,B1
воспринимать,v,B2
восприниматься,v,B2
восприятие,n,B2
воспроизведение,n,B2
воспроизводить,v,B2
восстанавливать,v,B2
восстание,n,C1
восстановление,n,B2
восток,n prop,A1
восторг,n,B2
восточный,adj,B1
восхвалять,v,C2
восхищаться,v,B2
восхищение,n,B2
восход,n,B1
восхождение,n,B2
восьмерка,n,B1
восьмидесятый,num,A2
восьмисотый,num,A2
восьмой,num,A2
вот,particle,A1
вот-вот,adv,C1
впадать,v,B2
впервые,adv,B2
вперед,adv,A2
впереди,adv,A2
впечатление,n,B2
вплотную,adv,C1
вплоть,adv,C1
вполне,adv,B2
вполне,det,B2
впоследствии,adv,B2
вправду,adv,C2
вправе,adv,C1
вправо,adv,A2
впредь,adv,C2
впрочем,adv,C2
впрямь,adv,C2
враг,n,A2
вражда,n,B1
враждебность,n,B2
враждебный,adj,C1
вражеский,adj,B2
вратарь,n,B1
врать,v,B2
врач,n,A1
вращать,v,B1
вращаться,v,B2
вращение,n,B2
вред,n,B2
вредить,v,B2
вредный,adj,A2
временный,adj,B1
время,n,A1
время года,mwe,A1
время от времени,mwe,C1
вроде,particle,C2
вроде бы,mwe,C1
врожденный,adj,B2
вручать,v,B2
вручную,adv,B2
врываться,v,B2
вряд ли,mwe,B2
всадник,n,C2
все,pron,A1
все в порядке,mwe,A2
все время,mwe,B1
все же,mwe,C2
все равно,mwe,B1
все-таки,particle,B2
всевышний,n,C2
всегда,adv,A2
всего,particle,B1
всего лишь,mwe,C2
вселенная,n prop,B2
всемирный,adj,B2
всеобщий,adj,B2
всероссийский,adj,B2
всерьез,adv,C2
всесторонний,adj,B2
вскакивать,v,B2
вскоре,adv,B2
вскрывать,v,B2
вслед,adv,C1
вследствие,adpos,B2
вслух,adv,A2
всматриваться,v,C2
всплеск,n,C2
вспоминать,v,B1
вспомогательный,adj,B2
вспыхивать,v,B2
вспышка,n,B2
вставать,v,A2
вставка,n,B2
вставлять,v,B2
встраивать,v,B2
встреча,n,A2
встречать,v,A2
встречаться,v,A2
встречный,adj,B2
встряхивать,v,B2
вступать,v,B2
вступать в брак,mwe,B2
вступительный,adj,B1
вступление,n,B2
всухомятку,adv,C2
всюду,adv,B2
всякий,pron,B2
всячески,adv,C2
втискивать,v,C2
вторгаться,v,C1
вторжение,n,C1
вторичный,adj,B2
вторник,n prop,A1
второе,n,A2
второй,num,A2
второстепенный,adj,C1
втроем,adv,A2
втыкать,v,C2
втягивать,v,C1
вуз,abbr,B1
вулкан,n,B2
вход,n,A1
входить,v,A1
входной,adj,B1
вцепляться,v,C2
вчера,n,A1
вчерашний,adj,A2
въезд,n,A1
въезжать,v,A2
вы,pron,A1
выбегать,v,B1
выбивать,v,C2
выбирать,v,A1
выбираться,v,B2
выбор,n,A2
выборка,n,B2
выборы,n,A2
выбрасывать,v,A2
выброс,n,C2
вывеска,n,A2
вывод,n,B1
выводить,v,C1
вывозить,v,B2
выглядеть,v,B1
выглядывать,v,C1
выгода,n,B2
выгодный,adj,B2
выгонять,v,B2
выдавать,v,B1
выдача,n,B1
выдающийся,adj,B2
выдвигать,v,C1
выдворять,v,C2
выделение,n,B2
выделять,v,B1
выделяться,v,B2
выдерживать,v,B2
выдержка,n,C1
выдох,n,B1
выдыхать,v,B1
выезд,n,A1
выезжать,v,A2
выживание,n,B2
выживать,v,B2
выздоравливать,v,B1
вызов,n,B2
вызывать,v,A2
выигрывать,v,B1
выигрыш,n,B2
выкачивать,v,C1
выкидывать,v,A2
выкладывать,v,C1
выключатель,n,A1
выключать,v,A1
выкручивать,v,B2
выкупать,v,B2
вылезать,v,C1
вылет,n,A2
вылетать,v,A2
выматывающий,adj,B2
вымещать,v,C2
вынимать,v,A2
выносить,v,B2
выносливость,n,B2
вынуждать,v,B2
вынужденный,adj,C1
выпадать,v,B1
выпечка,n,B2
выпивать,v,C1
выпивка,n,B2
выписка,n,C1
выписывать,v,A2
выплата,n,B2
выплачивать,v,C1
выполнение,n,C1
выполнять,v,B2
выполняться,v,B1
выпрямляться,v,B1
выпуск,n,B2
выпуск новостей,mwe,B1
выпускать,v,C1
выпускник,n,B2
выпускной,adj,C1
вырабатывать,v,C1
выработка,n,C1
выражать,v,B1
выражаться,v,B2
выражение,n,A2
выражение лица,mwe,B2
выраженный,adj,C1
выразительный,adj,B2
вырастать,v,A2
выращивать,v,B2
вырезать,v,C1
выручка,n,C1
вырывать,v,C1
вырываться,v,C2
высаживаться,v,C1
высасывать,v,B2
высказывание,n,B2
высказывать,v,C1
высказываться,v,C1
выскакивать,v,C1
выслеживать,v,C1
выслушивать,v,B2
высокая температура,mwe,B1
высокий,adj,A1
высоко,adv,A2
высота,n,A2
выставка,n,A2
выставлять,v,C1
выстраивать,v,B2
выстрел,n,B2
выстрелить,v,B2
выступ,n,C1
выступать,v,B1
выступление,n,B1
высшая мера наказания,mwe,C1
высшая школа,mwe,B2
высшее образование,mwe,B1
высшее учебное заведение,mwe,B1
высший,adj,B1
высылать,v,C1
вытаскивать,v,B2
вытекать,v,B1
вытирать,v,B2
выть,v,C1
вытягивать,v,B1
выучивать,v,A1
выхлопная труба,mwe,C1
выход,n,A1
выходить,v,A1
выходить замуж,mwe,A2
выходка,n,C2
выходной,n,A2
выходной день,mwe,A1
выходные,n,B1
вычеркивать,v,B1
вычет,n,B2
вычисление,n,B2
вычислять,v,B2
выше,adv,A2
вышестоящий,adj,C1
вышеупомянутый,adj,C2
вышивать,v,B2
выявление,n,C2
выявлять,v,C2
выяснение,n,C1
выяснять,v,B2
выясняться,v,C1
вязать,v,B2
вялый,adj,C1
га,n,C1
гавань,n,C2
гад,n,C1
гадость,n,C1
газ,n,A2
газета,n,A2
газовый,adj,A2
газон,n,B2
галактика,n,B2
галерея,n,B2
галочка,n,A2
галстук,n,B1
гамма,n,C1
гараж,n,A2
гарантировать,v,B2
гарантия,n,B1
гардероб,n,B1
гармонировать,v,B2
гармония,n,B2
гарнизон,n,C1
гарнир,n,A2
гасить,v,B1
гвардия,n,C1
гвоздика,n,C1
гвоздь,n,B2
где,adv,A1
где-либо,adv,B2
где-нибудь,adv,B1
где-то,adv,B1
гектар,n,C2
гелий,n,B2
гель,n,A1
ген,n,B2
генерал,n,C1
генеральный,adj,C1
генеральный секретарь,mwe,C1
генератор,n,B2
генерировать,v,B2
генетический,adj,B2
гениальный,adj,B2
гений,n,B2
гениталии,n,B2
геноцид,n,B2
географический,adj,B1
география,n,B1
гепатит,n,B2
герб,n,B1
германия,n prop,A1
героин,n,B2
героиня,n,B1
героический,adj,B2
герой,n,B1
герцог,n,C2
гетеросексуальный,adj,B2
гетто,n,C1
гибель,n,B2
гибкий,adj,B2
гибкость,n,B2
гибнуть,v,B2
гигант,n,C1
гигантский,adj,B2
гигиена,n,B1
гид,n,B1
гимн,n,B1
гимназия,n,B2
гимнастика,n,A2
гинеколог,n,C1
гипертония,n,B2
гипноз,n,B2
гипотеза,n,B2
гитара,n,B1
гитлеровец,n,C2
глава,n,B2
глава семьи,mwe,B1
главная роль,mwe,A2
главное,n,B1
главнокомандующий,n,C1
главный,adj,A2
главным образом,adv,B2
глагол,n,A1
гладить,v,A2
гладкий,adj,B2
глаз,n,A1
глазок,n,C1
гласить,v,C2
гласность,n,C1
гласный,adj,A1
глина,n,B2
глобализация,n,B2
глобальный,adj,B2
глотать,v,B2
глоток,n,B2
глубина,n,B1
глубокий,adj,B1
глубоко,adv,A2
глупо,adv,B1
глупость,n,B2
глупый,adj,A2
глухо,adv,C2
глухой,adj,B2
глядеть,v,B1
гнать,v,C2
гнаться,v,B2
гнев,n,B2
гнездо,n,B2
гнилой,adj,C1
гной,n,B2
гном,n,C2
гнусный,adj,C2
говно,n,C2
говорить,v,A1
говориться,v,C1
год,n,A1
годиться,v,B2
годовой,adj,B2
годовщина,n,B2
гол,n,A2
голландский,adj,A1
голова,n,A1
головка,n,C1
головная боль,mwe,A1
головной,adj,A1
головокружение,n,B2
головоломка,n,B2
голод,n,A2
голодать,v,B1
голодный,adj,A1
голодовка,n,B1
голос,n,B1
голосование,n,B1
голосовать,v,B1
голубой,adj,A1
голубь,n,C1
голый,adj,B2
гольф,n,B1
гомик,n,C1
гомосексуализм,n,B2
гомосексуальный,adj,B1
гонка,n,B2
гонорар,n,C2
гора,n,B1
гораздо,adv,B2
гордиться,v,B1
гордо,adv,B2
гордость,n,B2
гордый,adj,B2
горе,n,B2
горевать,v,C1
гореть,v,A2
горечь,n,B2
горизонт,n,B2
горизонтальный,adj,B2
горло,n,A2
гормон,n,B2
горные лыжи,mwe,B1
горный,adj,B1
город,n,A1
городок,n,B1
городской,adj,A2
горожанин,n,C1
гороскоп,n,B1
горсть,n,C1
горчица,n,B1
горшок,n,C1
горький,adj,B1
горько,adv,A2
горючее,n,B2
горячий,adj,A1
горячо,adv,A2
госдума,n prop,B2
госпиталь,n,C1
господин,n,A1
господство,n,C1
господствовать,v,C1
господь,n,C2
господь бог,mwe,C2
госпожа,n,A1
гостеприимный,adj,B1
гостеприимство,n,B1
гостиная,n,A2
гостиница,n,A2
гость,n,A1
государственность,n,C1
государственный,adj,A2
государственный служащий,mwe,B2
государство,n,A2
государь,n,C2
готовить,v,A1
готовиться,v,B1
готовность,n,B2
готовый,adj,A2
грабеж,n,B2
грабить,v,B2
гравитация,n,B2
град,n,B1
градус,n,A2
гражданин,n,A1
гражданка,n,A1
гражданская война,mwe,B2
гражданский,adj,B2
гражданство,n,B1
грамм,n,A1
грамматика,n,A2
грамматический,adj,A2
грамота,n,C2
грамотный,adj,B1
граната,n,B2
грандиозный,adj,B2
граница,n,A2
грант,n,C1
грань,n,C1
граф,n,C2
графа,n,B2
график,n,B2
графика,n,B2
графиня,n,C2
графический,adj,B2
гребень,n,C2
грек,n,A1
греметь,v,B1
греть,v,B1
грех,n,B2
грешить,v,C1
гриб,n,A2
гриль,n,A2
грипп,n,A2
гроб,n,B2
гроза,n,A2
грозить,v,B2
грозный,adj,C1
гром,n,B1
громадный,adj,B1
громкий,adj,A1
громко,adv,A1
грохот,n,C1
грош,n,C2
грубо,adv,B2
грубый,adj,B2
груда,n,C2
грудной,adj,C1
грудной ребенок,mwe,B1
грудь,n,B1
груз,n,B2
грузин,n,B2
грузинский,adj,B2
грузить,v,C1
грузовик,n,B1
грунт,n,C1
группа,n,A1
группировка,n,B2
групповой,adj,B2
грустный,adj,A2
грусть,n,B2
груша,n,A1
грызть,v,C2
грядущий,adj,C2
грязный,adj,A2
грязь,n,A2
губа,n,B1
губернатор,n,B1
губерния,n,C2
гудеть,v,B2
гудок,n,C1
гул,n,C1
гулять,v,A1
гуманитарный,adj,B2
гуманный,adj,B2
густой,adj,B2
гусь,n,B2
да,excl,A1
давать,v,A1
давать взаймы,mwe,B2
даваться,v,C2
давить,v,B1
давление,n,B2
давний,adj,C1
давно,adv,A2
давность,n,C1
даже,particle,B1
даже если,mwe,B2
далее,adv,B2
далекий,adj,A2
далеко,adv,A1
даль,n,C2
дальнейшее,n,C1
дальнейший,adj,C1
дальний,adj,B1
дальше,adv,A2
дама,n,C1
данные,n,B2
данный,pron,B2
дань,n,C2
дар,n,B2
дарить,v,A1
даром,adv,B2
дата,n,A1
дательный,adj,A2
датировать,v,B2
датчик,n,B2
дача,n,B1
два,num,A1
двадцатый,num,A2
двадцать,num,A1
дважды,adv,B2
двд,n,C2
двенадцатый,num,A2
двенадцать,num,A1
дверца,n,C1
дверь,n,A1
двести,num,A1
двигатель,n,B2
двигать,v,B1
двигаться,v,B1
движение,n,B1
двое,num,B2
двоеточие,n,B2
двойка,n,B1
двойной,adj,B1
двор,n,B1
дворец,n,B1
дворник,n,C1
дворянин,n,B1
дворянство,n,B2
двоюродный,adj,A2
двусторонний,adj,C1
двухсотый,num,A2
дебаты,n,C1
дебют,n,C1
дева,n,C2
девальвация,n,C1
деваться,v,C1
девиз,n,C1
девица,n,C1
девка,n,C2
девочка,n,A1
девственница,n,C1
девушка,n,A1
девчонка,n,C1
девяносто,num,A1
девяностый,num,A2
девятисотый,adj,A2
девятка,n,B1
девятнадцатый,num,A2
девятнадцать,num,A1
девятый,num,A2
девять,num,A1
девятьсот,num,A1
дед,n,B2
дедушка,n,A1
деепричастие,n,B2
дежурить,v,B1
дежурный,adj,B1
дежурство,n,B2
дезертировать,v,C1
действие,n,B1
действительно,adv,B2
действительность,n,C1
действительный,adj,B2
действо,n,C2
действовать,v,B2
действующий,adj,B2
декабрь,n prop,A1
декан,n,A2
деканат,n,A2
декламировать,v,C1
декларация,n,A2
декорация,n,B2
декретный отпуск,mwe,B2
делать,v,A1
делать апгрейд,mwe,B2
делать вывод,mwe,B2
делать замечание,mwe,B1
делать покупки,mwe,A2
делаться,v,B2
делегат,n,B2
делегация,n,B2
деление,n,A2
делить,v,A2
делиться,v,B2
дело,n,A2
деловой,adj,B2
дельфин,n,B2
демографический,adj,B2
демократ,n,B2
демократический,adj,B1
демократия,n,B2
демон,n,C2
демонстрант,n,B2
демонстрация,n,B2
демонстрировать,v,B2
денежный,adj,B1
день,n,A1
день недели,mwe,A1
день победы,mwe,A2
день рождения,n,A1
деньги,n,A1
департамент,n,B2
депрессия,n,B2
депутат,n,B1
дергать,v,C1
деревенский,adj,B2
деревня,n,B1
дерево,n,A2
деревянный,adj,A2
держава,n,C2
держатель,n,C1
держать,v,A2
держаться,v,B1
дерьмо,n,C2
десант,n,C1
десерт,n,A2
дескать,adv,C2
деспотизм,n,C1
десятилетие,n,B1
десятка,n,B1
десяток,n,B1
десятый,num,A2
десять,num,A1
деталь,n,B2
детектив,n,B1
детеныш,n,C1
дети,n,A1
детсад,n,B1
детская площадка,mwe,B1
детский,adj,A2
детский дом,mwe,B2
детский сад,mwe,A2
детство,n,A2
дефект,n,B2
дефицит,n,B2
дециметр,n,A2
дешеветь,v,B1
дешево,adv,A1
дешевый,adj,A1
деяние,n,C2
деятель,n,C2
деятельность,n,B2
джаз,n,B2
джемпер,n,A2
джинсы,n,A1
джип,n,B2
диабет,n,C1
диагноз,n,B1
диагностика,n,B2
диаграмма,n,B2
диалект,n,B2
диалектика,n,C2
диалог,n,A1
диаметр,n,B2
диапазон,n,B2
диван,n,A1
дивизия,n,C1
дидактический,adj,C1
диета,n,B1
дизайн,n,B2
дизайнер,n,B1
дизель,n,C1
дикий,adj,B1
дико,adv,C2
диктатура,n,C1
диктовать,v,A2
дилемма,n,C2
динамик,n,B2
динамика,n,B2
динамический,adj,B2
динамичный,adj,B2
династия,n,C1
динозавр,n,B2
диплом,n,B1
дипломат,n,B2
дипломатический,adj,B2
дипломатия,n,B2
директива,n,C2
директор,n,B1
диск,n,A2
дисквалификация,n,B2
дисковод,n,B2
дискомфорт,n,B2
дискотека,n,A2
дискриминация,n,B2
дискуссия,n,B1
дискутировать,v,C1
дисплей,n,B2
диссертация,n,B2
дистанционное управление,mwe,B2
дистанция,n,B2
дистрибьютор,n,C1
дисциплина,n,B2
дисциплинарный,adj,C1
дитя,n,C1
дк,n,B1
длина,n,A1
длинный,adj,A1
длительность,n,B2
длительный,adj,B2
длиться,v,B1
для,adpos,A1
дневник,n,B2
дневной,adj,B1
днк,abbr,B2
дно,n,B1
до,adpos,A2
до свидания,excl,A1
до сих пор,mwe,B2
до тех пор,mwe,B2
добавка,n,B1
добавление,n,B2
добавлять,v,B1
добиваться,v,B2
добираться,v,B1
добро,n,A2
добро пожаловать,excl,A1
доброволец,n,B2
добровольный,adj,B1
добродетель,n,C2
добросовестный,adj,B2
доброта,n,B1
добрый,adj,A2
добрый вечер,excl,A2
добрый день,excl,A2
добывать,v,B2
добыча,n,C1
доверенность,n,B2
доверие,n,B2
доверять,v,B2
довод,n,C1
доводить,v,B2
доводиться,v,C2
довольно,adv,B2
довольный,adj,B2
догадка,n,B1
догадываться,v,B2
договариваться,v,B1
договор,n,B1
договоренность,n,C1
догонять,v,B1
доехать,v,A2
дождливый,adj,B1
дождь,n,A1
доживать,v,C1
дожидаться,v,B2
доза,n,C1
дозировка,n,B2
доказательство,n,B2
доказывать,v,B2
доклад,n,B1
докладчик,n,B2
докладывать,v,B1
доктор,n,A1
доктрина,n,C1
документ,n,A1
документальный,adj,B1
документация,n,B2
документировать,v,C1
долг,n,B2
долгий,adj,A2
долго,adv,A1
долгое время,mwe,B1
долгожданный,adj,B2
долгосрочный,adj,B1
должен,adv,A1
должно,adv,B2
должно быть,mwe,B2
должное,n,C2
должность,n,B2
должный,adj,B2
долина,n,B2
доллар,n,A1
доля,n,B2
дом,n,A1
дом престарелых,mwe,B2
дома,adv,A1
домашнее животное,mwe,A2
домашнее задание,mwe,A1
домашнее хозяйство,mwe,B1
домашний,adj,A2
домашний кинотеатр,mwe,B1
домашняя страница,mwe,B2
домашняя хозяйка,mwe,B1
домен,n,B2
доминировать,v,B2
домогаться,v,C2
домой,adv,A2
донесение,n,B2
донор,n,B2
донос,n,B2
доносить,v,B2
доноситься,v,C1
допинг,n,B2
дополнение,n,B2
дополнительно,adv,B2
дополнительный,adj,B2
дополнять,v,B2
допрашивать,v,B2
допрос,n,B2
допускать,v,B2
допускаться,v,C1
допустимый,adj,C1
дорога,n,A2
дорого,adv,A1
дорогой,adj,A1
дорожать,v,B1
дорожить,v,C2
дорожка,n,B1
дорожный,adj,B1
дорожный знак,mwe,A2
досада,n,C2
доска,n,A1
доска объявлений,mwe,B1
доставать,v,B1
доставаться,v,B2
доставка,n,B1
доставлять,v,B1
достаточно,adv,A2
достаточно,det,A2
достаточно,pron,A2
достаточный,adj,B1
достигать,v,B2
достижение,n,B2
достоверность,n,B2
достоверный,adj,B2
достоинство,n,B1
достойный,adj,C1
достопримечательность,n,A2
достояние,n,C2
доступ,n,B1
доступность,n,B2
доступный,adj,B2
досуг,n,B2
досье,n,C1
дотация,n,B2
доход,n,B2
доходить,v,A2
дочерний,adj,C1
дочка,n,B2
дочь,n,A1
драгоценность,n,B2
драгоценный,adj,B2
дразнить,v,B2
драка,n,B2
дракон,n,C1
драма,n,B2
драматический,adj,B2
драться,v,B1
древесина,n,B2
древний,adj,B1
древность,n,B2
дробь,n,B1
дрожать,v,B2
дрожь,n,B2
друг,n,A1
друг друга,mwe,A2
друг другу,mwe,A2
друг с другом,mwe,A2
другой,pron,A1
дружба,n,A1
дружелюбный,adj,B1
дружеский,adj,B1
дружественный,adj,C1
дружить,v,A2
дружно,adv,A2
дрянь,n,C2
дуб,n,B2
дуга,n,C1
дума,n,B1
думать,v,A1
думаться,v,C2
дура,n,B1
дурак,n,B1
дурацкий,adj,C1
дурной,adj,B2
дуть,v,B2
дух,n,C1
духи,n,B1
духовенство,n,C2
духовность,n,C1
духовный,adj,C2
душ,n,A1
душа,n,B2
душевный,adj,C1
душить,v,B2
дуэль,n,C2
дым,n,B2
дымить,v,C1
дыня,n,A2
дыра,n,B1
дырка,n,B1
дыхание,n,B2
дышать,v,A2
дьявол,n prop,B2
дюжина,n,C1
дядя,n,A1
е-мэйл,n,B1
евангелие,n,C2
еврей,n,B1
еврейский,adj,B2
евро,n,A1
европа,n prop,A1
европарламент,n prop,B2
европеец,n,A1
европейский,adj,A1
евросоюз,n prop,B2
его,pron,A1
егэ,n,B2
еда,n,A1
едва,adv,B2
едва ли,mwe,C2
едва ли не,mwe,C2
едва не,mwe,C2
единица,n,B1
единогласный,adj,B2
единодушие,n,C1
единственный,adj,A2
единство,n,B2
единый,adj,B1
ее,pron,A1
ежегодный,adj,A2
ежедневный,adv,A2
еженедельник,n,B2
езда,n,B2
ездить,v,A2
ездить верхом,mwe,B2
ездить на велосипеде,mwe,B1
ей,pron,A1
еле,adv,B2
елка,n,A2
емкость,n,B2
епископ,n,C2
ерунда,n,B2
ес,n prop,B2
если,con,A2
если бы,mwe,C1
если бы не,mwe,B2
если только,mwe,B2
естественно,adv,B2
естественный,adj,B2
есть,v,A1
ехать,v,A1
еще,particle,A2
еще не,mwe,A2
еще раз,mwe,A1
жадность,n,B1
жадный,adj,B1
жажда,n,A2
жаждать,v,C2
жакет,n,C2
жалеть,v,B1
жалить,v,B2
жалкий,adj,C1
жалко,adv,A2
жалоба,n,B1
жаловаться,v,B1
жалость,n,B2
жаль,adv,B1
жалюзи,n,A2
жанр,n,B2
жар,n,B2
жара,n,A2
жареный,adj,A2
жарить,v,A2
жаркий,adj,A2
жарко,adv,A1
ждать,v,A1
же,particle,B1
жевательная резинка,mwe,B1
жевать,v,B1
желаемый,adj,B2
желание,n,A2
желанный,adj,C2
желательный,adv,B2
желать,v,A2
желающий,n,B1
железа,n,C1
железная дорога,mwe,A2
железнодорожная станция,mwe,A2
железнодорожный,adj,A2
железный,adj,B2
железо,n,B2
желтый,adj,A1
желудок,n,B2
жемчужина,n,B2
жена,n,A1
женатый,adj,A1
женить,v,C1
жениться,v,A2
жених,n,B1
женоподобный,adj,C1
женский,adj,A1
женственный,adj,B2
женщина,n,A1
жеребьевка,n,B2
жертва,n,B2
жертвовать,v,B2
жест,n,B1
жестикуляция,n,B2
жесткий,adj,B1
жесткий диск,mwe,B2
жестко,adv,B2
жестокий,adj,B2
жестоко,adv,B2
жестокое обращение,mwe,B2
жестокость,n,B2
жечь,v,C1
живо,adv,C1
живой,adj,B1
живописный,adj,C1
живопись,n,B2
живот,n,A1
животное,n,A2
животный,adj,C2
жидкий,adj,B1
жидкость,n,B2
жизненный,adj,B2
жизнь,n,A1
жила,n,C2
жилец,n,B2
жилище,n,C1
жилищный,adj,B2
жилой,adj,B2
жилье,n,B2
жир,n,A2
жирный,adj,A2
житель,n,B1
жительство,n,A2
жить,v,A1
жкх,n,C2
жопа,n,B2
жрать,v,B2
жребий,n,C2
жрец,n,C2
жук,n,B2
жульничество,n,C2
журнал,n,A2
журналист,n,B1
журналистика,n,B2
журналистский,adj,B2
жуткий,adj,B2
жутко,adv,C2
жюри,n,B2
за,adpos,A2
за границей,adv,A2
за исключением,prep,B2
за рубежом,mwe,C1
за счет,mwe,B2
забава,n,C2
забавный,adj,B2
забастовка,n,B2
забеременеть,v,B2
забивать,v,B2
забивать гол,mwe,B1
забирать,v,A2
забираться,v,B2
заблуждение,n,C1
заболевание,n,B1
заболеть,v,A2
забор,n,B2
забота,n,B2
заботиться,v,B2
заботливый,adj,B2
забрасывать,v,C1
забывать,v,A1
заваливать,v,C2
заваривать,v,B2
заведение,n,C2
заведовать,v,B2
заведомо,adv,C2
заведующий,n,B2
завершать,v,B2
завершаться,v,B2
завершение,n,B2
заверять,v,B2
завет,n,C2
завещание,n,B2
завидовать,v,B1
зависать,v,B2
зависеть,v,B1
зависимость,n,B2
зависимый,adj,B2
зависть,n,B2
завладевать,v,C2
завод,n,B2
заводить,v,B2
завоевание,n,B2
завоевывать,v,B2
заворачивать,v,A2
завтра,adv,A1
завтрак,n,A1
завтракать,v,A1
завтрашний,adj,B1
завязывать,v,B1
загадка,n,A2
загадочный,adj,C1
заглавие,n,A2
заглядывать,v,B2
заговаривать,v,B1
заговор,n,C1
заголовок,n,A2
загонять,v,C2
загораживать,v,B2
загорать,v,B1
загородный,adj,B2
заграница,n,C1
загружать,v,B2
загрузка,n,B2
загрязнение,n,B1
загрязнять,v,B2
зад,n,B2
задавать,v,A1
задание,n,A1
задача,n,B2
задевать,v,C1
задержанный,n,B2
задерживать,v,B2
задерживаться,v,B2
задержка,n,B2
задний,adj,A2
задница,n,B2
задолго,adv,B2
задолженность,n,B2
задумчиво,adv,C1
задумывать,v,B2
задумываться,v,B2
задыхаться,v,B2
заезжать,v,B2
заем,n,B2
зажигалка,n,A2
зажигать,v,B1
зажимать,v,B2
зажиточный,adj,C2
заимствовать,v,C1
заинтересованность,n,B2
заинтересованный,adj,B2
заинтересовать,v,B1
заинтересоваться,v,B1
заказ,n,B1
заказчик,n,B1
заказывать,v,A2
заканчивать,v,A2
заканчиваться,v,B1
закат,n,B1
закладывать,v,B2
заклинание,n,C2
заключать,v,B2
заключать в тюрьму,mwe,B2
заключаться,v,B2
заключение,n,B2
заключенный,n,B2
заключительный,adj,C1
закон,n,B1
законность,n,B2
законный,adj,B1
законодатель,n,C1
законодательный,adj,C1
законодательство,n,B2
закономерность,n,B2
законопроект,n,C1
законченный,adj,B2
закреплять,v,B2
закрывать,v,A1
закрываться,v,A2
закрытие,n,B1
закрыто,adj,A1
закрытый,adj,B1
закупка,n,B2
закуривать,v,B1
закуска,n,A2
зал,n,A2
залезать,v,B2
залив,n,B2
заливать,v,B2
залог,n,C1
залогиниться,v,B2
заложник,n,B1
залп,n,C1
зам,n,C1
замена,n,B2
заменять,v,B1
замерзать,v,A2
заместитель,n,B2
заметка,n,B1
заметный,adj,B2
замечание,n,B1
замечательно,adv,B2
замечательный,adj,B2
замечать,v,B1
замешательство,n,C2
замирать,v,C1
замкнутый,adj,B2
замок,n,B1
замолчать,v,A2
замороженный,adj,A2
замуж,adv,A2
замужем,adv,A1
замысел,n,C1
занавес,n,C1
занавеска,n,A2
занимать,v,B2
заниматься,v,A1
заниматься любовью,mwe,B2
заново,adv,B2
заносить,v,C1
занятие,n,A1
занятой,adj,B2
занятость,n,B2
занятый,adj,B1
зао,abbr,C1
заодно,adv,C2
запад,n prop,A1
западный,adj,B1
запаздывать,v,B2
запас,n,B2
запасной,adj,B1
запах,n,A2
запирать,v,A2
записка,n,B1
записная книжка,mwe,A2
записывать,v,A2
записываться,v,B1
запись,n,A2
заплакать,v,A2
запланировать,v,B1
заплатить,v,A1
заплетать,v,C1
заповедник,n,B2
заповедь,n,C2
заполнять,v,A1
запоминать,v,A1
запоминаться,v,B2
запор,n,B2
запрет,n,B2
запрещать,v,A2
запрещаться,v,A1
запрос,n,B2
запросто,adv,C2
запуск,n,B2
запускать,v,B2
запутывать,v,C1
запястье,n,B2
запятая,n,A1
зарабатывать,v,B1
зарабатывать деньги,mwe,B1
заработная плата,mwe,B1
заработный,adj,B2
заработок,n,C1
заражать,v,B2
заразный,adj,B2
заранее,adv,B1
зарегистрироваться,v,A2
зародыш,n,B2
заросли,n,C1
зарплата,n,A2
зарубежный,adj,B2
заря,n,C1
заряд,n,B2
засада,n,C1
заседание,n,B2
заслуга,n,C1
заслуживать,v,B2
засмеяться,v,A2
засовывать,v,C1
заставать,v,B2
заставать врасплох,mwe,C2
заставлять,v,B2
застежка,n,B1
застенчивость,n,B2
застой,n,C1
застраховать,v,B1
застревать,v,B2
застрелить,v,B2
застройка,n,C2
застывать,v,B2
засуха,n,B2
засыпать,v,A1
затем,adv,B2
затея,n,C2
зато,con,C1
затрагивать,v,C1
затраты,n,B2
затрещина,n,C2
затруднение,n,B2
затруднять,v,C1
затыкать,v,C2
затылок,n,B1
затягивать,v,C1
затягиваться,v,C1
зафиксировать,v,B2
захват,n,C1
захватчик,n,C1
захватывать,v,B2
захватывающий,adj,B2
заход,n,C1
заходить,v,B1
захотеть,v,A1
захотеться,v,B1
зачастую,adv,C2
зачем,adv,A2
зачерпывать,v,C1
зачет,n,B2
зачислять,v,B2
защита,n,B2
защитник,n,B2
защитный,adj,B2
защищать,v,B2
заявитель,n,B2
заявка,n,B2
заявление,n,B1
заявлять,v,B2
заяц,n,B1
звание,n,C1
звать,v,B1
звезда,n,A2
звездный,adj,B1
звено,n,B2
зверь,n,A2
звон,n,B2
звонить,v,A2
звонкий,adj,A2
звонок,n,A2
звук,n,A1
звуковой,adj,B1
звучание,n,B2
звучать,v,A2
здание,n,B1
здесь,adv,A1
здороваться,v,A1
здорово,excl,B1
здоровый,adj,A1
здоровье,n,A2
здравоохранение,n,B2
здравствовать,v,A1
здравый,adj,C2
зеленый,adj,A1
зелень,n,B2
земельный,adj,B2
земледелие,n,B2
землетрясение,n,B2
земля,n,A2
земляк,n,A2
земной,adj,B2
зеркало,n,A2
зерно,n,B2
зима,n,A1
зимний,adj,A2
злить,v,B2
зло,adv,A2
злоба,n,B2
злобный,adj,C1
зловещий,adj,C2
злодей,n,C1
злой,adj,B1
злокачественный,adj,C1
злость,n,B2
злоупотребление,n,B2
злоупотреблять,v,B2
змея,n,B1
знак,n,A1
знак препинания,mwe,B1
знакомить,v,B2
знакомиться,v,A2
знакомство,n,B1
знакомый,adj,B1
знаменитый,adj,B1
знамя,n,C1
знание,n,B1
знаток,n,C1
знать,v,A1
значение,n,B1
значимость,n,C1
значимый,adj,C1
значительный,adj,B2
значить,v,A1
значок,n,B2
зной,n,B2
золото,n,B2
золотой,adj,B2
зона,n,B2
зонт,n,A2
зоопарк,n,A2
зрелище,n,B2
зрелищный,adj,C1
зрелость,n,C1
зрелый,adj,C1
зрение,n,B1
зритель,n,A2
зрительный,adj,B2
зря,adv,B2
зуб,n,A1
зубная нить,mwe,A2
зубная паста,mwe,A1
зубная щетка,mwe,A1
зубной,adj,A1
зубной врач,mwe,B1
зубрить,v,B1
зять,n,B1
и,con,A1
и ... и,con,B1
и особенно,mwe,C1
и т.д.,abbr,B2
и так далее,mwe,C1
игла,n,B2
игнорировать,v,B2
игра,n,A1
играть,v,A1
играть роль,mwe,A2
игровой,adj,B1
игрок,n,B1
игрушка,n,B1
идеал,n,B2
идеальный,adj,B2
идентификация,n,C2
идентифицировать,v,C2
идентичность,n,C2
идентичный,adj,B2
идеологический,adj,B2
идеология,n,B2
идет дождь,mwe,A1
идет снег,mwe,A1
идея,n,B1
идиот,n,B2
идол,n,C2
идти,v,A1
идти на компромисс,mwe,B2
идти пешком,mwe,A2
иерархия,n,C1
из,adpos,A1
из-за,adpos,B1
из-под,adpos,A2
изба,n,C1
избавлять,v,C1
избавляться,v,B2
избалованный,adj,B2
избегать,v,B2
избивать,v,B2
избиратель,n,B1
избирательный,adj,B1
избирательный бюллетень,mwe,B2
избирательный голос,mwe,B2
избирать,v,B1
избрание,n,B1
избранный,adj,B1
избыток,n,B2
избыточный,adj,B2
известие,n,B1
известность,n,B1
известный,adj,A2
извещать,v,B2
извещение,n,B2
извинение,n,A2
извините,v,A1
извинять,v,B1
извиняться,v,A2
извлекать,v,B2
извне,adv,C1
изгиб,n,C1
изготавливать,v,B2
изготовление,n,B2
издавать,v,B2
издалека,adv,C1
издали,adv,B2
издание,n,B2
издатель,n,C1
издательский,adj,B2
издательство,n,B2
издеваться,v,C1
изделие,n,B2
издержки,n,C1
изжога,n,B2
излагать,v,B2
излишний,adj,B2
изложение,n,B1
излучение,n,B2
измена,n,B2
изменение,n,B1
изменять,v,B2
изменяться,v,B1
измерение,n,B2
измерять,v,B1
изнасилование,n,B2
изнасиловать,v,B2
изначально,adv,C2
изначальный,adj,C1
изнашиваться,v,B2
износ,n,C1
изнутри,adv,B2
изо всех сил,mwe,C2
изобилие,n,C1
изображать,v,B2
изображение,n,B2
изобразительный,adj,B2
изобретатель,n,B2
изобретать,v,B2
изобретение,n,B2
изолировать,v,B2
изоляция,n,C1
изредка,adv,C1
изрядно,adv,C2
изумительный,adj,C1
изумление,n,C1
изумлять,v,C1
изучать,v,B1
изучение,n,B1
изъятие,n,C1
изысканный,adj,C2
изящный,adj,B2
иисус христос,n prop,B1
икона,n,B2
икра,n,B2
ил,n,C1
или,con,A1
или ... или,v,B1
иллюзия,n,B2
иллюстрация,n,B1
иллюстрировать,v,B2
им,pron,A1
имение,n,C2
именительный,adj,A1
именно,particle,C1
именовать,v,C1
иметь,v,A1
иметь в виду,mwe,B2
иметь дело,mwe,B2
иметь значение,mwe,B2
иметь отношение,mwe,B2
иметь право,mwe,B1
иметься,v,B1
имидж,n,B2
имитировать,v,C1
иммигрант,n,B2
иммиграция,n,B2
иммунитет,n,B2
император,n,B2
императорский,adj,B2
императрица,n,B2
империализм,n,C1
империалистический,adj,C1
империя,n,B2
имперский,adj,C1
импорт,n,B2
импортировать,v,B2
импульс,n,B2
имущество,n,B2
имя,n,A1
иначе,adv,B2
инвалид,n,B2
инвалидность,n,B2
инвестировать,v,C1
инвестиционный,adj,B2
инвестиция,n,B2
инвестор,n,B2
ингредиент,n,C1
индеец,n,C1
индекс,n,A1
индивид,n,C1
индивидуальность,n,C1
индивидуальный,adj,B2
индивидуум,n,B2
индийский,adj,A1
индикатор,n,B2
индикация,n,B2
индустрия,n,B2
инерция,n,B2
инженер,n,B1
инициатива,n,B2
инициатор,n,C1
инновационный,adj,B2
инновация,n,B2
иногда,adv,A2
иностранец,n,A1
иностранка,n,A1
иностранный,adj,A1
инспектор,n,B2
инспекция,n,B2
инстанция,n,B2
инстинкт,n,B2
институт,n,A1
инструктор,n,B1
инструкция,n,A2
инструмент,n,B1
инсулин,n,C2
инсульт,n,B2
интеграция,n,B2
интегрировать,v,C1
интеллект,n,B2
интеллектуальный,adj,B2
интеллигент,n,B2
интеллигентный,adj,B2
интеллигенция,n,B2
интенсивность,n,B2
интенсивный,adj,B2
интерактивный,adj,B2
интервал,n,B2
интервью,n,B1
интерес,n,B1
интересный,adj,A2
интересовать,v,B1
интересоваться,v,B1
интернет,n prop,A1
интернет-кафе,n,B1
интернет-магазин,n,A2
интернет-страница,n,B1
интерпретация,n,B2
интерпретировать,v,B2
интерфейс,n,B2
интерьер,n,B2
интимный,adj,B1
интонация,n,A2
интрига,n,C1
интуиция,n,B2
инфаркт,n,B2
инфекция,n,B2
инфляция,n,B2
информатика,n,B2
информационный,adj,B2
информация,n,B1
информировать,v,B2
инфраструктура,n,B2
инцидент,n,B2
ипотечный кредит,mwe,C1
иронизировать,v,C1
иронический,adj,B2
ирония,n,B2
иск,n,B2
искажение,n,C1
искалечить,v,C1
искать,v,A2
искать работу,mwe,A2
исключать,v,B1
исключение,n,A2
исключительно,adv,B2
исключительный,adj,B2
ископаемый,adj,B2
искра,n,B2
искренне,adv,B2
искренний,adj,B2
искренность,n,C1
искусственный,adj,B1
искусство,n,A2
искушение,n,C1
ислам,n prop,B1
исламский,adj,B1
испанец,n,A1
испанский,adj,A1
исповедовать,v,C1
исповедь,n,C2
исполнение,n,B2
исполнитель,n,B2
исполнительный,adj,C1
исполнять,v,B2
исполняться,v,B2
использование,n,B2
использовать,v,B1
использоваться,v,B2
испортить,v,B1
испортиться,v,B1
испорченный,adj,B1
исправление,n,B2
исправлять,v,A2
испражнения,n,C1
испуг,n,B1
испуганно,adv,B2
испугаться,v,A2
испытание,n,B2
испытательный срок,mwe,B2
испытывать,v,B1
испытывать боль,mwe,B1
испытывать жажду,mwe,B1
испытывать стресс,mwe,B1
исследование,n,B2
исследователь,n,B2
исследовательский,adj,B2
исследовать,v,B2
истекать,v,B2
истерика,n,C1
истец,n,C1
истечение,n,C2
истина,n,C1
истинный,adj,B2
исток,n,B2
историк,n,B2
исторически,adv,C1
исторический,adj,B2
история,n,B1
источник,n,B1
источник энергии,mwe,B2
истощение,n,C1
истребитель,n,C2
исход,n,C2
исходить,v,B2
исходный,adj,B2
исчезать,v,B2
исчезновение,n,B2
исчерпывать,v,B2
ит,abbr,B2
итак,adv,C1
италия,n prop,A1
итальянский,adj,A1
итог,n,B2
итого,adv,B2
иудаизм,n,B1
иудей,n,B1
их,pron,A1
июль,n prop,A1
июнь,n prop,A1
йога,n,B1
йогурт,n,A1
к,adpos,A1
к примеру,mwe,B2
к сожалению,adv,B1
к счастью,adv,B2
к тому же,con,B2
кабель,n,B2
кабина,n,B2
кабинет,n,B1
каблук,n,B1
кавычка,n,A2
кадр,n,B1
кадровый,adj,C2
кадры,n,B2
каждый,pron,A2
кажется,adv,A2
казак,n,C1
казалось бы,mwe,C1
казарма,n,C2
казаться,v,B2
казино,n,B1
казна,n,C1
казнить,v,B2
казнь,n,B2
кайф,n,C2
как,con,A1
как будто,mwe,B1
как бы ни,mwe,C1
как говорится,mwe,C1
как дела,mwe,A1
как известно,mwe,B2
как минимум,mwe,B2
как обычно,mwe,B2
как правило,mwe,C1
как раз,mwe,C2
как следует,mwe,B2
как только,mwe,B2
как-то,adv,B1
какой,pron,A1
какой-нибудь,pron,B1
какой-то,pron,B1
календарь,n,A2
калитка,n,C1
калория,n,B2
кальций,n,C1
каменный,adj,B2
камень,n,B2
камера,n,B1
камин,n,C1
кампания,n,B2
канал,n,B1
канализация,n,C1
кандидат,n,B2
кандидатура,n,C1
каникулы,n,A2
канон,n,C2
канун,n,C2
канцелярия,n,C2
капитал,n,B2
капитализм,n,B2
капиталист,n,C1
капиталистический,adj,C1
капитан,n,A2
капля,n,B2
капот,n,C1
капуста,n,A1
капюшон,n,B2
карабкаться,v,C2
карандаш,n,A1
караул,n,C2
карикатура,n,B2
карман,n,B1
карманник,mwe,B2
карта,n,A1
карта памяти,mwe,B1
картина,n,A2
картинка,n,A2
картон,n,B2
картофель,n,A1
карточка,n,A1
картошка,n,A1
карьера,n,B1
касаться,v,B2
касса,n,A1
кассета,n,B2
кассир,n,A1
кастрюля,n,A2
каталог,n,A2
катастрофа,n,B1
катастрофический,adj,B2
катать,v,B2
кататься,v,B1
категорически,adv,C1
категорический,adj,C1
категория,n,B2
катер,n,C1
катить,v,B2
катиться,v,B2
каток,n,B1
католик,n,B2
католический,adj,B2
кафе,n,A2
кафедра,n,B2
качать,v,B2
качественный,adj,B1
качество,n,B1
качество жизни,mwe,B2
каша,n,A2
кашель,n,A2
кашлять,v,A2
каюта,n,B2
квадрат,n,A2
квадратный,adj,B2
квадратный метр,mwe,B2
квалификация,n,B2
квалифицированный,adj,B2
квартал,n,B2
квартира,n,A1
квартиросъемщик,n,B2
квартплата,n,A2
квас,n,B1
квитанция,n,B1
кворум,n,C1
квота,n,C1
кг,abbr,A1
кгб,n,C1
кивать,v,B1
кидать,v,A2
кидаться,v,B2
кило,n,A1
килограмм,n,A1
километр,n,A1
кинематограф,n,C1
кинематографический,adj,C1
кинжал,n,C2
кино,n,A1
кинотеатр,n,A1
кинофильм,n,A2
киоск,n,A2
кипеть,v,B1
кипятить,v,B1
кирпич,n,B2
кислород,n,B2
кислота,n,B2
кислый,adj,A2
кисть,n,B1
кит,n,B2
китаец,n,A1
китай,n prop,A1
китайский,adj,A1
кишечник,n,B2
кишка,n,B2
клавиатура,n,B1
клавиша,n,B1
кладбище,n,B2
клан,n,C1
класс,n,A1
классик,n,B1
классика,n,B1
классификация,n,B2
классифицировать,v,B2
классический,adj,B1
классный,adj,B1
классовый,adj,C1
класть,v,A1
клевета,n,B2
клевый,adj,C1
клеить,v,B1
клей,n,B1
клетка,n,B2
клеящая лента,mwe,B1
клиент,n,B1
клиентура,n,B2
клик,n,B2
климат,n,B1
клиника,n,C1
клинический,adj,B2
клип,n,B1
кличка,n,B2
клоун,n,B1
клочок,n,B2
клуб,n,A2
клубника,n,A2
ключ,n,A1
ключевой,adj,B2
клясться,v,C1
клятва,n,B2
км,n,A1
книга,n,A1
книжка,n,A1
книжный,adj,A1
книжный магазин,mwe,A1
кнопка,n,A2
князь,n,C2
коалиция,n,C1
ковер,n,A2
когда,con,A1
когда-либо,adv,B2
когда-нибудь,adv,B1
когда-то,adv,B1
коготь,n,C1
код,n,B2
кодекс,n,B2
кое,particle,C1
кое-как,adv,C1
кое-что,pron,C1
кожа,n,A1
кожаный,adj,B1
кожура,n,B2
коза,n,B1
козел,n,B1
койка,n,C2
кока-кола,n,A1
кокаин,n,B2
коктейль,n,A2
кол,n,C2
колбаса,n,A1
колготки,n,A2
колдун,n,B2
колебание,n,B2
колебаться,v,B2
колено,n,B1
колесо,n,A2
колея,n,C2
количество,n,B1
коллега,n,B1
коллегия,n,C1
колледж,n,B1
коллектив,n,B2
коллективный,adj,B2
коллекционировать,v,B1
коллекция,n,B1
колодец,n,C1
колокол,n,C1
колокольчик,n,C2
колония,n,B2
колонка,n,B1
колонна,n,B2
колоссальный,adj,B2
колхоз,n,C2
кольцо,n,A2
колючий,adj,C1
коляска,n,B2
ком,n,C1
команда,n,A1
командир,n,B1
командировка,n,B2
командный,adj,C2
командование,n,B2
командовать,v,B2
командующий,n,C1
комар,n,B1
комбинат,n,C1
комбинация,n,B2
комбинезон,n,C2
комбинировать,v,C1
комедия,n,B1
комендант,n,B2
комикс,n,A2
комиссар,n,C2
комиссариат,n,C2
комиссия,n,B1
комитет,n,B2
комментарий,n,B2
комментатор,n,B2
комментировать,v,B2
коммерсант,n,B2
коммерческий,adj,B1
коммунальный,adj,B2
коммунизм,n,B2
коммуникации,n,B2
коммунист,n,B2
коммунистический,adj,B2
комната,n,A1
комп,n,B2
компакт-диск,n,B1
компания,n,B1
компенсация,n,B2
компенсировать,v,B2
компетентность,n,B2
компетентный,adj,B2
компетенция,n,B2
комплекс,n,B2
комплексный,adj,B2
комплект,n,B1
комплимент,n,B1
композитор,n,B1
композиция,n,B2
компонент,n,B2
компрометировать,v,C1
компромисс,n,B2
компьютер,n,A1
компьютерная игра,mwe,A2
компьютерная мышь,mwe,B1
компьютерный,adj,A2
комсомолец,n,B2
комсомольский,adj,C1
комфорт,n,B1
конвенция,n,C1
конверт,n,A1
конвертировать,v,B2
конвертируемый,adj,B2
конгресс,n,C1
кондиционер,n,B1
конец,n,A1
конечно,adv,A2
конечность,n,C1
конечный,adj,B2
конкретный,adj,B2
конкурент,n,B2
конкурентный,adj,B2
конкурентоспособность,n,B2
конкурентоспособный,adj,B2
конкуренция,n,B2
конкурировать,v,B2
конкурс,n,A2
консенсус,n,C2
консервативный,adj,C1
констатировать,v,C1
конституционный,adj,B2
конституция,n,B1
конструктивный,adj,C1
конструктор,n,B2
конструкция,n,B2
консул,n,A1
консульство,n,A1
консультант,n,B1
консультативный,adj,C1
консультация,n,B1
консультирование,n,B2
консультировать,v,B1
консультироваться,v,B1
контакт,n,B2
контактное лицо,mwe,B2
контактный,adj,B2
контейнер,n,B1
контекст,n,B1
контингент,n,C2
континент,n,B1
контора,n,C1
контракт,n,B1
контраст,n,B2
контролировать,v,B1
контроль,n,B1
контрольный,adj,B2
контур,n,B2
конференция,n,B2
конфета,n,A1
конфигурация,n,B2
конфиденциальный,adj,B2
конфискация,n,C1
конфликт,n,B2
концентрация,n,B2
концентрировать,v,C1
концепция,n,B2
концерн,n,C1
концерт,n,A2
кончать,v,B1
кончать жизнь самоубийством,mwe,B2
кончаться,v,A1
конъюнктура,n,C1
конь,n,B1
коньки,n,B1
коньяк,n,A1
координатор,n,C1
координаты,n,B2
координация,n,C1
координировать,v,B2
копать,v,C1
копейка,n,A1
копирование,n,B2
копировать,v,B2
копить,v,B2
копия,n,B2
копченый,adj,B2
копыто,n,C1
копье,n,C2
кора,n,B2
корабль,n,B1
коран,n,C1
коренной,adj,C1
корень,n,B1
корзина,n,B1
коридор,n,A2
коричневый,adj,A1
корм,n,A2
корма,n,C2
кормить,v,A2
кормить грудью,mwe,B2
кормление,n,C2
коробка,n,B1
корова,n,A2
королева,n,B1
королевский,adj,B1
королевство,n,B2
король,n,B1
корона,n,B1
короткий,adj,A1
коротко,adv,B2
корпоративный,adj,C1
корпорация,n,C1
корпус,n,B2
коррекция,n,B2
коррелировать,v,B2
корреспондент,n,B2
корреспонденция,n,B2
коррупция,n,B2
коса,n,C1
косвенно,adv,C2
косвенный,adj,C1
косметика,n,B2
космический,adj,B2
космонавт,n,B2
космос,n,B2
костер,n,B2
кость,n,B1
костюм,n,A2
кот,n,A2
котел,n,C1
котенок,n,A2
котлета,n,B1
который,pron,A2
который час,mwe,A2
коттедж,n,B2
кофе,n,A1
кофеварка,n,A2
кошелек,n,A2
кошка,n,A1
кошмар,n,B2
коэффициент,n,B2
кпк,n,B2
кпрф,n,B1
кпсс,n,C2
кража,n,B2
край,n,B2
крайне,adv,C1
крайний,adj,C1
крайность,n,C1
кран,n,A2
красавец,n,B2
красиво,adv,A1
красивый,adj,A1
красить,v,B2
краситься,v,B2
краска,n,B1
краснеть,v,B2
красный,adj,A1
красота,n,B1
красть,v,B2
краткий,adj,A1
кратко,adv,B2
кратковременный,adj,B2
краткосрочный,adj,B2
крах,n,C2
кредит,n,B1
кредитная карта,mwe,A1
кредитный,adj,B1
кредитование,n,B2
кредитор,n,B2
крейсер,n,C2
крем,n,A2
кремль,n prop,A2
крепкий,adj,B1
крепко,adv,B2
крепость,n,B2
кресло,n,A1
крест,n,A2
крестить,v,C1
крестьянин,n,B1
крестьянский,adj,B2
крещение,n,C2
кривая,n,B2
кривой,adj,B2
кризис,n,B2
крик,n,B2
криминальный,adj,B2
кристалл,n,B2
критерий,n,B2
критик,n,B2
критика,n,B2
критиковать,v,B2
критически,adv,B2
критический,adj,B2
кричать,v,A2
кровавый,adj,B2
кровать,n,A1
кровотечение,n,B1
кровь,n,B1
крокодил,n,B2
кролик,n,C1
кроме,adpos,C1
кроме того,con,B2
кроссовки,n,A2
крохотный,adj,B2
крошечный,adj,B2
крошка,n,B2
круг,n,A1
круглосуточный,adj,B2
круглый,adj,A1
кругом,adv,B2
кружиться,v,C1
кружка,n,A1
кружок,n,B2
круиз,n,B2
крупный,adj,B2
крутить,v,B2
крутиться,v,B2
круто,adv,C1
крутой,adj,C1
крушение,n,B2
крыло,n,B1
крыльцо,n,C1
крыса,n,B2
крытый,adj,C1
крыша,n,A2
крышка,n,A2
крючок,n,B2
ксенофобия,n,B2
кстати,adv,B2
кто,pron,A1
кто-нибудь,pron,B1
кто-то,pron,B1
куб,n,B2
кубический,adj,B2
кубок,n,C1
куда,adv,A1
кузов,n,C1
кукла,n,A2
кукуруза,n,B2
кулак,n,B2
культ,n,C2
культура,n,A2
культурный,adj,B1
кумир,n,B2
купальник,n,A2
купаться,v,A2
купе,n,A2
купец,n,C2
купить,v,A1
купля,n,B2
купол,n,B2
купюра,n,B2
куратор,n,C1
курение,n,B1
курить,v,A2
курица,n,A1
курорт,n,B2
курс,n,A2
курс валют,mwe,A2
курсант,n,C1
куртка,n,A1
курьер,n,B2
кусать,v,B2
кусок,n,A2
кусочек,n,A2
куст,n,B1
кустарник,n,B2
кухня,n,A1
кухонный,adj,A2
куча,n,B2
кучка,n,B2
кушать,v,B2
лабиринт,n,C1
лаборатория,n,B2
лагерь,n,B1
лад,n,C2
ладно,particle,B2
ладонь,n,B1
лазер,n,C2
лак,n,B2
лампа,n,A1
лампочка,n,A2
ландшафт,n,C1
ланч,n,C1
лапа,n,B2
ларек,n,B2
ласка,n,B2
ласково,adv,B2
ласковый,adj,B2
латинский,adj,B1
лауреат,n,C1
лаять,v,B1
лгать,v,B2
лебедь,n,B2
лев,n,B2
левый,adj,A1
легальный,adj,B2
легенда,n,B2
легендарный,adj,C1
легион,n,C2
легкий,adj,A2
легко,adv,A1
легковой автомобиль,mwe,A2
легкое,n,B2
легкость,n,B2
лед,n,A2
ледяной,adj,B1
лежать,v,A1
лезвие,n,C1
лезть,v,B2
лейтенант,n,C1
лекарство,n,A1
лексика,n,A2
лекция,n,A2
лен,n,B2
лениво,adv,B2
ленивый,adj,B1
лента,n,B2
лентяй,n,B2
лень,n,B2
лес,n,A2
лесбийский,adj,B1
лесной,adj,B1
лестница,n,A2
лет назад,mwe,A2
летать,v,A2
лететь,v,A2
летний,adj,A2
летный,adj,C1
лето,n,A1
летопись,n,C1
летчик,n,C1
лечебный,adj,C1
лечение,n,B1
лечить,v,A2
лечиться,v,B2
лечь,v,B1
лживый,adj,B2
ли,con,B1
либерал,n,B2
либерализм,n,B2
либеральный,adj,B2
либо,con,B2
ливень,n,B1
лига,n,C1
лидер,n,B1
лидерство,n,B2
лик,n,C2
ликвидация,n,B2
ликвидировать,v,B2
ликовать,v,C2
лимон,n,A1
линейка,n,A2
линейный,adj,C1
линия,n,B1
лирика,n,C1
лирический,adj,B2
лиса,n,C1
лист,n,A2
листать,v,B2
листва,n,B2
листовка,n,C1
листок,n,B1
литератор,n,C1
литература,n,A2
литературный,adj,B2
литр,n,A1
лить,v,B1
литься,v,B2
лифт,n,A2
лифчик,n,A1
лихорадка,n,B2
лицей,n,C1
лицемерие,n,B2
лицемерный,adj,B2
лицензия,n,B2
лицо,n,A1
личная жизнь,mwe,B2
лично,adv,B1
личность,n,B2
личный,adj,B1
лишать,v,C1
лишаться,v,C1
лишение,n,C1
лишение свободы,mwe,C1
лишний,adj,B2
лишний вес,mwe,B2
лишь,particle,B2
лоб,n,B1
лобок,n,C1
ловить,v,B2
ловкий,adj,B2
ловко,adv,B2
ловкость,n,C1
ловушка,n,B2
логика,n,B2
логин,n,B1
логически,adv,C1
логический,adj,B2
логотип,n,C1
лодка,n,B1
ложиться,v,A2
ложка,n,A1
ложный,adj,B2
ложь,n,B2
лозунг,n,C1
локализация,n,C2
локализовать,v,B2
локальный,adj,C1
локоть,n,B1
ломать,v,A1
лопата,n,C1
лотерея,n,B2
лошадь,n,A2
лояльность,n,C2
луг,n,C1
лужа,n,B1
лук,n,A1
луна,n prop,A2
лунный,adj,B2
луч,n,B2
лучше,adj,A2
лучший,adj,A2
лыжа,n,B1
лысый,adj,B1
льгота,n,C1
любезный,adj,C1
любимец,n,B2
любимый,adj,A1
любитель,n,B2
любительский,adj,B2
любить,v,A1
любоваться,v,B1
любовник,n,B2
любовница,n,B2
любовный,adj,B2
любовь,n,A2
любой,pron,A2
любопытный,adj,B2
любопытство,n,B2
люди,n,A1
люк,n,C1
люстра,n,B2
лягушка,n,C1
маг,n,B2
магазин,n,A1
магистр,n,B2
магистраль,n,C1
магический,adj,B2
магия,n,B2
магнитный,adj,B2
магнитофон,n,A2
мазать,v,B2
май,n prop,A1
майка,n,A2
майор,n,C2
макароны,n,A1
макет,n,B2
маклер,n,C2
максимальный,adj,B2
максимум,n,B2
маленький,adj,A1
мало,adv,A1
малый,adj,B2
малый бизнес,mwe,C1
малыш,n,A2
мальчик,n,A1
мама,n,A1
мамаша,n,C2
мандарин,n,A2
мандат,n,C1
маневр,n,C2
манера,n,C1
манипулировать,v,B2
манипуляция,n,B2
манифест,n,C2
маньяк,n,B2
марка,n,A1
маркетинг,n,C1
маркиз,n,C2
маркировка,n,B2
марксизм,n,C1
марс,n prop,B1
март,n prop,A1
марш,n,C2
маршал,n,C2
маршировать,v,C2
маршрут,n,B1
маршрутка,n,A2
маршрутное такси,mwe,A1
маска,n,B1
масло,n,A1
масса,n,C1
массаж,n,B2
массив,n,C1
массивный,adj,B2
массовый,adj,B2
мастер,n,B1
мастерская,n,B1
мастерство,n,B2
масштаб,n,B2
мат,n,B2
математик,n,B2
математика,n,B1
математический,adj,B1
материал,n,B1
материальный,adj,B2
материк,n,B2
материнская плата,mwe,B2
материнский,adj,B2
материться,v,C1
материя,n,B2
матка,n,C1
матовый,adj,B2
матрица,n,B2
матрос,n,C1
матушка,n,C2
матч,n,B1
мать,n,A1
мафия,n,B2
махать,v,B1
машина,n,A1
машинально,adv,C2
маяк,n,C1
мвд,n,C1
мг,n,B2
мгновение,n,B2
мгновенно,adv,B2
мгновенный,adj,B2
мгу,abbr,B2
мебель,n,A1
мед,n,A1
медаль,n,B2
медведь,n,B1
медик,n,B2
медитация,n,C1
медицина,n,A2
медицинский,adj,A2
медленный,adj,A1
медный,adj,B2
медсестра,n,A2
медь,n,B2
между,adpos,A2
между тем,mwe,C2
междугородний,adj,A2
международный,adj,B1
мелкий,adj,B1
мелко,adv,A2
мелодия,n,B1
мелочь,n,A2
мелькнуть,v,C1
мельница,n,C1
менеджер,n,B1
менеджмент,n,B2
менее,adv,B2
менструация,n,B2
мент,n,C1
менталитет,n,B2
меньшинство,n,B1
меню,n,A2
менять,v,A2
меняться,v,B2
мера,n,B2
мерзкий,adj,C1
мерзнуть,v,B1
мерить,v,B1
мерка,n,C1
мероприятие,n,B1
мерседес,n prop,B2
мертвец,n,B2
мертвый,adj,B1
местность,n,B2
местный,adj,B2
место,n,A1
место происшествия,mwe,B2
место рождения,mwe,A1
местоимение,n,A1
местоположение,n,C1
месторождение,n,B2
месть,n,B2
месяц,n,A1
металл,n,B2
металлический,adj,B2
метаться,v,C2
метафора,n,B2
метеорит,n,B2
метод,n,B2
методика,n,B2
методология,n,B2
метр,n,A1
метро,n,A1
мех,n,B2
механизм,n,B2
механик,n,B2
механика,n,B2
механический,adj,B2
меч,n,C1
мечеть,n,B1
мечта,n,B1
мечтать,v,A2
мешать,v,A2
мешок,n,B1
миг,n,C2
мигать,v,B2
миграция,n,B2
мид,n,B2
микрофон,n,B1
милиционер,n,A1
милиция,n,A1
миллиард,num,A2
миллиардный,num,A2
миллиграмм,n,B2
миллилитр,n,B2
миллиметр,n,A2
миллион,num,A2
миллионный,num,A2
милосердие,n,B2
милость,n,C2
милый,adj,B1
миля,n,C1
мимо,adv,B2
мина,n,C2
минимальный,adj,B2
минимум,n,B1
министерство,n,B2
министр,n,B2
миновать,v,C2
минувший,adj,C1
минус,n,A2
минута,n,A1
мир,n,A2
мириться,v,B2
мирный,adj,B1
мировая война,mwe,B2
мировая экономика,mwe,B2
мировоззрение,n,B2
мировой,adj,B1
мирской,adj,C1
миска,n,B1
миссия,n,C2
мистический,adj,C1
митинг,n,B2
митрополит,n,C2
миф,n,B2
мишень,n,C1
мл,abbr,B2
младенец,n,B1
младший,adj,A2
млекопитающее,n,B2
млн,abbr,A2
мм,abbr,A2
мне,pron,A1
мнение,n,B2
многие,pron,B2
много,adv,A1
многое,pron,B2
многократно,adv,B2
многолетний,adj,B2
многообразие,n,B2
многоточие,n,B2
многочисленный,adj,B2
многоэтажный,adj,A2
множественное число,mwe,A2
множество,n,B2
мобилизация,n,C1
мобилизовать,v,C1
мобильник,n,A1
мобильный,adj,A1
мобильный телефон,mwe,A1
могила,n,B2
могучий,adj,B2
могущество,n,B2
мода,n,A2
моделирование,n,B2
модель,n,B2
модем,n,B1
модератор,n,B2
модернизация,n,B2
модернизировать,v,B2
модификация,n,B2
модный,adj,A2
модуль,n,B2
может,adv,A1
может быть,mwe,A2
можно,adv,A1
можно сказать,mwe,B2
мозг,n,B1
мой,pron,A1
мокрый,adj,A2
мол,adv,C2
молекула,n,B2
молитва,n,B2
молиться,v,B2
молния,n,B1
молодежный,adj,B1
молодежь,n,B1
молодец,excl,A1
молодой,adj,A1
молодой человек,mwe,A1
молодость,n,B1
молоко,n,A1
молоток,n,B2
молоть,v,B2
молочный,adj,A2
молча,adv,B2
молчаливый,adj,B2
молчание,n,B1
молчать,v,A2
момент,n,B1
моментально,adv,B2
монархия,n,B2
монастырь,n,B2
монах,n,C1
монета,n,A2
монитор,n,B1
мониторинг,n,B2
монолог,n,A2
монополия,n,B2
монстр,n,B2
монтаж,n,B2
монтировать,v,B2
мопед,n,B1
мораль,n,B2
моральный,adj,B2
морда,n,B2
море,n,A2
морепродукты,n,A2
морковь,n,A1
мороженое,n,A1
мороз,n,A2
моросить,v,B2
морской,adj,A2
морщина,n,B2
моряк,n,B2
москва,n prop,A1
москвич,n,A2
мост,n,A2
мостик,n,A2
мотив,n,B2
мотивация,n,B2
мотивировать,v,C2
мотор,n,B1
мотоцикл,n,A1
моча,n,B2
мочить,v,B1
мочиться,v,B2
мочь,v,A1
мошенник,n,B2
мошенничество,n,B2
мошонка,n,C2
мощность,n,B2
мощный,adj,B1
мощь,n,B2
мрак,n,B2
мрачный,adj,B2
мстить,v,B2
мудрец,n,C1
мудрость,n,B2
мудрый,adj,B1
муж,n,A1
мужеподобный,adj,C1
мужественный,adj,B2
мужество,n,B2
мужик,n,C1
мужской,adj,A1
мужчина,n,A1
музей,n,A2
музыка,n,A1
музыкальный,adj,A1
музыкант,n,A1
мука,n,A1
мультимедийный,adj,B2
мультфильм,n,A2
мундир,n,C1
муниципалитет,n,B2
муниципальный,adj,B2
муравей,n,B2
мускул,n,B2
мусор,n,A2
мусульманин,n,B1
мусульманский,adj,B1
мутный,adj,B2
муха,n,B2
мучение,n,B2
мучительный,adj,C1
мучить,v,B2
мучиться,v,B2
мчаться,v,C1
мы,pron,A1
мыло,n,A1
мыс,n,C1
мысленно,adv,B2
мыслитель,n,C1
мыслить,v,B2
мысль,n,A2
мыть,v,A1
мышка,n,A1
мышление,n,B2
мышца,n,B2
мышь,n,B1
мэйл,n,B2
мэр,n,B1
мэрия,n,B1
мягкий,adj,A1
мягко,adv,B1
мясо,n,A1
мятеж,n,B2
мятежник,n,C1
мять,v,C1
мяч,n,A1
на,adpos,A1
на всякий случай,mwe,B2
на днях,adv,B2
на первый взгляд,mwe,C1
на помощь,mwe,A1
на протяжении,mwe,C2
на самом деле,mwe,B2
на фоне,mwe,B2
на этот раз,mwe,B2
набережная,n,B2
набивать,v,C2
набирать,v,B2
набираться,v,C2
наблюдатель,n,B2
наблюдательный,adj,C1
наблюдать,v,B2
наблюдаться,v,B2
наблюдение,n,B2
набор,n,B2
наверное,adv,A2
наверняка,particle,C2
наверх,adv,A2
наверху,adv,A2
навещать,v,B2
навигация,n,C2
наводить,v,C1
наводнение,n,B2
наволочка,n,A2
навсегда,adv,B2
навстречу,adv,B1
навык,n,B1
навязывать,v,C2
наглядно,adv,B2
награда,n,B2
награждать,v,B1
нагружать,v,B2
нагрузка,n,B2
над,adpos,A2
надевать,v,A2
надежда,n,B1
надежность,n,B2
надежный,adj,B2
надеяться,v,B1
надзор,n,C1
надлежащий,adj,C2
надо,adv,A1
надобность,n,C2
надоедать,v,B1
надолго,adv,B2
надпись,n,B1
надрываться,v,C2
наедаться,v,B2
наедине,adv,C1
наезжать,v,C1
наемный,adj,B2
нажатие,n,B2
нажим,n,B2
нажимать,v,B1
назад,adv,A2
название,n,A1
наземный,adj,A2
назначать,v,B1
назначение,n,B2
называть,v,A1
называться,v,A1
наиболее,adv,B2
наибольший,adj,B1
наивный,adj,B2
наизусть,adv,A1
наилучший,adj,B1
наименование,n,B1
наименьший,adj,B1
найтись,v,B2
наказание,n,B2
наказывать,v,B2
накануне,adv,C2
накладывать,v,B2
наклоняться,v,B1
наконец,adv,B1
накопление,n,B2
накрывать,v,B2
налаживать,v,C1
налево,adv,A2
налет,n,C2
наливать,v,A2
налицо,adv,C2
наличие,n,B2
наличные,n,B1
налог,n,B1
налоговая декларация,mwe,B1
налоговая инспекция,mwe,B2
налоговый,adj,B1
налогообложение,n,B2
налогоплательщик,n,B1
намек,n,C1
намекать,v,C1
намереваться,v,B2
намерение,n,B2
намеренно,adv,B2
намечать,v,B2
намного,adv,B2
наниматель,n,C1
нанимать,v,B2
наносить,v,B2
наносить ущерб,mwe,B2
наоборот,adv,B2
нападать,v,B2
нападение,n,B2
напарник,n,C1
напечатать,v,B2
напиваться,v,B2
написание,n,B1
написать,v,A1
напиток,n,A1
напоказ,adv,C2
наполнять,v,B2
наполовину,adv,B2
напоминать,v,B1
напоследок,adv,C2
направление,n,A2
направленность,n,C1
направлять,v,B2
направляться,v,B2
направо,adv,A2
напрасно,adv,B2
напрашиваться,v,C2
например,adv,A1
напротив,adv,A2
напрягаться,v,B2
напряжение,n,B1
напряженность,n,C1
напряженный,adj,B2
напрямик,adv,C2
напрямую,adv,B2
напугать,v,B1
наравне,adv,C2
нарастать,v,B2
нарезать,v,B2
нарисовать,v,A2
наркоман,n,B2
наркотик,n,B2
наркотический,adj,B2
народ,n,A1
народность,n,C1
народный,adj,B1
нарочно,adv,B2
наружный,adj,B1
наружу,adv,A2
нарушать,v,B1
нарушение,n,B2
наряд,n,C1
наряду,adv,C2
наряжать,v,B2
нас,pron,A1
насекомое,n,B1
население,n,B1
насилие,n,B2
насильно,adv,C1
насильственный,adj,C1
насквозь,adv,B2
насколько,adv,B2
наслаждаться,v,B2
наслаждение,n,B2
наследие,n,C2
наследник,n,C1
наследовать,v,B2
наследство,n,C1
насмерть,adv,B2
насмехаться,v,C1
насмешка,n,C1
насморк,n,A2
насос,n,B2
наставать,v,B1
наставник,n,C2
настаивать,v,B2
настенный,adj,B2
настойчиво,adv,B2
настойчивость,n,B2
настолько,adv,C1
настоящее,n,A1
настоящее время,mwe,A2
настоящий,adj,A1
настраивать,v,B2
настроение,n,A2
настройка,n,B2
наступать,v,B1
наступление,n,C1
натура,n,C2
натуральный,adj,B1
натыкаться,v,C1
натягивать,v,B2
наука,n,A2
наутро,adv,B2
научить,v,A2
научиться,v,A2
научный,adj,B1
наушники,n,B1
нахальный,adj,C1
нахмуриться,v,C1
находить,v,A2
находиться,v,A2
находка,n,C1
нахождение,n,C1
национализм,n,B2
националистический,adj,C1
национальность,n,A1
национальный,adj,B1
нацист,n,B2
нацистский,adj,C1
нация,n,B2
начало,n,A2
начальник,n,B1
начальный,adj,B2
начинать,v,A1
начинаться,v,A1
начинающий,adj,A2
наш,pron,A1
нашествие,n,C2
ндс,n,B2
не,adv,A1
не в силах,mwe,C1
не в состоянии,mwe,C1
не выносить,v,C1
не замужем,adv,A1
не менее,mwe,B2
не может быть,mwe,A2
не стоит,mwe,C1
не хватать,v,B1
небесный,adj,B2
небо,n,A2
небольшой,adj,A2
небрежно,adv,B2
неважный,adv,B1
неведомый,adj,C2
невежественный,adj,C2
невежество,n,C2
неверность,n,B2
неверный,adj,A2
невероятный,adj,B2
невеста,n,B1
невестка,n,B1
невзирая,adv,C2
невидимый,adj,B2
невинный,adj,C2
невозможность,n,B2
невозможный,adj,B2
невольно,adv,C2
невоспитанный,adj,B2
невразумительный,adj,C2
невыносимый,adj,C1
невысокий,adj,A1
негативный,adj,B2
негде,adv,B2
негодование,n,C1
негодяй,n,C1
негр,n,C1
негромко,adv,A2
недавний,adj,C1
недавно,adv,A2
недалеко,adv,A2
недаром,adv,C1
недвижимость,n,B1
недействительный,adj,B2
неделя,n,A1
недоверие,n,B2
недовольный,adj,B2
недовольство,n,C1
недолго,adv,A2
недооценивать,v,B2
недоразвитость,n,C2
недоразумение,n,B2
недосмотр,n,C2
недоставать,v,C1
недостаток,n,B1
недостаточный,adj,B2
недоумение,n,C1
нежелание,n,B2
нежность,n,B2
нежный,adj,B1
незабываемый,adj,B2
независимо,adv,B2
независимость,n,B1
независимый,adj,B1
незадолго,adv,B2
незаконный,adj,B1
незаметный,adj,B2
незнакомец,n,B2
незнакомый,adj,A2
незнание,n,B1
незначительный,adj,B2
незрячий,adj,B2
неизбежный,adj,C1
неизвестно,adv,B1
неизвестный,adj,B1
неизменный,adj,B2
неисправность,n,B1
нейтральный,adj,B2
некогда,adv,B2
некоторый,pron,B2
некрасивый,adj,A1
некто,pron,C2
некуда,adv,B2
нелегкий,adj,A2
нелегко,adv,A2
нелепый,adj,C2
неловкий,adj,C2
неловко,adv,C2
нельзя,adv,A1
немало,adv,B2
немалый,adj,B2
немедленно,adv,B1
немедленный,adj,B1
немец,n,A1
немка,n,A1
немногие,pron,C1
немного,adv,A2
немножко,adv,A2
немой,adj,B2
ненавидеть,v,A2
ненависть,n,B2
ненадолго,adv,B1
ненормальный,adj,B1
ненужный,adj,B2
необходимо,adv,B1
необходимость,n,B2
необходимый,adj,B1
необыкновенный,adj,B1
необычайно,adv,C1
необычный,adj,B2
неограниченный,adj,B2
неоднократно,adv,B2
неожиданно,adv,B1
неожиданность,n,C1
неожиданный,adj,B1
неопределенность,n,C1
неопределенный,adj,B2
неплохо,adv,A2
неплохой,adj,A2
неповторимый,adj,C1
непогода,n,C1
неподалеку,adv,B2
неподвижный,adj,B2
неполадка,n,B2
непонимание,n,B1
непонятный,adj,A1
непосредственно,adv,C1
непосредственный,adj,C1
неправда,n,A2
неправильный,adj,A1
непредвиденный,adj,C1
непременно,adv,C2
непрерывный,adj,B2
неприемлемый,adj,C2
неприличный,adj,B2
неприязнь,n,C1
неприятель,n,C1
неприятно,adv,A2
неприятность,n,B1
неприятный,adj,A2
непростой,adj,A1
неравенство,n,B2
нерв,n,B2
нервировать,v,B2
нервничать,v,B2
нервный,adj,B2
нередко,adv,B2
неровный,adj,B2
несколько,adv,A2
несмотря,adv,B2
несовершеннолетний,n,B1
несовершенный,adj,A2
несогласие,n,B2
несомненно,adv,C1
несомненный,adj,C1
несоответствие,n,B2
неспособность,n,C1
неспособный,adj,B2
несправедливость,n,B2
несправедливый,adj,B1
нестерпимый,adj,C1
нести ответственность,mwe,B2
несуществующий,adj,B2
несчастный,adj,A2
несчастный случай,mwe,B1
несчастье,n,B2
нет,particle,A1
нетерпение,n,B1
неторопливо,adv,B2
нету,adv,C1
неуверенно,adv,B2
неуверенность,n,B2
неудача,n,B2
неудачный,adj,B2
неудобно,adv,B1
неудобство,n,B2
неужели,particle,B2
нефть,n,B2
нефтяной,adj,B2
нехватка,n,B2
нехорошо,adv,A1
нечего,adv,B2
нечто,pron,C2
неясный,adj,C1
ни,con,A2
ни ... ни,con,B2
ни в коем случае,mwe,B2
ни к чему,mwe,C1
ни разу не,mwe,B2
нигде,adv,A2
ниже,adj,A2
нижний,adj,A2
низ,n,A1
низкий,adj,A1
низко,adv,A2
нии,n,C2
ник,n,B2
никак,adv,B1
никакой,pron,B2
никогда,adv,A2
никто,pron,A2
нисколько,adv,B1
нитка,n,B2
нить,n,B2
ничего,adv,A2
ничто,pron,B2
ниша,n,B2
нищета,n,B2
нищий,n,B2
нм,n,C2
но,con,A2
новаторский,adj,C2
новаторство,n,C2
новейший,adj,B2
новенький,n,C2
новинка,n,B2
новичок,n,B2
нововведение,n,C1
новогодние каникулы,mwe,A2
новогодний,adj,A2
новорожденный,n,B2
новосел,n,C1
новость,n,A2
новый,adj,A1
новый год,n prop,A1
нога,n,A1
ноготь,n,B1
нож,n,A1
ножка,n,B1
ножницы,n,B1
ноль,num,A1
номер,n,A1
номинация,n,C1
нора,n,C1
норма,n,B2
нормально,adv,A1
нормальный,adj,A2
нос,n,A1
носитель,n,B2
носить,v,A2
носиться,v,C1
носок,n,A1
ностальгия,n,B2
нота,n,C1
ноутбук,n,A2
ночевать,v,A2
ночная рубашка,mwe,A2
ночной,adj,A2
ночь,n,A1
ноябрь,n prop,A1
нрав,n,C2
нравиться,v,A1
нравственность,n,B2
нравственный,adj,B2
нтв,n prop,B1
ну,particle,B2
нужда,n,C1
нуждаться,v,B2
нужно,adv,A1
нужный,adj,A1
нулевой,adj,A2
нуль,n,B2
ныне,adv,C2
нынешний,adj,C1
нынче,adv,C2
нырять,v,B2
ныть,v,C2
нюанс,n,C2
нюхать,v,B1
няня,n,B1
о,adpos,A2
оао,n,C1
об,adpos,A2
оба,det,A2
оба,pron,A2
обаяние,n,B2
обвал,n,C1
обвинение,n,B2
обвиняемый,n,B2
обвинять,v,B2
обдумывать,v,B2
обед,n,A1
обедать,v,A1
обезьяна,n,B2
оберегать,v,C1
обеспечение,n,C1
обеспечивать,v,B2
обещание,n,B2
обещать,v,B1
обзор,n,B2
обида,n,B1
обидно,adv,B1
обижать,v,B2
обижаться,v,B1
обилие,n,C2
обильный,adj,C2
обитатель,n,C1
обитать,v,C1
облагать налогом,mwe,B2
обладатель,n,C1
обладать,v,B2
облако,n,A2
областной,adj,B2
область,n,B2
облегчать,v,C1
облегчение,n,B2
облигация,n,B2
облик,n,C2
обложка,n,B1
обломок,n,C1
обман,n,B1
обманывать,v,B1
обмен,n,B1
обменивать,v,B1
обмениваться,v,B2
обморок,n,B2
обнаружение,n,C1
обнаруживать,v,C1
обнаруживаться,v,C1
обнимать,v,B2
обновление,n,B2
обновлять,v,B2
обобщать,v,C1
обобщение,n,C1
обогрев,n,B2
обожать,v,B2
обозначать,v,B2
обозначение,n,B2
обозрение,n,C1
обои,n,B2
оболочка,n,B2
обоняние,n,B2
оборачиваться,v,B2
оборона,n,B2
оборонительный,adj,C1
оборот,n,B2
оборудование,n,B2
оборудовать,v,C1
обоснование,n,B2
обоснованный,adj,B2
обосновывать,v,B2
обосраться,v,B2
обочина,n,C1
обрабатывать,v,C1
обработка,n,C1
обрадоваться,v,B2
образ,n,B2
образ жизни,mwe,B2
образец,n,A2
образование,n,A2
образованный,adj,B2
образовательный,adj,B2
образовывать,v,B2
образовываться,v,B2
обратная связь,mwe,B2
обратно,adv,A2
обратный,adj,A2
обращать,v,C1
обращать внимание,mwe,A2
обращаться,v,B1
обращение,n,A2
обрезание,n,C2
обретать,v,C2
обрушиваться,v,C1
обрыв,n,B2
обряд,n,C2
обследование,n,B2
обслуживание,n,B2
обслуживать,v,B2
обслуживающий персонал,mwe,B2
обстановка,n,B1
обстоятельство,n,C1
обстоять,v,C2
обстрел,n,C1
обсуждать,v,B1
обсуждаться,v,B1
обсуждение,n,B1
обувь,n,A1
обусловливать,v,C1
обучать,v,B2
обучаться,v,B1
обучение,n,A2
обход,n,C1
обходить,v,B1
обходиться,v,B2
обширный,adj,B2
общаться,v,B1
общежитие,n,A1
общение,n,B1
общественное мнение,mwe,B2
общественность,n,B2
общественный,adj,B2
общественный транспорт,mwe,B2
общество,n,B2
общий,adj,A2
община,n,C2
общительный,adj,B1
общность,n,C1
объединение,n,B1
объединять,v,B2
объединяться,v,B2
объект,n,B2
объектив,n,B2
объективный,adj,C1
объем,n,A2
объявление,n,A1
объявлять,v,B1
объяснение,n,A2
объяснять,v,A1
объясняться,v,B2
объятия,n,C1
обыватель,n,C2
обыденный,adj,C2
обыкновенный,adj,B1
обыск,n,B2
обычай,n,B2
обычно,adv,B2
обычный,adj,A2
обязанность,n,B1
обязательно,adv,A2
обязательный,adj,B2
обязательство,n,B2
обязывать,v,C1
овладевать,v,C1
овощ,n,A1
овраг,n,C2
овца,n,B2
оглядываться,v,C1
огненный,adj,B2
оговорка,n,C1
огонек,n,B2
огонь,n,A2
огород,n,B2
огорчение,n,B2
ограбление,n,B2
ограда,n,B2
ограничение,n,B2
ограниченный,adj,B2
ограничивать,v,B2
ограничиваться,v,C1
огромный,adj,B1
огурец,n,A1
одалживать,v,B1
одевать,v,B1
одеваться,v,A1
одежда,n,A1
одеяло,n,A1
один,num,A1
один,pron,A1
одинаково,adv,B2
одинаковый,adj,A2
одиннадцатый,num,A2
одиннадцать,num,A1
одинокий,adj,B1
одиночество,n,B2
одиночка,n,C1
одна вторая,num,B1
одна третья,mwe,B1
однажды,adv,A2
однако,con,C1
одновременно,adv,B1
одновременный,adj,B2
однозначно,adv,C1
одноклассник,n,B1
одноразовый,adj,A2
одобрение,n,B2
одобрять,v,B2
одышка,n,C1
оживленный,adj,B2
ожидаемый,adj,B2
ожидание,n,B1
ожидать,v,B1
ожидаться,v,C1
ожирение,n,B2
ожог,n,B2
озабоченность,n,C1
озеро,n,B1
ознакомиться,v,B2
означать,v,A1
озноб,n,B2
ой,int,B1
оказание,n,B2
оказывать,v,B2
оказываться,v,B2
оканчивать,v,B2
океан,n,A2
оккупация,n,C1
оккупировать,v,B2
окно,n,A1
око,n,C2
около,adpos,A2
окончание,n,A2
окончательно,adv,B2
окончательный,adj,B2
окоп,n,C1
окраина,n,C1
окраска,n,C1
окрестность,n,B2
округ,n,C1
окружать,v,B2
окружающая среда,n,B2
окружающий,adj,B2
окружение,n,C1
октябрь,n prop,A1
октябрьский,adj,B1
олень,n,B2
олигарх,n,B2
олимпиада,n,A1
олимпийский,adj,B1
омоним,n,B2
он,pron,A1
она,pron,A1
онанизм,n,C1
они,pron,A1
онлайн,adj,B1
оно,pron,A1
оон,n prop,B2
ооо,abbr,C1
опаздывать,v,A2
опасаться,v,C1
опасение,n,C1
опасность,n,A2
опасный,adj,A1
опера,n,B1
оперативно,adv,B2
оперативный,adj,C1
оператор,n,B2
операционная система,mwe,B2
операционный,adj,B2
операция,n,B1
опережать,v,B2
оперировать,v,B2
опираться,v,C1
описание,n,B1
описывать,v,B1
оплата,n,B1
оплачивать,v,B1
оповещать,v,B2
опоздание,n,A2
опознавать,v,B2
опора,n,B2
оппозиция,n,B2
оппонент,n,B2
оправдание,n,B2
оправдывать,v,B2
опрашивать,v,B2
определение,n,B2
определенно,adv,B2
определенный,adj,B2
определять,v,B2
определяться,v,C1
опровержение,n,B2
опрокидывать,v,B2
опрос,n,B1
оптика,n,B2
оптимальный,adj,B2
оптимизация,n,B2
оптимизм,n,B1
оптимистический,adj,B2
оптимистичный,adj,B2
оптический,adj,C1
опубликовать,v,B2
опускать,v,B2
опускаться,v,B2
опухоль,n,C1
опция,n,B2
опыт,n,B1
опытный,adj,B1
опять,adv,A1
оранжевый,adj,A1
оратор,n,B2
орать,v,B2
орбита,n,C1
оргазм,n,B2
орган,n,B2
организатор,n,C1
организационный,adj,B2
организация,n,B2
организм,n,B1
организованный,adj,B2
организовывать,v,B2
органический,adj,C1
орден,n,B2
орел,n,B2
орех,n,A1
оригинал,n,B2
оригинальный,adj,B2
ориентация,n,B2
ориентир,n,B2
ориентировать,v,C1
ориентироваться,v,C1
оркестр,n,C1
орудие,n,C1
оружие,n,B1
оса,n,B2
осада,n,C1
осадки,n,B1
осваивать,v,B2
освещать,v,B2
освещение,n,B2
освобождать,v,B2
освобождаться,v,B2
освобождение,n,B2
освоение,n,C1
осел,n,C1
осенний,adj,A2
осень,n,A1
осколок,n,C1
оскорбление,n,B2
оскорблять,v,B2
ослаблять,v,B2
осложнение,n,B2
осматривать,v,B2
осмеливаться,v,C1
осмотр,n,B2
оснащать,v,C1
основа,n,B2
основание,n,B2
основатель,n,B2
основательно,adv,C1
основное,n,B1
основной,adj,B1
основывать,v,B2
основываться,v,C1
особа,n,C2
особенно,adv,B1
особенность,n,B2
особенный,adj,B1
особняк,n,C1
особо,adv,B2
особый,adj,B2
особь,n,B2
осознавать,v,C1
осознание,n,C1
оспаривать,v,C1
оставаться,v,A2
оставлять,v,B1
остальное,n,B2
остальной,pron,B1
останавливать,v,B1
останавливаться,v,A2
останки,n,C1
остановка,n,A1
остаток,n,B1
осторожно,adv,A1
осторожность,n,B2
осторожный,adj,B1
остров,n prop,A2
острота,n,B2
остроумный,adj,B2
острый,adj,B1
остужать,v,B1
осуждать,v,B2
осуждение,n,B2
осуществление,n,B2
осуществлять,v,B2
осуществляться,v,B2
ось,n,B2
осязание,n,B1
от,adpos,A1
от имени,mwe,C1
отбирать,v,B2
отбор,n,B2
отбрасывать,v,C1
отважный,adj,C2
отвергать,v,C1
отвернуться,v,B1
отверстие,n,B2
ответ,n,A1
ответный,adj,B2
ответственность,n,B1
ответственный,adj,B1
отвечать,v,A1
отвлекать,v,B2
отводить,v,A2
отвозить,v,A2
отвратительный,adj,B2
отвращение,n,B2
отгадывать,v,A2
отдавать,v,A2
отдача,n,C2
отдел,n,C1
отделение,n,B2
отдельный,adj,B2
отделять,v,B2
отделяться,v,B2
отдых,n,A2
отдыхать,v,A1
отель,n,A2
отец,n,A1
отечественный,adj,B2
отечество,n,C1
отзыв,n,B2
отзывать,v,C2
отзываться,v,B2
отказ,n,B2
отказывать,v,B1
отказываться,v,B1
откладывать,v,B2
отклик,n,C1
откликаться,v,C1
отклонение,n,B2
отклонять,v,C1
отключать,v,B1
откровение,n,C2
откровенный,adv,B2
открывать,v,A1
открываться,v,A2
открытие,n,B1
открытка,n,A1
открыто,adv,A1
открытость,n,C1
открытый,adj,B1
откуда,adv,A1
отличать,v,A2
отличаться,v,A2
отличие,n,B1
отлично,adv,A2
отличный,adj,A2
отмена,n,B2
отменять,v,B1
отметка,n,B1
отмечать,v,B1
отмечаться,v,C1
отнимать,v,C1
относительно,adv,C1
относительный,adj,B2
относить,v,A2
относиться,v,B2
отношение,n,B1
отныне,adv,C2
отнюдь,adv,C2
отображать,v,C1
отопление,n,B1
отпечаток,n,C1
отправитель,n,A1
отправка,n,B2
отправление,n,B2
отправлять,v,A2
отправляться,v,B2
отпуск,n,A2
отпускать,v,B2
отрабатывать,v,C1
отравление,n,B2
отражать,v,B2
отражаться,v,B2
отражение,n,B2
отрасль,n,B2
отрезать,v,B2
отрезок,n,B2
отрицание,n,B2
отрицательно,adv,B2
отрицательный,adj,B1
отрицать,v,B2
отрывать,v,B1
отрываться,v,C1
отрывок,n,B1
отряд,n,B2
отсек,n,C1
отслеживать,v,B2
отсрочка,n,C1
отставать,v,B1
отставка,n,C1
отстаивать,v,C1
отступать,v,C1
отступление,n,B2
отсутствие,n,B1
отсутствовать,v,B1
отсутствующий,adj,B1
отсюда,adv,A2
отталкивать,v,C1
оттенок,n,B2
оттуда,adv,A2
оттянуться,v,C2
отход,n,B2
отходить,v,A2
отходы,n,B1
отчасти,adv,B2
отчаяние,n,B2
отчаянный,adj,C2
отчет,n,B2
отчетливо,adv,B2
отчетность,n,C1
отчуждение,n,C2
отъезд,n,B1
отыскивать,v,C1
офис,n,A2
офицер,n,B2
официальный,adj,A2
официант,n,A2
оформление,n,B1
оформлять,v,B1
охватывать,v,B2
охлаждение,n,B2
охота,n,B2
охотиться,v,B2
охотник,n,C2
охотно,adv,C1
охрана,n,B1
охранник,n,B1
охранять,v,B1
охрипнуть,v,B2
оценивать,v,B2
оцениваться,v,B2
оценка,n,B1
очаг,n,C2
очарование,n,B2
очаровательный,adj,B2
очаровывать,v,C1
очевидец,n,B2
очевидно,adv,C1
очевидный,adj,C1
очень,adv,A1
очередной,adj,B2
очередь,n,A2
очерк,n,B2
очертания,n,C1
очистка,n,B2
очищать,v,B1
очки,n,A1
очко,n,B2
очнуться,v,C1
очутиться,v,C1
ошибаться,v,A1
ошибка,n,A1
ошибочный,adj,B2
ощущать,v,B2
ощущаться,v,C1
ощущение,n,B1
павильон,n,C1
падать,v,A1
падеж,n,A1
падение,n,B2
пакет,n,A2
паковать,v,A2
палата,n,B2
палатка,n,B1
палач,n,C1
палец,n,A1
палка,n,B1
палуба,n,C1
пальма,n,B2
пальто,n,A1
памятник,n,A2
память,n,B1
панель,n,B2
паника,n,B2
панк,n,C1
папа,n,A1
папа римский,mwe,B1
папаша,n,C2
папка,n,B1
пар,n,B2
пара,n,B1
параграф,n,B2
парад,n,C1
парадный,adj,C1
парадокс,n,C2
парализовать,v,B2
параллельный,adv,B2
параметр,n,B2
парашют,n,C1
парень,n,A2
пари,n,B2
парикмахер,n,B1
парикмахерская,n,A2
парк,n,A2
паркинг,n,A2
парковать,v,A2
парковка,n,B1
парламент,n,B1
парламентский,adj,B2
парниковый,adj,B2
паровоз,n,C2
пароль,n,A2
пароход,n,C2
парта,n,B1
партизан,n,B2
партийный,adj,B1
партия,n,B1
партнер,n,B1
партнерство,n,B2
парус,n,C1
паспорт,n,A1
пассажир,n,A1
пассажирский,adj,B2
пассивный,adj,B2
пастух,n,C2
пасть,n,C2
пасха,n prop,A2
патент,n,C1
патологический,adj,C1
патология,n,C1
патриарх,n,B2
патриот,n,B1
патриотизм,n,B1
патриотический,adj,B2
патрон,n,B2
пауза,n,B1
паук,n,B2
паутина,n,B2
пафос,n,C2
пахнуть,v,B1
пацан,n,C2
пациент,n,B1
пацифист,n,B2
пачка,n,A2
певец,n,A1
певица,n,A1
педагог,n,B2
педагогика,n,B2
педагогический,adj,B2
педофил,n,B2
пейджер,n,B2
пейзаж,n,B2
пельмени,n,A2
пена,n,A2
пенальти,n,B1
пение,n,B2
пенис,n,B2
пенсионер,n,B1
пенсионный,adj,B2
пенсия,n,B1
пепел,n,C1
пепельница,n,A2
пепси-кола,n,A1
первичный,adj,C1
первое,n,A2
первоначальный,adj,C1
первый,num,A2
перебивать,v,B2
перебирать,v,C1
перевал,n,B2
перевести,v,A1
перевод,n,A1
переводить,v,A1
переводчик,n,A1
перевозить,v,B2
перевозка,n,B2
переворачивать,v,B2
переворот,n,B2
переговоры,n,B2
перед,adpos,A2
передавать,v,B1
передавать привет,mwe,A2
передаваться,v,C1
передача,n,A2
передвигать,v,B1
передвигаться,v,B2
передвижение,n,B2
переделывать,v,B2
передний,adj,A2
передовой,adj,B2
передозировка,n,B2
передумать,v,B2
переезд,n,B1
переезжать,v,A2
переживание,n,C1
переживать,v,B2
перекладина,n,C2
перекресток,n,A2
перекусывать,v,B1
перелом,n,B1
перемена,n,A1
переменная,n,B2
переменный,adj,B2
перемещать,v,B2
перемещение,n,C1
перенос,n,B1
переносить,v,B1
переносной,adj,B2
переписка,n,B1
перепись,n,C1
переработка,n,C1
перерыв,n,A1
пересадка,n,B2
пересекать,v,B2
пересечение,n,B2
пересказывать,v,A2
пересмотр,n,C1
переспрашивать,v,A2
переставать,v,B1
перестройка,n,C1
переть,v,C2
переулок,n,A1
перехватывать,v,C1
переход,n,A1
переходить,v,A1
переходный,adj,B2
перец,n,A1
перечень,n,C1
перечислять,v,B2
период,n,B1
периодически,adv,B2
периодический,adj,B2
периодическое издание,mwe,C1
периферия,n,B2
перо,n,C1
персидский,adj,C2
персик,n,B1
персона,n,C1
персонаж,n,C1
персонал,n,B2
персональный,adj,B2
перспектива,n,C1
перспективный,adj,C1
перчатка,n,A1
пес,n,B2
песня,n,A1
песок,n,B2
петербург,n,A1
петля,n,B2
петух,n,B2
петь,v,A1
пехота,n,C2
печаль,n,B2
печальный,adj,B1
печатать,v,B1
печатный,adj,B2
печать,n,B1
печень,n,B2
печка,n,B1
печь,n,A1
пешеход,n,A1
пешеходный,adj,A1
пешком,adv,A2
пещера,n,B2
пианино,n,A2
пиво,n,A1
пиджак,n,A1
пижама,n,A1
пизда,n,B2
пик,n,C1
пиксел,n,B1
пиктограмма,n,B2
пила,v,C1
пилот,n,B2
пинать,v,C2
пионер,n,C1
пир,n,C2
пирамида,n,C1
пират,n,B2
пирог,n,A1
пирожное,n,A1
пирожок,n,A1
пирсинг,n,B2
писание,n,C2
писатель,n,A2
писать,v,A1
писаться,v,B2
пистолет,n,B2
письменный,adj,A2
письмо,n,A1
питание,n,B1
питательный,adj,B2
питать,v,C2
питаться,v,C1
пить,v,A1
питьевая вода,mwe,A2
пицца,n,A1
пища,n,B2
пищевой,adj,B2
пк,n,B1
плавание,n,A2
плавать,v,A1
плавно,adv,B2
плакат,n,B1
плакать,v,A2
пламя,n,C1
план,n,A2
планета,n,B1
планирование,n,B2
планировать,v,B1
планироваться,v,B2
пласт,n,C1
пластик,n,B1
пластиковый,adj,B1
пластинка,n,C1
пластмасса,n,B2
пластырь,n,A2
плата,n,A2
платеж,n,B1
плательщик,n,B1
платить,v,A2
платный,adj,B1
платок,n,B1
платформа,n,B1
платье,n,A1
плач,n,B2
плащ,n,B1
плевать,v,C1
плеер,n,A2
племя,n,C1
племянник,n,B1
плен,n,B2
пленка,n,B1
пленный,n,B2
плечо,n,B1
плита,n,A1
плитка,n,B2
плод,n,B2
плодотворный,adj,C1
плоский,adj,B2
плоскость,n,B2
плотина,n,C1
плотно,adv,B2
плотность,n,C1
плотный,adj,B2
плоть,n,C2
плохо,adv,A1
плохой,adj,A1
площадка,n,B1
площадь,n,A1
плыть,v,A2
плюс,n,A2
пляж,n,B1
по,adpos,A2
по крайней мере,mwe,B2
по мнению,mwe,B2
по отдельности,mwe,B2
по сути,mwe,C2
по существу,adv,C2
по телефону,mwe,A1
по-видимому,adv,C1
по-другому,adv,A2
по-прежнему,adv,C2
по-разному,adv,B2
по-старому,adv,B2
побег,n,B2
победа,n,A1
победитель,n,B1
побеждать,v,B1
побережье,n,B2
побивать,v,C2
поблагодарить,v,A2
поблизости,adv,B2
побочный эффект,mwe,B2
побуждение,n,C2
повар,n,A2
поведать,v,C2
поведение,n,B1
повезти,v,B1
поверх,adpos,B1
поверхностный,adj,C1
поверхность,n,B2
повесить,v,B1
повествование,n,B2
повествовательный,adj,B2
повести,v,B2
повестка,n,B2
повестка дня,mwe,B2
повесть,n,B1
повиноваться,v,C2
повисать,v,C1
повлиять,v,B2
повод,n,B2
повозка,n,C2
поворачивать,v,A2
поворачиваться,v,B1
поворот,n,A2
повреждение,n,B2
повседневный,adj,B2
повсюду,adv,C1
повторение,n,B1
повторный,adj,B2
повторять,v,A1
повторяться,v,B2
повышать,v,B1
повышаться,v,B1
повышение,n,B1
повышение цен,mwe,B1
повышенный,adj,B2
повязка,n,B2
погибать,v,B2
поглощать,v,B2
поглядывать,v,C2
поговорить,v,B2
поговорка,n,B1
погода,n,A1
погодить,v,C1
погоня,n,B2
пограничный,adj,C1
погружать,v,B2
погружаться,v,C1
под,adpos,A2
подавать,v,B1
подавать заявление,mwe,B1
подавление,n,C1
подавленный,adj,C1
подавлять,v,C1
подавляющее большинство,mwe,B2
подарок,n,A1
подача,n,C1
подбадривать,v,B2
подбивать,v,C2
подбирать,v,B2
подбор,n,B2
подбородок,n,B1
подвал,n,B2
подвергать,v,B2
подвергаться,v,B2
подвиг,n,B1
подвижный,adj,B2
подвинуться,v,B1
подводить,v,B2
подводить итоги,mwe,B2
подводный,adj,B1
подворачивать,v,B2
подготавливать,v,B1
подготовка,n,A2
поддаваться,v,C1
подданный,n,B1
подделка,n,B2
поддержание,n,C1
поддерживать,v,B2
поддержка,n,B2
поделать,v,C2
подземный,adj,A2
подземный переход,mwe,A1
подключать,v,B2
подключение,n,B2
подлежать,v,B2
подлинный,adj,C1
подметать,v,B2
поднимать,v,A2
подниматься,v,A2
поднос,n,A2
подобие,n,C1
подобный,adj,B2
подождать,v,A2
подозреваемый,n,B2
подозревать,v,B2
подозрение,n,B2
подозрительный,adj,B2
подоконник,n,A2
подоходный налог,mwe,B1
подписание,n,B2
подписка,n,C2
подписывать,v,A1
подписываться,v,B2
подпись,n,A1
подполковник,n,C2
подпольный,adj,C1
подражание,n,B2
подражать,v,B2
подразделение,n,C1
подразумевать,v,C1
подробность,n,B2
подробный,adj,B1
подросток,n,A2
подруга,n,A1
подружка,n,A2
подряд,adv,B2
подсказывать,v,B1
подслушивать,v,C1
подсознание,n,C1
подсудимый,n,B2
подсчет,n,B2
подтверждать,v,B2
подтверждение,n,B2
подумать,v,A2
подушка,n,A1
подхватывать,v,C1
подход,n,B2
подходить,v,A2
подходить к телефону,mwe,B1
подходящий,adj,B1
подчас,adv,C2
подчеркивать,v,B1
подчинение,n,B2
подчиненный,n,C1
подчинять,v,C2
подчиняться,v,C1
подъезд,n,B1
подъезжать,v,A2
подъем,n,B2
поединок,n,C2
поезд,n,A2
поездка,n,A2
поесть,v,A1
поехать,v,A2
пожалеть,v,B2
пожаловать,v,C2
пожаловаться,v,B1
пожалуй,adv,C2
пожалуйста,excl,A1
пожар,n,A1
пожарный,adj,A1
пожелание,n,B1
пожизненный,adj,B2
пожилой,adj,A1
пожимать,v,B1
пожимать руку,mwe,B1
поза,n,B2
позавчера,adv,A2
позади,adv,B2
позапрошлый,adj,B1
позволять,v,B2
позвонить,v,A1
позвоночник,n,B1
поздний,adj,B1
поздно,adv,A2
поздравление,n,A2
поздравлять,v,A1
позже,adj,A2
позитивный,adj,B1
позиция,n,B1
познавательный,adj,B2
познавать,v,C2
познание,n,C2
позор,n,C1
поиск,n,B1
поисковая система,mwe,B2
поистине,adv,C2
поймать,v,B1
пойти,v,A1
пока,adv,A1
показ,n,B2
показание,n,B2
показатель,n,B2
показывать,v,A2
показываться,v,B2
покачать,v,C1
покаяние,n,C2
покидать,v,B2
поклон,n,C1
поклониться,v,C1
поклонник,n,C1
покой,n,C1
покойник,n,C1
покойный,adj,C1
поколение,n,B2
покончить,v,B2
покорять,v,C2
покров,n,C2
покрывать,v,C1
покрытие,n,C1
покрышка,n,B2
покупатель,n,A2
покупать,v,A1
покупка,n,A1
покушение,n,C1
пол,n,A1
полагать,v,C1
полагаться,v,C1
полгода,n,A1
полдень,n,A2
поле,n,B2
полевой,adj,C1
полезность,n,B1
полезный,adj,A2
полет,n,A2
ползти,v,B2
поливать,v,B2
полигон,n,B2
поликлиника,n,A2
политик,n,B1
политика,n,B1
политический,adj,B1
полицейский,adj,A1
полиция,n,A1
полк,n,C1
полка,n,A1
полкило,n,A1
полковник,n,C1
полководец,n,C2
полно,adv,B2
полномочия,n,C1
полностью,adv,B2
полнота,n,B2
полноценный,adj,C1
полночь,n,A2
полный,adj,A2
половина,n,A2
половое сношение,mwe,C1
половой,adj,B2
положение,n,B2
положительный,adj,B1
положить,v,A1
полоса,n,B2
полотенце,n,A1
полотно,n,C2
полтора,num,A2
полугодие,n,B2
полуостров,n,A2
получатель,n,A2
получать,v,A1
получаться,v,A2
получение,n,B1
полушарие,n,B2
полчаса,n,A1
польза,n,A2
пользование,n,C1
пользователь,n,B1
пользоваться,v,B1
полька,n,A1
польский,adj,A1
полюбить,v,A2
полюс,n,B1
поляк,n,A1
поляна,n,C1
полярный,adj,B2
поменять,v,B1
помеха,n,B2
помечать,v,B2
помещать,v,B2
помещение,n,B2
помещик,n,C2
помидор,n,A1
помилование,n,B2
помимо,adpos,C1
помнить,v,A1
помогать,v,A1
помойка,n,B2
помост,n,C2
помощник,n,B1
помощь,n,A2
понадобиться,v,B2
поначалу,adv,C1
понедельник,n prop,A1
понемногу,adv,B2
понести,v,C2
понижение,n,B1
понимание,n,B2
понимать,v,A1
понос,n,A2
понравиться,v,A1
понятие,n,B2
понятно,adv,A1
понятный,adj,A1
поощрять,v,C1
поп,n,C1
попадание,n,C1
попадать,v,B2
попадаться,v,C2
поперек,adpos,B1
попкорн,n,A2
пополам,adv,B1
пополнение,n,C1
поправка,n,B2
поправлять,v,A2
попросту,adv,C2
попрошайничать,v,C1
популярность,n,B1
популярный,adj,B1
попутно,adv,C2
попутчик,n,B2
попытка,n,B2
пора,adv,B1
поражать,v,C1
поражение,n,C1
поразительный,adj,C1
порнографический,adj,B2
порог,n,B2
порода,n,B2
породистый,adj,B2
порождать,v,C1
порой,adv,C2
порок,n,C1
пороть,v,B2
порошок,n,B2
порт,n,B2
портал,n,B2
портативный,adj,B2
портить,v,B1
портрет,n,B1
портфель,n,C1
поручать,v,B2
поручение,n,B2
поручитель,n,C1
порция,n,B1
порыв,n,B2
порывать,v,C2
порядок,n,B1
порядочный,adj,B2
посадить,v,B2
посадка,n,B1
посвящать,v,C1
поселение,n,C1
поселок,n,B2
поселяться,v,C1
посему,adv,C2
посередине,adv,A2
посетитель,n,B2
посещать,v,B2
посещение,n,B2
поскольку,con,C2
послание,n,B2
после,adv,A2
последний,adj,A2
последователь,n,C1
последовательно,adv,B2
последовательность,n,B2
последовательный,adj,B2
последствие,n,B2
последующий,adj,B2
послезавтра,adv,A2
пословица,n,B1
послушный,adj,B1
послышаться,v,C1
посмотреть,v,A2
пособие,n,B2
посол,n,A1
посольство,n,A2
поспешно,adv,C2
посредник,n,B2
посредничество,n,C1
пост,n,C1
поставить,v,A2
поставка,n,B2
поставлять,v,B2
поставщик,n,B2
постановка,n,B2
постановление,n,C1
постель,n,A2
постепенно,adv,B1
постепенный,adj,B2
поститься,v,C1
посторонний,adj,A1
постоянно,adv,B1
постоянный,adj,B1
постоять,v,C2
пострадавший,n,B2
пострадать,v,B2
построение,n,C1
постройка,n,B2
поступать,v,A2
поступление,n,B2
поступок,n,B1
постучать,v,A2
посуда,n,A1
посылать,v,A2
посылка,n,A2
посыльный,n,C2
пот,n,A2
потенциал,n,C1
потенциальный,adj,C1
потерпевший,n,B2
потеря,n,B2
потерять,v,A2
потерять работу,mwe,B1
потеть,v,B1
потихоньку,adv,C2
потный,adj,B2
поток,n,B2
потолок,n,A2
потом,adv,A2
потомок,n,B2
потомство,n,B2
потому что,con,A2
потребитель,n,B2
потребительский,adj,B2
потребление,n,B2
потреблять,v,B2
потребность,n,B1
потребоваться,v,B1
потрясать,v,C1
потрясение,n,C1
потянуться,v,B2
похвала,n,B2
похищение,n,B2
поход,n,B1
походить,v,C2
походка,n,B2
похоже,adv,C1
похожий,adj,A2
похороны,n,B2
поцеловать,v,A2
поцелуй,n,A2
почва,n,B2
почему,adv,A1
почерк,n,B1
почетный,adj,C1
починка,n,B1
почитать,v,B1
почка,n,B2
почта,n,A1
почтение,n,C2
почтенный,adj,C2
почти,adv,A2
почтовая марка,mwe,A2
почтовое отделение,mwe,B2
почтовое отправление,mwe,B2
почтовый,adj,A2
почтовый индекс,mwe,A1
почтовый ящик,mwe,A2
пошлина,n,B2
поэзия,n,B2
поэма,n,B2
поэт,n,B1
поэтический,adj,B1
поэтому,con,A2
появление,n,B2
появляться,v,B2
пояс,n,A2
пояснять,v,B2
права человека,mwe,B2
правда,n,A2
правдивый,adj,B2
правила дорожного движения,mwe,B2
правило,n,A2
правильно,adv,A1
правильность,n,B1
правильный,adj,A1
правитель,n,C2
правительственный,adj,B2
правительство,n,A2
править,v,C1
правление,n,C1
право,n,B1
правовой,adj,B2
правонарушение,n,C1
правоохранительные органы,mwe,B2
правописание,n,B1
православие,n,B2
православный,n,B2
правосудие,n,B2
правота,n,C1
правый,adj,A1
правящий,adj,B2
праздник,n,A1
праздничный,adj,A2
празднование,n,B1
праздновать,v,B1
практика,n,B1
практиковать,v,C1
практиковаться,v,B1
практически,adv,C1
практический,adj,B2
практичный,adj,B2
прапорщик,n,C2
прах,n,C2
прачечная,n,B1
пребывание,n,B2
пребывать,v,C2
превосходить,v,B2
превосходный,adj,B2
превосходство,n,C1
превращать,v,B2
превращаться,v,B2
превращение,n,B2
превышать,v,B2
превышение,n,B2
преграда,n,B2
предавать,v,B2
предание,n,C2
преданность,n,B2
преданный,adj,B2
предатель,n,B2
предательство,n,B2
предварительный,adj,B2
предвидеть,v,B2
предвыборный,adj,B2
предел,n,B2
предельный,adj,C1
предисловие,n,B2
предки,n,B2
предлагать,v,A2
предлагаться,v,B2
предлог,n,A1
предложение,n,A1
предложный,adj,A2
предмет,n,A2
предназначать,v,C1
предназначение,n,C2
предок,n,B2
предопределять,v,C2
предоставление,n,C1
предоставлять,v,C1
предоставляться,v,C1
предостережение,n,C1
предотвращать,v,B2
предотвращение,n,B2
предохранение,n,B2
предохраняться,v,B2
предписание,n,C2
предполагать,v,B2
предполагаться,v,B2
предположение,n,B2
предпосылка,n,C1
предпочитать,v,B2
предпочтение,n,C1
предпочтительный,adj,C1
предприниматель,n,B2
предпринимательство,n,B2
предпринимать,v,B2
предприятие,n,B2
предрасположенность,n,C1
предрассудок,n,B2
председатель,n,B1
председательство,n,B2
предсказание,n,B2
представать,v,C2
представитель,n,B2
представительный,adj,C1
представительство,n,B2
представление,n,A2
представлять,v,B1
представляться,v,A2
предстоять,v,B2
предстоящий,adj,B2
предубеждение,n,C1
предупреждать,v,B1
предупреждение,n,B1
предусматривать,v,B2
предусмотрительность,n,C1
предчувствие,n,B2
предчувствовать,v,B2
предшественник,n,C1
предшествовать,v,C1
предшествующий,adj,B2
предъявитель,n,C1
предъявлять,v,A2
предыдущий,adj,B1
преемник,n,C1
прежде,adv,C1
прежде всего,mwe,C1
прежде чем,mwe,B2
преждевременный,adj,C1
прежний,adj,B2
презентация,n,B2
презерватив,n,B1
президент,n,A2
президентский,adj,B2
президиум,n,C1
презрение,n,B2
преимущественно,adv,C2
преимущество,n,B2
прекрасно,adv,A1
прекрасный,adj,A2
прекращать,v,B1
прекращаться,v,B1
прекращение,n,C1
прелесть,n,B1
премия,n,B2
премьер,n,B2
премьер-министр,n,A2
премьера,n,B2
пренебрегать,v,C1
преобладание,n,B2
преобладать,v,C1
преобладающий,v,C1
преобразование,n,C1
преобразовывать,v,B2
преодолевать,v,B2
преодоление,n,C1
препарат,n,B2
преподавание,n,B2
преподаватель,n,A1
преподавать,v,A2
препятствие,n,B2
препятствовать,v,C1
прерывать,v,C1
прерываться,v,C1
преследование,n,B2
преследовать,v,B2
пресловутый,adj,C2
пресмыкающееся,n,B2
пресный,adj,B1
пресс,n,C1
пресс-конференция,n,B2
пресс-секретарь,n,B2
пресса,n,B2
престиж,n,B2
престижный,adj,B2
престол,n,C2
преступление,n,B2
преступник,n,B1
преступность,n,B2
преступный,adj,B2
претворять в жизнь,mwe,C2
претендент,n,B2
претендовать,v,B2
претензия,n,B2
преувеличение,n,B2
преувеличивать,v,B2
преуменьшать,v,C1
преуспевать,v,B2
префект,n,B2
префектура,n,B2
прецедент,n,C2
при,adpos,A2
при условии,mwe,B2
прибавлять,v,B2
прибегать,v,B1
прибивать,v,B1
приближаться,v,A2
приближение,n,B1
приблизительно,adv,B1
прибор,n,B2
прибывать,v,A2
прибыль,n,B2
прибытие,n,A2
приватизация,n,C1
приватизировать,v,C1
привести,v,A2
привет,excl,A1
приветствие,n,B1
приветствовать,v,B1
прививка,n,B2
привидение,n,B2
привилегия,n,C1
привлекательность,n,B2
привлекательный,adj,B2
привлекать,v,B2
привлечение,n,C1
приводить в порядок,mwe,B1
приводить к присяге,mwe,B2
приводиться,v,C1
привозить,v,A2
привыкать,v,A2
привычка,n,A2
привычный,adj,B2
привязанность,n,C1
привязывать,v,B2
приглашать,v,A1
приглашение,n,A2
приговаривать,v,B2
приговор,n,B2
пригодный,adj,C2
пригождаться,v,C2
пригород,n,B1
приготовление,n,B1
придавать,v,C1
придерживаться,v,B2
придираться,v,C2
придумывать,v,B1
придурок,n,C2
приезд,n,B1
приезжать,v,A2
прием,n,B2
приемлемый,adj,C1
приемная,n,B2
приемник,n,B2
прижимать,v,B2
прижиматься,v,B2
приз,n,B2
призвание,n,B2
приземляться,v,A2
признавать,v,B2
признаваться,v,B2
признак,n,B1
признание,n,B2
призрак,n,B2
призыв,n,C1
призывать,v,C1
приказ,n,B2
приказание,n,B2
приказывать,v,B2
прикладной,adj,B2
приключение,n,B1
прикол,n,C1
прикосновение,n,B2
прикреплять,v,B1
прикрывать,v,C1
прикрытие,n,C2
прилавок,n,B1
прилагательное,n,A2
прилагать,v,B2
прилетать,v,A2
прилив,n,B2
прилично,adv,B2
приличный,adj,B2
приложение,n,B2
применение,n,B2
применительно,adv,C1
применять,v,B1
применяться,v,B1
пример,n,A2
примерно,adv,A2
примета,n,B2
примечание,n,B2
примирение,n,C1
примитивный,adj,B2
примыкать,v,C1
принадлежать,v,B1
принадлежность,n,B2
принимать,v,B1
принимать меры,mwe,B2
принимать на работу,mwe,B1
приниматься,v,C1
приносить,v,A1
принтер,n,B1
принуждать,v,B2
принц,n,B2
принцесса,n,B2
принцип,n,B2
принципиальный,adj,B2
принятие,n,B2
принятый,adj,C1
приобретать,v,B2
приобретение,n,B2
приоритет,n,B2
приостанавливать,v,C1
приоткрывать,v,B2
приподнимать,v,B2
припоминать,v,C2
приправа,n,B1
природа,n,A2
природный,adj,B1
прирост,n,B2
присаживаться,v,C1
присваивать,v,B2
прислушиваться,v,B2
присниться,v,B1
присоединение,n,B2
присоединяться,v,B2
приспосабливать,v,B2
приспособление,n,B2
приставка,n,A2
пристально,adv,B2
пристальный,adj,B2
пристрастие,n,C1
пристрастный,adj,C1
пристройка,n,C1
приступ,n,B2
приступать,v,B2
присутствие,n,B1
присутствовать,v,B1
присутствующий,n,B2
присущий,adj,C2
присылать,v,A2
присяга,n,B2
присяжный,n,B2
притворяться,v,B2
приток,n,C1
притяжательный,adj,B1
притязание,n,C2
приукрашивать,v,C1
приучать,v,C1
приход,n,C1
приходить,v,A1
приходить в себя,mwe,C2
приходить к выводу,mwe,B2
приходиться,v,B2
прихожая,n,A2
прицел,n,C1
причастие,n,A2
прическа,n,B1
причина,n,B1
причинять,v,B2
пришелец,n,B2
прищемлять,v,C2
приют,n,C1
приятель,n,B1
приятно,adv,A1
приятный,adj,A2
проанализировать,v,B2
проба,n,B2
пробегать,v,B2
пробел,n,B2
пробивать,v,C1
пробка,n,B2
проблема,n,A1
проблематика,n,B2
проблематичный,adj,C1
пробовать,v,A2
пробуждать,v,C2
пробуждение,n,B2
провайдер,n,B1
провал,n,C1
проваливаться,v,C1
проведение,n,B2
проверка,n,A2
проверять,v,A2
провести,v,A2
провинциальный,adj,B2
провинция,n,C1
провод,n,B1
проводиться,v,B2
проводник,n,B2
провожать,v,B1
провозглашать,v,C1
провокация,n,C1
проволока,n,B2
провоцировать,v,B2
проглатывать,v,B1
проглядеть,v,C1
прогноз,n,B1
прогноз погоды,mwe,B1
прогнозировать,v,B2
проговорить,v,B2
прогонять,v,B2
программа,n,B1
программирование,n,B1
программировать,v,B1
программист,n,B1
программное обеспечение,mwe,B2
программный,adj,B2
прогресс,n,B2
прогрессивный,adj,B2
прогуливаться,v,C1
прогулка,n,B1
продавать,v,A2
продаваться,v,B2
продавец,n,A1
продавщица,n,A1
продажа,n,B2
продвигать,v,C1
продвигаться,v,B2
продвижение,n,C1
продвинутый,v,C1
проделывать,v,B2
продемонстрировать,v,B2
продлевать,v,B1
продление,n,B1
продовольствие,n,C1
продолжать,v,A2
продолжаться,v,B1
продолжение,n,A2
продолжительность,n,B2
продолжительный,adj,B2
продукт,n,A2
продуктивность,n,B2
продуктивный,adj,C1
продукты питания,mwe,B2
продукция,n,B2
продумывать,v,B2
продюсер,n,B2
проезд,n,A2
проездом,n,C2
проект,n,B2
проектирование,n,B2
проем,n,C1
проехать,v,A2
прожектор,n,C1
проживание,n,B1
проживать,v,B1
проживающий,adj,B1
проза,n,B2
прозвище,n,B2
прозрачность,n,C1
прозрачный,adj,B2
проигрывать,v,B1
произведение,n,B1
произведение искусства,mwe,B1
производитель,n,B2
производительность,n,B2
производить,v,B1
производиться,v,B2
производственный,adj,B2
производство,n,B2
произвол,n,C1
произвольно,adv,C1
произвольный,adj,B2
произносить,v,A1
произношение,n,B1
происходить,v,A2
происхождение,n,B2
происшествие,n,B1
прокат,n,B2
прокладка,n,A1
проклятие,n,C1
проклятый,adj,C1
прокуратура,n,C1
прокурор,n,C1
пролетариат,n,C1
пролетать,v,B2
промежуток,n,B2
промежуточный,adj,C1
промолчать,v,B1
промысел,n,C2
промышленность,n,B1
промышленный,adj,C1
проникать,v,C1
проникновение,n,B2
проноситься,v,C1
пропаганда,n,B2
пропагандировать,v,C1
пропадать,n,B2
прописывать,v,B1
проповедь,n,C2
пропорция,n,B2
пропуск,n,B1
пропускать,v,B2
проработать,v,B1
пророк,n,C1
пророчество,n,C2
прорыв,n,C1
прорываться,v,C1
просвещение,n,C1
просить,v,A1
прославиться,v,B2
прослушивание,n,C1
просматривать,v,C1
просмотр,n,B1
проспать,v,A2
проспект,n,A1
проститутка,n,B2
проституция,n,B2
просто,adv,A1
простой,adj,A1
простор,n,C1
просторный,adj,B2
простота,n,B2
пространство,n,B1
простуда,n,B1
простудиться,v,B1
простыня,n,A2
просыпаться,v,A2
просьба,n,A2
протеин,n,B2
протекать,v,C1
протест,n,B2
протестовать,v,B2
против,adv,B1
противиться,v,B2
противник,n,B2
противный,adj,B2
противодействие,n,C1
противодействовать,v,C2
противозачаточный,adj,B2
противоположность,n,C1
противоположный,adj,B2
противопоставлять,v,C1
противоречивый,adj,C2
противоречие,n,C1
противоречить,v,C1
противостояние,n,C1
противостоять,v,C1
протокол,n,B2
прототип,n,B2
протягивать,v,B2
протяжение,n,C1
профессионал,n,B1
профессионализм,n,B1
профессиональный,adj,B1
профессия,n,A2
профессор,n,A2
профилактика,n,B2
профилактический,adj,B1
профиль,n,B2
профсоюз,n,B2
профсоюзный,adj,C1
прохладный,adj,B1
проход,n,A1
проходимость,n,C2
проходить,v,A2
прохождение,n,C1
прохожий,n,B1
процветание,n,C1
процедура,n,B2
процент,n,B1
процесс,n,B2
процессор,n,B2
процессуальный,adj,C1
прочесть,v,A2
прочий,pron,C1
прочитать,v,A1
прочность,n,B2
прочный,adj,B1
прочтение,n,C1
прочь,adv,C2
прошедшее время,mwe,A1
прошедший,adj,A1
прошлогодний,adj,B1
прошлое,n,A1
прошлый,adj,A1
прощание,n,A2
прощать,v,B1
прощаться,v,A2
прощение,n,A2
проявление,n,C1
проявлять,v,B2
проявляться,v,C1
пруд,n,C1
прыгать,v,A2
прыжок,n,B2
прямо,particle,A2
прямой,adj,B1
прямоугольник,n,B2
прятать,v,B1
прятаться,v,B2
псевдоним,n,B2
психиатр,n,C1
психиатрический,adj,B2
психика,n,B2
психический,adj,B2
психолог,n,B2
психологический,adj,B2
психология,n,B1
психотерапевт,n,C1
птица,n,A2
птичий,adj,B2
публика,n,C1
публикация,n,B2
публиковать,v,B2
публичный,adj,C1
пугать,v,B2
пуговица,n,B1
пузырь,n,C1
пулемет,n,C2
пульс,n,B2
пульт,n,A1
пуля,n,B2
пункт,n,B1
пунктуальный,adj,B2
пуск,n,B2
пускай,particle,C1
пускать,v,B2
пусто,adv,B2
пустой,adj,B1
пустота,n,B2
пустыня,n,B2
пусть,particle,B2
пустяк,n,C1
путать,v,B2
путешественник,n,A2
путешествие,n,A2
путешествовать,v,A2
путь,n,A2
пух,n,B2
пучок,n,B2
пушка,n,C1
пчела,n,B2
пшеница,n,B2
пылиться,v,B2
пыль,n,B1
пытать,v,C1
пытаться,v,B2
пытка,n,C1
пьеса,n,B1
пьяница,n,C1
пьянство,n,C1
пьяный,adj,B1
пятерка,n,B1
пятеро,num,B2
пятидесятый,num,A2
пятисотый,num,A2
пятка,n,B1
пятнадцатый,num,A2
пятнадцать,num,A1
пятница,n prop,A1
пятно,n,B1
пятый,num,A2
пять,num,A1
пятьдесят,num,A1
пятьсот,num,A1
раб,n,C1
работа,n,A1
работать,v,A1
работник,n,B2
работодатель,n,B2
рабочее время,mwe,B1
рабочее место,mwe,B1
рабочий,n,B2
рабочий день,mwe,B1
рабство,n,C1
раввин,n,C1
равенство,n,B2
равнина,n,B2
равно,adj,B1
равновесие,n,B2
равнодушие,n,B2
равнодушно,adv,B2
равномерный,adj,B2
равноправие,n,B2
равный,adj,B1
равняться,v,C1
ради,adpos,C1
радикально,adv,C1
радикальный,adj,C1
радио,n,A2
радиоактивный,adj,B2
радиостанция,n,B2
радиус,n,B2
радовать,v,B2
радоваться,v,B1
радостный,adj,B1
радость,n,B1
радуга,n,B1
раз,n,A1
разбивать,v,B1
разбиваться,v,B1
разбирательство,n,C2
разбирать,v,B2
разбираться,v,B2
разбойник,n,C2
разбор,n,C1
разборка,n,C1
разбрасывать,v,C1
разбудить,v,A2
развал,n,C1
разве,particle,A2
разведенный,adj,A1
разведка,n,C1
разведчик,n,C1
развешивать,v,B1
развивать,v,B2
развиваться,v,B2
развивающийся,adj,B2
развитие,n,B1
развитой,adj,B1
развитый,adj,B2
развлекательный,adj,B2
развлекать,v,B2
развлечение,n,B1
развод,n,B1
разводить,v,C2
разводиться,v,A2
разворачивать,v,B1
разворачиваться,v,B2
развязывать,v,B1
разгар,n,C1
разглашать,v,B2
разглядывать,v,C1
разговаривать,v,A2
разговор,n,B1
разговорный,adj,B1
разгром,n,C1
раздавать,v,B1
раздаваться,v,C2
раздача,n,C1
раздевалка,n,B2
раздеваться,v,A1
раздел,n,B1
разделение,n,B2
разделять,v,B2
разделяться,v,B2
раздражать,v,B2
раздражение,n,B2
раздумье,n,C1
разливаться,v,B2
различать,v,A2
различаться,v,A2
различие,n,B1
различный,adj,B2
разлука,n,B2
разлучаться,v,C2
размах,n,C2
разменивать,v,B1
размер,n,A2
размешивать,v,B1
размещать,v,B2
размещение,n,B2
размножение,n,B2
размышление,n,B2
размышлять,v,B2
разница,n,B1
разновидность,n,B2
разногласие,n,B2
разнообразие,n,B2
разнообразный,adj,B1
разноцветный,adj,B1
разный,adj,A2
разойтись,v,C2
разом,adv,C2
разоружение,n,B2
разочарование,n,B1
разочаровывать,v,B2
разрабатывать,v,B2
разработка,n,B2
разработчик,n,B2
разрезать,v,B1
разрешать,v,A2
разрешаться,v,B1
разрешение,n,B1
разрушать,v,B2
разрушение,n,B2
разрыв,n,B2
разрывать,v,B2
разряд,n,B2
разум,n,B2
разумеется,adv,C2
разумный,adj,B2
разъединять,v,B2
разъяснение,n,B2
разыгрывать,v,B2
разыскивать,v,B2
рай,n prop,B2
район,n,A2
районный,adj,B2
рак,n,B2
ракета,n,B2
ракетка,n,B1
раковина,n,A1
рама,n,C1
рамка,n,B2
ран,n,C1
рана,n,B1
ранг,n,B2
ранее,adv,B2
ранение,n,C1
раненый,n,C1
ранимый,adj,C1
ранить,v,B2
ранний,adj,B1
рано,adv,A2
рано или поздно,mwe,C1
раньше,adv,A2
рао,n,C1
раса,n,B2
расизм,n,B2
расистский,adj,B1
раскаиваться,v,B2
раскачиваться,v,B2
раскладывать,v,C1
раскол,n,C2
раскрывать,v,B2
раскрытие,n,C1
расовый,adj,B2
распад,n,C1
распахивать,v,C1
расписание,n,A2
распознавать,v,B2
располагать,v,C1
располагаться,v,B2
расположение,n,B2
распоряжаться,v,C1
распоряжение,n,C1
распределение,n,B2
распределять,v,B2
распродажа,n,A2
распространение,n,B2
распространенный,adj,B2
распространять,v,B2
распространяться,v,B2
распускать,v,C1
рассвет,n,A2
рассеянность,n,B2
рассеянный,adj,B2
рассказ,n,A2
рассказчик,n,B2
рассказывать,v,A1
расслабляться,v,B1
расследование,n,B2
расследовать,v,B2
рассматривать,v,B2
рассматриваться,v,C1
рассмотрение,n,C1
расспрашивать,v,B2
расставаться,v,B2
расставлять,v,B1
расстояние,n,A2
расстраивать,v,B2
расстрел,n,B2
расстреливать,v,B2
расстройство,n,B2
рассудок,n,C1
рассуждать,v,B2
рассуждение,n,C1
рассчитывать,v,B2
рассчитываться,v,B2
рассылка,n,C1
рассыпаться,v,B2
растаможить,v,C1
раствор,n,B2
растворять,v,B2
растение,n,B1
растерянно,adv,C1
растерянность,n,C1
растеряться,v,B2
расти,v,A2
растительность,n,C1
растительный,adj,A1
растрогать,v,C1
растяжение,n,B2
расход,n,B2
расходиться,v,C1
расходовать,v,B2
расхождение,n,B2
расцвет,n,B2
расчесывать,v,B2
расчет,n,B2
расширение,n,C1
расширять,v,B2
ратификация,n,C1
раунд,n,B2
рациональный,adj,B2
рация,n,C1
рвать,v,B2
рваться,v,B2
рвение,n,C2
рвота,n,B2
реабилитация,n,C1
реагировать,v,B2
реактор,n,C1
реакционный,adj,C1
реакция,n,B2
реализация,n,C1
реализовывать,v,B2
реализовываться,v,B2
реалии,n,C1
реалистический,adj,C1
реалити-шоу,n,B2
реально,adv,C1
реальность,n,B2
реальный,adj,B2
ребенок,n,A1
ребро,n,B2
ребята,n,A1
рев,n,C1
реветь,v,C1
ревновать,v,B1
ревность,n,B1
револьвер,n,C1
революционер,n,B2
революционный,adj,C1
революция,n,B2
регион,n,C1
региональный,adj,B2
регистрация,n,A1
регистрировать,v,B2
регулирование,v,B2
регулировать,v,B2
регулярно,adv,B1
регулярный,adj,B1
редактировать,v,B2
редактор,n,B2
редакция,n,B2
редкий,adj,B1
редко,adv,A2
редкость,n,C1
реестр,n,C1
режим,n,B2
режиссер,n,B1
режиссура,n,C1
резать,v,A2
резерв,n,C1
резервировать,v,A2
резкий,adj,B2
резко,adv,B2
резня,n,C1
резолюция,n,C1
результат,n,B1
резь,n,C2
резюме,n,B2
резюмировать,v,B2
рейд,n,C1
рейс,n,A2
рейтинг,n,B2
река,n,A2
реклама,n,A2
рекламировать,v,B1
рекламный,adj,B1
рекомендация,n,B2
рекомендовать,v,B2
рекомендоваться,v,C1
реконструкция,n,B2
рекорд,n,B1
ректор,n,B1
религиозный,adj,B2
религия,n,B2
рельс,n,C1
ремень,n,B1
ремесло,n,C1
ремонт,n,B1
ремонтировать,v,B1
рентабельность,n,B2
реорганизация,n,C1
репетиция,n,B2
реплика,n,B2
репортаж,n,B2
репортер,n,B2
репрессия,n,B2
рептилия,n,B2
репутация,n,C1
ресница,n,B1
респондент,n,C1
республика,n,A1
республиканский,adj,C1
ресторан,n,A2
реструктуризация,n,C1
ресурс,n,B2
реферат,n,B2
референдум,n,C1
рефлекс,n,C1
реформа,n,B2
реформирование,n,B2
реформировать,v,B2
рецензия,n,B2
рецепт,n,B1
речевой,adj,B2
речка,n,B2
речь,n,A2
решать,v,B1
решаться,v,B2
решающий,adj,C1
решение,n,B1
решетка,n,B2
решимость,n,C1
решительно,adv,C1
решительный,adj,B2
ржаветь,v,B2
рис,n,A1
риск,n,B2
рисковать,v,B2
рисовать,v,B1
рисунок,n,A1
ритм,n,B1
риторика,n,C2
риторический,adj,C2
ритуал,n,C2
рифма,n,B1
робко,adv,B2
робот,n,B2
ров,n,C1
ровно,adv,B1
ровный,adj,B1
рог,n,B2
род,n,A1
роддом,n,C1
родина,n,A1
родинка,n,B2
родитель,n,A1
родительный,adj,A2
родительский,adj,B1
родиться,v,A1
родной,adj,B1
родные,adj,B1
родня,n,C1
родственник,n,B1
родство,n,C1
роды,n,B2
рожа,n,C2
рожать,v,B1
рождаться,v,B1
рождение,n,A1
рождество,n prop,A2
рождество христово,mwe,A2
роза,n,A2
розетка,n,A2
розничный,adj,B2
розовый,adj,A1
розыск,n,B2
рок,n,B1
роковой,adj,C1
ролики,n,B2
роль,n,A2
роман,n,B2
романтический,adj,B2
ронять,v,B2
роскошный,adj,B2
роскошь,n,B2
роспуск,n,C1
российский,adj,A1
россия,n prop,A1
россиянин,n,A2
рост,n,B1
росток,n,B2
рот,n,A1
рота,n,C2
роща,n,C1
рояль,n,B2
рсфср,n,C1
рубаха,n,C2
рубашка,n,A1
рубеж,n,B2
рубить,v,B2
рубка,n,C1
рубль,n,A1
рубрика,n,B2
ругать,v,A2
ругаться,v,B1
ружье,n,B2
руины,n,C1
рука,n,A1
рукав,n,B1
руководитель,n,B2
руководить,v,B2
руководство,n,B2
руководство пользователя,mwe,B2
руководствоваться,v,C1
рукопись,n,C1
рулить,v,B2
руль,n,B2
русло,n,C1
русский,adj,A1
русский язык,mwe,A1
русь,n prop,B2
рухнуть,v,C1
ручей,n,B2
ручка,n,A1
ручной,adj,B2
рушиться,v,C1
рф,n prop,A2
рыба,n,A1
рыбак,n,B2
рыбалка,n,B2
рыбный,adj,A2
рывок,n,C1
рыдать,v,B2
рыжий,adj,B1
рынок,n,A1
рыночный,adj,B2
рыть,v,C1
рыться,v,C2
рыцарь,n,C2
рычаг,n,B2
рюкзак,n,A2
рюмка,n,A2
ряд,n,B1
рядовой,adj,C1
рядом,adv,A2
с,adpos,A2
с ... до ...,mwe,A2
с другой стороны,mwe,B2
с одной стороны,mwe,B2
с помощью,mwe,B1
с самого начала,mwe,B1
с тех пор,mwe,B1
с трудом,mwe,B2
с уважением,mwe,B1
с удовольствием,mwe,A2
с учетом,mwe,C1
сад,n,A2
садиться,v,A2
сажать,v,B2
сайт,n,A2
салат,n,A1
сало,n,C1
салон,n,B1
салфетка,n,A2
сам,pron,A2
самец,n,B2
самка,n,B2
самодельный,adj,B2
самолет,n,A1
самолюбие,n,B2
самообразование,n,B2
самосознание,n,C2
самостоятельно,adv,B1
самостоятельность,n,B1
самостоятельный,adj,B2
самоубийство,n,B1
самоуверенность,n,B2
самоуправление,n,B2
самочувствие,n,B1
самый,pron,A2
санаторий,n,C1
сандалии,n,A2
санитар,n,C2
санитарный,adj,C1
санкционировать,v,C1
санкция,n,C1
сантиметр,n,A1
сапог,n,A1
сарай,n,C1
сатана,n,C1
сахар,n,A1
сбегать,v,B2
сберегательный,adj,B2
сбережения,n,B2
сбивать,v,B2
сближение,n,C1
сбой,n,C1
сбоку,adv,A2
сбор,n,B1
сборка,n,C1
сборная,n,B1
сборник,n,B2
сборный,adj,C1
сбрасывать,v,C2
сбыт,n,C1
свадебный,adj,B2
свадьба,n,B1
сваливать,v,C1
сваливаться,v,C1
свалка,n,C1
свататься,v,C1
сведение,n,C1
сведения,n,B2
свежий,adj,A2
свекла,n,A2
свекр,n,B1
свекровь,n,B1
сверкать,v,B2
сверстник,n,B2
сверток,n,C1
сверх,adpos,B2
сверху,adv,A2
сверхурочный,adj,C1
сверхъестественный,adj,B2
свет,n,A1
светить,v,B1
светиться,v,B1
светло,adv,A1
светлый,adj,A1
светофор,n,A1
светский,adj,C1
свеча,n,B2
свидание,n,B1
свидетель,n,B2
свидетельские показания,mwe,B2
свидетельство,n,B2
свидетельствовать,v,C1
свинина,n,A1
свинья,n,B1
свирепый,adj,C1
свист,n,B2
свистеть,v,B2
свитер,n,A1
свобода,n,A2
свободно,adv,B2
свободный,adj,B1
свод,n,C1
сводить,v,C1
сводиться,v,C1
своевременный,adj,B2
своеобразный,adj,C1
свой,pron,A2
свойственный,adj,B2
свойство,n,B2
сволочь,n,C2
сворачивать,v,B2
связанный,adj,B2
связка,n,C1
связный,adj,B2
связывать,v,B2
связываться,v,C1
связь,n,B1
святилище,n,C2
святой,n,B2
святыня,n,C2
священник,n,B2
священный,adj,C2
сгибать,v,B1
сгореть,v,B2
сдавать,v,B2
сдавать в аренду,mwe,B1
сдавать экзамен,mwe,A2
сдаваться,v,C1
сдача,n,A1
сдвиг,n,B2
сделать,v,A1
сделаться,v,C1
сделка,n,B2
сдержанный,adj,B2
сдерживать,v,B2
сдохнуть,v,C1
сеанс,n,B1
себе,pron,A1
себестоимость,n,B2
себя,pron,A1
север,n,A1
северный,adj,B1
сегмент,n,C1
сегодня,adv,A1
сегодняшний,adj,B1
седло,n,C1
седой,adj,B1
седьмой,num,A2
сезон,n,B1
сейсмический,adj,B2
сейф,n,B2
сейчас,adv,A1
секрет,n,B1
секретарь,n,B2
секретный,adj,B2
секс,n,B1
сексуальность,n,B2
сексуальный,adj,B1
секта,n,B2
сектор,n,B2
секунда,n,A1
секция,n,B2
селение,n,C2
село,n,B2
сельский,adj,B2
сельское хозяйство,mwe,B2
сельскохозяйственный,adj,C1
семейный,adj,A2
семейство,n,C1
семерка,n,B1
семеро,num,B1
семестр,n,B1
семидесятый,num,A2
семинар,n,B2
семисотый,num,A2
семнадцатый,num,A2
семнадцать,num,A1
семь,num,A1
семьдесят,num,A1
семьсот,num,A1
семья,n,A1
семя,n,C1
сенат,n,C1
сенатор,n,B2
сено,n,C1
сенсация,n,B2
сенсорный,adj,B2
сентябрь,n prop,A1
сервер,n,B2
сервис,n,B1
сердечный,adj,B2
сердито,adv,B2
сердиться,v,B1
сердце,n,A1
серебро,n,B2
серебряный,adj,B1
середина,n,A2
сержант,n,C1
сериал,n,B1
серийный,adj,B2
серия,n,B1
сертификат,n,B2
серый,adj,A1
серьезно,adv,B2
серьезность,n,B2
серьезный,adj,B2
сессия,n,B2
сестра,n,A1
сесть,v,A1
сетевой,adj,B2
сетка,n,C1
сеть,n,B2
сеять,v,C1
сжигать,v,B2
сжимать,v,B2
сзади,adv,A2
сигарета,n,A1
сигнал,n,B2
сигнализация,n,B1
сигнализировать,v,B2
сиденье,n,B2
сидеть,v,A1
сидеть на корточках,mwe,C1
сила,n,A2
силуэт,n,C1
сильно,adv,A2
сильный,adj,A2
символ,n,B2
символический,adj,C1
симпатичный,adj,B1
симпатия,n,B2
симптом,n,B1
синдром,n,C1
синий,adj,A1
синоним,n,B1
синтез,n,B2
синтетический,adj,B2
синяк,n,B1
сирота,n,B2
система,n,B2
систематически,adv,B2
систематический,adj,B2
системный,adj,B2
сиська,n,B2
ситуация,n,B1
сияние,n,C1
сиять,v,C1
скажем,adv,B2
сказать,v,A1
сказка,n,A2
сказочный,adj,B1
сказываться,v,C2
скайп,n,A2
скакать,v,C1
скала,n,B2
скамейка,n,B1
скамья,n,B1
скандал,n,B1
сканер,n,B2
скатерть,n,B1
скачивать,v,B1
скважина,n,C1
сквозь,adpos,B2
скейтборд,n,B1
скелет,n,B2
скептический,adj,C1
скидка,n,A2
склад,n,B2
складка,n,C1
складной,adj,B2
складывать,v,B1
складываться,v,C1
склон,n,C1
склонение,n,B2
склонность,n,B2
склоняться,v,C1
скобка,n,B2
сковорода,n,A2
скользить,v,B2
скользкий,adj,B2
сколько,adv,A1
скончаться,v,C1
скопление,n,C1
скорая помощь,mwe,A1
скорбь,n,C1
скорее,adv,B1
скоро,adv,A1
скорость,n,A2
скорый,adj,B1
скот,n,C1
скотина,n,C1
скрип,n,B2
скрипка,n,B2
скромный,adj,B1
скрывать,v,C1
скрываться,v,C1
скрытый,adj,C1
скудный,adj,C2
скука,n,B2
скульптура,n,B1
скучать,v,A2
скучный,adj,B1
слабо,adv,B1
слабость,n,B2
слабый,adj,A2
слава,n,B2
славный,adj,C1
славянин,n,B2
славянский,adj,B2
сладкий,adj,A1
сладко,adv,B1
слева,adv,A2
слегка,adv,B2
след,n,B2
следить,v,B2
следователь,n,B2
следовательно,adv,B2
следовать,v,B1
следом,adv,C1
следствие,n,B2
следует,v,B2
следующий,adj,A1
слеза,n,A2
сленг,n,B2
слепой,adj,B2
сливать,v,C1
сливаться,v,C2
сливки,n,A1
сливочный,adj,A2
слизистая,n,B2
слишком,adv,B2
слияние,n,C1
словарный запас,mwe,B1
словарь,n,A1
словесный,adj,C1
словно,particle,C1
слово,n,A1
словом,adv,C2
словосочетание,n,A2
слог,n,A1
сложно,adv,A1
сложность,n,B1
сложный,adj,A1
слой,n,B2
сломать,v,A2
слон,n,B1
слуга,n,C1
служащий,n,B2
служба,n,B2
служба занятости,mwe,B1
служебные обязанности,mwe,B2
служебный,adj,B2
служение,n,C2
служить,v,C1
слух,n,B1
случай,n,A2
случайно,adv,B2
случайность,n,B2
случайный,adj,B2
случаться,v,A2
слушания,n,C1
слушатель,n,B1
слушать,v,A1
слушаться,v,B2
слыхать,v,C2
слышать,v,A2
слышаться,v,C1
слышно,adv,A2
слюна,n,B2
см,abbr,A2
смайлик,n,B1
смелость,n,B1
смелый,adj,B1
смена,n,B2
сменять,v,C1
сменяться,v,C1
смертельный,adj,B2
смертная казнь,mwe,B2
смертный,adj,C2
смерть,n,B1
смесь,n,B1
сметана,n,A1
сметь,v,C2
смех,n,A2
смешанный,adj,C1
смешивать,v,B1
смешно,adv,A2
смешной,adj,A2
смеяться,v,A2
сми,abbr,B1
смиряться,v,C1
смотреть,v,A1
смотреться,v,C1
смочь,v,A2
смс,n,A2
смутный,adj,C2
смущать,v,B2
смущение,n,B2
смысл,n,B2
смягчать,v,C2
снабжение,n,C1
снаружи,adv,A2
снаряд,n,C1
снаряжение,n,C1
сначала,adv,A2
снг,abbr,B1
снег,n,A1
снежный,adj,B1
снижать,v,B2
снижаться,v,B2
снижение,n,B2
снизу,adv,A2
снимать,v,A1
сниматься,v,C1
снимок,n,B2
сниться,v,B2
снова,adv,B2
сновидение,n,B1
сносить,v,B2
сноска,n,B2
сноуборд,n,B1
снятие,n,B2
со,adpos,A1
со временем,mwe,C1
собака,n,A1
собачий,adj,B1
собеседник,n,B2
собеседование,n,B2
собирать,v,B1
собирать урожай,mwe,B2
собираться,v,B2
соблазн,n,C2
соблюдать,v,B1
соблюдение,n,B1
соболезнования,n,B2
собор,n,B2
собрание,n,B2
собственник,n,B2
собственно,adv,C1
собственность,n,B2
собственный,adj,B2
событие,n,C1
совать,v,C1
совершать,v,B2
совершаться,v,B2
совершение,n,C1
совершенно,adv,B2
совершенный,adj,A2
совершенство,n,C2
совершенствование,n,C2
совершенствовать,v,C1
совесть,n,B2
совет,n,A2
советник,n,B2
советовать,v,A2
советоваться,v,B1
советский,adj,C1
советский союз,mwe,B2
совещание,n,C1
совместимый,adj,B2
совместный,adj,B2
совмещать,v,B2
совокупляться,v,B2
совокупность,n,B2
совпадать,v,B2
совпадение,n,B2
современник,n,B2
современность,n,B2
современный,adj,A2
совсем,adv,A2
согласие,n,B1
согласно,adv,C1
согласный,adj,A1
согласование,n,C1
согласовывать,v,C1
соглашаться,v,B1
соглашение,n,B2
содействие,n,C1
содействовать,v,B2
содержание,n,B1
содержать,v,B2
содержаться,v,B2
содержимое,n,B2
соединение,n,B2
соединять,v,A2
сожаление,n,A2
сожалеть,v,B2
сожитель,n,C1
создавать,v,B1
создаваться,v,B2
создание,n,B2
создатель,n,C2
сознавать,v,C1
сознание,n,B2
сознательно,adv,C1
сознательный,adj,B2
созревать,v,C1
соискатель,n,B2
сойтись,v,C2
сок,n,A1
сокращать,v,B1
сокращение,n,B1
сокровище,n,C1
сокурсник,n,B2
солдат,n,B1
соленый,adj,A1
солидарность,n,B2
солидный,adj,B2
солить,v,A2
солнечные очки,mwe,B1
солнечный,adj,B1
солнце,n,A1
соль,n,A1
сомневаться,v,B1
сомнение,n,B2
сомнительный,adj,C1
сон,n,A1
сонный,adj,A2
соображать,v,C1
соображение,n,C1
сообщать,v,B1
сообщаться,v,B2
сообщение,n,A2
сообщество,n,C1
сооружение,n,C1
соответственно,adv,C1
соответствие,n,B2
соответствовать,v,B2
соответствующий,adj,B2
соотечественник,n,B1
соотношение,n,B2
соперник,n,B2
сопоставление,n,C1
сопровождать,v,B2
сопровождаться,v,C1
сопровождение,n,C1
сопротивление,n,B2
сопротивляться,v,B2
соратник,n,C2
соревнование,n,A2
соревноваться,v,A2
сорок,num,A1
сороковой,num,A2
сорт,n,B1
сортировать,v,B2
сосать,v,B2
сосед,n,A1
соседка,n,A1
соседний,adj,A2
соседство,n,B2
сосиска,n,A1
сословие,n,C2
сосна,n,B2
сосок,n,B2
сосредоточивать,v,C1
сосредоточиваться,v,B2
состав,n,B2
составитель,n,C1
составление,n,C1
составлять,v,C1
составляющая,n,C1
составной,adj,B2
состояние,n,B2
состоять,v,B2
состояться,v,B1
сострадание,n,B2
состязание,n,B2
сосуд,n,B2
сосуществовать,v,C1
сотворять,v,C1
сотка,n,C2
сотня,n,B1
сотовый,adj,A1
сотовый телефон,mwe,A1
сотрудник,n,B2
сотрудничать,v,B2
сотрудничество,n,B1
сотрясение мозга,mwe,C1
сотый,num,A2
соус,n,B1
софт,n,B2
сохранение,n,B2
сохранять,v,B1
сохраняться,v,B2
социализм,n,B2
социалист,n,C1
социалистический,adj,B2
социально,adv,B1
социальный,adj,B1
социолог,n,B2
социология,n,B2
сочетание,n,B1
сочетаться,v,B2
сочинение,n,B1
сочинять,v,B2
сочувствие,n,B1
союз,n,A2
союзник,n,B2
спад,mwe,B2
спазм,n,B2
спальня,n,A2
спасать,v,B1
спасаться,v,B1
спасение,n,C1
спасибо,excl,A1
спаситель,n,C1
спасти,v,B1
спать,v,A1
спать с кем-либо,mwe,B1
спектакль,n,B1
спектр,n,C1
спекуляция,n,C1
сперва,adv,C1
спереди,adv,A2
сперма,n,B2
специализация,n,B2
специализированный,adj,B2
специализироваться,v,B2
специалист,n,B1
специально,adv,B1
специальность,n,B1
специальный,adj,A2
специи,n,B1
специфика,n,C1
специфический,adj,B2
спецслужба,n,B2
спешить,v,B1
спешка,n,B2
спид,n,B2
спикер,n,B2
спина,n,A1
спинка,n,B1
спирт,n,C1
спиртное,n,B2
список,n,A2
списывать,v,B2
спичка,n,A1
сплетня,n,B2
сплоченность,n,C2
сплошной,adj,B2
сплошь,adv,C1
спокойно,adv,A2
спокойной ночи,excl,A2
спокойный,adj,B1
спокойствие,n,B2
спонсор,n,C1
спонтанный,adj,C1
спор,n,B1
спорить,v,B2
спорный,adj,C2
спорт,n,A1
спортзал,n,A2
спортивная площадка,mwe,A2
спортивный,adj,A1
спортплощадка,n,A2
спортсмен,n,A1
способ,n,B1
способность,n,B1
способный,adj,B2
способствовать,v,C1
спотыкаться,v,C1
справа,adv,A2
справедливость,n,B1
справедливый,adj,B1
справка,n,A2
справляться,v,B2
справочник,n,B1
спрашивать,v,A1
спрос,n,B2
спс,n,C1
спуск,n,C1
спускать,v,C1
спускаться,v,B1
спутник,n,B2
спутниковый,adj,B2
спячка,n,C1
сработать,v,C1
сравнение,n,B2
сравнивать,v,B1
сравнительно,adv,C1
сражаться,v,C1
сражение,n,B2
сразу,adv,A2
срать,v,C1
среда,n prop,A1
среди,adpos,B1
средневековый,adj,B2
средневековье,n,C1
среднее,n,B1
средний,adj,A2
средства,n,B2
средства массовой информации,mwe,B1
средство,n,B2
срок,n,B2
срок годности,mwe,A2
срок действия,mwe,A2
срочный,adj,A2
срывать,v,C1
срываться,v,C2
ссора,n,B1
ссориться,v,B2
ссср,n prop,B2
ссуда,n,C1
ссылаться,v,C1
ссылка,n,B2
стабильность,n,B2
стабильный,adj,B2
ставить,v,A1
ставить печать,mwe,B1
ставиться,v,C1
ставка,n,B2
стадион,n,A2
стадия,n,B2
стадо,n,C1
стаж,n,B2
стажировка,n,B2
стакан,n,A1
сталинизм,n,C1
сталинский,adj,C1
сталкиваться,v,C1
сталь,n,B2
стальной,adj,B2
стан,n,C2
стандарт,n,C1
стандартный,adj,B2
становиться,v,A2
становление,n,C2
станок,n,C1
станция,n,A1
старание,n,B2
старательно,adv,B2
стараться,v,B1
стареть,v,B2
старец,n,C2
старик,n,B1
старина,n,C1
старинный,adj,B2
старость,n,B1
старт,n,B1
стартовать,v,B2
старуха,n,B1
старушка,n,B2
старший,adj,A2
старшина,n,C2
старый,adj,A1
статистика,n,B2
статистический,adj,B2
статус,n,C1
статуя,n,B2
статья,n,B1
стационарный,adj,B2
стая,n,C1
ствол,n,B2
стекло,n,A2
стеклянный,adj,B1
стелить,v,B2
стеллаж,n,B2
стена,n,A2
стенд,n,B2
стенка,n,A2
степень,n,C1
степь,n,C1
стереотип,n,B2
стесняться,v,B2
стиль,n,B2
стимул,n,C1
стимулировать,v,B2
стипендия,n,B1
стиральная машина,mwe,A2
стиральный порошок,mwe,A2
стирать,v,A2
стирка,n,B1
стих,n,B1
стихи,n,A2
стихийный,adj,C1
стихия,n,C2
стихотворение,n,B1
сто,num,A1
стоимость,n,B1
стоить,v,A1
стойка,n,C1
стол,n,A1
столб,n,C1
столбец,n,B2
столбняк,n,C1
столетие,n,B2
столица,n,A1
столичный,adj,B1
столкновение,n,B2
столовая,n,A1
столько,adv,A1
столяр,n,B2
стон,n,C1
стонать,v,B2
стоп,excl,A1
стопка,n,C2
сторож,n,B2
сторона,n,A2
сторонник,n,C1
стоянка,n,B1
стоять,v,A1
страдание,n,B2
страдать,v,B1
стража,n,C2
страна,n,A1
страница,n,A1
странно,adv,A2
странный,adj,B1
страстный,adj,C1
страсть,n,B2
стратегический,adj,C1
стратегия,n,C2
страх,n,B1
страхование,n,B2
страховать,v,B1
страховка,n,A2
страховой,adj,B2
страшный,adj,B1
стрела,n,C1
стрелка,n,A2
стрелковый,adj,C1
стрелок,n,B2
стрельба,n,C1
стрелять,v,B1
стремительно,adv,B2
стремительный,adj,C1
стремиться,v,B2
стремление,n,C1
стресс,n,B1
стрижка,n,B1
стричь,v,B1
строгий,adj,B2
строго,adv,A2
строение,n,B2
строитель,n,B2
строительный,adj,B2
строительство,n,B1
строить,v,A2
строиться,v,C1
строй,n,B2
стройка,n,B2
стройный,adj,A2
строка,n,A2
строчка,n,A2
структура,n,B2
структурный,adj,C1
струна,n,C2
струя,n,B2
студент,n,A1
студентка,n,A1
студенческий,adj,B1
студия,n,B1
стук,n,B1
стул,n,A1
ступать,v,C2
ступень,n,B2
ступенька,n,A2
ступня,n,B2
стучать,v,A2
стыд,n,B2
стыдно,adv,B1
стюардесса,n,B1
суббота,n prop,A1
субсидия,n,C1
субстанция,n,C1
субтитры,n,A2
субъект,n,A1
субъективный,adj,C1
сувенир,n,A2
суверенитет,n,C1
суверенный,adj,C1
сугроб,n,B1
сугубо,adv,C2
суд,n,B2
сударь,n,C2
судебный,adj,B2
судить,v,B2
судно,n,C1
судорога,n,B2
судорожно,adv,C2
судоходство,n,C1
судьба,n,B1
судья,n,B2
суеверие,n,B2
суета,n,C1
суждение,n,C1
суждено,adv,C2
суицид,n,B2
сука,n,C1
султан,n,C2
сумасшедший,adj,B2
суматоха,n,C2
сумерки,n,B2
суметь,v,B1
сумка,n,A1
сумма,n,B1
суммировать,v,B2
сундук,n,C2
суп,n,A1
супер,adj,B2
супермаркет,n,A1
супруг,n,B2
супруга,n,B2
супружеский,adj,B2
суровый,adj,B2
сустав,n,B2
сутки,n,B1
суть,n,C2
суффикс,n,B2
сухо,adv,B1
сухой,adj,A2
сухопутный,adj,B2
суша,n,B1
сушить,v,B1
существенно,adv,C1
существенный,adj,B2
существительное,n,B2
существо,n,B2
существование,n,C1
существовать,v,B2
существующий,adj,B2
сущность,n,C2
сфера,n,C1
сформировать,v,C1
сформироваться,v,C1
схватить,v,C1
схватиться,v,C2
схватка,n,C1
схема,n,B2
сходить,v,B1
сходиться,v,C1
сходство,n,B2
сцена,n,B1
сценарий,n,C1
счастливо,adv,A2
счастливый,adj,A2
счастье,n,A2
счесть,v,B2
счет,n,A1
счетчик,n,B2
считать,v,A2
считаться,v,C1
сша,n prop,A1
съезд,n,B2
съездить,v,B1
съезжать,v,B2
съемка,n,C1
съемная квартира,mwe,B1
съесть,v,A2
сыворотка,n,B2
сын,n,A1
сынок,n,B2
сыпать,v,B2
сыпь,n,C1
сыр,n,A1
сырой,adj,B2
сырье,n,B2
сытый,adj,A2
сюда,adv,A1
сюжет,n,B2
сюрприз,n,B2
т.е.,abbr,B2
та,pron,A1
табак,n,B1
таблетка,n,A2
таблица,n,B1
табу,n,B2
таз,n,C1
таинственный,adj,B2
тайга,n,C1
тайм,n,B2
тайна,n,B1
тайный,adj,C1
так,adv,A1
так,con,A1
так или иначе,mwe,C1
так как,con,B2
так называемый,mwe,C1
также,adv,B2
таки,particle,C2
таким образом,con,B2
такой,pron,A1
такси,n,A1
таксист,n,B1
такт,n,B2
тактика,n,C2
тактический,adj,C1
талант,n,B1
талантливый,adj,B1
талия,n,B2
там,adv,A1
там,pron,A1
таможенный,adj,B2
таможня,n,B2
танец,n,B1
танк,n,C1
танковый,adj,C2
танцевать,v,A1
тапочки,n,A2
таракан,n,B2
тарелка,n,A1
тариф,n,B2
таскать,v,C2
татуировка,n,B2
тачка,n,C1
таять,v,B2
тв,abbr,A2
тварь,n,C2
твердить,v,C2
твердо,adv,B2
твердый,adj,A1
твой,pron,A1
творение,n,C1
творец,n,C2
творительный,adj,A2
творить,v,C1
твориться,v,C2
творог,n,B1
творческий,adj,B1
творчество,n,B1
те,pron,A1
театр,n,A2
театральный,adj,B1
тебе,pron,A1
тезис,n,B2
текст,n,A1
текущий,adj,B2
телевидение,n,B1
телевизионный,adj,A2
телевизор,n,A1
телевикторина,n,B1
телега,n,C2
телеграмма,n,B2
тележка,n,B2
телеканал,n,B1
телекоммуникационный,adj,B2
телесный,adj,B2
телефон,n,A1
телефонный,adj,A2
тело,n,B1
тем,pron,A2
тем временем,mwe,C1
тем не менее,adv,B2
тема,n,A2
тематика,n,B2
тематический,adj,B2
темно,adv,A1
темнота,n,B1
темный,adj,A1
темп,n,B1
температура,n,A2
тенденция,n,C1
теннис,n,A1
тень,n,B1
теологический,adj,C2
теоретик,n,B2
теоретически,adv,B2
теоретический,adj,B2
теория,n,B2
теперешний,adj,C1
теперь,adv,A2
тепло,adv,A1
теплый,adj,A1
теракт,n,B1
терапевтический,adj,C1
терапия,n,C1
тереть,v,B2
термин,n,B2
терминал,n,B2
терминология,n,B2
терпеливо,adv,B2
терпеливый,adj,B1
терпение,n,B1
терпеть,v,B1
терпимость,n,C1
территориальный,adj,B2
территория,n,B2
террор,n,B2
терроризм,n,B1
террорист,n,B1
террористический,adj,B1
терять,v,A2
теряться,v,B1
тесно,adv,B1
тесный,adj,B1
тест,n,A1
тестирование,n,A2
тестировать,v,B2
тесто,n,B1
тесть,n,B1
тетка,n,B1
тетрадь,n,A1
тетя,n,A2
техник,n,B2
техника,n,A2
технически,adv,B1
технический,adj,B1
техническое обслуживание,mwe,B2
технологический,adj,B2
технология,n,B2
течение,n,B1
течь,v,A2
теща,n,B1
тигр,n,B1
тип,n,B1
типичный,adj,B2
типография,n,C1
тираж,n,C1
тире,n,B2
титул,n,C1
тихий,adj,A2
тихо,adv,A1
тихонько,adv,C2
тишина,n,A2
ткань,n,B2
то,particle,A1
то есть,mwe,B1
то же самое,mwe,A2
то и дело,mwe,C2
тобой,pron,A2
товар,n,B1
товарищ,n,B1
товарный,adj,B1
тогда,adv,A2
тогдашний,adj,C2
тоже,particle,A2
ток,n,B2
ток-шоу,n,A2
токсичный,adj,B2
толк,n,C2
толкать,v,A2
толкование,n,B2
толковать,v,C2
толком,adv,C2
толкотня,n,C2
толпа,n,B2
толстый,adj,A2
толчок,n,B2
толщина,n,B1
только,particle,A1
только что,mwe,B1
том,n,B2
тон,n,B2
тонкий,adj,A2
тонко,adv,B2
тонкость,n,C2
тонна,n,B2
тоннель,n,B2
тонуть,v,B2
топить,v,B2
топливо,n,B2
тополь,n,C2
топор,n,B2
топтать,v,C1
тора,n,C1
торговать,v,B1
торговец,n,B2
торговля,n,B1
торговый,adj,B1
торжественный,adj,B1
торжество,n,B1
тормоз,n,B1
тормозить,v,B1
торопиться,v,A2
торопливо,adv,B2
торт,n,A1
торчать,v,C1
тоска,n,B2
тосковать,v,B2
тост,n,A1
тот,pron,A1
тот же,adj,B1
тоталитарный,adj,B2
тотальный,adj,B2
тотчас,adv,C2
точка,n,A1
точка зрения,mwe,B2
точно,particle,A2
точность,n,B2
точный,adj,B1
тошнить,v,B1
тошнота,n,B1
тощий,adj,B2
трава,n,A2
травма,n,B1
трагедия,n,B2
трагический,adj,B2
традиционно,adv,B2
традиционный,adj,B2
традиция,n,B1
траектория,n,B2
трактат,n,C2
трактовка,n,C2
трактор,n,C1
трамвай,n,A1
транзит,n,B1
транс,n,C1
транскрипция,n,A1
транслировать,v,B2
транспорт,n,A1
транспортное средство,mwe,B2
транспортный,adj,B1
трансформация,n,B2
трасса,n,B1
тратить,v,A2
трафик,n,B2
требование,n,B2
требовать,v,B2
требоваться,v,B1
тревога,n,B2
тревожить,v,C1
тревожный,adj,B2
трезвый,adj,B2
тренер,n,B1
тренинг,n,B2
тренировать,v,B1
тренировка,n,B1
треск,n,C1
третий,num,A2
треть,n,B1
треугольник,n,B1
трехсотый,num,A2
трещина,n,B2
три,num,A1
трибуна,n,C1
тридцатый,num,A2
тридцать,num,A1
трижды,adv,B1
тринадцатый,num,A2
тринадцать,num,A1
триста,num,A1
триумф,n,C1
трогательный,adj,C1
трогать,v,B1
трое,num,B2
троица,n,C1
тройка,n,B1
троллейбус,n,A1
тролль,n,C1
трон,n,B2
тропа,n,B2
тропинка,n,B2
трос,n,C1
тротуар,n,A1
труба,n,B2
трубка,n,B1
труд,n,A2
трудиться,v,A2
трудно,adv,A1
трудность,n,B1
трудный,adj,A1
трудовая книжка,mwe,B1
трудовой,adj,B1
трудолюбивый,adj,B1
трудящийся,n,C1
труп,n,B2
трусы,n,A1
трюк,n,B2
тряпка,n,B1
трясти,v,B2
трястись,v,B2
ту,pron,A1
туалет,n,A1
туалетная бумага,mwe,A2
туго,adv,B2
туда,adv,A2
туман,n,B1
тумбочка,n,A2
тупик,n,A2
тупо,adv,C2
тупой,adj,B1
тур,n,B1
туризм,n,A2
турист,n,A1
туристический,adj,B1
турникет,n,A2
турнир,n,B2
тусклый,adj,B2
тусовка,n,B2
тут,adv,A1
туфли,n,A1
тухлый,adj,B2
туча,n,B1
тушить,v,B2
тщательно,adv,B2
тщательный,adj,B2
тщеславный,adj,B2
ты,pron,A1
тыл,n,C1
тысяча,num,A1
тысячелетие,n,B1
тысячный,num,A2
тьма,n,C2
тюбик,n,B1
тюремное заключение,mwe,B2
тюремный,adj,B2
тюрьма,n,B2
тяга,n,B2
тяжело,adv,A1
тяжелый,adj,A1
тяжесть,n,B2
тяжкий,adj,C2
тянуть,v,A2
тянуться,v,B2
у,adpos,A1
убегать,v,A2
убедительный,adj,C1
убеждать,v,B2
убеждаться,v,B2
убеждение,n,B2
убеждения,n,B2
убежище,n,B2
убивать,v,B1
убийство,n,B1
убийца,n,B2
убирать,v,A2
убитый,adj,B2
убогий,adj,C2
уборка,n,B1
убыток,n,B2
уважаемый,adj,A2
уважать,v,A2
уважение,n,B1
уведомление,n,B2
увезти,v,B1
увеличение,n,B1
увеличивать,v,A2
увеличиваться,v,A2
уверенно,adv,B1
уверенность,n,B1
уверенный,adj,B1
уверять,v,C2
увести,v,B1
увидеть,v,A2
увлекательный,adj,B2
увлекать,v,B2
увлекаться,v,B1
увлечение,n,B1
увольнение,n,B2
увольнять,v,B1
увольняться,v,B2
угадывать,v,B1
угнетение,n,C1
уговаривать,v,B1
угодно,adv,C2
угождать,v,C2
угол,n,A2
уголовный,adj,B2
уголок,n,B2
уголь,n,B2
угощать,v,B1
угрожать,v,B2
угроза,n,B2
удаваться,v,B2
удаление,n,B2
удаленный,adj,B2
удалять,v,B2
удаляться,v,B2
удар,n,B1
ударение,n,A1
ударять,v,B1
удача,n,B1
удачный,adj,B2
удваивать,v,B2
уделять,v,C2
удерживать,v,B2
удерживаться,v,B2
удивительный,adj,B1
удивление,n,B1
удивленно,adv,B2
удивлять,v,B1
удивляться,v,B1
удобный,adj,A2
удобство,n,B1
удовлетворение,n,B2
удовлетворительный,adj,B1
удовлетворять,v,B2
удовольствие,n,B1
удостаивать,v,C2
удостоверение,n,B1
удостоверение личности,mwe,B2
удостоверять,v,B2
удочерять,v,B1
уезд,n,C2
уехать,v,A1
уж,adv,C2
ужас,n,B2
ужасно,adv,B1
ужасный,adj,B1
уже,adv,A2
ужин,n,A1
ужинать,v,A1
узаконивать,v,C1
узел,n,B2
узкий,adj,A2
узнавать,v,A2
узор,n,B2
уйти на пенсию,mwe,B2
ук,n,C1
указ,n,C1
указание,n,B2
указанный,adj,B2
указатель,n,B1
указательный,adj,B1
указывать,v,B1
указываться,v,C1
укладывать,v,B2
укол,n,B1
укорачивать,v,B2
украина,n prop,A1
украинец,n,A1
украинский,adj,A1
украшать,v,B1
украшение,n,B1
укрепление,n,B2
укреплять,v,B2
укроп,n,B2
укрывать,v,B2
укрытие,n,C1
улавливать,v,C1
улетать,v,A2
улица,n,A1
уличный,adj,B1
уловка,n,C2
улучшать,v,B1
улучшение,n,B1
улыбаться,v,A2
улыбка,n,A2
ум,n,A2
умело,adv,B2
умение,n,B1
уменьшать,v,A2
уменьшаться,v,A2
уменьшение,n,B1
умеренный,adj,B1
уместный,adj,C1
уметь,v,A1
умирать,v,A1
умножать,v,A2
умный,adj,A1
умолчание,n,C1
умолять,v,B2
умственный,adj,B1
умываться,v,A1
умышленный,adj,C1
универсальный,adj,B2
университет,n,A1
университетский,adj,A2
унижение,n,B2
уникальный,adj,B2
унитаз,n,B1
униформа,n,B2
уничтожать,v,B2
уничтожение,n,B2
уносить,v,A2
унывать,v,C2
упадок,n,C1
упаковка,n,B2
упаковывать,v,A2
упасть,v,A2
упираться,v,C1
уплата,n,C2
уплотнение,n,C1
уполномоченный,adj,C2
упоминание,n,C1
упоминать,v,C1
упоминаться,v,C1
упор,n,C1
упорно,adv,B2
упорство,n,B2
употребление,n,B1
употреблять,v,B1
управление,n,B2
управленческий,adj,C1
управлять,v,B1
управляющий,adj,C1
упражнение,n,A2
упразднять,v,C2
упрек,n,C1
упрощать,v,B2
упрямство,n,B2
упрямый,adj,B2
упускать,v,C1
ура,excl,B1
уравнение,n,B2
уравновешенный,adj,B2
уран,n,B2
урегулирование,n,C1
уровень,n,B1
урод,n,C1
урожай,n,B2
урок,n,A1
урон,n,C2
ус,n,B1
усадьба,n,C2
усаживаться,v,B2
усваивать,v,B2
усердный,adj,B2
усиление,n,B2
усиливать,v,B1
усиливаться,v,B1
усилие,n,B2
ускорение,n,B2
ускорять,v,B2
условие,n,B1
условно,adv,B2
условный,adj,B2
услуга,n,B2
услышать,v,A2
усмехаться,v,C1
усмешка,n,C2
усмотрение,n,C1
усовершенствование,n,B2
успевать,v,B1
успех,n,C1
успешно,adv,B2
успешный,adj,B2
успокаивать,v,B1
успокаиваться,v,B1
устав,n,C1
уставать,v,A2
уставиться,v,C1
устало,adv,B2
усталость,n,B1
усталый,adj,A1
устанавливать,v,B1
устанавливаться,v,B1
установка,n,B2
установление,n,B2
установленный,adj,C1
устный,adj,A2
устойчивость,n,B2
устойчивый,adj,B2
устраивать,v,C1
устраиваться,v,B2
устранение,n,C1
устранять,v,B2
устройство,n,C1
уступать,v,B2
уступка,n,B2
усыпать,v,B2
утверждать,v,C1
утверждение,n,B2
утешать,v,B2
утешение,n,B2
утка,n,B2
утонуть,v,B2
уточнение,n,B2
уточнять,v,B2
утрата,n,C1
утрачивать,v,C1
утренний,adj,A2
утро,n,A1
утром,adv,A2
ухаживать,v,B1
ухо,n,A1
уход,n,B2
уходить,v,A1
ухудшаться,v,B1
ухудшение,n,B2
уцелеть,v,C1
участвовать,v,B1
участие,n,B1
участник,n,B1
участок,n,B2
участь,n,C1
учащийся,n,B1
учеба,n,B1
учебник,n,A1
учебный,adj,A2
учение,n,B2
ученик,n,A1
ученый,adj,A2
учет,n,B2
училище,n,B2
училка,n,C2
учитель,n,A1
учительница,n,A1
учитывать,v,B2
учить,v,A1
учиться,v,A1
учредитель,n,C1
учреждение,n,C1
ущелье,n,C1
ущерб,n,B2
уютный,adj,B1
фабрика,n,B2
фаворит,n,C2
фаза,n,B2
файл,n,B1
файлообменник,n,B2
факс,n,B1
факт,n,B2
фактически,adv,B2
фактический,adj,B2
фактор,n,B2
факультет,n,B1
фальшивый,adj,B2
фамилия,n,A1
фанат,n,B2
фантазия,n,B2
фантастика,n,B2
фантастический,adj,B2
фара,n,B2
фараон,n,C1
фармацевтический,adj,B2
фасад,n,C1
фашизм,n,B2
фашист,n,B2
фашистский,adj,B2
февраль,n prop,A1
федеральный,adj,B1
федерация,n,B2
фейерверк,n,B2
феномен,n,C1
ферма,n,B2
фермер,n,B2
фестиваль,n,B2
фига,n,C1
фигура,n,B1
физик,n,B2
физика,n,B1
физиологический,adj,B2
физиономия,n,C2
физически,adv,B2
физический,adj,B2
физкультура,n,B2
фиксировать,v,C1
филиал,n,C1
философ,n,B2
философия,n,B2
философский,adj,B2
фильм,n,A1
фильтр,n,B2
финал,n,B1
финансирование,n,B2
финансировать,v,B2
финансовый,adj,B2
финансы,n,B2
финиш,n,B2
финн,n,A1
финский,adj,A1
фиолетовый,adj,A1
фирма,n,B1
фирменный,adj,B2
фитнес,n,A2
флаг,n,B1
фланг,n,C1
флешка,n,B1
флиртовать,v,B2
флот,n,B2
фокус,n,B2
фокусировать,v,B2
фон,n,B2
фонарь,n,B2
фонд,n,B2
фондовый,adj,B2
фонтан,n,B2
форма,n,A2
формально,adv,B2
формальный,adj,B2
формат,n,B2
формирование,n,B2
формировать,v,B2
формироваться,v,B2
формула,n,B2
формулировать,v,B2
формулировка,n,B2
форум,n,B1
фотка,n,C1
фото,n,A1
фотоаппарат,n,A2
фотограф,n,B1
фотографировать,v,A2
фотография,n,A1
фрагмент,n,B2
фраза,n,A2
фракция,n,C1
франк,n,C1
франция,n prop,A1
француз,n,A1
французский,adj,A1
фронт,n,B2
фрукт,n,A1
фсб,n,C1
фундамент,n,B2
фундаментальный,adj,B2
функциональный,adj,B2
функционирование,n,B2
функционировать,v,B2
функция,n,B2
фунт,n,A2
фуражка,n,C2
футбол,n,A1
футболист,n,A2
футболка,n,A2
футбольный,adj,B1
хакер,n,B1
халат,n,A2
хаос,n,C1
характер,n,A2
характеризовать,v,C1
характеризоваться,v,C1
характеристика,n,B2
характерный,adj,B2
хата,n,C2
хвалить,v,B1
хвастаться,v,B2
хватать,v,B1
хватит,v,A2
хвост,n,A2
хижина,n,C2
химик,n,B2
химический,adj,B2
химия,n,B1
химчистка,n,A2
хирург,n,C1
хирургия,n,B2
хит,n,B2
хитрость,n,B2
хитрый,adj,B2
хищник,n,B2
хладнокровный,adj,B2
хлеб,n,A1
хлопать,v,B2
хлопок,n,A2
хлопоты,n,C2
хобби,n,A2
ход,n,B2
ход мыслей,mwe,C1
ходить,v,A1
ходить по магазинам,mwe,A2
ходьба,n,B2
хозяин,n,B1
хозяйка,n,B1
хозяйственный,adj,B2
хозяйство,n,B1
хоккей,n,A1
холдинг,n,C1
холестерин,n,B2
холл,n,A2
холм,n,B2
холод,n,A1
холодильник,n,A1
холодный,adj,A1
холостяк,n,B2
хор,n,B2
хоронить,v,B2
хороший,adj,A1
хорошо,adv,A1
хостинг,n,B2
хотеть,v,A1
хотеться,v,A2
хотя,con,B1
хохот,n,B2
хохотать,v,B2
храбрый,adj,B2
храм,n,B2
хранение,n,B2
хранилище,n,B2
хранитель,n,B2
хранить,v,B1
храниться,v,B1
храпеть,v,B2
хребет,n,C2
хрен,n,B1
хриплый,adj,B2
христианин,n,B1
христианский,adj,B1
христианство,n,B1
христос,n prop,B1
хроника,n,B2
хронический,adj,B2
хрупкий,adj,B2
хрусталь,n,B2
худеть,v,B2
художественный,adj,B1
художник,n,B1
худой,adj,A2
худший,adj,A2
хуже,adj,A2
хуй,n,B2
хулиган,n,B2
царить,v,C1
царица,n,B2
царский,adj,C1
царство,n,C1
царствовать,v,C2
царь,n,B2
цвести,v,B2
цвет,n,A1
цветной,adj,A2
цветок,n,A2
целевой,adj,B2
целесообразность,n,B2
целесообразный,adj,B2
целеустремленный,adj,B2
целиком,adv,B2
целиться,v,C1
целовать,v,A2
целоваться,v,B1
целое,n,B2
целостность,n,C1
целостный,adj,B2
целый,adj,B1
цель,n,B1
цемент,n,C1
цена,n,A1
цензура,n,B2
ценить,v,B2
ценность,n,B2
ценный,adj,B1
ценовой,adj,B2
цент,n,B1
центр,n,A2
центральный,adj,B1
цепочка,n,B2
цепь,n,B2
церемония,n,B2
церковный,adj,B2
церковь,n,B1
цех,n,C1
цивилизация,n,B2
цивилизованный,adj,B2
цикл,n,B2
цилиндр,n,B2
циничный,adj,C1
цирк,n,A2
циркулировать,v,B2
циркуляция,n,B2
цитата,n,B2
цитировать,v,B2
цифра,n,A2
цифровой,adj,B1
цк,n,C2
цыган,n,C1
цыпленок,n,B1
чаевые,n,A2
чай,n,A1
чайка,n,C1
чайник,n,A1
чайный,adj,A1
час,n,A1
часовой,n,B2
частица,n,B1
частично,adv,B2
частичный,adj,B2
частное лицо,mwe,C1
частность,n,C1
частный,adj,B2
часто,adv,A2
частота,n,B2
частый,adj,B1
часть,n,A1
часы,n,A1
чат,n,B1
чаша,n,C1
чашка,n,A1
чего,pron,A2
чего-либо,pron,B2
чей,pron,A2
чей-нибудь,pron,B1
чей-то,pron,B1
чек,n,A2
человек,n,A1
человеческий,adj,B1
человечество,n,B1
человечность,n,B2
челюсть,n,B2
чем,con,A2
чемодан,n,A1
чемпион,n,A1
чемпионат,n,A2
чепуха,n,C2
червь,n,C1
чердак,n,B2
чередование,n,B2
через,adpos,A2
череп,n,B2
чересчур,adv,C2
черешня,n,B1
черновик,n,B1
черный,adj,A1
черпать,v,C2
черт,n,B2
черта,n,B1
чертеж,n,B2
чертить,v,B2
чертов,adj,C1
чесать,v,B2
чеснок,n,A1
чествование,n,C2
честно,adv,A2
честность,n,B2
честный,adj,A2
честолюбивый,adj,B2
честолюбие,n,B2
честь,n,B2
четверг,n prop,A1
четверка,n,B1
четверо,num,A2
четвертый,num,A2
четверть,n,B1
четкий,adv,B2
четыре,num,A1
четыреста,num,A1
четырехсотый,num,A2
четырнадцатый,num,A2
четырнадцать,num,A1
чеченец,n,B1
чеченский,adj,B1
чин,n,C1
чинить,v,B1
чиновник,n,B2
чипсы,n,B1
численность,n,B2
числительное,n,A2
число,n,A1
чистить,v,A2
чистка,n,B2
чисто,adv,A2
чистота,n,B1
чистый,adj,A2
читатель,n,A2
читать,v,A1
читаться,v,B1
член,n,A2
член семьи,mwe,A2
членство,n,B2
чрезвычайно,adv,B2
чрезвычайный,adj,B2
чрезмерно,adv,C1
чрезмерный,adj,C1
чтение,n,A1
что,con,A1
что,det,A1
что,pron,A1
что именно,mwe,B2
что-либо,pron,B2
что-нибудь,pron,B1
что-то,pron,B1
чтобы,con,A2
чувственный,adj,C1
чувствительность,n,B2
чувствительный,adj,B2
чувство,n,A2
чувствовать,v,A2
чувствовать себя,mwe,A2
чувствоваться,v,B2
чудак,n,B2
чудесно,adv,B1
чудесный,adj,B1
чудо,n,B2
чудовище,n,C1
чудовищный,adj,C2
чужой,adj,B1
чулок,n,B1
чуть,adv,A2
чуть ли не,mwe,C1
чуть-чуть,adv,A2
чушь,n,C1
шаблон,n,B2
шаг,n,A2
шагать,v,B1
шампанское,n,A2
шампунь,n,A1
шанс,n,B2
шапка,n,A1
шар,n,A2
шарф,n,A2
шахматы,n,A2
шахта,n,C1
шашлык,n,B1
шевелиться,v,C1
шедевр,n,B2
шелк,n,B1
шелковый,adj,B1
шепот,n,B2
шепотом,adv,B2
шептать,v,B2
шерсть,n,A2
шествие,n,C1
шестерка,n,B1
шестеро,num,A2
шестидесятый,num,A2
шестисотый,num,A2
шестнадцатый,num,A2
шестнадцать,num,A1
шестой,num,A2
шесть,num,A1
шестьдесят,num,A1
шестьсот,num,A1
шеф,n,B2
шея,n,B1
шина,n,B2
шинель,n,C2
ширина,n,A2
широкий,adj,A2
широко,adv,B1
широта,n,B2
шить,v,B1
шишка,n,B1
шкала,n,B2
шкаф,n,A1
школа,n,A1
школьник,n,A2
школьный,adj,A2
шкура,n,C1
шлем,n,C1
шлюха,n,C1
шов,n,B2
шок,n,B2
шокировать,v,B2
шоколад,n,A1
шоппинг,n,A2
шорты,n,A2
шоссе,n,B1
шоу,n,B1
шофер,n,A2
шпион,n,B2
шрам,n,B2
шрифт,n,B2
штаб,n,C1
штамп,n,B2
штат,n,B2
штатский,adj,C2
штора,n,B1
шторм,n,B2
штраф,n,A1
штрих-код,n,B2
штука,n,A2
штурм,n,C1
штурман,n,C1
штурмовик,n,C2
штык,n,C1
шуба,n,B2
шум,n,B1
шуметь,v,B1
шумный,adj,B1
шутить,v,A2
шутка,n,A1
щедрый,adj,B2
щека,n,B1
щелкать,v,B2
щель,n,B2
щенок,n,A2
щетка,n,B2
щипать,v,C2
щит,n,B2
эвакуация,n,B2
эволюция,n,B2
эвтаназия,n,B2
эгоизм,n,B2
эквивалент,n,B2
экзамен,n,A1
экземпляр,n,B1
экзотический,adj,C1
экипаж,n,B2
эколог,n,B2
экологически чистый,mwe,B1
экологический,adj,B1
экология,n,B2
экономика,n,B1
экономист,n,B2
экономить,v,B1
экономически,adv,B2
экономический,adj,B1
экономичный,adj,B2
экономия,n,B1
экономный,adj,B1
экран,n,A1
эксклюзивный,adj,B2
экскурсия,n,A2
экспансия,n,C2
экспедиция,n,B2
эксперимент,n,B2
экспериментальный,adj,B2
эксперт,n,B2
экспертиза,n,B2
экспертный,adj,B2
эксплуатация,n,B2
экспозиция,n,B2
экспонат,n,C1
экспорт,n,B2
экспортировать,v,B2
экстремальный,adj,B2
экстремист,n,C1
экстренный,adj,B1
эластичный,adj,B2
элегантный,adj,B2
электорат,n,C1
электрик,n,B2
электрический,adj,A1
электричество,n,A1
электричка,n,A2
электрон,n,B2
электроника,n,B2
электронная почта,mwe,A2
электронный,adj,A2
электростанция,n,B2
электроэнергия,n,B1
элемент,n,B2
элементарный,adj,B2
элита,n,B2
эльф,n,B2
эмбарго,n,B2
эмбрион,n,B2
эмигрант,n,B2
эмоциональный,adj,B1
эмоция,n,B1
энергетика,n,B2
энергетический,adj,B1
энергичный,adj,B1
энергия,n,B1
энтузиазм,n,B2
энциклопедия,n,B1
эпидемия,n,B2
эпизод,n,B2
эпоха,n,C1
эра,n,C1
эрогенный,adj,B2
эротический,adj,B2
эскадра,n,C2
эскадрилья,n,C2
эскалатор,n,A1
эстетика,n,C1
эстетический,adj,B2
эстрада,n,B2
эта,pron,A1
этаж,n,A1
этап,n,B2
эти,pron,A1
этика,n,C1
этикетка,n,B1
этический,adj,C1
этнический,adj,B2
это,det,A1
это,pron,A1
этот,pron,A1
эфир,n,B2
эффект,n,B2
эффективность,n,B2
эффективный,adj,B1
эхо,n,B2
эшелон,n,C2
юбилей,n,B1
юбка,n,A1
юг,n,A1
южный,adj,B1
юзер,n,B1
юмор,n,A2
юность,n,B2
юноша,n,C1
юношеский,adj,B2
юный,adj,B1
юридический,adj,B1
юрист,n,B1
юстиция,n,B2
я,pron,A1
яблоко,n,A1
явление,n,C1
являться,v,B1
явно,adv,C1
явный,adj,C1
ягода,n,A2
яд,n,B2
ядерный,adj,B2
ядовитый,adj,B2
ядро,n,B2
язык,n,A1
языковой,adj,A2
языковый,adj,C2
яйцо,n,A1
якобы,adv,C2
якорь,n,B2
яма,n,B1
январь,n prop,A1
японец,n,A1
японский,adj,A1
яркий,adj,A2
ярко,adv,B2
яркость,n,B2
ярмарка,n,B2
яростно,adv,B2
ярость,n,B2
ясли,n,B1
ясно,adv,A2
ясность,n,C1
ясный,adj,B1
яхта,n,B2
ячейка,n,B2
ящик,n,A2
