headword,pos,CEFR
ve,,A1
bir,,A1
bu,,A1
için,,A1
de,,A1
da,,A1
çok,,A1
ile,,A1
ne,,A1
daha,,A1
en,,A1
gibi,,A1
olarak,,A1
her,,A1
kadar,,A1
o,,A1
olan,,A1
ben,,A1
var,,A1
ama,,A1
sonra,,A1
ki,,A1
iyi,,A1
yok,,A1
ya,,A1
1,,A1
değil,,A1
2,,A1
sen,,A1
büyük,,A1
3,,A1
yeni,,A1
güzel,,A1
sadece,,A1
zaman,,A1
ilk,,A1
iki,,A1
mi,,A1
hiç,,A1
ise,,A1
oldu,,A1
bile,,A1
nasıl,,A1
şey,,A1
benim,,A1
böyle,,A1
son,,A1
tek,,A1
gün,,A1
tüm,,A1
yer,,A1
önce,,A1
artık,,A1
göre,,A1
mı,,A1
seni,,A1
beni,,A1
türkiye,,A1
aynı,,A1
bana,,A1
tarafından,,A1
türk,,A1
doğru,,A1
veya,,A1
biz,,A1
olduğunu,,A1
4,,A1
diye,,A1
kendi,,A1
olduğu,,A1
olur,,A1
5,,A1
d,,A1
şu,,A1
birlikte,,A1
devam,,A1
diğer,,A1
sana,,A1
fazla,,A1
neden,,A1
a,,A1
önemli,,A1
yıl,,A1
içinde,,A1
olmak,,A1
şimdi,,A1
çünkü,,A1
ancak,,A1
başka,,A1
biri,,A1
bunu,,A1
işte,,A1
olsun,,A1
karşı,,A1
arasında,,A1
insanlar,,A1
öyle,,A1
şekilde,,A1
bütün,,A1
istanbul,,A1
iş,,A1
senin,,A1
dünya,,A1
genel,,A1
hemen,,A1
yine,,A1
adam,,A1
siz,,A1
tam,,A1
uzun,,A1
bizim,,A1
bugün,,A1
saat,,A1
6,,A1
7,,A1
az,,A1
bunun,,A1
eden,,A1
hakkında,,A1
küçük,,A1
size,,A1
teşekkürler,,A1
alan,,A1
bazı,,A1
geri,,A1
olacak,,A1
gelen,,A1
insan,,A1
kadın,,A1
onu,,A1
üç,,A1
biraz,,A1
gece,,A1
hem,,A1
kişi,,A1
yani,,A1
ayrıca,,A1
eski,,A1
i,,A1
kabul,,A1
etti,,A1
hiçbir,,A1
ilgili,,A1
yapılan,,A1
özel,,A1
bize,,A1
evet,,A1
gerçek,,A1
e,,A1
vardır,,A1
fakat,,A1
kez,,A1
sahip,,A1
yüksek,,A1
zaten,,A1
üzerine,,A1
8,,A1
geldi,,A1
kim,,A1
mu,,A1
sizin,,A1
bulunan,,A1
devlet,,A1
farklı,,A1
hep,,A1
kız,,A1
üzerinde,,A1
eğer,,A1
geliyor,,A1
herkes,,A1
ediyor,,A1
hala,,A1
lütfen,,A1
çocuk,,A1
burada,,A1
onun,,A1
para,,A1
su,,A1
üzere,,A1
an,,A1
bin,,A1
söz,,A1
bizi,,A1
kimse,,A1
yerine,,A1
yılında,,A1
el,,A1
etmek,,A1
günü,,A1
in,,A1
istiyorum,,A1
hayır,,A1
kötü,,A1
demek,,A1
erkek,,A1
bak,,A1
gerek,,A1
ortaya,,A1
sizi,,A1
yapan,,A1
zor,,A1
ay,,A1
belki,,A1
eğitim,,A1
hafta,,A1
ikinci,,A1
kısa,,A1
olmaz,,A1
oluyor,,A1
ona,,A1
birçok,,A1
kendini,,A1
olabilir,,A1
tekrar,,A1
ardından,,A1
geçen,,A1
olup,,A1
süre,,A1
9,,A1
altında,,A1
başkanı,,A1
bence,,A1
dedi,,A1
yerde,,A1
adı,,A1
aslında,,A1
haber,,A1
hangi,,A1
olması,,A1
pek,,A1
yeniden,,A1
yoksa,,A1
ı,,A1
boyunca,,A1
mutlu,,A1
takip,,A1
yol,,A1
zamanda,,A1
al,,A1
açık,,A1
ev,,A1
yaptığı,,A1
başladı,,A1
buna,,A1
dikkat,,A1
ediyorum,,A1
gerçekten,,A1
lazım,,A1
olsa,,A1
sonunda,,A1
yapmak,,A1
ankara,,A1
bunlar,,A1
gelir,,A1
gereken,,A1
olmayan,,A1
üniversitesi,,A1
ali,,A1
asla,,A1
birkaç,,A1
eder,,A1
ederim,,A1
genç,,A1
hava,,A1
karar,,A1
kaç,,A1
ait,,A1
b,,A1
bağlı,,A1
dakika,,A1
hızlı,,A1
il,,A1
istiyor,,A1
milyon,,A1
onlar,,A1
s,,A1
sosyal,,A1
teşekkür,,A1
yakın,,A1
özellikle,,A1
hadi,,A1
kolay,,A1
tarihi,,A1
yanında,,A1
şeyler,,A1
ana,,A1
destek,,A1
dört,,A1
oyun,,A1
yarın,,A1
yere,,A1
anda,,A1
bilgi,,A1
merak,,A1
rağmen,,A1
sabah,,A1
vardı,,A1
yaptı,,A1
çıktı,,A1
abd,,A1
beraber,,A1
edilen,,A1
et,,A1
kontrol,,A1
m,,A1
niye,,A1
oldukça,,A1
seviyorum,,A1
söyledi,,A1
yalnız,,A1
yanlış,,A1
şeyi,,A1
akşam,,A1
avrupa,,A1
falan,,A1
güçlü,,A1
iç,,A1
nedir,,A1
olmuş,,A1
parti,,A1
verdi,,A1
beri,,A1
cevap,,A1
dr,,A1
dünyanın,,A1
film,,A1
gelecek,,A1
göz,,A1
merkezi,,A1
spor,,A1
teknik,,A1
türkiye'de,,A1
yaz,,A1
ülke,,A1
0,,A1
bölüm,,A1
değildir,,A1
gel,,A1
insanların,,A1
ol,,A1
yardımcı,,A1
çıkan,,A1
aldı,,A1
almak,,A1
bazen,,A1
dışında,,A1
elde,,A1
herhangi,,A1
kaldı,,A1
yaklaşık,,A1
allah,,A1
belli,,A1
halk,,A1
on,,A1
polis,,A1
temmuz,,A1
tl,,A1
uluslararası,,A1
varsa,,A1
yardım,,A1
yemek,,A1
yüzden,,A1
anne,,A1
hareket,,A1
konusunda,,A1
mehmet,,A1
nedeniyle,,A1
sanki,,A1
tabi,,A1
veren,,A1
beyaz,,A1
bundan,,A1
durum,,A1
eylül,,A1
kan,,A1
savaş,,A1
tamamen,,A1
başına,,A1
bende,,A1
beş,,A1
böylece,,A1
dedim,,A1
den,,A1
dün,,A1
hayat,,A1
kalan,,A1
kitap,,A1
kendine,,A1
mustafa,,A1
musunuz,,A1
sıra,,A1
yaş,,A1
ye,,A1
ahmet,,A1
arada,,A1
belediye,,A1
c,,A1
canlı,,A1
deniz,,A1
dolayı,,A1
edin,,A1
ele,,A1
ister,,A1
olursa,,A1
sürekli,,A1
yolu,,A1
üst,,A1
ara,,A1
at,,A1
başkan,,A1
izmir,,A1
milli,,A1
olun,,A1
ses,,A1
sorun,,A1
tane,,A1
the,,A1
verilen,,A1
video,,A1
altı,,A1
evde,,A1
fark,,A1
görev,,A1
hak,,A1
izin,,A1
müzik,,A1
resmi,,A1
satın,,A1
tarih,,A1
tür,,A1
uygun,,A1
ayrı,,A1
boş,,A1
günlük,,A1
hatta,,A1
ilçe,,A1
içine,,A1
k,,A1
kültür,,A1
rahat,,A1
sahibi,,A1
sağlık,,A1
sistemi,,A1
türkiye'nin,,A1
yaşında,,A1
yeter,,A1
benden,,A1
dolu,,A1
hepsi,,A1
işi,,A1
maç,,A1
sonucu,,A1
soru,,A1
te,,A1
yoktur,,A1
çeşitli,,A1
be,,A1
ciddi,,A1
eve,,A1
hazır,,A1
hizmet,,A1
kendimi,,A1
mart,,A1
sayın,,A1
takım,,A1
yalan,,A1
yeri,,A1
yıllık,,A1
şehir,,A1
şöyle,,A1
geç,,A1
geçti,,A1
grup,,A1
görmek,,A1
güvenlik,,A1
harika,,A1
kadınlar,,A1
mücadele,,A1
nisan,,A1
telefon,,A1
yılı,,A1
alt,,A1
ağır,,A1
dahil,,A1
ifade,,A1
okul,,A1
orta,,A1
seçim,,A1
süper,,A1
t,,A1
tv,,A1
web,,A1
yapıyor,,A1
ünlü,,A1
birini,,A1
dış,,A1
güneş,,A1
halde,,A1
hayal,,A1
isteyen,,A1
kesin,,A1
mükemmel,,A1
onların,,A1
resim,,A1
sanat,,A1
sırasında,,A1
tarihinde,,A1
uzak,,A1
yönetim,,A1
adım,,A1
arkadaş,,A1
başarılı,,A1
birinci,,A1
bulundu,,A1
defa,,A1
ders,,A1
değilim,,A1
edildi,,A1
ilan,,A1
neler,,A1
nin,,A1
olay,,A1
onları,,A1
peki,,A1
senden,,A1
tamam,,A1
toplam,,A1
çocuklar,,A1
şarkı,,A1
durumda,,A1
etme,,A1
gitti,,A1
güç,,A1
itibaren,,A1
kesinlikle,,A1
konuda,,A1
kızı,,A1
nefret,,A1
ortak,,A1
sonrası,,A1
temel,,A1
ülkenin,,A1
acaba,,A1
aile,,A1
ak,,A1
anadolu,,A1
ağustos,,A1
aşk,,A1
dolar,,A1
durumu,,A1
edecek,,A1
ettiği,,A1
konusu,,A1
normal,,A1
sanırım,,A1
siyasi,,A1
sonraki,,A1
türkçe,,A1
öldü,,A1
bayan,,A1
baş,,A1
bi,,A1
cumhurbaşkanı,,A1
diyor,,A1
doğum,,A1
dünyada,,A1
elektrik,,A1
erken,,A1
kendisi,,A1
konu,,A1
vermek,,A1
yalnızca,,A1
zorunda,,A1
ölüm,,A1
önceki,,A1
adamı,,A1
aldığı,,A1
alıp,,A1
arasındaki,,A1
bakanı,,A1
başında,,A1
bunları,,A1
dair,,A1
değer,,A1
git,,A1
gol,,A1
herkesin,,A1
islam,,A1
izle,,A1
merkez,,A1
n,,A1
new,,A1
neyse,,A1
onlara,,A1
sene,,A1
sitesi,,A1
bey,,A1
bunların,,A1
dönem,,A1
gerekiyor,,A1
hayatta,,A1
insanları,,A1
işe,,A1
kemal,,A1
kullanılan,,A1
merhaba,,A1
yanı,,A1
yap,,A1
çalışan,,A1
çoğu,,A1
ön,,A1
adına,,A1
bakalım,,A1
bakın,,A1
dil,,A1
haline,,A1
john,,A1
kasım,,A1
kırmızı,,A1
la,,A1
seninle,,A1
verdiği,,A1
yabancı,,A1
yayın,,A1
yıldır,,A1
zarar,,A1
önünde,,A1
acı,,A1
adını,,A1
altın,,A1
baba,,A1
bilim,,A1
geniş,,A1
hayatını,,A1
haziran,,A1
henüz,,A1
mayıs,,A1
mümkün,,A1
olma,,A1
olmalı,,A1
sayısı,,A1
yana,,A1
ücretsiz,,A1
üzerinden,,A1
üçüncü,,A1
şubat,,A1
adlı,,A1
araştırma,,A1
bulunduğu,,A1
cumhuriyet,,A1
dan,,A1
doğal,,A1
erdoğan,,A1
futbol,,A1
içerisinde,,A1
kere,,A1
mesaj,,A1
oldum,,A1
oluşan,,A1
orada,,A1
serbest,,A1
sırada,,A1
yüz,,A1
acil,,A1
can,,A1
ekim,,A1
g,,A1
internet,,A1
kara,,A1
kurulu,,A1
l,,A1
of,,A1
olmadığını,,A1
seks,,A1
sık,,A1
tatlı,,A1
türlü,,A1
yaşam,,A1
yaşayan,,A1
ziyaret,,A1
asıl,,A1
barış,,A1
başlayan,,A1
birisi,,A1
birliği,,A1
canım,,A1
hale,,A1
insanın,,A1
kardeşim,,A1
milletvekili,,A1
ondan,,A1
oyunu,,A1
sağ,,A1
sezon,,A1
sona,,A1
sıcak,,A1
yapar,,A1
yüzünden,,A1
çocuğu,,A1
çıkar,,A1
askeri,,A1
der,,A1
din,,A1
dizi,,A1
hayatı,,A1
ileri,,A1
kişinin,,A1
maçı,,A1
millet,,A1
oy,,A1
selam,,A1
site,,A1
sonu,,A1
ver,,A1
yapmış,,A1
aday,,A1
altına,,A1
atatürk,,A1
bebek,,A1
bölge,,A1
dünyaya,,A1
düzenlenen,,A1
ederek,,A1
emin,,A1
gerektiğini,,A1
gizli,,A1
hakkı,,A1
olmaya,,A1
osmanlı,,A1
sende,,A1
tespit,,A1
verir,,A1
yapma,,A1
zamanı,,A1
öncesi,,A1
aktif,,A1
alır,,A1
ayında,,A1
bilmiyorum,,A1
bununla,,A1
dönemde,,A1
ediyoruz,,A1
ettim,,A1
h,,A1
hoş,,A1
kapalı,,A1
muhteşem,,A1
r,,A1
siyah,,A1
ulusal,,A1
yada,,A1
yerinde,,A1
çalışma,,A1
üstüne,,A1
üyesi,,A1
arası,,A1
edilir,,A1
edip,,A1
ek,,A1
ekonomik,,A1
enerji,,A1
etmeye,,A1
fenerbahçe,,A1
hasta,,A1
http,,A1
ingilizce,,A1
karşısında,,A1
ocak,,A1
olmadan,,A1
online,,A1
sonrasında,,A1
tercih,,A1
yerel,,A1
yerini,,A1
yeterli,,A1
ın,,A1
alanı,,A1
buraya,,A1
bölümü,,A1
escort,,A1
gelmiş,,A1
hukuk,,A1
isim,,A1
kendisine,,A1
medya,,A1
misin,,A1
oyuncu,,A1
u,,A1
verin,,A1
yola,,A1
yıldız,,A1
ölü,,A1
ışık,,A1
adet,,A1
aralık,,A1
basit,,A1
başbakan,,A1
bulunmaktadır,,A1
doğu,,A1
fotoğraf,,A1
galatasaray,,A1
galiba,,A1
gidiyor,,A1
iletişim,,A1
işin,,A1
kalp,,A1
kimsenin,,A1
puan,,A1
sebep,,A1
sevgili,,A1
soğuk,,A1
tabii,,A1
teslim,,A1
veriyor,,A1
yavaş,,A1
ülkede,,A1
şeyin,,A1
annem,,A1
arka,,A1
bakanlığı,,A1
bekliyor,,A1
bitti,,A1
değerli,,A1
düşük,,A1
etmiş,,A1
gelip,,A1
genellikle,,A1
gidip,,A1
günaydın,,A1
meydana,,A1
nefes,,A1
neredeyse,,A1
olmadı,,A1
suriye,,A1
taş,,A1
toprak,,A1
y,,A1
yapmaya,,A1
yedi,,A1
adalet,,A1
anlamına,,A1
ateş,,A1
aynen,,A1
bilgisayar,,A1
biliyor,,A1
biliyorum,,A1
birinin,,A1
demektir,,A1
diyorum,,A1
giden,,A1
gitmek,,A1
gördüm,,A1
herkese,,A1
kişisel,,A1
kuzey,,A1
müslüman,,A1
nerede,,A1
olanlar,,A1
olduğuna,,A1
pazar,,A1
sol,,A1
terör,,A1
yazar,,A1
çift,,A1
aldım,,A1
aydın,,A1
babası,,A1
benimle,,A1
benzer,,A1
birine,,A1
birşey,,A1
dışı,,A1
evi,,A1
geceler,,A1
gerekir,,A1
grubu,,A1
hediye,,A1
ihtiyacı,,A1
istiyoruz,,A1
kişiler,,A1
mal,,A1
sayesinde,,A1
sayıda,,A1
yapıldı,,A1
çalışmaları,,A1
şeklinde,,A1
şeye,,A1
beşiktaş,,A1
birden,,A1
deli,,A1
doğan,,A1
dur,,A1
düşünüyorum,,A1
filmi,,A1
gücü,,A1
günde,,A1
güney,,A1
iddia,,A1
istanbul'da,,A1
nedenle,,A1
oda,,A1
olmasına,,A1
ortalama,,A1
parçası,,A1
profesyonel,,A1
sert,,A1
umarım,,A1
x,,A1
yapacak,,A1
yıllar,,A1
örneğin,,A1
amerikan,,A1
bilir,,A1
derece,,A1
döneminde,,A1
gelin,,A1
gençlik,,A1
gider,,A1
ha,,A1
insanlara,,A1
ismi,,A1
istemiyorum,,A1
işler,,A1
kahve,,A1
keşke,,A1
mavi,,A1
mesela,,A1
olmasını,,A1
silah,,A1
takımı,,A1
temiz,,A1
ticaret,,A1
yaptım,,A1
yarım,,A1
yılın,,A1
örnek,,A1
ah,,A1
amacıyla,,A1
aşırı,,A1
ceza,,A1
erkekler,,A1
fatih,,A1
geçmiş,,A1
giriş,,A1
gösteren,,A1
günler,,A1
günün,,A1
güven,,A1
hasan,,A1
kadının,,A1
kimi,,A1
kitabı,,A1
olmuştur,,A1
park,,A1
parça,,A1
sebebi,,A1
suç,,A1
tahmin,,A1
yoğun,,A1
zengin,,A1
çocukları,,A1
öğretim,,A1
adamın,,A1
bol,,A1
bursa,,A1
chp,,A1
edilmiş,,A1
gerekli,,A1
içi,,A1
kararı,,A1
kilo,,A1
kızlar,,A1
net,,A1
no,,A1
olduğundan,,A1
olmadığı,,A1
terk,,A1
yeşil,,A1
yönelik,,A1
yılda,,A1
üniversite,,A1
almış,,A1
alın,,A1
alındı,,A1
asker,,A1
aç,,A1
balık,,A1
beyler,,A1
dalga,,A1
davet,,A1
derin,,A1
fakültesi,,A1
gören,,A1
işleri,,A1
kişilik,,A1
metre,,A1
modern,,A1
mutlaka,,A1
mü,,A1
nereye,,A1
olamaz,,A1
rusya,,A1
san,,A1
sarı,,A1
savunma,,A1
saygı,,A1
sistem,,A1
yan,,A1
yapı,,A1
yolunda,,A1
çay,,A1
adana,,A1
akıllı,,A1
alman,,A1
alınan,,A1
araya,,A1
arkadaşlar,,A1
aşağıdaki,,A1
belediyesi,,A1
binlerce,,A1
bırak,,A1
doktor,,A1
giren,,A1
kısmı,,A1
sonuna,,A1
vakit,,A1
yönetimi,,A1
yılmaz,,A1
öğrenci,,A1
şirket,,A1
açıkladı,,A1
açıklama,,A1
bakan,,A1
başlar,,A1
başta,,A1
bizden,,A1
dini,,A1
eğitimi,,A1
haklı,,A1
isimli,,A1
kapı,,A1
kaynak,,A1
kelime,,A1
kendisini,,A1
kimin,,A1
kral,,A1
mevcut,,A1
murat,,A1
partisi,,A1
programı,,A1
sultan,,A1
yerli,,A1
çıkıyor,,A1
şeyleri,,A1
alıyor,,A1
araba,,A1
arkadaşı,,A1
batı,,A1
bağımsız,,A1
birlik,,A1
dava,,A1
dua,,A1
elbette,,A1
genelde,,A1
girdi,,A1
güvenli,,A1
hata,,A1
hayvan,,A1
inşa,,A1
kimseye,,A1
km,,A1
misiniz,,A1
nedeni,,A1
olduğum,,A1
rahatsız,,A1
sesi,,A1
sigara,,A1
ta,,A1
transfer,,A1
yazık,,A1
çin,,A1
şiir,,A1
alarak,,A1
almaya,,A1
cuma,,A1
f,,A1
halkın,,A1
hedef,,A1
ilgi,,A1
iptal,,A1
kış,,A1
not,,A1
ortadan,,A1
otel,,A1
oğlu,,A1
p,,A1
sefer,,A1
sessiz,,A1
verecek,,A1
verildi,,A1
yazı,,A1
yaşamak,,A1
yerden,,A1
yoktu,,A1
önceden,,A1
özür,,A1
öğretmen,,A1
üye,,A1
antalya,,A1
başlıyor,,A1
bilinen,,A1
dilerim,,A1
doğrudan,,A1
hayata,,A1
ibrahim,,A1
ilginç,,A1
ince,,A1
içindeki,,A1
koca,,A1
kullanarak,,A1
kürt,,A1
milyar,,A1
olmayı,,A1
reklam,,A1
sonucunda,,A1
sonuç,,A1
tarım,,A1
tıp,,A1
yardımcısı,,A1
yolda,,A1
yıllarda,,A1
önüne,,A1
öğrenmek,,A1
şunu,,A1
and,,A1
annesi,,A1
aracılığıyla,,A1
başkanlığı,,A1
buradan,,A1
darbe,,A1
ekonomi,,A1
hakları,,A1
istediği,,A1
koruma,,A1
lan,,A1
musun,,A1
saldırı,,A1
sınıf,,A1
uçak,,A1
yanına,,A1
yapılmış,,A1
yarı,,A1
yaşındaki,,A1
yaşıyor,,A1
üzerindeki,,A1
allah'ın,,A1
almanya,,A1
aşık,,A1
bazıları,,A1
demir,,A1
etkisi,,A1
halinde,,A1
hayatın,,A1
herşey,,A1
hüseyin,,A1
israil,,A1
iyice,,A1
kamu,,A1
kardeş,,A1
kendime,,A1
michael,,A1
mısın,,A1
olmasın,,A1
olsaydı,,A1
sizden,,A1
tehdit,,A1
zamanlarda,,A1
çocuğun,,A1
ömer,,A1
adamlar,,A1
alanında,,A1
anlamı,,A1
arkadaşım,,A1
ayak,,A1
aşağı,,A1
babam,,A1
bunlardan,,A1
cinsel,,A1
dahi,,A1
derneği,,A1
diyerek,,A1
elinde,,A1
fikir,,A1
halkı,,A1
haydi,,A1
hepimiz,,A1
herkesi,,A1
ihtiyaç,,A1
iken,,A1
katıldı,,A1
konuşma,,A1
kutsal,,A1
köpek,,A1
kızın,,A1
lig,,A1
sorumlu,,A1
tedavi,,A1
test,,A1
v,,A1
yemin,,A1
yıldırım,,A1
çalışıyor,,A1
öne,,A1
özgür,,A1
ailesi,,A1
araç,,A1
basın,,A1
başarı,,A1
belirli,,A1
boyu,,A1
burası,,A1
bölgede,,A1
devletin,,A1
döndü,,A1
dönemi,,A1
günümüzde,,A1
hz,,A1
iran,,A1
kişiye,,A1
komik,,A1
plan,,A1
sahiptir,,A1
sağlam,,A1
sivil,,A1
siyaset,,A1
sorunu,,A1
telefonu,,A1
un,,A1
yaptık,,A1
yapımı,,A1
amerika,,A1
birbirine,,A1
bırakın,,A1
dans,,A1
dili,,A1
eskiden,,A1
ettiğini,,A1
eşi,,A1
gaz,,A1
george,,A1
hesap,,A1
insanı,,A1
ismail,,A1
kayıt,,A1
kurban,,A1
model,,A1
muhammed,,A1
oyunları,,A1
saçma,,A1
top,,A1
türkiye'ye,,A1
varmış,,A1
yaparak,,A1
yayınları,,A1
yi,,A1
zamanlar,,A1
örgütü,,A1
özellikleri,,A1
şampiyon,,A1
attı,,A1
bilgiler,,A1
burda,,A1
ederiz,,A1
geliyorum,,A1
görevi,,A1
idare,,A1
ingiliz,,A1
istediğim,,A1
li,,A1
meclis,,A1
meslek,,A1
nın,,A1
okula,,A1
okulu,,A1
olurdu,,A1
rol,,A1
sesini,,A1
söyle,,A1
teklif,,A1
temsil,,A1
yapılır,,A1
zamanında,,A1
çıkıp,,A1
adayı,,A1
başı,,A1
beyin,,A1
bizler,,A1
david,,A1
etkili,,A1
etmektedir,,A1
ettik,,A1
geçer,,A1
gurur,,A1
ilişki,,A1
ilçesinde,,A1
kalmış,,A1
karanlık,,A1
kat,,A1
metin,,A1
onunla,,A1
recep,,A1
rus,,A1
sakın,,A1
sekiz,,A1
tarihli,,A1
tatil,,A1
taşıyan,,A1
tepki,,A1
ufak,,A1
unutma,,A1
veri,,A1
vs,,A1
yakında,,A1
yurt,,A1
yüzde,,A1
çıkış,,A1
şehit,,A1
alacak,,A1
baskı,,A1
bilimsel,,A1
cumhurbaşkanlığı,,A1
denir,,A1
devleti,,A1
dünyayı,,A1
dışarı,,A1
engel,,A1
evinde,,A1
general,,A1
hani,,A1
hepsini,,A1
ikisi,,A1
imza,,A1
içeren,,A1
işçi,,A1
kafa,,A1
kredi,,A1
madde,,A1
memnun,,A1
olacağını,,A1
sayı,,A1
sevgi,,A1
silahlı,,A1
teknoloji,,A1
televizyon,,A1
verme,,A1
yapın,,A1
yaşlı,,A1
çabuk,,A1
çıkmış,,A1
ü,,A1
üstünde,,A1
şirketi,,A1
amacı,,A1
anayasa,,A1
aziz,,A1
azından,,A1
dolayısıyla,,A1
fiziksel,,A1
gazetesi,,A1
geldik,,A1
geldim,,A1
getirdi,,A1
güvenilir,,A1
istedi,,A1
istedim,,A1
kadını,,A1
karşılık,,A1
kurulan,,A1
kızım,,A1
olayı,,A1
savaşı,,A1
sağlar,,A1
si,,A1
sürece,,A1
tavsiye,,A1
tayyip,,A1
toplum,,A1
uygulama,,A1
van,,A1
yapalım,,A1
yorum,,A1
yukarı,,A1
yıllardır,,A1
çiçek,,A1
üretim,,A1
şaka,,A1
alma,,A1
arama,,A1
boy,,A1
bölgesinde,,A1
cm,,A1
cok,,A1
cumartesi,,A1
cumhuriyeti,,A1
değişik,,A1
düşen,,A1
düştü,,A1
gemi,,A1
işaret,,A1
kar,,A1
kavga,,A1
mısınız,,A1
peter,,A1
ruh,,A1
sanayi,,A1
sağlayan,,A1
süleyman,,A1
tanrı,,A1
tip,,A1
vay,,A1
verdim,,A1
yapıyorum,,A1
yaşadığı,,A1
çözüm,,A1
açısından,,A1
bilmem,,A1
birer,,A1
birileri,,A1
farkında,,A1
garip,,A1
gazi,,A1
geçici,,A1
geçiyor,,A1
haberi,,A1
halka,,A1
herşeyi,,A1
hissediyorum,,A1
idi,,A1
kalmadı,,A1
kanal,,A1
kayıp,,A1
köy,,A1
lideri,,A1
maçında,,A1
numaralı,,A1
olacaktır,,A1
orospu,,A1
renk,,A1
sahte,,A1
seksi,,A1
seri,,A1
suyu,,A1
to,,A1
trabzon,,A1
yaşar,,A1
zeki,,A1
zevk,,A1
çocukların,,A1
üyeleri,,A1
şehrin,,A1
bizimle,,A1
biçimde,,A1
derken,,A1
eksik,,A1
emekli,,A1
etmesi,,A1
gayet,,A1
gazete,,A1
gelince,,A1
geriye,,A1
hafif,,A1
hakim,,A1
hükümet,,A1
isterim,,A1
kaya,,A1
kent,,A1
konya,,A1
kuş,,A1
kıbrıs,,A1
mezun,,A1
olmayacak,,A1
oraya,,A1
osman,,A1
rapor,,A1
sonuçları,,A1
söyler,,A1
tehlikeli,,A1
ticari,,A1
vermiş,,A1
yaparken,,A1
yağmur,,A1
çek,,A1
dek,,A1
elektronik,,A1
fransız,,A1
kapsamında,,A1
kimseyi,,A1
klasik,,A1
numara,,A1
yapıp,,A1
yazdı,,A2
şeker,,A2
başkanlık,,A2
bilen,,A2
bulmak,,A2
büyükşehir,,A2
bıraktı,,A2
demokrasi,,A2
demokratik,,A2
düşman,,A2
eline,,A2
etmez,,A2
evden,,A2
evli,,A2
eğlenceli,,A2
fırsat,,A2
https,,A2
intihar,,A2
kaza,,A2
kişiyi,,A2
korku,,A2
matematik,,A2
mobil,,A2
oranı,,A2
prof,,A2
projesi,,A2
sağlıklı,,A2
sinema,,A2
sokak,,A2
süren,,A2
ters,,A2
umut,,A2
çevre,,A2
çıkacak,,A2
ödül,,A2
abdullah,,A2
adama,,A2
arap,,A2
bağlantı,,A2
biridir,,A2
bok,,A2
dersin,,A2
değeri,,A2
değildi,,A2
dile,,A2
dışişleri,,A2
ederken,,A2
elini,,A2
ettiler,,A2
gözaltına,,A2
herhalde,,A2
james,,A2
kalmak,,A2
katılan,,A2
kaybetti,,A2
kültürel,,A2
lider,,A2
maalesef,,A2
mersin,,A2
müthiş,,A2
nokta,,A2
onur,,A2
ordu,,A2
oğlum,,A2
popüler,,A2
proje,,A2
saha,,A2
söylemek,,A2
tipi,,A2
vakti,,A2
w,,A2
yandan,,A2
yusuf,,A2
yüce,,A2
akıl,,A2
alanda,,A2
bayanlar,,A2
bekliyorum,,A2
buldum,,A2
diyen,,A2
edelim,,A2
edilmesi,,A2
ekibi,,A2
elinden,,A2
evlilik,,A2
eşit,,A2
fena,,A2
geldiği,,A2
geleneksel,,A2
google,,A2
huzur,,A2
hızla,,A2
kadro,,A2
kaynağı,,A2
kazanan,,A2
kendinizi,,A2
kullanan,,A2
kullanılır,,A2
lik,,A2
lisans,,A2
metal,,A2
motor,,A2
müdürlüğü,,A2
olmaktan,,A2
olunca,,A2
orman,,A2
program,,A2
sabit,,A2
saniye,,A2
sağlamak,,A2
sözü,,A2
sınav,,A2
sınır,,A2
tarihleri,,A2
usta,,A2
çalışmak,,A2
çalışmalar,,A2
çalışmaya,,A2
çanakkale,,A2
şehri,,A2
şimdiden,,A2
aklıma,,A2
anlaşma,,A2
ayı,,A2
birleşik,,A2
bizde,,A2
bugünkü,,A2
cidden,,A2
değiliz,,A2
düğün,,A2
gazeteci,,A2
gitsin,,A2
gösterir,,A2
gösteriyor,,A2
hanım,,A2
hariç,,A2
ilaç,,A2
ilişkin,,A2
istifa,,A2
iyisi,,A2
içinden,,A2
kulübü,,A2
ligi,,A2
muhtemelen,,A2
müdürü,,A2
ortada,,A2
rüya,,A2
saatte,,A2
sakin,,A2
söylüyor,,A2
yapıyoruz,,A2
yasal,,A2
yaşanan,,A2
yerlerde,,A2
önemi,,A2
şeyden,,A2
ab,,A2
abd'nin,,A2
anlam,,A2
aylık,,A2
aşağıda,,A2
bakış,,A2
buldu,,A2
buz,,A2
bölgesi,,A2
düzenli,,A2
edilmiştir,,A2
etmeyin,,A2
evine,,A2
eş,,A2
gül,,A2
güne,,A2
gıda,,A2
imam,,A2
kadınların,,A2
kahraman,,A2
katı,,A2
kedi,,A2
korumak,,A2
lira,,A2
lise,,A2
neyi,,A2
odası,,A2
olanı,,A2
olduklarını,,A2
olmuyor,,A2
paul,,A2
pazartesi,,A2
paşa,,A2
petrol,,A2
posta,,A2
renkli,,A2
sahne,,A2
sayılı,,A2
sensin,,A2
sevdiğim,,A2
sözleri,,A2
tiyatro,,A2
you,,A2
özelliği,,A2
adil,,A2
almaktadır,,A2
aşkın,,A2
bedava,,A2
biliyoruz,,A2
bomba,,A2
budur,,A2
değilsin,,A2
dokuz,,A2
evin,,A2
facebook,,A2
final,,A2
gidiyorum,,A2
gördü,,A2
harekete,,A2
hâlâ,,A2
istersen,,A2
kazanmak,,A2
kime,,A2
kulak,,A2
kullanımı,,A2
lisesi,,A2
mutluluk,,A2
parlak,,A2
resmen,,A2
rica,,A2
saç,,A2
sinir,,A2
sözleşme,,A2
turizm,,A2
ucuz,,A2
uyku,,A2
uzay,,A2
yapılacak,,A2
yasa,,A2
yayınlanan,,A2
çalışması,,A2
ıı,,A2
şans,,A2
aldık,,A2
arkasında,,A2
başladım,,A2
bugüne,,A2
bulunur,,A2
bölümünde,,A2
daima,,A2
düşünce,,A2
ekmek,,A2
ermeni,,A2
farkı,,A2
geldiğinde,,A2
gösterdi,,A2
haberler,,A2
hakan,,A2
halen,,A2
idari,,A2
ismini,,A2
kalın,,A2
konuşmak,,A2
küresel,,A2
maçta,,A2
oku,,A2
olası,,A2
olmanın,,A2
sizinle,,A2
tasarım,,A2
yanımda,,A2
yapısı,,A2
zafer,,A2
zamanla,,A2
zayıf,,A2
üstü,,A2
aman,,A2
ankara'da,,A2
anladım,,A2
anında,,A2
atan,,A2
ayakta,,A2
başlangıç,,A2
baştan,,A2
bunlara,,A2
dijital,,A2
emre,,A2
gelebilir,,A2
gelmez,,A2
gerçeği,,A2
giderek,,A2
görüntü,,A2
hakkındaki,,A2
hali,,A2
ilçesi,,A2
kalır,,A2
kazandı,,A2
kendilerini,,A2
kilometre,,A2
lanet,,A2
mahalle,,A2
mm,,A2
olmasa,,A2
oysa,,A2
salak,,A2
samsun,,A2
sebebiyle,,A2
sever,,A2
toplu,,A2
toplumsal,,A2
vb,,A2
verilir,,A2
vermeye,,A2
yapmayı,,A2
yoluyla,,A2
york,,A2
çekti,,A2
ödeme,,A2
önde,,A2
aracı,,A2
aralarında,,A2
açıldı,,A2
bayram,,A2
cep,,A2
dersi,,A2
desteği,,A2
doğa,,A2
dünyadaki,,A2
düzgün,,A2
edebiyat,,A2
emir,,A2
emniyet,,A2
etki,,A2
eşlik,,A2
gençler,,A2
geride,,A2
geçiş,,A2
gidecek,,A2
girip,,A2
görünce,,A2
görüyorum,,A2
hayatına,,A2
inanılmaz,,A2
ingiltere,,A2
inşallah,,A2
iyidir,,A2
kahvaltı,,A2
karşılıklı,,A2
konuyu,,A2
mesele,,A2
mısır,,A2
nesil,,A2
neyin,,A2
noktası,,A2
oldukları,,A2
oturup,,A2
performans,,A2
radyo,,A2
sizde,,A2
standart,,A2
sıradan,,A2
tebrikler,,A2
ten,,A2
tren,,A2
unutmayın,,A2
yaptığım,,A2
yatak,,A2
yüzünü,,A2
çeken,,A2
çeşit,,A2
ırak,,A2
bayrak,,A2
bülent,,A2
bırakıp,,A2
diyarbakır,,A2
doktora,,A2
dost,,A2
duruma,,A2
edeceğiz,,A2
efendi,,A2
etmeyi,,A2
gecesi,,A2
ilişkiler,,A2
iyilik,,A2
izlemek,,A2
kaldım,,A2
kardeşi,,A2
kocaman,,A2
köyü,,A2
mahallesi,,A2
miyim,,A2
nereden,,A2
neye,,A2
olduğunda,,A2
oranda,,A2
paralel,,A2
seyahat,,A2
sonuçta,,A2
sürede,,A2
süredir,,A2
tur,,A2
windows,,A2
yolunu,,A2
yılından,,A2
zamana,,A2
üretimi,,A2
derecede,,A2
dev,,A2
dir,,A2
dizisi,,A2
duygusal,,A2
dönüş,,A2
ekip,,A2
gönderdi,,A2
görülen,,A2
günleri,,A2
güzellik,,A2
hayatım,,A2
hele,,A2
hikaye,,A2
hoca,,A2
inşaat,,A2
kamera,,A2
kartı,,A2
kontrolü,,A2
le,,A2
listesi,,A2
masum,,A2
modeli,,A2
nükleer,,A2
olumlu,,A2
olurum,,A2
ortasında,,A2
planı,,A2
pozitif,,A2
saati,,A2
sanatçı,,A2
sevdim,,A2
severim,,A2
siktir,,A2
sonradan,,A2
sürü,,A2
sıkıntı,,A2
sırf,,A2
ulaşım,,A2
yaygın,,A2
yazılım,,A2
yazıyor,,A2
çalıştı,,A2
çekici,,A2
ölümü,,A2
şehirde,,A2
akp,,A2
anlamda,,A2
attığı,,A2
açılan,,A2
ağaç,,A2
bina,,A2
buradaki,,A2
dakikada,,A2
dostum,,A2
düz,,A2
erdoğan'ın,,A2
etmiştir,,A2
etrafında,,A2
fransa,,A2
geldiğini,,A2
henry,,A2
işbirliği,,A2
kalma,,A2
karşılığında,,A2
mahkeme,,A2
müdür,,A2
olacağız,,A2
olduk,,A2
olmuştu,,A2
operasyon,,A2
otomatik,,A2
satış,,A2
sinan,,A2
sistemleri,,A2
sohbet,,A2
tarafında,,A2
tel,,A2
türkiye'deki,,A2
vali,,A2
vergi,,A2
yarısı,,A2
çelik,,A2
çocuklara,,A2
ölen,,A2
ada,,A2
akşamlar,,A2
açıdan,,A2
açıklaması,,A2
ağrı,,A2
cami,,A2
cem,,A2
dar,,A2
dinle,,A2
ege,,A2
esas,,A2
eser,,A2
ey,,A2
gelmiyor,,A2
gidin,,A2
göze,,A2
hastalık,,A2
heyecan,,A2
icin,,A2
ikili,,A2
isterseniz,,A2
kanun,,A2
karakter,,A2
kimyasal,,A2
konuşuyor,,A2
memur,,A2
okulda,,A2
olaylar,,A2
olduğumuz,,A2
olmazsa,,A2
olsam,,A2
servisi,,A2
sizler,,A2
sonuçlar,,A2
sıkı,,A2
talep,,A2
tarafı,,A2
trt,,A2
uyuşturucu,,A2
yangın,,A2
yönünde,,A2
z,,A2
ülkeye,,A2
abi,,A2
adında,,A2
ailenin,,A2
akdeniz,,A2
aksine,,A2
asya,,A2
açtı,,A2
başa,,A2
bebeğim,,A2
di,,A2
dikkatli,,A2
düşün,,A2
er,,A2
eğlence,,A2
filmin,,A2
geleceği,,A2
gezi,,A2
geçerli,,A2
gitme,,A2
gücünü,,A2
günden,,A2
günlerde,,A2
haberleri,,A2
insana,,A2
içeri,,A2
kaliteli,,A2
karadeniz,,A2
konuk,,A2
konuşan,,A2
koç,,A2
kullandığı,,A2
kuran,,A2
madem,,A2
numarası,,A2
orhan,,A2
otobüs,,A2
sayfa,,A2
topu,,A2
trafik,,A2
tıbbi,,A2
verici,,A2
yaptığımız,,A2
yerin,,A2
yolculuk,,A2
yolun,,A2
çizgi,,A2
öz,,A2
özgürlük,,A2
üstelik,,A2
üstün,,A2
şirketin,,A2
anahtar,,A2
arasına,,A2
aslan,,A2
bekliyoruz,,A2
bilmek,,A2
cesur,,A2
döner,,A2
edebilir,,A2
eskişehir,,A2
eylem,,A2
gerekirse,,A2
gerçekleştirilen,,A2
getiren,,A2
gittim,,A2
hacı,,A2
hakkını,,A2
idam,,A2
iktidar,,A2
insanlarla,,A2
is,,A2
istediğini,,A2
istediğiniz,,A2
işgal,,A2
işini,,A2
kadına,,A2
kendilerine,,A2
kullanıcı,,A2
kupa,,A2
kurt,,A2
maruz,,A2
mhp,,A2
na,,A2
olağanüstü,,A2
oradan,,A2
otomobil,,A2
rüzgar,,A2
sakarya,,A2
servis,,A2
sevgilim,,A2
seviyor,,A2
show,,A2
söyleyen,,A2
süreci,,A2
tanesi,,A2
taraftan,,A2
tom,,A2
vatan,,A2
verdik,,A2
yakışıklı,,A2
yaptıkları,,A2
yavuz,,A2
yazan,,A2
yerleri,,A2
yirmi,,A2
önem,,A2
şiddet,,A2
alternatif,,A2
amaçlı,,A2
bakma,,A2
bankası,,A2
basketbol,,A2
bay,,A2
başarısız,,A2
bekleyen,,A2
benzeri,,A2
dediği,,A2
denilen,,A2
değişiklik,,A2
diyelim,,A2
diyorlar,,A2
diş,,A2
durumunda,,A2
dördüncü,,A2
edilebilir,,A2
emri,,A2
gelişmiş,,A2
gibidir,,A2
giderken,,A2
göreve,,A2
gözden,,A2
halil,,A2
hazırlık,,A2
ihanet,,A2
ihtiyacım,,A2
ikna,,A2
işten,,A2
kaptan,,A2
kayseri,,A2
koyun,,A2
kusura,,A2
kısmını,,A2
lee,,A2
max,,A2
meclisi,,A2
mevcuttur,,A2
meydan,,A2
miktarda,,A2
pkk,,A2
selim,,A2
selçuk,,A2
seven,,A2
sizce,,A2
sürpriz,,A2
süt,,A2
vakfı,,A2
yaptığını,,A2
yapım,,A2
yasak,,A2
yerler,,A2
yeterince,,A2
yoluna,,A2
yukarıda,,A2
yüzüne,,A2
çeviri,,A2
çıkmak,,A2
ölçüde,,A2
şükür,,A2
allah'a,,A2
anlamak,,A2
aptal,,A2
ayağa,,A2
açıklandı,,A2
açıkça,,A2
başıma,,A2
başını,,A2
bilgileri,,A2
cezası,,A2
cilt,,A2
civarında,,A2
deme,,A2
denize,,A2
diğerleri,,A2
duruyor,,A2
duygu,,A2
dönüp,,A2
efendim,,A2
ettiğim,,A2
futbolcu,,A2
geleni,,A2
gönül,,A2
gümüş,,A2
gündüz,,A2
hangisi,,A2
hapis,,A2
hayatında,,A2
hayırlı,,A2
hizmetleri,,A2
indir,,A2
isterdim,,A2
itiraf,,A2
jack,,A2
kalsın,,A2
kuru,,A2
kurumu,,A2
kör,,A2
merkezine,,A2
onlardan,,A2
parayı,,A2
takımın,,A2
taraf,,A2
türü,,A2
tıpkı,,A2
uğur,,A2
yatırım,,A2
yerlere,,A2
yolları,,A2
yüzü,,A2
çalışır,,A2
öldürüldü,,A2
ürün,,A2
akademik,,A2
anlatan,,A2
babasının,,A2
banka,,A2
başarılar,,A2
bilet,,A2
bitki,,A2
dediğim,,A2
degil,,A2
dergisi,,A2
diğeri,,A2
dürüst,,A2
ekran,,A2
eren,,A2
faaliyet,,A2
fikri,,A2
frank,,A2
gelmek,,A2
gene,,A2
gerçekleşen,,A2
gördüğüm,,A2
harry,,A2
hastalığı,,A2
hizmeti,,A2
istanbul'a,,A2
kart,,A2
kısaca,,A2
lar,,A2
nüfus,,A2
oldun,,A2
olduğun,,A2
saf,,A2
siyasal,,A2
sözler,,A2
sıfır,,A2
tarzı,,A2
uzaktan,,A2
uçuş,,A2
varken,,A2
yarar,,A2
yazılı,,A2
yılının,,A2
zamandır,,A2
çoktan,,A2
ödülü,,A2
ürünleri,,A2
şarkılar,,A2
şeytan,,A2
şikayet,,A2
adamları,,A2
altındaki,,A2
apple,,A2
bahar,,A2
bakmak,,A2
boşa,,A2
dediler,,A2
dışına,,A2
edici,,A2
eli,,A2
emek,,A2
fazlası,,A2
filan,,A2
forma,,A2
gaziantep,,A2
görünüyor,,A2
hareketi,,A2
hocam,,A2
inan,,A2
içişleri,,A2
işlem,,A2
kafayı,,A2
karısı,,A2
kendim,,A2
kendinize,,A2
kullanmak,,A2
kurşun,,A2
kılıç,,A2
ler,,A2
makine,,A2
mesajı,,A2
milyonlarca,,A2
müdahale,,A2
orda,,A2
oyunun,,A2
pis,,A2
profesör,,A2
programları,,A2
tebrik,,A2
vücut,,A2
yapabilir,,A2
yaparım,,A2
yapılması,,A2
yaralı,,A2
yolcu,,A2
yunan,,A2
çirkin,,A2
çıkardı,,A2
çıktığı,,A2
ülkeler,,A2
ün,,A2
şair,,A2
şampiyonluk,,A2
adnan,,A2
alanları,,A2
alışveriş,,A2
anlamadım,,A2
arkadaşları,,A2
bayrağı,,A2
başlamış,,A2
başından,,A2
belirtti,,A2
birbirinden,,A2
cesaret,,A2
cevabı,,A2
denk,,A2
doğrusu,,A2
gecenin,,A2
girmek,,A2
görüyor,,A2
gününde,,A2
hız,,A2
inanıyorum,,A2
iphone,,A2
istanbul'un,,A2
işine,,A2
kal,,A2
kalacak,,A2
kalıyor,,A2
kartal,,A2
katil,,A2
kendisinin,,A2
kur'an,,A2
kurtuluş,,A2
mantıklı,,A2
merkezinde,,A2
meyve,,A2
moda,,A2
nerde,,A2
okuma,,A2
olduğumu,,A2
parası,,A2
problem,,A2
seçimi,,A2
sonsuz,,A2
sorunları,,A2
t.c,,A2
temsilcisi,,A2
tutan,,A2
twitter,,A2
valisi,,A2
veda,,A2
vefat,,A2
yazdığı,,A2
youtube,,A2
yüzlerce,,A2
yılları,,A2
zorla,,A2
çalışırken,,A2
çekiyor,,A2
çekmek,,A2
öncelikle,,A2
şampiyonlar,,A2
aa,,A2
aldığım,,A2
açan,,A2
baktım,,A2
bölgeye,,A2
cam,,A2
canını,,A2
charles,,A2
diyorsun,,A2
dönemin,,A2
edilmektedir,,A2
ediyorlar,,A2
eminim,,A2
filmleri,,A2
getirmek,,A2
görmedim,,A2
göstermek,,A2
gözleri,,A2
gözlerini,,A2
güncel,,A2
günümüz,,A2
haftada,,A2
hastanesi,,A2
hepimizin,,A2
hesabı,,A2
istediğin,,A2
istiyorsan,,A2
istiyorsanız,,A2
japon,,A2
kalabalık,,A2
kendinden,,A2
kişilerin,,A2
kuruluş,,A2
los,,A2
maddesi,,A2
marmara,,A2
minik,,A2
mutluyum,,A2
olduğunuz,,A2
pahalı,,A2
peşinde,,A2
psikolojik,,A2
robert,,A2
roma,,A2
roman,,A2
suudi,,A2
süresi,,A2
sınırları,,A2
tarihte,,A2
türkiye'yi,,A2
veriyorum,,A2
yargı,,A2
yemeği,,A2
yoldan,,A2
yumurta,,A2
çocuğa,,A2
çık,,A2
öğrendim,,A2
şansı,,A2
anlar,,A2
anlatmak,,A2
arayan,,A2
arıyorum,,A2
atmak,,A2
bakıyorum,,A2
bisiklet,,A2
denen,,A2
deprem,,A2
derler,,A2
değilse,,A2
dik,,A2
düzenleme,,A2
esnasında,,A2
gelmiştir,,A2
gelsin,,A2
girer,,A2
görür,,A2
haftalık,,A2
hasar,,A2
hattı,,A2
hayatımda,,A2
hayatımın,,A2
hayatının,,A2
hepiniz,,A2
imkansız,,A2
karmaşık,,A2
karışık,,A2
katıldığı,,A2
kaybeden,,A2
kendimizi,,A2
keskin,,A2
kg,,A2
kitaplar,,A2
krizi,,A2
kural,,A2
köşe,,A2
maçın,,A2
mühendisliği,,A2
müziği,,A2
oh,,A2
olmam,,A2
olmaması,,A2
olumsuz,,A2
olursun,,A2
oyuna,,A2
parmak,,A2
peygamber,,A2
richard,,A2
sa,,A2
satışı,,A2
sex,,A2
sezonu,,A2
sürdü,,A2
sıvı,,A2
tbmm,,A2
yahudi,,A2
yük,,A2
zira,,A2
çekip,,A2
ümit,,A2
şarkısı,,A2
şarkıyı,,A2
şimdiye,,A2
alkol,,A2
android,,A2
anı,,A2
atatürk'ün,,A2
ayda,,A2
bakımından,,A2
bas,,A2
biriyle,,A2
devre,,A2
direk,,A2
duran,,A2
duvar,,A2
ederler,,A2
etsin,,A2
gelmedi,,A2
getirir,,A2
geçirdi,,A2
gördüğü,,A2
görevini,,A2
görüş,,A2
gözü,,A2
gündür,,A2
havalimanı,,A2
isyan,,A2
kalkınma,,A2
karşıya,,A2
kimlik,,A2
kitapları,,A2
kullanım,,A2
kıza,,A2
mark,,A2
me,,A2
off,,A2
orijinal,,A2
oynayan,,A2
oyunlar,,A2
programında,,A2
real,,A2
rengi,,A2
salonu,,A2
suya,,A2
suçu,,A2
sınırlı,,A2
tecavüz,,A2
vermektedir,,A2
yapması,,A2
yağ,,A2
yumuşak,,A2
ziraat,,A2
zorunlu,,A2
çalıştığı,,A2
çağdaş,,A2
üretilen,,A2
şahin,,A2
şeylerin,,A2
adresi,,A2
adıyla,,A2
alana,,A2
analiz,,A2
avukat,,A2
ayakkabı,,A2
bakanları,,A2
birinde,,A2
bulur,,A2
cemal,,A2
demiş,,A2
deneme,,A2
don,,A2
engelli,,A2
erişim,,A2
ertesi,,A2
euro,,A2
federal,,A2
fetö,,A2
geceleri,,A2
gelişme,,A2
geliştirme,,A2
geçirmek,,A2
girmiş,,A2
gönüllü,,A2
görmüş,,A2
göç,,A2
hastaneye,,A2
havada,,A2
ilişkileri,,A2
kaldığı,,A2
kalıcı,,A2
kaynakları,,A2
kağıt,,A2
kenara,,A2
komisyonu,,A2
konser,,A2
kullandı,,A2
kızıl,,A2
lı,,A2
oluşturan,,A2
organize,,A2
oynanan,,A2
protesto,,A2
romantik,,A2
sadık,,A2
salı,,A2
sevdiği,,A2
tan,,A2
tarafta,,A2
tarihe,,A2
tokat,,A2
ton,,A2
türkler,,A2
uefa,,A2
verip,,A2
öncesinde,,A2
önümüzdeki,,A2
örgüt,,A2
şok,,A2
alex,,A2
amerikalı,,A2
anlattı,,A2
atılan,,A2
avrupa'da,,A2
açığa,,A2
bal,,A2
başladığı,,A2
başlamıştır,,A2
bireysel,,A2
cengiz,,A2
dağ,,A2
devamı,,A2
devrim,,A2
durumlarda,,A2
etmeden,,A2
gerektiği,,A2
gereği,,A2
geçecek,,A2
gördük,,A2
görsel,,A2
görünen,,A2
hal,,A2
insanlık,,A2
intikam,,A2
istemez,,A2
isteği,,A2
kadınları,,A2
kalbi,,A2
kanser,,A2
kaçak,,A2
keyifli,,A2
kod,,A2
korkuyorum,,A2
kuralları,,A2
mahmut,,A2
mali,,A2
manisa,,A2
maça,,A2
meselesi,,A2
mühendislik,,A2
okumak,,A2
olayları,,A2
personel,,A2
politik,,A2
resimler,,A2
rıza,,A2
saray,,A2
sisteminin,,A2
sivas,,A2
sizlere,,A2
teşvik,,A2
trabzonspor,,A2
tutmak,,A2
uygulaması,,A2
yazısı,,A2
zamanın,,A2
çalışıyorum,,A2
çalışıyoruz,,A2
çıkma,,A2
ölmek,,A2
ölümüne,,A2
ötürü,,A2
öğrenciler,,A2
şampiyonu,,A2
aklına,,A2
alanlar,,A2
artan,,A2
aydır,,A2
bardak,,A2
bilmiyor,,A2
bunca,,A2
bölgesel,,A2
bölümde,,A2
derdi,,A2
deri,,A2
derim,,A2
fizik,,A2
garanti,,A2
genelinde,,A2
geçmek,,A2
geçmişte,,A2
gitmiş,,A2
hüküm,,A2
it,,A2
italyan,,A2
işkence,,A2
kadıköy,,A2
kapıyı,,A2
kokusu,,A2
kolayca,,A2
korkunç,,A2
kullanılabilir,,A2
kupası,,A2
martin,,A2
misafir,,A2
onca,,A2
ordusu,,A2
parçaları,,A2
pes,,A2
pişman,,A2
sanal,,A2
sizleri,,A2
sordu,,A2
sorular,,A2
sorunun,,A2
st,,A2
star,,A2
söylüyorum,,A2
sınıfı,,A2
tadını,,A2
tamamı,,A2
tanıtım,,A2
tasarımı,,A2
tuhaf,,A2
varlığı,,A2
vererek,,A2
vurdu,,A2
yaptığınız,,A2
yardımı,,A2
yarış,,A2
yazarı,,A2
yaşamını,,A2
yiyecek,,A2
°,,A2
çalışmalarına,,A2
çapında,,A2
çıkarmak,,A2
şuan,,A2
şunları,,A2
abd'de,,A2
ad,,A2
afrika,,A2
almayı,,A2
anlamıyorum,,A2
aramaya,,A2
ba,,A2
bakar,,A2
başkenti,,A2
bekle,,A2
bilgisi,,A2
birazdan,,A2
birimi,,A2
boyun,,A2
bozuk,,A2
bulut,,A2
by,,A2
dayalı,,A2
deki,,A2
düşer,,A2
edildiği,,A2
erdi,,A2
erzurum,,A2
etmiyor,,A2
fazlasıyla,,A2
for,,A2
geldin,,A2
girecek,,A2
gör,,A2
güvenliği,,A2
ilham,,A2
isimleri,,A2
kariyer,,A2
katkıda,,A2
kitabın,,A2
koy,,A2
köprü,,A2
layık,,A2
malatya,,A2
malzeme,,A2
mektup,,A2
muhalefet,,A2
namaz,,A2
nerden,,A2
nur,,A2
olmakla,,A2
oluruz,,A2
oluşur,,A2
onlarla,,A2
sor,,A2
sunucu,,A2
suyun,,A2
suçlu,,A2
taze,,A2
taşı,,A2
terim,,A2
ulaştı,,A2
yakıt,,A2
yapacağız,,A2
yara,,A2
yazın,,A2
yaşama,,A2
yedek,,A2
yıldızı,,A2
çöp,,A2
öte,,A2
özledim,,A2
ülkeyi,,A2
şanslı,,A2
şekli,,A2
ameliyat,,A2
arasından,,A2
atın,,A2
açar,,A2
balıkesir,,A2
bayramı,,A2
birbirlerine,,A2
burak,,A2
bölgenin,,A2
bırakma,,A2
dert,,A2
diliyorum,,A2
direkt,,A2
düşünmek,,A2
düşünün,,A2
dışındaki,,A2
elbise,,A2
fırsatı,,A2
gelmektedir,,A2
gelmesi,,A2
gereksiz,,A2
güle,,A2
haklısın,,A2
haksız,,A2
hayvanlar,,A2
hücre,,A2
hürriyet,,A2
ihtiyacımız,,A2
isimler,,A2
isteyenler,,A2
izmir'de,,A2
kadir,,A2
kaydı,,A2
kocaeli,,A2
konuşalım,,A2
kore,,A2
koyu,,A2
kralı,,A2
kulüp,,A2
kızları,,A2
maddi,,A2
maliye,,A2
mini,,A2
miyiz,,A2
okudum,,A2
olacağı,,A2
olduğunun,,A2
oyuncusu,,A2
paris,,A2
parkı,,A2
sahipleri,,A2
salih,,A2
samimi,,A2
satışa,,A2
savaşa,,A2
savaşın,,A2
sokakta,,A2
sıkıcı,,A2
takdir,,A2
tarihinin,,A2
tavuk,,A2
temizlik,,A2
testi,,A2
toplantı,,A2
uydu,,A2
yakından,,A2
çoğunlukla,,A2
üste,,A2
ısı,,A2
şanlıurfa,,A2
şehre,,A2
ailesinin,,A2
aksi,,A2
almanya'da,,A2
amatör,,A2
ani,,A2
arayın,,A2
aşkına,,A2
başlamak,,A2
bilirsin,,A2
borç,,A2
bünyesinde,,A2
daire,,A2
devrimci,,A2
değişen,,A2
dolarlık,,A2
dönen,,A2
düzey,,A2
etkileri,,A2
etkinlik,,A2
festivali,,A2
fırat,,A2
gerçekleşti,,A2
girişimi,,A2
gösteri,,A2
göstermektedir,,A2
hakem,,A2
hastane,,A2
hat,,A2
hazırlanan,,A2
hey,,A2
hikayesi,,A2
ikiye,,A2
iman,,A2
işletim,,A2
karşın,,A2
katılım,,A2
kirli,,A2
kişiden,,A2
konuştu,,A2
kuvvet,,A2
kuvvetleri,,A2
kültürü,,A2
mary,,A2
masaj,,A2
olayın,,A2
oluyorum,,A2
pardon,,A2
pasta,,A2
perşembe,,A2
prens,,A2
risk,,A2
sayede,,A2
sipariş,,A2
tamir,,A2
tehlike,,A2
toplantısı,,A2
uğruna,,A2
videosu,,A2
yapmayın,,A2
yapıyorlar,,A2
yat,,A2
yaşamaya,,A2
yaşıyorum,,A2
yetişkin,,A2
yunus,,A2
yöntemi,,A2
yıldan,,A2
çılgın,,A2
ömür,,A2
şeylere,,A2
şiddetli,,A2
aldığını,,A2
alması,,A2
amaç,,A2
anlatıyor,,A2
arayıp,,A2
askerlik,,A2
açılış,,A2
bildiğim,,B1
birim,,B1
bizzat,,B1
cenaze,,B1
cennet,,B1
chris,,B1
değişti,,B1
dinlemek,,B1
dosya,,B1
duymak,,B1
ed,,B1
edenler,,B1
erkeklerin,,B1
etkin,,B1
federasyonu,,B1
fen,,B1
gemisi,,B1
günah,,B1
güzeldi,,B1
hadis,,B1
halkının,,B1
hassas,,B1
hizmete,,B1
ihraç,,B1
ilişkisi,,B1
kaldık,,B1
kapak,,B1
kurum,,B1
kusursuz,,B1
mahkum,,B1
okulun,,B1
oyunda,,B1
oğuz,,B1
paket,,B1
ruhu,,B1
sağlığı,,B1
serisi,,B1
sevdiğini,,B1
sey,,B1
sürüyor,,B1
tadı,,B1
tutar,,B1
uzman,,B1
verdiğim,,B1
yaptılar,,B1
yapıldığı,,B1
yayınlandı,,B1
yerinden,,B1
yıllarca,,B1
yılına,,B1
çikolata,,B1
önemlidir,,B1
örneği,,B1
öğle,,B1
öğrencileri,,B1
öğrencisi,,B1
ülkelerin,,B1
üyelik,,B1
şart,,B1
alakalı,,B1
albüm,,B1
almıştır,,B1
anlama,,B1
anlamlı,,B1
annemin,,B1
antik,,B1
araştırmalar,,B1
ayrıldı,,B1
ağzına,,B1
başbakanı,,B1
bilimler,,B1
bilimleri,,B1
bırakmak,,B1
davası,,B1
dediğin,,B1
dersleri,,B1
dünyası,,B1
ediyordu,,B1
elimde,,B1
gelirse,,B1
genetik,,B1
gidelim,,B1
görüşmek,,B1
gösterdiği,,B1
ikincisi,,B1
ipek,,B1
isa,,B1
islami,,B1
istatistik,,B1
işletme,,B1
kalem,,B1
kare,,B1
katkı,,B1
kiralık,,B1
kol,,B1
kısmında,,B1
kısım,,B1
melek,,B1
noktada,,B1
olabileceğini,,B1
olacağım,,B1
olanları,,B1
oyuncular,,B1
partinin,,B1
patates,,B1
peşinden,,B1
piyasaya,,B1
red,,B1
satan,,B1
sistemin,,B1
steve,,B1
sus,,B1
tahliye,,B1
tarihine,,B1
teklifi,,B1
temas,,B1
terörist,,B1
thomas,,B1
toplamda,,B1
turan,,B1
varlık,,B1
yapay,,B1
yaptın,,B1
yapılmıştır,,B1
yükseldi,,B1
yükselen,,B1
ölür,,B1
özgü,,B1
şarap,,B1
şekil,,B1
şirketleri,,B1
altından,,B1
alıyorum,,B1
arapça,,B1
arkadaşlarım,,B1
bakım,,B1
bağlantısı,,B1
beklenen,,B1
bil,,B1
biriydi,,B1
daniel,,B1
demişti,,B1
denizli,,B1
derhal,,B1
değişikliği,,B1
değişim,,B1
değişir,,B1
dikkate,,B1
dönüyor,,B1
filistin,,B1
fotoğrafı,,B1
gidiyoruz,,B1
gök,,B1
gökhan,,B1
görülür,,B1
gözler,,B1
hamile,,B1
hatay,,B1
hikmet,,B1
hükümeti,,B1
izni,,B1
içindir,,B1
j,,B1
kapısı,,B1
kurdu,,B1
marka,,B1
masa,,B1
mağlup,,B1
mesafe,,B1
metro,,B1
niçin,,B1
oynadığı,,B1
politika,,B1
rakip,,B1
ray,,B1
rum,,B1
saldırıya,,B1
sevimli,,B1
sistemini,,B1
sıcaklık,,B1
sınırı,,B1
tarafa,,B1
teki,,B1
tutuklandı,,B1
uyum,,B1
vize,,B1
yayımlanan,,B1
yazmak,,B1
yaşa,,B1
yollar,,B1
çarşamba,,B1
çayı,,B1
ölmüş,,B1
özellikler,,B1
şerif,,B1
aittir,,B1
alabilir,,B1
anna,,B1
arıyor,,B1
atarak,,B1
ayşe,,B1
açmak,,B1
açıp,,B1
ağ,,B1
başkası,,B1
beden,,B1
bira,,B1
biter,,B1
bizleri,,B1
davranış,,B1
dersiniz,,B1
detaylı,,B1
direktörü,,B1
düşünüyor,,B1
dışarıda,,B1
ediliyor,,B1
erkeğin,,B1
erol,,B1
eseri,,B1
etmişti,,B1
filmler,,B1
fotoğrafları,,B1
genelkurmay,,B1
geçip,,B1
giriyor,,B1
gönder,,B1
gündeme,,B1
han,,B1
hastanede,,B1
hızı,,B1
ilerleyen,,B1
ili,,B1
kadınlara,,B1
kale,,B1
kalk,,B1
kalmaz,,B1
kendin,,B1
kullanılarak,,B1
kurmak,,B1
kırık,,B1
laf,,B1
motoru,,B1
mr,,B1
muğla,,B1
mıdır,,B1
ok,,B1
okuldan,,B1
olmasından,,B1
oynamak,,B1
pembe,,B1
sarışın,,B1
sonsuza,,B1
soruşturma,,B1
sözünü,,B1
tablo,,B1
unuttum,,B1
verilmiştir,,B1
william,,B1
yahu,,B1
yanıt,,B1
yapılmaktadır,,B1
yay,,B1
yönetmen,,B1
çalışmalarını,,B1
çeyrek,,B1
öğretmenler,,B1
ülkelerde,,B1
ışığı,,B1
şarkıları,,B1
akın,,B1
alakası,,B1
alınmış,,B1
alıyoruz,,B1
amerika'da,,B1
amına,,B1
aramızda,,B1
arazi,,B1
ateşli,,B1
aşkı,,B1
aşkım,,B1
bakanlar,,B1
bar,,B1
başardı,,B1
beklemek,,B1
bildiği,,B1
bilirim,,B1
bill,,B1
binanın,,B1
bob,,B1
boya,,B1
burcu,,B1
do,,B1
elazığ,,B1
elimden,,B1
engin,,B1
filmde,,B1
fotoğraflar,,B1
görevlisi,,B1
görüldü,,B1
güler,,B1
hakaret,,B1
has,,B1
hepsinin,,B1
hırsız,,B1
icra,,B1
ilgisi,,B1
inci,,B1
ismet,,B1
itiraz,,B1
içerir,,B1
joe,,B1
kanlı,,B1
kaybı,,B1
kelimesi,,B1
kenan,,B1
kendileri,,B1
konseyi,,B1
kurulmuş,,B1
listesine,,B1
mahkemesi,,B1
medyada,,B1
meşhur,,B1
mike,,B1
milletin,,B1
milliyetçi,,B1
miydi,,B1
normalde,,B1
plastik,,B1
polisin,,B1
raporu,,B1
rize,,B1
rock,,B1
sayılır,,B1
serdar,,B1
sistemine,,B1
sitesinde,,B1
söylediği,,B1
süreç,,B1
tarz,,B1
toplumun,,B1
tut,,B1
yazma,,B1
yunanistan,,B1
yönetici,,B1
çağrı,,B1
çekim,,B1
çevresinde,,B1
ö,,B1
öğretmeni,,B1
şimdilik,,B1
şüphesiz,,B1
ailesine,,B1
alçak,,B1
aniden,,B1
arda,,B1
av,,B1
avrupa'nın,,B1
ağırlık,,B1
bari,,B1
bağ,,B1
başlayacak,,B1
bulan,,B1
bulup,,B1
bıraktım,,B1
dikkatini,,B1
doğdu,,B1
ebu,,B1
erdem,,B1
fazlasını,,B1
geleceğini,,B1
gerçi,,B1
gittiği,,B1
görüşme,,B1
göster,,B1
gündem,,B1
hd,,B1
his,,B1
hukuku,,B1
ios,,B1
istihbarat,,B1
istiklal,,B1
itibariyle,,B1
katılmak,,B1
kaçtı,,B1
kolları,,B1
komutanı,,B1
kongre,,B1
koydu,,B1
kurduğu,,B1
kurtarma,,B1
liste,,B1
madrid,,B1
müslümanlar,,B1
negatif,,B1
nun,,B1
oldular,,B1
otelde,,B1
pilot,,B1
prenses,,B1
razı,,B1
sahada,,B1
sağladı,,B1
seçilen,,B1
sınırsız,,B1
temin,,B1
temmuz'da,,B1
turgut,,B1
tutuklu,,B1
uygulamaları,,B1
veriyoruz,,B1
yaşta,,B1
yaşıyoruz,,B1
yorgun,,B1
yöntem,,B1
çatışma,,B1
çıkması,,B1
çıplak,,B1
özgün,,B1
şirketler,,B1
şüphe,,B1
acayip,,B1
adımı,,B1
alalım,,B1
am,,B1
anlat,,B1
as,,B1
başladık,,B1
bizlere,,B1
diz,,B1
dön,,B1
edilemez,,B1
etmesini,,B1
evlat,,B1
geçmişi,,B1
gibisin,,B1
gir,,B1
güçleri,,B1
hatun,,B1
hollanda,,B1
iade,,B1
ihtimali,,B1
ihtiyacınız,,B1
insanlardan,,B1
itibarıyla,,B1
içimde,,B1
iğrenç,,B1
kalıp,,B1
kamp,,B1
karşıyaka,,B1
kaydetti,,B1
kelimeler,,B1
keyif,,B1
kritik,,B1
levent,,B1
maaş,,B1
mac,,B1
maddeler,,B1
maden,,B1
makinesi,,B1
makyaj,,B1
midir,,B1
millî,,B1
musa,,B1
mühendisi,,B1
mümkündür,,B1
okuyan,,B1
olduktan,,B1
ortamda,,B1
sahil,,B1
scott,,B1
sesleri,,B1
sigorta,,B1
sorunlar,,B1
suriye'de,,B1
süreli,,B1
tartışma,,B1
toz,,B1
turu,,B1
töreni,,B1
uyarı,,B1
uçağı,,B1
yapmaz,,B1
yaprak,,B1
yazmaya,,B1
yaşına,,B1
yılların,,B1
zeynep,,B1
çekilen,,B1
ülkeleri,,B1
ülkesi,,B1
şüpheli,,B1
alanlarda,,B1
aldılar,,B1
anlatmaya,,B1
anti,,B1
arkasından,,B1
arttı,,B1
atıyor,,B1
azerbaycan,,B1
bakıp,,B1
banyo,,B1
batman,,B1
beşinci,,B1
bilerek,,B1
bölgedeki,,B1
canı,,B1
cinayet,,B1
daki,,B1
durumun,,B1
duyuyorum,,B1
düzenlediği,,B1
düzenlendi,,B1
ederse,,B1
elden,,B1
farkına,,B1
getirildi,,B1
geçerek,,B1
geçiren,,B1
giresun,,B1
giyen,,B1
gram,,B1
hayran,,B1
istediğimiz,,B1
isterse,,B1
kanunu,,B1
karın,,B1
kemik,,B1
kimya,,B1
komşu,,B1
kullanılmaktadır,,B1
kullanıyor,,B1
kum,,B1
kurucusu,,B1
köle,,B1
malı,,B1
müşteri,,B1
nadir,,B1
neydi,,B1
ni,,B1
olalım,,B1
olmalıdır,,B1
olmasının,,B1
organik,,B1
ortam,,B1
otuz,,B1
oynuyor,,B1
oyuncak,,B1
sahipliği,,B1
savaşta,,B1
sayfası,,B1
stratejik,,B1
söyleyin,,B1
tahmini,,B1
takıma,,B1
tarif,,B1
toplama,,B1
toprağa,,B1
yapılıyor,,B1
yardımıyla,,B1
yerleşim,,B1
yön,,B1
ziyade,,B1
ürünler,,B1
adres,,B1
adıyaman,,B1
almadan,,B1
alınması,,B1
alırım,,B1
annesinin,,B1
askerler,,B1
ata,,B1
başkanları,,B1
biliyorsun,,B1
bişey,,B1
bölümünü,,B1
camii,,B1
cehennem,,B1
dairesi,,B1
defalarca,,B1
devamlı,,B1
diyoruz,,B1
dostluk,,B1
duyurdu,,B1
düzen,,B1
düşmüş,,B1
düşünen,,B1
dır,,B1
enstitüsü,,B1
gelme,,B1
gerekçesiyle,,B1
girdim,,B1
görülmektedir,,B1
gözünü,,B1
haberin,,B1
haftaya,,B1
hain,,B1
hemde,,B1
hindistan,,B1
ibaret,,B1
idaresi,,B1
istiyorsun,,B1
italya,,B1
iyiydi,,B1
işim,,B1
kaba,,B1
karşılığı,,B1
kayıtları,,B1
kilise,,B1
kimler,,B1
kutlu,,B1
londra,,B1
mardin,,B1
merkezleri,,B1
mimar,,B1
nice,,B1
olmasıdır,,B1
olurlar,,B1
onay,,B1
operasyonu,,B1
performansı,,B1
play,,B1
polisi,,B1
politikası,,B1
rolü,,B1
sam,,B1
sesli,,B1
söyledim,,B1
tamamladı,,B1
tony,,B1
varlığını,,B1
yapmadan,,B1
yapmam,,B1
yaptıklarını,,B1
yaşamı,,B1
yıllarında,,B1
zamanlı,,B1
ç,,B1
ülkeden,,B1
şeyh,,B1
adli,,B1
alım,,B1
art,,B1
asit,,B1
avcı,,B1
aylarında,,B1
ayrılan,,B1
ağacı,,B1
bakmayın,,B1
binası,,B1
caddesi,,B1
dalı,,B1
dene,,B1
değerini,,B1
doğrultusunda,,B1
dönemlerde,,B1
edilerek,,B1
felsefe,,B1
grafik,,B1
grubun,,B1
göreceğiz,,B1
görmeye,,B1
göğüs,,B1
gününü,,B1
harita,,B1
hitap,,B1
insani,,B1
izleyen,,B1
içten,,B1
işlemi,,B1
jean,,B1
kafası,,B1
kalbini,,B1
kalite,,B1
kanı,,B1
kendisinden,,B1
kraliçe,,B1
mil,,B1
neymiş,,B1
okullar,,B1
olacaksınız,,B1
olanların,,B1
olmasaydı,,B1
orası,,B1
patlama,,B1
porno,,B1
samsung,,B1
seviye,,B1
sitede,,B1
soruyorum,,B1
süreçte,,B1
sır,,B1
tahta,,B1
takma,,B1
tatmin,,B1
tim,,B1
uzmanı,,B1
vatandaş,,B1
verdiler,,B1
verelim,,B1
yavru,,B1
yazdım,,B1
yazılmış,,B1
zeka,,B1
zordur,,B1
çıkmaya,,B1
ölüme,,B1
öğrenim,,B1
şarj,,B1
adeta,,B1
akan,,B1
alanına,,B1
alevi,,B1
amca,,B1
arthur,,B1
artış,,B1
aslı,,B1
açlık,,B1
başkalarının,,B1
bedeli,,B1
bela,,B1
bildiğin,,B1
birde,,B1
bm,,B1
boyunda,,B1
bul,,B1
değiştirmek,,B1
dişi,,B1
duydum,,B1
düzeni,,B1
düşündüm,,B1
düşüyor,,B1
egemen,,B1
faydası,,B1
girdiği,,B1
görevden,,B1
görmezden,,B1
gösterilen,,B1
günümüze,,B1
haklarını,,B1
inceleme,,B1
iz,,B1
jüri,,B1
kalbim,,B1
kanalı,,B1
kapsamlı,,B1
kazan,,B1
kitapta,,B1
kişileri,,B1
komutan,,B1
kuşlar,,B1
kıymetli,,B1
ligde,,B1
mucize,,B1
müzesi,,B1
nakit,,B1
oluşturmak,,B1
oluşturulan,,B1
sayısını,,B1
söylemiş,,B1
tarihlerinde,,B1
tuz,,B1
uyan,,B1
uzakta,,B1
vahşi,,B1
verimli,,B1
vermez,,B1
walter,,B1
yaşasın,,B1
yönde,,B1
yı,,B1
çeker,,B1
özdemir,,B1
özgürlüğü,,B1
şirin,,B1
alınarak,,B1
alınır,,B1
aradan,,B1
araçları,,B1
arkasına,,B1
ağız,,B1
bakıyor,,B1
belge,,B1
beraberlik,,B1
birleşmiş,,B1
boşver,,B1
burun,,B1
carl,,B1
dostu,,B1
dönmek,,B1
emanet,,B1
endişe,,B1
eserleri,,B1
eskisi,,B1
ettiniz,,B1
ettiğiniz,,B1
evrensel,,B1
evvel,,B1
eyalet,,B1
gelişim,,B1
gerçekleştirildi,,B1
gerçekte,,B1
gördüğünüz,,B1
görme,,B1
görüntüleri,,B1
göt,,B1
he,,B1
hedefi,,B1
hikâye,,B1
huzurlu,,B1
hırsızlık,,B1
iklim,,B1
ila,,B1
istihdam,,B1
iyiyim,,B1
içmek,,B1
karı,,B1
karşısına,,B1
kasaba,,B1
konuş,,B1
kurtulmak,,B1
lakin,,B1
lezzetli,,B1
masaya,,B1
mimari,,B1
nihayet,,B1
oksijen,,B1
olana,,B1
olgun,,B1
olmamış,,B1
oluşturduğu,,B1
one,,B1
perde,,B1
polise,,B1
randevu,,B1
sabaha,,B1
sahneye,,B1
sağlayacak,,B1
seçme,,B1
sözde,,B1
sürecinde,,B1
sıklıkla,,B1
taşıma,,B1
türkmen,,B1
uzanan,,B1
will,,B1
yapayım,,B1
yarışma,,B1
yarışması,,B1
yayını,,B1
yöneticisi,,B1
yüzme,,B1
zamandan,,B1
çetin,,B1
çıkarma,,B1
öldürür,,B1
özellik,,B1
ücret,,B1
şahit,,B1
şeydir,,B1
acele,,B1
akşamı,,B1
albümü,,B1
altyapı,,B1
alırken,,B1
asgari,,B1
ateşi,,B1
açın,,B1
bakarak,,B1
başladılar,,B1
bekir,,B1
biber,,B1
bilinmeyen,,B1
birbirimize,,B1
birincisi,,B1
biriyim,,B1
biyolojik,,B1
blok,,B1
bolu,,B1
canın,,B1
dedik,,B1
detaylar,,B1
değişiklikler,,B1
durun,,B1
durup,,B1
düzeyde,,B1
efsane,,B1
esir,,B1
eşim,,B1
faaliyetleri,,B1
full,,B1
galibiyet,,B1
galip,,B1
gazeteciler,,B1
gelerek,,B1
gerçekleştirdi,,B1
geçtiği,,B1
gittikçe,,B1
görüntüler,,B1
güneşin,,B1
haziran'da,,B1
ileride,,B1
ilhan,,B1
izi,,B1
işareti,,B1
kafasını,,B1
karakteri,,B1
kaynaklar,,B1
kazanır,,B1
kevin,,B1
kodu,,B1
koruyucu,,B1
kurucu,,B1
kuruluşu,,B1
kırk,,B1
maksimum,,B1
merhamet,,B1
merkezli,,B1
parçalar,,B1
paylaşmak,,B1
potansiyel,,B1
rekabet,,B1
rekor,,B1
set,,B1
seçenek,,B1
seçimleri,,B1
sokağa,,B1
sürecek,,B1
sınıfta,,B1
tamamlandı,,B1
tedavisi,,B1
tersine,,B1
verilmiş,,B1
vermeden,,B1
yalancı,,B1
yaşındayken,,B1
yılan,,B1
ziya,,B1
çocukluk,,B1
albay,,B1
anlamıyla,,B1
arkadan,,B1
ağırlıklı,,B1
babanın,,B1
bahis,,B1
basınç,,B1
bağlantılı,,B1
başkanımız,,B1
başlamadan,,B1
berbat,,B1
beğendim,,B1
burdan,,B1
ciddiye,,B1
durumunu,,B1
duvara,,B1
edeceğim,,B1
edirne,,B1
elimizden,,B1
eric,,B1
ettikleri,,B1
ettin,,B1
gelişimi,,B1
gerilim,,B1
getirdiği,,B1
gri,,B1
görevleri,,B1
görüp,,B1
hdp,,B1
herkesten,,B1
ihsan,,B1
ilahi,,B1
ilköğretim,,B1
imha,,B1
inanç,,B1
istemiyor,,B1
içki,,B1
kader,,B1
kampanyası,,B1
konuşurken,,B1
koymak,,B1
koyup,,B1
kullanma,,B1
kullanmaya,,B1
kur,,B1
kutu,,B1
köpeği,,B1
kızların,,B1
makam,,B1
mimarlık,,B1
mücadelesi,,B1
nasılsın,,B1
noktaya,,B1
oktay,,B1
olabilecek,,B1
olacaksın,,B1
olayların,,B1
olmaktadır,,B1
olurken,,B1
olursunuz,,B1
polisler,,B1
saldırısı,,B1
seçimlerde,,B1
simon,,B1
sormak,,B1
soylu,,B1
sürer,,B1
sıraya,,B1
tanık,,B1
tarihin,,B1
toplanan,,B1
tr,,B1
ulaşmak,,B1
uygulanan,,B1
vatandaşı,,B1
verdiğini,,B1
yaralandı,,B1
yarışı,,B1
yetenek,,B1
yokmuş,,B1
çaba,,B1
çıkarken,,B1
üreten,,B1
ürünü,,B1
şehirler,,B1
şifre,,B1
ahşap,,B1
aklı,,B1
alay,,B1
alet,,B1
ar,,B1
aykırı,,B1
ayın,,B1
ağzını,,B1
başlıklı,,B1
belirgin,,B1
benziyor,,B1
bingöl,,B1
brian,,B1
bulunması,,B1
bunda,,B1
böylelikle,,B1
büyü,,B1
bırakır,,B1
cehenneme,,B1
cümle,,B1
dileriz,,B1
diyorsunuz,,B1
dk,,B1
dna,,B1
dolara,,B1
doları,,B1
duyan,,B1
edeceğini,,B1
eti,,B1
etmekten,,B1
evren,,B1
eşliğinde,,B1
faiz,,B1
feda,,B1
geceyi,,B1
gerektirir,,B1
gerçekleri,,B1
haftası,,B1
harf,,B1
havaya,,B1
hissi,,B1
ihtimal,,B1
istedikleri,,B1
iyisini,,B1
içecek,,B1
işlerini,,B1
justin,,B1
kafam,,B1
kaleme,,B1
kaçan,,B1
kurtarmak,,B1
kuruldu,,B1
kuvvetli,,B1
kılıçdaroğlu,,B1
link,,B1
listesinde,,B1
ma,,B1
maddeleri,,B1
manevi,,B1
maria,,B1
maçına,,B1
meydanı,,B1
meşgul,,B1
milletvekilleri,,B1
olabileceği,,B1
olanlara,,B1
oldugunu,,B1
olmaları,,B1
onda,,B1
onlarca,,B1
oscar,,B1
otele,,B1
protein,,B1
rahmet,,B1
rusya'nın,,B1
saldırdı,,B1
salon,,B1
sevdiğin,,B1
sevgilisi,,B1
soruları,,B1
suriyeli,,B1
tabiki,,B1
teker,,B1
telefonda,,B1
veli,,B1
vermeyi,,B1
vermiyor,,B1
virüs,,B1
yanıma,,B1
yapmaktadır,,B1
yapmıştır,,B1
yaşadı,,B1
yaşı,,B1
yüklü,,B1
yüzyılın,,B1
yıldızlar,,B1
çektiği,,B1
çevrimiçi,,B1
üsküdar,,B1
şeylerden,,B1
a.ş,,B1
adın,,B1
allah'tan,,B1
amerika'nın,,B1
anlatır,,B1
anneme,,B1
askerleri,,B1
ayrıntılı,,B1
babamın,,B1
başlattı,,B1
biten,,B1
bulunuyor,,B1
bursaspor,,B1
bıktım,,B1
charlie,,B1
damla,,B1
değilmiş,,B1
direktör,,B1
dondurma,,B1
duş,,B1
edebiyatı,,B1
elindeki,,B1
enerjisi,,B1
ertuğrul,,B1
etkinliği,,B1
etmiyorum,,B1
eylül'de,,B1
finansal,,B1
formu,,B1
fırtına,,B1
gelecekte,,B1
gelmişti,,B1
geçirdiği,,B1
haberdar,,B1
halini,,B1
hareketleri,,B1
hoşuma,,B1
icat,,B1
ihtiyaçları,,B1
iniş,,B1
ittifak,,B1
jandarma,,B1
kerim,,B1
kimliği,,B1
kimsin,,B1
kişilere,,B1
kocası,,B1
koltuk,,B1
kolu,,B1
konuyla,,B1
konuşmaya,,B1
kriz,,B1
kullanılması,,B1
kurallar,,B1
kutusu,,B1
lord,,B1
lüks,,B1
maya,,B1
maçını,,B1
memuru,,B1
mezar,,B1
miktar,,B1
mor,,B1
mutlak,,B1
müsait,,B1
nato,,B1
nihat,,B1
nisan'da,,B1
ofisi,,B1
olacaktı,,B1
olanak,,B1
oturan,,B1
paranın,,B1
parasını,,B1
paylaştı,,B1
plana,,B1
resimleri,,B1
saatler,,B1
sarhoş,,B1
say,,B1
sekreteri,,B1
silahlar,,B1
sn,,B1
soruyu,,B1
sınava,,B1
takdirde,,B1
taksim,,B1
tuvalet,,B1
ulaşan,,B1
uyumlu,,B1
vermesi,,B1
yalçın,,B1
yapacağım,,B1
yaratıcı,,B1
yazılan,,B1
yetenekli,,B1
yolla,,B1
yüzyıl,,B1
yıllara,,B1
çalış,,B1
çıkaran,,B1
çıkmaz,,B1
çıkışı,,B1
öldürdü,,B1
önlemek,,B1
öylesine,,B1
şeref,,B1
şuraya,,B1
ahlak,,B1
ahmed,,B1
aksu,,B1
altını,,B1
ateşe,,B1
açtığı,,B1
bahçesi,,B1
balığı,,B1
başlamıştı,,B1
bebeğin,,B1
biliyorsunuz,,B1
birbirini,,B1
birinden,,B1
bitmiş,,B1
boyutlu,,B1
boşuna,,B1
buçuk,,B1
büyüme,,B1
bıçak,,B1
dedin,,B1
demokrat,,B1
değerleri,,B1
dinleyin,,B1
dizinin,,B1
duman,,B1
durumuna,,B1
dünyadan,,B1
düşmanı,,B1
düşünür,,B1
edilecek,,B1
elma,,B1
es,,B1
fayda,,B1
gelene,,B1
geliyoruz,,B1
gelişen,,B1
gibiyim,,B1
giderim,,B1
grupları,,B1
hastalıkları,,B1
inanın,,B1
inkar,,B1
istiyorlar,,B1
içerik,,B1
içini,,B1
jim,,B1
kadrosu,,B1
kafasına,,B1
kaldırıldı,,B1
kalması,,B1
kampanya,,B1
kazandığı,,B1
keşif,,B1
komedi,,B1
korkma,,B1
kraliçesi,,B1
kötüsü,,B1
kızla,,B1
louis,,B1
makale,,B1
man,,B1
mezunu,,B1
microsoft,,B1
my,,B1
namazı,,B1
olaya,,B1
olduğumuzu,,B1
ozan,,B1
parayla,,B1
pratik,,B1
saatlik,,B1
savunan,,B1
seferinde,,B1
sola,,B1
sordum,,B1
sorumluluk,,B1
sırrı,,B1
teknolojisi,,B1
teşkilatı,,B1
uçan,,B1
verebilir,,B1
vermedi,,B1
voleybol,,B1
yakalandı,,B1
yaptığın,,B1
yazmış,,B1
yetersiz,,B1
yokken,,B1
yüze,,B1
zorlu,,B1
çıkarak,,B1
çıkarılan,,B1
çıkarıp,,B1
önemlisi,,B1
ötesinde,,B1
öyleyse,,B1
öztürk,,B1
ünal,,B1
af,,B1
ajansı,,B1
analizi,,B1
anlamsız,,B1
anlık,,B1
aramak,,B1
arslan,,B1
artıyor,,B1
atıp,,B1
açıkçası,,B1
başlayıp,,B1
bekleme,,B1
birbirimizi,,B1
bodrum,,B1
bulmuş,,B1
cihaz,,B1
delil,,B1
devlete,,B1
deyip,,B1
elektrikli,,B1
eleştiri,,B1
elle,,B1
ellerini,,B1
emeği,,B1
etkileyici,,B1
evimde,,B1
fakir,,B1
faruk,,B1
festival,,B1
gibiydi,,B1
gönderildi,,B1
görelim,,B1
görünür,,B1
hazine,,B1
holding,,B1
ihbar,,B1
iktidara,,B1
istiyorsunuz,,B1
izleyin,,B1
kala,,B1
kaleci,,B1
kardeşler,,B1
kaybettik,,B1
kazası,,B1
koku,,B1
konferans,,B1
kullan,,B1
kurulması,,B1
kuruluşları,,B1
madalya,,B1
mekanik,,B1
milletler,,B1
muazzam,,B1
muhafaza,,B1
nazım,,B1
nuri,,B1
olduğunuzu,,B1
pamuk,,B1
paraya,,B1
peynir,,B1
ruhunu,,B1
saate,,B1
sandalye,,B1
savcı,,B1
sağa,,B1
sezonun,,B1
sisteminde,,B1
sorusu,,B1
sözleşmesi,,B1
sınavı,,B1
tanrı'nın,,B1
tarihinden,,B1
tarihsel,,B1
tarihten,,B1
telefonun,,B1
tıklayın,,B1
uygulamalar,,B1
varım,,B1
versin,,B1
vur,,B1
washington,,B1
yaptınız,,B1
yapıyorsun,,B1
yenileme,,B1
yorumu,,B1
yüzyılda,,B1
zam,,B1
çalıştım,,B1
çerçevesinde,,B1
öbür,,B1
öldüğü,,B1
ömrü,,B1
özeti,,B1
öğrencilerin,,B1
üyeler,,B1
üzgünüm,,B1
adamsın,,B1
aklını,,B1
alev,,B1
annenin,,B1
arabistan,,B1
aracın,,B1
arif,,B1
atma,,B1
attım,,B1
atıldı,,B1
barajı,,B1
baya,,B1
başlandı,,B1
bildirdi,,B1
boktan,,B1
buluyor,,B1
böcek,,B1
canımı,,B1
cihazı,,B1
daim,,B1
danışmanı,,B1
dayanarak,,B1
demiştim,,B1
dergi,,B1
dersler,,B1
destekleyen,,B1
devletler,,B1
diyanet,,B1
dönemine,,B1
düşünme,,B1
elif,,B1
endüstriyel,,B1
etmedi,,B1
fikret,,B1
fiyat,,B1
ge,,B1
geleceğin,,B1
gelirken,,B1
geliştirilen,,B1
gelmeden,,B1
getiriyor,,B1
gittik,,B1
golü,,B1
haftanın,,B1
haricinde,,B1
hayali,,B1
hazırladığı,,B1
ibn,,B1
ifadesi,,B1
indirim,,B1
ini,,B1
insanlığın,,B1
inönü,,B1
ispanya,,B1
istemiyoruz,,B1
izmir'in,,B1
japonya,,B1
jones,,B1
kahverengi,,B1
kalkan,,B1
kararını,,B1
kavramı,,B1
kazanma,,B1
konularda,,B1
kurumları,,B1
kömür,,B1
köprüsü,,B1
köyünde,,B1
kısmen,,B1
macera,,B1
mahkemeye,,B1
miktarı,,B1
miras,,B1
mühendisleri,,B1
mıyım,,B1
okulları,,B1
olabilirim,,B1
olacağına,,B1
olsan,,B1
oynamaya,,B1
pc,,B1
puanı,,B1
sı,,B1
tarafına,,B1
tavan,,B1
tekirdağ,,B1
telefonla,,B1
teşhis,,B1
türklerin,,B1
türkü,,B1
ucu,,B1
vesile,,B1
villa,,B1
yapmaktan,,B1
yatan,,B1
yaşamış,,B1
zamanki,,B1
çıktım,,B1
öldüren,,B1
öteki,,B1
özet,,B1
üniversiteye,,B1
üyelerinin,,B1
ı'm,,B1
ınstagram,,B1
ıslak,,B1
ııı,,B1
şimdiki,,B1
şükürler,,B1
şık,,B1
adem,,B1
alarm,,B1
amin,,B1
anlıyorum,,B1
asil,,B1
bağlıdır,,B1
başlayarak,,B1
başlıca,,B1
belirsiz,,B1
bileyim,,B1
birbirlerini,,B1
borcu,,B1
bölgelerde,,B1
chp'nin,,B1
city,,B1
dayanışma,,B1
demeye,,B1
derse,,B1
dönüşü,,B1
dünyasında,,B1
ediyorsunuz,,B1
ee,,B1
ekonomisi,,B1
etmenin,,B1
fatma,,B1
fuat,,B1
geleceğe,,B1
gelmeye,,B1
girişi,,B1
gittin,,B1
gizlice,,B1
go,,B1
gönderilen,,B1
görüntüsü,,B1
gözle,,B1
hay,,B1
hazırız,,B1
ilim,,B1
ilki,,B1
ilçesine,,B1
imkanı,,B1
isminin,,B1
israil'in,,B1
iste,,B1
kapıda,,B1
kaybettim,,B1
kazandım,,B1
kendimize,,B1
kentin,,B1
konuya,,B1
konuşması,,B1
lig'de,,B1
maçları,,B1
nasil,,B1
oyna,,B1
oyuncuları,,B1
paketi,,B1
pas,,B1
paylaşım,,B1
payı,,B1
portakal,,B1
programına,,B1
sayıları,,B1
sebeple,,B1
selamlar,,B1
seviyesi,,B1
seçimler,,B1
simdi,,B1
sinyal,,B1
sizlerle,,B1
suda,,B1
sudan,,B1
suresi,,B1
tekne,,B1
televizyonda,,B1
tesadüf,,B1
türleri,,B1
verileri,,B1
verilmesi,,B1
victor,,B1
yanındaki,,B1
yanından,,B1
yaparlar,,B1
yapıyorsunuz,,B1
yaşındayım,,B1
yerim,,B1
zemin,,B1
çanta,,B1
çocuklarını,,B1
çorum,,B1
ücretli,,B1
ülkemizin,,B1
üniversitesi'nde,,B1
şube,,B1
3d,,B1
aksiyon,,B1
almanca,,B1
almıştı,,B1
anlamında,,B1
anlaşması,,B1
anneler,,B1
artı,,B1
aşağıya,,B1
bank,,B1
başkaları,,B1
başkasının,,B1
başkent,,B1
başım,,B1
belgesel,,B1
beğeni,,B1
bildiğimiz,,B1
bilgiyi,,B1
bilmeyen,,B1
boru,,B1
bulun,,B1
bunlarla,,B1
bölgesine,,B1
böylesi,,B1
cd,,B1
cevabını,,B1
dedektif,,B1
deneyin,,B1
değilsiniz,,B1
ediyorsun,,B1
efendimiz,,B1
elimi,,B1
elit,,B1
ellerinde,,B1
etkiler,,B1
etnik,,B1
ettiğin,,B1
gecede,,B1
geldiniz,,B1
geminin,,B1
gerçekçi,,B1
getirilen,,B1
gruplar,,B1
görevli,,B1
hakkın,,B1
hapse,,B1
hayatımı,,B1
heyecanlı,,B1
ibadet,,B1
istasyonu,,B1
izledim,,B1
izleme,,B1
izlemeye,,B1
içe,,B1
işleme,,B1
kanat,,B1
kek,,B1
kenti,,B1
keyfi,,B1
kilit,,B1
kitabını,,B1
koru,,B1
kpss,,B1
kraliyet,,B1
kullanıldığı,,B1
kullanır,,B1
kıyafet,,B1
kışın,,B1
liman,,B1
mekan,,B1
modelleri,,B1
müslümanların,,B1
müze,,B1
nehir,,B1
noel,,B1
olimpiyat,,B1
oluşturur,,B1
piç,,B1
rezil,,B1
rose,,B1
se,,B1
sel,,B1
senaryo,,B1
seçilmiş,,B1
sözlü,,B1
takımları,,B1
tasarlanmış,,B1
taşır,,B1
teşkil,,B1
topla,,B1
tv'de,,B1
vekili,,B1
vermiştir,,B1
videoyu,,B1
volkan,,B1
yaparız,,B1
yapsın,,B1
yasası,,B1
yazıp,,B1
yaşadım,,B1
yeteneği,,B1
yetmez,,B1
yu,,B1
yüzüme,,B1
çatı,,B1
çiçekler,,B1
örnekleri,,B1
öykü,,B1
özlem,,B1
üzüldüm,,B1
şahane,,B1
aileler,,B1
anlamaya,,B1
anlayışı,,B1
anlaşılan,,B1
atmaya,,B1
ayet,,B1
ayrılır,,B1
bahçe,,B1
bahçeli,,B1
başbakanlık,,B1
bedelini,,B1
biçim,,B1
boşluk,,B1
buluşma,,B1
buyrun,,B1
bölgeyi,,B1
büyüyen,,B1
cemil,,B1
cinsiyet,,B1
dediğini,,B1
dilde,,B1
durdu,,B1
dışarıdan,,B1
elime,,B1
erkan,,B1
etkisini,,B1
etmekte,,B1
etmem,,B1
eşcinsel,,B1
fiyata,,B1
galaxy,,B1
gazı,,B1
gelmesini,,B1
gerekmektedir,,B1
getirecek,,B1
geçerken,,B1
gitmeye,,B1
haftasında,,B1
havuz,,B1
hepinize,,B1
hop,,B1
iktidarı,,B1
iri,,B1
istersin,,B1
içeride,,B1
kadarıyla,,B1
kalkıp,,B1
kamyon,,B1
katili,,B1
kaybetmiş,,B1
klip,,B1
konular,,B1
kötülük,,B1
leyla,,B1
ligin,,B1
listede,,B1
love,,B1
mantık,,B1
mecbur,,B1
men,,B1
menderes,,B1
mesut,,B1
muharrem,,B1
mutsuz,,B1
olman,,B1
olmazdı,,B1
olursan,,B1
oluşmaktadır,,B1
ortağı,,B1
planları,,B1
ramazan,,B1
sanatı,,B1
sayısının,,B1
seçkin,,B1
sokaklarda,,B1
sonbahar,,B1
sorumlusu,,B1
stres,,B1
sırasıyla,,B1
sırt,,B1
taciz,,B1
talebi,,B1
tanışmak,,B1
tuttu,,B1
tutun,,B1
tutuyor,,B1
ulu,,B1
up,,B1
yapının,,B1
yazıları,,B1
yaşamın,,B1
yetkili,,B1
yorumlar,,B1
yücel,,B1
çıkarsa,,B1
öldürmek,,B1
önder,,B1
ülkedeki,,B1
üvey,,B1
şahıs,,B1
şiirler,,B1
şişli,,B1
adının,,B1
albert,,B1
arkadaşlık,,B1
atanan,,B1
avuç,,B1
ayırt,,B1
ağı,,B1
bayılıyorum,,B1
başkasına,,B1
besin,,B1
bildiğiniz,,B1
birilerinin,,B1
bitecek,,B1
black,,B1
bulunmayan,,B1
buralarda,,B1
bütçe,,B1
bırakan,,B1
coğrafya,,B1
denizi,,B1
direniş,,B1
disk,,B1
donald,,B1
dostlar,,B1
doğruyu,,B1
durmadan,,B1
dövüş,,B1
düşünüyoruz,,B1
edward,,B1
eller,,B1
esmer,,B1
esnaf,,B1
etkisiz,,B1
firması,,B1
girerek,,B1
hareketli,,B1
hatası,,B1
hoşgeldin,,B1
iktisadi,,B1
ilde,,B1
ilerleme,,B1
izler,,B1
işimiz,,B1
jackson,,B1
kahramanmaraş,,B1
kanıt,,B1
kapıları,,B1
karaman,,B1
karşıtı,,B1
kas,,B1
katlı,,B1
kaybetmek,,B1
kimseyle,,B1
konulu,,B1
kullanılmış,,B1
kürdistan,,B1
kütahya,,B1
ligi'nde,,B1
manyak,,B1
motorlu,,B1
muhalif,,B1
olabilirsiniz,,B1
olmanız,,B1
piyano,,B1
pop,,B1
psikoloji,,B1
robot,,B1
röportaj,,B1
saklı,,B1
saldırıda,,B1
satılık,,B1
sensiz,,B1
sevmiyorum,,B1
seçimlerinde,,B1
smith,,B1
sporcu,,B1
tanınan,,B1
tarihini,,B1
tekrardan,,B1
türkiye'den,,B1
umrumda,,B1
uyar,,B1
verdiğin,,B1
yanıyor,,B1
yapacağı,,B1
yöntemleri,,B1
yürütme,,B1
yürüyüş,,B1
çalışıyorlar,,B1
çoğunluğu,,B1
çıkardığı,,B1
öfke,,B1
ölümcül,,B1
önünden,,B1
ülkemizde,,B1
üzücü,,B1
şubesi,,B1
aileleri,,B1
akla,,B1
alice,,B1
anlamını,,B1
anılan,,B1
aranan,,B1
arkada,,B1
artar,,B1
atama,,B1
atmış,,B1
açıklamada,,B1
ağrısı,,B1
ağustos'ta,,B1
baskın,,B1
başımıza,,B1
benzeyen,,B1
bitiyor,,B1
bonus,,B1
boğaziçi,,B1
bulamadım,,B1
bölümüne,,B1
celal,,B1
cemaat,,B1
dayanan,,B1
dağı,,B1
deney,,B1
deyince,,B1
değiştirdi,,B1
dilini,,B1
döndüm,,B1
dünya'nın,,B1
elimizde,,B1
elizabeth,,B1
elleri,,B1
etkisiyle,,B1
fiyatı,,B1
fransızca,,B1
gelenler,,B1
getir,,B1
geçmeden,,B1
geçtim,,B1
gizemli,,B1
göl,,B1
güzelim,,B1
güzelsin,,B1
haksızlık,,B1
halkına,,B1
ham,,B1
hayvanların,,B1
heyeti,,B1
ilgisini,,B1
inanmak,,B1
ingiltere'de,,B1
içeriği,,B1
ka,,B1
kaplan,,B1
kapsayan,,B1
kargo,,B1
katılıyorum,,B1
kaynaklı,,B1
kayıtlı,,B1
kazanmış,,B1
kenarında,,B1
kentinde,,B1
kira,,B1
komitesi,,B1
koyan,,B1
koydum,,B1
markası,,B1
mağdur,,B1
mermi,,B1
mevsim,,B1
mutfak,,B1
neticesinde,,B1
nüfusu,,B1
olayım,,B1
oranında,,B1
organizasyon,,B1
oğlunun,,B1
partiye,,B1
pencere,,B1
pirinç,,B1
polat,,B1
radikal,,B1
resmini,,B1
resmî,,B1
sabahın,,B1
sanatlar,,B1
savaşçı,,B1
sedat,,B1
senedir,,B1
sevinirim,,B1
sezonda,,B1
sms,,B1
so,,B1
ss,,B1
sürücü,,B1
tanımak,,B1
tesisleri,,B1
transferi,,B1
tutup,,B1
vadisi,,B1
yarattığı,,B1
yarısını,,B1
yatakta,,B1
yazarlar,,B1
yazılar,,B1
yazılır,,B1
yo,,B1
york'ta,,B1
yuvarlak,,B1
yüzey,,B1
zararı,,B1
zehir,,B1
çekildi,,B1
çekilmiş,,B1
öncü,,B1
şarkıcı,,B1
affet,,B1
alanlarında,,B1
aldıktan,,B1
aldığımız,,B1
all,,B1
alıcı,,B1
andan,,B1
anonim,,B1
aralar,,B1
araçlar,,B1
arıyoruz,,B1
atar,,B1
ayni,,B1
baraj,,B1
bağış,,B1
başarısı,,B1
başarıyla,,B1
başvuru,,B1
bilişim,,B1
burayı,,B1
büyüktür,,B1
cephe,,B1
club,,B1
coğrafi,,B1
dede,,B1
demet,,B1
devreye,,B1
devri,,B1
değişimi,,B1
değişiyor,,B1
doktoru,,B1
dul,,B1
durmak,,B1
durumlar,,B1
düzenledi,,B1
edebilirsiniz,,B1
edemez,,B1
ellerine,,B1
elli,,B1
endüstri,,B1
epey,,B1
etkileşim,,B1
ettiğimiz,,B1
evim,,B1
eşya,,B1
fare,,B1
fragmanı,,B1
gelişmeler,,B1
gerekiyordu,,B1
getirin,,B1
gezegen,,B1
geçmesi,,B1
göztepe,,B1
güçler,,B1
haberim,,B1
hastası,,B1
hayvanları,,B1
hizmetler,,B1
ideal,,B1
islâm,,B1
ispanyol,,B1
istemem,,B1
işlemleri,,B1
işsizlik,,B1
jason,,B1
kalmayacak,,B1
kararlar,,B1
kararlı,,B1
keyfini,,B1
kitle,,B1
klinik,,B1
koalisyon,,B1
konuları,,B1
konut,,B1
korusun,,B1
kullanıcılar,,B1
kök,,B1
köpekler,,B1
meb,,B1
merkeze,,B1
mıydı,,B1
nde,,B1
odada,,B1
odasında,,B1
odaya,,B1
olağan,,B1
olmadığına,,B1
oluyoruz,,B1
oyu,,B1
platform,,B1
ryan,,B1
sahaya,,B1
sahnede,,B1
sayısal,,B1
sergi,,B1
sesle,,B1
seçildi,,B1
solunum,,B1
suikast,,B1
söyleyecek,,B1
takibi,,B1
takımda,,B1
tanımı,,B1
tatlım,,B1
tekniği,,B1
tepe,,B1
teyze,,B1
toplantısında,,B1
topluluğu,,B1
ukrayna,,B1
unutulmaz,,B1
uyu,,B1
uşak,,B1
vazgeçilmez,,B1
verdiğiniz,,B1
verilecek,,B1
with,,B1
yakınlarında,,B1
yapacağını,,B1
yapmanız,,B1
yarattı,,B1
yazarın,,B1
yepyeni,,B1
young,,B1
yurdu,,B1
yönetmeni,,B1
yürü,,B1
yıla,,B1
çamaşır,,B1
çağrısı,,B1
çekmeye,,B1
çıkarın,,B1
ödülleri,,B1
ölümünden,,B1
örümcek,,B1
özelliklerini,,B1
ısrar,,B1
şiiri,,B1
şükrü,,B1
acımasız,,B1
adi,,B1
akar,,B1
alanın,,B1
almanya'nın,,B1
anki,,B1
arkadaşın,,B1
atış,,B1
ayrılmış,,B1
açılmış,,B1
bahane,,B1
baktı,,B1
bakırköy,,B1
başkanlığına,,B1
başkanlığında,,B1
başlı,,B1
bedel,,B1
benzin,,B1
bileti,,B1
bilge,,B1
bilirsiniz,,B1
bitirdi,,B1
bulunmuş,,B1
böylesine,,B1
detay,,B1
devletinin,,B1
değiştirme,,B1
domuz,,B1
doğmuş,,B1
duyar,,B1
döneme,,B1
dönme,,B1
edersin,,B1
ekrem,,B1
erdal,,B1
etmesine,,B1
evinin,,B1
eşsiz,,B1
fotoğrafını,,B1
gününe,,B1
hafıza,,B1
hareketler,,B1
hesaba,,B1
ilkokul,,B1
istediklerini,,B1
iğne,,B1
kaplı,,B1
karşılığını,,B1
kategorisinde,,B1
kendiniz,,B1
kişiyle,,B1
komünist,,B1
kongresi,,B1
konuşmayı,,B1
kudüs,,B1
kullanıyorum,,B1
kurumsal,,B1
kürtçe,,B1
meksika,,B1
mide,,B1
milleti,,B1
mit,,B1
muhtemel,,B1
nick,,B1
o'nun,,B1
odasına,,B1
olursak,,B1
oran,,B1
papa,,B1
partiler,,B1
platformu,,B1
post,,B1
pro,,B1
profil,,B1
pınar,,B1
riski,,B1
robin,,B1
sade,,B1
sandık,,B1
sandım,,B1
sanıyor,,B1
sağol,,B1
seviyede,,B1
sevmem,,B1
sisteme,,B1
tabanlı,,B1
taksi,,B1
tanıdık,,B1
tatile,,B1
taşıyor,,B1
teorik,,B1
tff,,B1
trump,,B1
uç,,B1
verdiğimiz,,B1
verilerine,,B1
veririm,,B1
verirken,,B1
yaratan,,B1
yaşadığım,,B1
yem,,B1
yemekleri,,B1
yoksun,,B1
yürürlüğe,,B1
ziyareti,,B1
çalan,,B1
çalışmış,,B1
çoğunu,,B1
çıkmıştır,,B1
üzüm,,B1
şehrinde,,B1
şiddetle,,B1
şimşek,,B1
akım,,B1
aldıkları,,B1
alınmıştır,,B1
amiral,,B1
anlaşmaya,,B1
anma,,B1
arzu,,B1
avusturya,,B1
ayna,,B1
babasını,,B1
bağımsızlık,,B1
başaran,,B1
başla,,B1
başlıyoruz,,B1
bel,,B1
belirlemek,,B1
bilmez,,B1
birşeyler,,B1
bitince,,B1
bot,,B1
bölgesindeki,,B1
bölümleri,,B1
bırakıldı,,B1
cerrahi,,B1
cıa,,B1
dakikalık,,B1
depolama,,B1
detayları,,B1
dilek,,B1
dinleme,,B1
dinliyorum,,B1
diyebilirim,,B1
donanım,,B1
doğrudur,,B1
ekstra,,B1
erkekleri,,B1
eserler,,B1
eşitlik,,B1
faydalı,,B1
filminin,,B1
finans,,B1
ford,,B1
gecelik,,B1
giderse,,B1
gitmesi,,B1
global,,B1
gruba,,B1
gücüne,,B1
güzeli,,B1
haftadır,,B1
haydar,,B1
hitler,,B1
ikisinin,,B1
infaz,,B1
ip,,B1
kanada,,B1
kanseri,,B1
kes,,B1
kesip,,B1
komuta,,B1
kurulmuştur,,B1
kuruş,,B1
kökenli,,B1
küçükken,,B1
lık,,B1
malum,,B1
manzara,,B1
may,,B1
mesleki,,B1
modeller,,B1
mühendis,,B1
neşeli,,B1
noktaları,,B1
olmadığından,,B1
onlarda,,B1
oradaki,,B1
oynadı,,B1
panik,,B1
parti'nin,,B1
problemi,,B1
referans,,B1
roger,,B1
saçlı,,B1
sence,,B1
sendromu,,B1
sessizce,,B1
sistemler,,B1
sorusuna,,B1
soruyor,,B1
sosyalist,,B1
sunar,,B1
sunulan,,B1
söyleme,,B1
söyleyerek,,B1
tarafsız,,B1
tayin,,B1
temeli,,B1
tenis,,B1
terfi,,B1
türden,,B1
uzaklıkta,,B1
vakıf,,B1
vereceğim,,B1
world,,B1
yakınında,,B1
yanınızda,,B1
yapıya,,B1
yayıncılık,,B1
yağlı,,B1
yedim,,B1
yönetiminde,,B1
zihinsel,,B1
zirve,,B1
çare,,B1
çıktık,,B1
çıktığını,,B1
ölüyor,,B1
öğrencilere,,B1
şarkısını,,B1
abla,,B1
adası,,B1
adlandırılan,,B1
altıncı,,B1
anahtarı,,B1
atilla,,B1
ayağı,,B1
ayhan,,B1
aynısını,,B1
açma,,B1
açısı,,B1
ağzından,,B1
ağırlığı,,B1
baz,,B1
bebeği,,B1
belgesi,,B1
belirlenen,,B1
beslenme,,B1
bilemiyorum,,B1
bizans,,B1
bozukluğu,,B1
bruce,,B1
bulduk,,B1
bölümünden,,B1
cihan,,B1
dağıtım,,B1
dediğimiz,,B1
delikanlı,,B1
destekli,,B1
değerlendirme,,B1
doldu,,B1
dursun,,B1
dönmüş,,B1
dönüşüm,,B1
engellemek,,B1
evleri,,B1
eğitime,,B1
eğitimini,,B1
forvet,,B1
futbolu,,B1
gb,,B1
girmeye,,B1
gölü,,B1
görevine,,B1
gözlem,,B1
gözlerin,,B1
havaalanı,,B1
hediyesi,,B1
hepinizi,,B1
herif,,B1
hint,,B1
home,,B1
hong,,B1
imkânı,,B1
içme,,B1
jane,,B1
kadroya,,B1
kalbin,,B1
kelebek,,B1
kiraz,,B1
konak,,B1
kontrolünü,,B1
korunması,,B1
kütüphane,,B1
kılan,,B1
kıyasla,,B1
lafı,,B1
maddenin,,B1
mektubu,,B1
mert,,B1
nedense,,B1
ofis,,B1
okur,,B1
olaydan,,B1
olmamız,,B1
ortamı,,B1
oturma,,B1
paris'te,,B1
pay,,B1
pislik,,B1
saatlerde,,B1
saattir,,B1
sarah,,B1
savaştan,,B1
sayısız,,B1
sesin,,B1
sevk,,B1
seyirci,,B1
seyirler,,B1
sezen,,B1
sezonunda,,B1
seçime,,B1
sözlerini,,B1
sırası,,B1
taklit,,B1
tarık,,B1
ted,,B1
that,,B1
this,,B1
turkey,,B1
utanç,,B1
uygulamaya,,B1
verdikleri,,B1
yatağa,,B1
yağış,,B1
yeraltı,,B1
zehirli,,B1
zirveye,,B1
çeviren,,B1
çiftlik,,B1
çıkabilir,,B1
özcan,,B1
üniversitede,,B1
şefi,,B1
şiirleri,,B1
abd'ye,,B1
ailem,,B1
andrew,,B1
arkadaşını,,B1
aydınlık,,B1
ayının,,B1
ağzı,,B1
bakır,,B1
bambaşka,,B1
başlık,,B1
beklenmedik,,B1
bilgiye,,B1
birisini,,B1
biçimi,,B1
bombası,,B1
brezilya,,B1
bugünün,,B1
bulduğu,,B1
bölgelerinde,,B1
cafe,,B1
danışma,,B1
desteğini,,B1
desteğiyle,,B1
divan,,B1
diyeceğim,,B1
diyordu,,B1
doku,,B1
durumdan,,B1
durur,,B1
düşüncesi,,B1
düşünmeden,,B1
dışarıya,,B1
ebru,,B1
edecektir,,B1
eger,,B1
ekrana,,B1
eleman,,B1
emine,,B1
etkinlikleri,,B1
etmeyen,,B1
evinize,,B1
eylemi,,B1
fikrini,,B1
firma,,B1
flash,,B1
fox,,B1
gelirim,,B1
geliyordu,,B1
gençlerin,,B1
görecek,,B1
görülebilir,,B1
gülen,,B1
güzelliği,,B1
haritası,,B1
havacılık,,B1
hepsine,,B1
hesabını,,B1
ihlal,,B1
ilçede,,B1
içerde,,B1
içimden,,B1
kafamı,,B1
kapat,,B1
karma,,B1
katılımıyla,,B1
kaynaklanan,,B1
konusundaki,,B1
kuşu,,B1
kırdı,,B1
kırsal,,B1
lara,,B1
lazer,,B1
liderlik,,B1
mason,,B1
ms,,B1
muhabbet,,B1
mübarek,,B1
noktasına,,B1
okumaya,,B1
olaylara,,B1
otur,,B1
patrick,,B1
puanla,,B1
reis,,B1
rejim,,B1
saatten,,B1
selahattin,,B1
selçuklu,,B1
serkan,,B1
sesler,,B1
sevgililer,,B1
sevilen,,B1
seçimde,,B1
tag,,B1
tamamını,,B1
taraflı,,B1
taraftar,,B1
taylor,,B1
vereyim,,B1
verilmektedir,,B1
vermeyin,,B1
versiyonu,,B1
yaparsan,,B1
yaptıktan,,B1
yarısında,,B1
yasağı,,B1
yayınladı,,B1
yazıyorum,,B1
yaşadığımız,,B1
yaşamayı,,B1
yaşandı,,B1
yeme,,B1
çekimi,,B1
çektim,,B1
çorba,,B1
çıkın,,B1
ötesi,,B1
öğretmenlik,,B1
ülkemiz,,B1
üzeri,,B1
ısparta,,B1
ışid,,B1
şahsen,,B1
şartlar,,B1
adamların,,B1
adayları,,B1
ailesini,,B1
akp'nin,,B1
almaz,,B1
amasya,,B1
ankara'ya,,B1
anket,,B1
araştırmaları,,B1
ardında,,B1
açılır,,B1
ağlama,,B1
bacak,,B1
bağlayan,,B1
başkalarına,,B1
başlığı,,B1
beklerken,,B1
benimki,,B1
buğday,,B1
bırakıyorum,,B1
cc,,B1
dal,,B1
derdim,,B1
deyişle,,B1
dick,,B1
diyecek,,B1
dizide,,B1
duyduğu,,B1
duygular,,B1
duyguları,,B1
düştüğü,,B1
edeyim,,B1
erkeği,,B1
ettikten,,B1
eşyaları,,B1
fan,,B1
favori,,B1
fenerbahçe'nin,,B1
filminde,,B1
finale,,B1
galatasaray'ın,,B1
geldiler,,B1
geçmişe,,B1
girmesi,,B1
golf,,B1
gökyüzü,,B1
gölge,,B1
güneydoğu,,B1
haliyle,,B1
halı,,B1
havası,,B1
hiçbiri,,B1
ilacı,,B1
im,,B1
itaat,,B1
johnny,,B1
kalmaya,,B1
kap,,B1
karbon,,B1
kastamonu,,B1
kendimden,,B1
kentsel,,B1
kesme,,B1
king,,B1
komutanlığı,,B1
kopya,,B1
koruyan,,B1
kurgu,,B1
kurma,,B1
kül,,B1
kıyamet,,B1
mahallesinde,,B1
malzemeleri,,B1
marşı,,B1
matt,,B1
meme,,B1
muhtaç,,B1
muyum,,B1
mıyız,,B1
nişan,,B1
okurken,,B1
osmaniye,,B1
oynama,,B1
oynar,,B1
partili,,B1
planlanan,,B1
rap,,B1
renkleri,,B1
saadet,,B1
sabır,,B1
sarayı,,B1
sağlıyor,,B1
sistemde,,B1
siteye,,B1
sonunu,,B1
sorma,,B1
söylenen,,B1
söyleyeyim,,B1
sözcüsü,,B1
sıkça,,B1
tak,,B1
taner,,B1
tersi,,B1
tez,,B1
toplumu,,B1
unut,,B1
uslu,,B1
veriler,,B1
videoları,,B1
vincent,,B1
vuran,,B1
vücudu,,B1
yaklaşım,,B1
yapanlar,,B1
yağı,,B1
yiğit,,B1
your,,B1
yukarıdaki,,B1
zahmet,,B1
zararlı,,B1
zavallı,,B1
zonguldak,,B1
âşık,,B1
çalıştığını,,B1
çalışın,,B1
çağ,,B1
çevresi,,B1
çifte,,B1
çıkarır,,B1
çıkmadı,,B1
öldürülen,,B1
önemini,,B1
ülkelere,,B1
ülkesinde,,B1
üçlü,,B1
üçte,,B1
akademi,,B1
akciğer,,B1
aldın,,B1
allah'ım,,B1
anasını,,B1
anlarsın,,B1
aylar,,B1
bakınca,,B1
bağı,,B1
başak,,B1
başlangıçta,,B1
bekleyin,,B1
belediyespor,,B1
birimleri,,B1
bit,,B1
bitmedi,,B1
bravo,,B1
buda,,B1
bulamıyorum,,B1
bulma,,B1
bulunmamaktadır,,B1
dave,,B1
delik,,B1
derdin,,B1
devasa,,B1
diri,,B1
dolusu,,B1
dostlarım,,B1
durma,,B1
düşünerek,,B1
ederseniz,,B1
edilmesini,,B1
etmeli,,B1
evlenme,,B1
evrenin,,B1
evrim,,B1
fabrika,,B1
fi,,B1
futbolcular,,B1
geçirildi,,B1
giyim,,B1
grand,,B1
görün,,B1
gözlü,,B1
göçmen,,B1
gücünün,,B1
halbuki,,B1
hatip,,B1
hayati,,B1
hedefe,,B1
helal,,B1
hükümetin,,B1
ilave,,B1
isteriz,,B1
izliyor,,B1
izmit,,B1
işlerin,,B1
kapasitesi,,B1
kapağı,,B1
karayolu,,B1
kasa,,B1
katılımcı,,B1
kavram,,B1
kazanıyor,,B1
kelly,,B1
kendisiyle,,B1
konumu,,B1
korumaya,,B1
kullanmayı,,B1
köyde,,B1
lerde,,B1
lerin,,B1
monte,,B1
mülteci,,B1
o'na,,B1
olmamalı,,B1
olsaydım,,B1
oluyorsun,,B1
pantolon,,B1
penaltı,,B1
programın,,B1
programını,,B1
rick,,B1
sahnesi,,B1
saniyede,,B1
sessizlik,,B1
soyadı,,B1
sun,,B1
super,,B1
susan,,B1
sünnet,,B1
tahrik,,B1
tatili,,B1
time,,B1
uyanık,,B1
vereceğiz,,B1
vermişti,,B1
yapamaz,,B1
yatay,,B1
yazım,,B1
yerle,,B1
yetki,,B1
yüksekokulu,,B1
yüzlü,,B1
yüzünde,,B1
çaldı,,B1
çalışanlar,,B1
çavuş,,B1
çevresel,,B1
çocuğunu,,B1
çıkıyorum,,B1
özkan,,B1
öğretmenleri,,B1
ülkü,,B1
şov,,B1
acilen,,B1
aklımda,,B1
anal,,B1
angeles,,B1
aradım,,B1
arasındadır,,B1
arkadaşlarının,,B1
avukatı,,B1
aya,,B1
ayar,,B1
azgın,,B1
açıklamalar,,B1
açıyor,,B1
baska,,B1
berlin,,B1
bilinir,,B1
bilinmektedir,,B1
bitkiler,,B1
bulmaya,,B1
bürosu,,B1
bıraktığı,,B1
coşkun,,B1
dağlar,,B1
denge,,B1
desem,,B1
değiller,,B1
dinamik,,B1
doğumlu,,B1
duvarı,,B1
duyduğum,,B1
duygularını,,B1
dâhil,,B1
düşünüp,,B1
eee,,B1
efes,,B1
erkeklere,,B1
etik,,B1
farklıdır,,B1
fransa'da,,B1
gayret,,B1
geçit,,B1
gitar,,B1
grubuna,,B1
göreceksiniz,,B1
görüldüğü,,B1
görüyoruz,,B1
götürür,,B1
gözlerim,,B1
güncelleme,,B1
günüm,,B1
haram,,B1
hastalıklar,,B1
hastalığın,,B1
havalı,,B1
hergün,,B1
house,,B1
ihmal,,B1
ilaçlar,,B1
ilişkili,,B1
insanlarda,,B1
istedik,,B1
istek,,B1
istenen,,B1
isveç,,B1
isviçre,,B1
jeff,,B1
kaldığını,,B1
kanalında,,B1
karıştı,,B1
katar,,B1
kayda,,B1
kağıdı,,B1
kesildi,,B1
kitabında,,B1
kokusunu,,B1
konum,,B1
koruması,,B1
koşulları,,B1
kralın,,B1
kullanın,,B1
kurallara,,B1
kurmaya,,B2
kuruluşlar,,B2
kutlama,,B2
kötüye,,B2
küfür,,B2
londra'da,,B2
lü,,B2
mail,,B2
marie,,B2
masal,,B2
meral,,B2
min,,B2
muş,,B2
nehri,,B2
nöbet,,B2
okan,,B2
okullarda,,B2
olabilirler,,B2
olmamak,,B2
olmayacağını,,B2
orjinal,,B2
oyuncuların,,B2
pazarlama,,B2
peşine,,B2
planlama,,B2
rekoru,,B2
saatleri,,B2
said,,B2
sami,,B2
sanmıyorum,,B2
satranç,,B2
seferde,,B2
senle,,B2
seviyoruz,,B2
seçti,,B2
silahı,,B2
sunduğu,,B2
sürdürdü,,B2
sıcaklığı,,B2
tamamlayan,,B2
tarifi,,B2
tarımsal,,B2
tekerlekli,,B2
temalı,,B2
tercüme,,B2
tipik,,B2
ulan,,B2
ulus,,B2
verirler,,B2
whatsapp,,B2
yorgunum,,B2
yöneticileri,,B2
yönlü,,B2
yönü,,B2
ziyarete,,B2
çaresiz,,B2
çinli,,B2
çocuklarına,,B2
çözmek,,B2
çınar,,B2
örnekler,,B2
şafak,,B2
şah,,B2
şartları,,B2
şırnak,,B2
adana'da,,B2
aklın,,B2
amerika'ya,,B2
anadolu'nun,,B2
arkadaşımız,,B2
artvin,,B2
arz,,B2
ayrılık,,B2
açılıyor,,B2
ağa,,B2
aşamasında,,B2
bakmaya,,B2
basıncı,,B2
bayağı,,B2
bekler,,B2
belgeleri,,B2
belirtilen,,B2
beste,,B2
billy,,B2
binali,,B2
birbirleriyle,,B2
birisidir,,B2
bkz,,B2
dahası,,B2
dansı,,B2
dayanıklı,,B2
demedim,,B2
demiryolu,,B2
deniyor,,B2
devletleri,,B2
dizisinde,,B2
dizisinin,,B2
doktorlar,,B2
duyarlı,,B2
dövme,,B2
edebilecek,,B2
edersiniz,,B2
edildiğini,,B2
eliyle,,B2
elmas,,B2
erzincan,,B2
eşek,,B2
füze,,B2
gelirler,,B2
geliştirmek,,B2
gerekse,,B2
gerçekleştirdiği,,B2
geçirmiş,,B2
geçme,,B2
gitmeden,,B2
gösterisi,,B2
güce,,B2
gücün,,B2
harp,,B2
hatalı,,B2
hemşire,,B2
heykel,,B2
hile,,B2
hissettim,,B2
howard,,B2
hukuki,,B2
ihtiyacın,,B2
ikisini,,B2
iletişime,,B2
ilişkiye,,B2
izlerken,,B2
jerry,,B2
jimmy,,B2
joseph,,B2
kalmamış,,B2
kalmayı,,B2
kalmıştır,,B2
kapılar,,B2
kapısını,,B2
kars,,B2
kate,,B2
kemer,,B2
ken,,B2
kerem,,B2
kin,,B2
konuştuk,,B2
korkusu,,B2
kuralı,,B2
kurtlar,,B2
kıl,,B2
kısmının,,B2
latin,,B2
makul,,B2
manyetik,,B2
marcus,,B2
meryem,,B2
muhakkak,,B2
muyuz,,B2
nda,,B2
nefis,,B2
numarasını,,B2
olabiliyor,,B2
olmayabilir,,B2
ortalığı,,B2
oteller,,B2
pasaport,,B2
patlayıcı,,B2
programlar,,B2
projeleri,,B2
rahip,,B2
rakibi,,B2
referandum,,B2
sahi,,B2
sapan,,B2
satmak,,B2
sağlamaktadır,,B2
sekreter,,B2
sermaye,,B2
servet,,B2
sevindim,,B2
sinemaya,,B2
sinop,,B2
sular,,B2
sözleşmeli,,B2
sıradaki,,B2
takımının,,B2
tehlikeye,,B2
telefona,,B2
teması,,B2
tesis,,B2
ticareti,,B2
toplamak,,B2
topluluk,,B2
tuna,,B2
tören,,B2
ucunda,,B2
uykuya,,B2
uğrayan,,B2
valiliği,,B2
yakaladı,,B2
yalova,,B2
yapılabilir,,B2
yapılar,,B2
yararlı,,B2
yaratmak,,B2
yargıtay,,B2
yayınlar,,B2
yemiş,,B2
yönden,,B2
yükü,,B2
yüzbaşı,,B2
yılını,,B2
çalıyor,,B2
çekirdek,,B2
çiftler,,B2
çoban,,B2
çocukken,,B2
çocuklarının,,B2
çıkınca,,B2
ölmeden,,B2
öğren,,B2
ülkemize,,B2
üniversiteler,,B2
üstüme,,B2
ırk,,B2
şehirdeki,,B2
şen,,B2
şirketinin,,B2
şişe,,B2
adada,,B2
aileden,,B2
akışı,,B2
alper,,B2
alıntı,,B2
arkaya,,B2
ayakları,,B2
açmış,,B2
açtım,,B2
bakınız,,B2
bağımlı,,B2
başladığında,,B2
başlaması,,B2
başlangıcı,,B2
beton,,B2
beşiktaş'ın,,B2
big,,B2
bugünlerde,,B2
bulacak,,B2
bulunmak,,B2
cadde,,B2
cennete,,B2
cevaplar,,B2
damat,,B2
derya,,B2
dosyaları,,B2
dönüştü,,B2
ellerinden,,B2
enver,,B2
erkenden,,B2
evdeki,,B2
farklılık,,B2
farz,,B2
forması,,B2
gay,,B2
gitmiyor,,B2
grubunda,,B2
gömlek,,B2
gönderdiği,,B2
gönderme,,B2
görünüm,,B2
gözde,,B2
gözüküyor,,B2
gümrük,,B2
hakkımda,,B2
hakkına,,B2
hazırlanmış,,B2
hisse,,B2
hoşuna,,B2
ikram,,B2
iran'ın,,B2
ithal,,B2
johnson,,B2
kalktı,,B2
kanıtı,,B2
kapatmak,,B2
karaca,,B2
kaçmak,,B2
konuşur,,B2
kurul,,B2
köylü,,B2
kır,,B2
limon,,B2
maçtan,,B2
medeni,,B2
mudur,,B2
mutluluğu,,B2
nerdeyse,,B2
okuyun,,B2
olasılığı,,B2
oluyordu,,B2
ot,,B2
paralar,,B2
pasif,,B2
pdf,,B2
piyasa,,B2
programda,,B2
rastgele,,B2
reel,,B2
refah,,B2
saatlerce,,B2
saldırgan,,B2
satışları,,B2
seve,,B2
siirt,,B2
subay,,B2
süresince,,B2
tadına,,B2
taktik,,B2
takvim,,B2
takımlar,,B2
tank,,B2
tecrübe,,B2
tekstil,,B2
tolga,,B2
topraklarda,,B2
turist,,B2
tutulması,,B2
ulaştırma,,B2
ustası,,B2
uçağın,,B2
yaban,,B2
yak,,B2
yanan,,B2
yapmasını,,B2
yapmıştı,,B2
yaramaz,,B2
yavrum,,B2
yaşından,,B2
yöne,,B2
yürüyen,,B2
çalışmayı,,B2
çalışıp,,B2
çekme,,B2
çeşitleri,,B2
çiçeği,,B2
çoklu,,B2
çözümü,,B2
çıkarıldı,,B2
ölümden,,B2
önündeki,,B2
özelliğini,,B2
öğrenebilirsiniz,,B2
ülkelerinde,,B2
üyeliği,,B2
üzgün,,B2
ıstanbul,,B2
şampiyonası,,B2
şansını,,B2
şifa,,B2
akademisyen,,B2
alanya,,B2
alfa,,B2
almıyor,,B2
anlatacak,,B2
arkadaşının,,B2
atom,,B2
barındıran,,B2
belediyeler,,B2
bey'in,,B2
beyni,,B2
beyoğlu,,B2
bilimi,,B2
birilerini,,B2
boyut,,B2
boğaz,,B2
bursa'da,,B2
böbrek,,B2
cadı,,B2
cenazesi,,B2
data,,B2
demirel,,B2
düzce,,B2
elinizde,,B2
entegre,,B2
etkileyen,,B2
felaket,,B2
filme,,B2
filmini,,B2
getirmiş,,B2
girme,,B2
gittiğini,,B2
gordon,,B2
grubunun,,B2
göndermek,,B2
görevde,,B2
gösterin,,B2
gözlerimi,,B2
gözüm,,B2
halep,,B2
hastanın,,B2
hatıra,,B2
hatırlıyorum,,B2
hayvancılık,,B2
hee,,B2
hissetmek,,B2
ho,,B2
hocası,,B2
iddaa,,B2
inin,,B2
istemek,,B2
istiyordu,,B2
işsiz,,B2
kablo,,B2
kadardır,,B2
kalanlar,,B2
kapatıldı,,B2
kazakistan,,B2
kazanacak,,B2
kazandıran,,B2
kaçar,,B2
kelimeleri,,B2
kesim,,B2
kiminle,,B2
klavye,,B2
kristal,,B2
laboratuvar,,B2
lens,,B2
maske,,B2
merkezinin,,B2
meşru,,B2
mizah,,B2
more,,B2
okudu,,B2
oliver,,B2
omuz,,B2
oynarken,,B2
paraları,,B2
personeli,,B2
plus,,B2
pozisyon,,B2
rüşvet,,B2
satılan,,B2
saçları,,B2
sergisi,,B2
sevdiğimi,,B2
sonuçlarına,,B2
strateji,,B2
sıkıntısı,,B2
tablosu,,B2
tc,,B2
tekin,,B2
teknikleri,,B2
tepkiler,,B2
tünel,,B2
uluslar,,B2
vücudun,,B2
we,,B2
yanlışlıkla,,B2
yapısal,,B2
yayına,,B2
yayınevi,,B2
yolculuğu,,B2
yönetimine,,B2
yüzük,,B2
zevkli,,B2
zorundayız,,B2
çakır,,B2
çal,,B2
çankaya,,B2
çekiyorum,,B2
çelebi,,B2
çeşme,,B2
çocuğum,,B2
öğrenme,,B2
ücreti,,B2
şarkının,,B2
şaşırtıcı,,B2
şenol,,B2
şerefsiz,,B2
şeyim,,B2
ahlaki,,B2
aklımdan,,B2
akşama,,B2
allahım,,B2
anlıyor,,B2
arkadaşımın,,B2
baban,,B2
bakanlık,,B2
barcelona,,B2
başakşehir,,B2
başlarına,,B2
bilmeden,,B2
birazcık,,B2
bire,,B2
biyoloji,,B2
borsa,,B2
bozuldu,,B2
buhar,,B2
buluyorum,,B2
bölümünün,,B2
bırakarak,,B2
cüneyt,,B2
dayak,,B2
dediniz,,B2
defteri,,B2
denizde,,B2
dernek,,B2
deyin,,B2
dibine,,B2
die,,B2
dogru,,B2
duygusu,,B2
düşündüğüm,,B2
düşünmeye,,B2
erhan,,B2
ersoy,,B2
estetik,,B2
evcil,,B2
evinizde,,B2
fabrikası,,B2
fm,,B2
gary,,B2
geçtiğini,,B2
girin,,B2
gun,,B2
görenler,,B2
görmeden,,B2
görüşü,,B2
göstermeye,,B2
gözlerinin,,B2
güzeldir,,B2
hac,,B2
harun,,B2
hayir,,B2
inanan,,B2
internete,,B2
izleri,,B2
jet,,B2
kadınla,,B2
kaldırmak,,B2
kalesi,,B2
kalmıyor,,B2
kalmıştı,,B2
kana,,B2
kapının,,B2
kaybolan,,B2
kazasında,,B2
konferansı,,B2
konseri,,B2
korkak,,B2
kul,,B2
kâr,,B2
kürtler,,B2
küçücük,,B2
listesini,,B2
magazin,,B2
malzemeler,,B2
mantar,,B2
mart'ta,,B2
maçının,,B2
mola,,B2
nasılsa,,B2
neresi,,B2
nihai,,B2
niyetli,,B2
okuyorum,,B2
oldunuz,,B2
optik,,B2
oral,,B2
pizza,,B2
prim,,B2
programının,,B2
propaganda,,B2
ruhsal,,B2
sabahı,,B2
sanatçısı,,B2
sapık,,B2
sebepten,,B2
seç,,B2
sibel,,B2
sihirli,,B2
sizsiniz,,B2
sürdüren,,B2
töreninde,,B2
tümüyle,,B2
uyuyor,,B2
yardıma,,B2
yarına,,B2
yollarını,,B2
yoruldum,,B2
zamanların,,B2
zeytin,,B2
çalışanları,,B2
çıkmasına,,B2
çığlık,,B2
ödüllü,,B2
öncesine,,B2
özlüyorum,,B2
öğlen,,B2
öğrendik,,B2
üstesinden,,B2
üstünden,,B2
şayet,,B2
şeklindeki,,B2
adaya,,B2
adaylar,,B2
afiyet,,B2
alayım,,B2
almanlar,,B2
almasını,,B2
altan,,B2
alınacak,,B2
alırlar,,B2
anadolu'da,,B2
andy,,B2
aralıksız,,B2
ardı,,B2
artik,,B2
arı,,B2
askere,,B2
azıcık,,B2
açılması,,B2
aşama,,B2
balkan,,B2
baskısı,,B2
başınıza,,B2
belirten,,B2
bilin,,B2
birlikleri,,B2
buydu,,B2
bölüme,,B2
bölümler,,B2
büyüklüğü,,B2
ceylan,,B2
cin,,B2
cumhuriyeti'nin,,B2
dalında,,B2
dedikleri,,B2
demiyorum,,B2
denetim,,B2
denizin,,B2
değerler,,B2
dilim,,B2
dinler,,B2
doğuştan,,B2
du,,B2
dönüm,,B2
döviz,,B2
düşünmüyorum,,B2
edince,,B2
eksikliği,,B2
elin,,B2
esen,,B2
etiket,,B2
evler,,B2
eşinin,,B2
fazladır,,B2
faşist,,B2
friedrich,,B2
game,,B2
gazetecilik,,B2
gerçekler,,B2
getirip,,B2
geçin,,B2
geçtiğimiz,,B2
gitmeyi,,B2
golden,,B2
grupta,,B2
gürültü,,B2
haklar,,B2
havadan,,B2
havale,,B2
hazırlanıyor,,B2
helikopter,,B2
iflas,,B2
ihtimalle,,B2
ilinde,,B2
imparator,,B2
inanmıyorum,,B2
indi,,B2
irade,,B2
irfan,,B2
isabet,,B2
jin,,B2
kadrosuna,,B2
kalbimi,,B2
kalitesi,,B2
kapandı,,B2
karabük,,B2
kayak,,B2
kazı,,B2
kola,,B2
koyuyor,,B2
koşullar,,B2
köyün,,B2
leo,,B2
lere,,B2
lu,,B2
mah,,B2
manuel,,B2
mayıs'ta,,B2
mensubu,,B2
mercedes,,B2
miller,,B2
müziğin,,B2
nilüfer,,B2
o'nu,,B2
olabilirsin,,B2
organ,,B2
ortasına,,B2
oto,,B2
oyuncunun,,B2
plak,,B2
planda,,B2
radyasyon,,B2
rejimi,,B2
sahası,,B2
sav,,B2
sayım,,B2
sebze,,B2
semih,,B2
sevinç,,B2
siteleri,,B2
sovyet,,B2
sıralar,,B2
takdim,,B2
takımını,,B2
tanımlar,,B2
tazminat,,B2
temsilcileri,,B2
toprağı,,B2
topçu,,B2
tutmaya,,B2
tütün,,B2
tır,,B2
ukraynalı,,B2
uyumak,,B2
uğradı,,B2
vaka,,B2
wilson,,B2
yanımızda,,B2
yapmanın,,B2
yas,,B2
yazılımı,,B2
yaşadık,,B2
yaşadıkları,,B2
yedinci,,B2
yiyen,,B2
yiyip,,B2
yoksul,,B2
yozgat,,B2
yıldönümü,,B2
çalışacak,,B2
çalışmaktadır,,B2
çalışmalarında,,B2
çamur,,B2
çarptı,,B2
çocuklarımız,,B2
ödülünü,,B2
ölümün,,B2
örgütün,,B2
öylece,,B2
öğrendi,,B2
üstünü,,B2
ş,,B2
şoför,,B2
adamla,,B2
akif,,B2
aksaray,,B2
almanya'ya,,B2
anlamış,,B2
anısına,,B2
arar,,B2
arkasındaki,,B2
armağan,,B2
avrupa'ya,,B2
avustralya,,B2
açacak,,B2
başarıya,,B2
başkasını,,B2
başlatılan,,B2
belgeler,,B2
belçika,,B2
beynin,,B2
bosna,,B2
bulunmakta,,B2
bölgeleri,,B2
clark,,B2
dağılımı,,B2
demirtaş,,B2
deplasmanda,,B2
değişken,,B2
dosyası,,B2
duyulan,,B2
döneminin,,B2
dünyasının,,B2
düzeyi,,B2
düşmesi,,B2
ece,,B2
edemiyorum,,B2
edilmesine,,B2
ekim'de,,B2
eklenmiştir,,B2
elim,,B2
elveda,,B2
ender,,B2
enfeksiyon,,B2
etmektir,,B2
gazetede,,B2
girdik,,B2
hatalar,,B2
hatırlamıyorum,,B2
hayalini,,B2
hayli,,B2
hekim,,B2
hücum,,B2
hülya,,B2
ikamet,,B2
ikiz,,B2
iktisat,,B2
internetten,,B2
iskender,,B2
ismin,,B2
içerisindeki,,B2
kapatma,,B2
karısını,,B2
karışımı,,B2
kimdir,,B2
konuşulan,,B2
kullanabilir,,B2
kısmına,,B2
lehine,,B2
meclise,,B2
milliyet,,B2
moral,,B2
nasip,,B2
niyet,,B2
niğde,,B2
nu,,B2
odtü,,B2
okulların,,B2
oldugu,,B2
oranları,,B2
ortadoğu,,B2
oruç,,B2
otomotiv,,B2
param,,B2
paylaştığı,,B2
sabri,,B2
salonunda,,B2
saygılı,,B2
saygın,,B2
sayılan,,B2
sağır,,B2
sean,,B2
seti,,B2
sevmek,,B2
sikeyim,,B2
silahları,,B2
sinirli,,B2
sonrada,,B2
soruya,,B2
sundu,,B2
sur,,B2
taşımaktadır,,B2
teknolojik,,B2
teknolojileri,,B2
toprağın,,B2
tüfek,,B2
vatandaşları,,B2
veriyorlar,,B2
vermeyen,,B2
yapacağımız,,B2
yaparsın,,B2
yaşadığını,,B2
yemekler,,B2
yetkililer,,B2
yuva,,B2
çalışmalarının,,B2
çapraz,,B2
çekmiş,,B2
çevresindeki,,B2
çin'de,,B2
çiğ,,B2
çıkarmaya,,B2
çıksın,,B2
çıktığında,,B2
ölüyorum,,B2
özen,,B2
öğretmenliği,,B2
üniversitesinde,,B2
ıp,,B2
şurada,,B2
ac,,B2
afyon,,B2
ajan,,B2
akademisi,,B2
aklınıza,,B2
alanındaki,,B2
alanının,,B2
albayrak,,B2
amaçla,,B2
ambulans,,B2
arabası,,B2
arabayı,,B2
atandı,,B2
aykut,,B2
ayrılmak,,B2
ayrımı,,B2
ayıp,,B2
bakıldığında,,B2
bazılarının,,B2
başlayınca,,B2
belkide,,B2
bilecik,,B2
binada,,B2
birey,,B2
bitirmek,,B2
bitlis,,B2
boks,,B2
brown,,B2
buluştu,,B2
böyledir,,B2
cahit,,B2
cihazlar,,B2
civarı,,B2
cumhuriyetin,,B2
denedim,,B2
dere,,B2
değiştiren,,B2
dilin,,B2
doğalgaz,,B2
duyuyoruz,,B2
dönmesi,,B2
dönük,,B2
düşme,,B2
ejderha,,B2
eklendi,,B2
erik,,B2
erkeğe,,B2
etek,,B2
evlenmek,,B2
fazıl,,B2
fındık,,B2
gelecektir,,B2
gelse,,B2
gerektiren,,B2
gibiler,,B2
girişim,,B2
gördün,,B2
gördüğünü,,B2
göstermiş,,B2
gövde,,B2
gözlerine,,B2
gözünde,,B2
güçlerini,,B2
hakikaten,,B2
hatırla,,B2
hayatlarını,,B2
haz,,B2
hepinizin,,B2
hoşgeldiniz,,B2
hâkim,,B2
iddiası,,B2
illa,,B2
internette,,B2
kadınım,,B2
kahramanı,,B2
kanalları,,B2
kapatın,,B2
kapıdan,,B2
karakterini,,B2
katliamı,,B2
kazanmaya,,B2
kendiliğinden,,B2
kimliğini,,B2
komplo,,B2
kullanılmıştır,,B2
kurumlar,,B2
köfte,,B2
körfez,,B2
köşesinde,,B2
kürek,,B2
kırıklığına,,B2
lastik,,B2
masada,,B2
memleketi,,B2
mesajlar,,B2
mümkünse,,B2
nedenini,,B2
nesne,,B2
notu,,B2
nı,,B2
okumayı,,B2
okuyup,,B2
olabilirdi,,B2
olabilmek,,B2
onurlu,,B2
opera,,B2
oğul,,B2
pazarı,,B2
pil,,B2
rektör,,B2
renkler,,B2
restoran,,B2
sayısına,,B2
sevda,,B2
sevmiyor,,B2
seçmen,,B2
sik,,B2
sini,,B2
soluk,,B2
sony,,B2
sulama,,B2
sunan,,B2
suretiyle,,B2
sınıfa,,B2
toprakları,,B2
tutulan,,B2
veteriner,,B2
white,,B2
yasemin,,B2
yayımlandı,,B2
yemen,,B2
yönettiği,,B2
yüksel,,B2
yüzün,,B2
zorluk,,B2
çalar,,B2
çalışarak,,B2
çarşı,,B2
çin'in,,B2
çıkarıyor,,B2
ürettiği,,B2
şef,,B2
adrian,,B2
ankara'nın,,B2
arabanın,,B2
aranızda,,B2
are,,B2
arena,,B2
arkası,,B2
askıya,,B2
açlıktan,,B2
ağaçlar,,B2
babasına,,B2
bakarım,,B2
bağlantıları,,B2
bellek,,B2
benjamin,,B2
birisinin,,B2
bozkurt,,B2
boşanma,,B2
bulunduğunu,,B2
burdur,,B2
burhan,,B2
bölgesinin,,B2
bölümden,,B2
danışmanlık,,B2
dağları,,B2
dd,,B2
destekler,,B2
değerinde,,B2
değiştirir,,B2
dikey,,B2
diyeyim,,B2
duyunca,,B2
dünyaca,,B2
düştüm,,B2
efendisi,,B2
ekledi,,B2
espri,,B2
evini,,B2
eyüp,,B2
federasyon,,B2
fiyatları,,B2
fotoğraflarını,,B2
gayri,,B2
geceye,,B2
geliştirilmesi,,B2
gelmeyecek,,B2
gereklidir,,B2
girmeden,,B2
giydiği,,B2
gizem,,B2
gökyüzünde,,B2
gördünüz,,B2
göstererek,,B2
gözüne,,B2
güneye,,B2
günkü,,B2
hamdi,,B2
hatları,,B2
herşeyin,,B2
hic,,B2
hilmi,,B2
isa'nın,,B2
istemeyen,,B2
içim,,B2
julia,,B2
kanka,,B2
kapatıp,,B2
kapıya,,B2
karanlıkta,,B2
kardeşlerim,,B2
karşınızda,,B2
keçi,,B2
kibar,,B2
kolaydır,,B2
kombine,,B2
korsan,,B2
kullanıcıları,,B2
kuzu,,B2
köpeğin,,B2
köye,,B2
kısacası,,B2
kızlarla,,B2
lale,,B2
liralık,,B2
lisa,,B2
mahrum,,B2
master,,B2
melih,,B2
mesai,,B2
müsaade,,B2
nesli,,B2
nezdinde,,B2
okuyor,,B2
okyanus,,B2
olanın,,B2
olunur,,B2
oluşturmaktadır,,B2
oğlunu,,B2
paris'e,,B2
pişmanlık,,B2
q,,B2
rabbim,,B2
rusya'da,,B2
rüyalar,,B2
saldırıyı,,B2
sanatları,,B2
sayısında,,B2
sevgiler,,B2
silahla,,B2
somut,,B2
sonuca,,B2
survivor,,B2
tanıdığım,,B2
tanınmış,,B2
taşları,,B2
telekom,,B2
terörle,,B2
toplayıp,,B2
tsk,,B2
tura,,B2
vampir,,B2
vasıtasıyla,,B2
vefa,,B2
vekil,,B2
vodafone,,B2
yalın,,B2
yapabilecek,,B2
yapıları,,B2
yapıldığını,,B2
yarıda,,B2
yelken,,B2
yetkilileri,,B2
yetkisi,,B2
yiyor,,B2
yüksekliği,,B2
yürümek,,B2
yürütülen,,B2
zaferi,,B2
zinciri,,B2
çakmak,,B2
çiftçi,,B2
çöpe,,B2
çıkmasını,,B2
ödemek,,B2
ölçekli,,B2
önünü,,B2
örgütünün,,B2
özer,,B2
üzülme,,B2
şehirden,,B2
şeytanın,,B2
şuna,,B2
aferin,,B2
alacağız,,B2
aletleri,,B2
alsın,,B2
ameliyatı,,B2
animasyon,,B2
anlaşılır,,B2
araştırması,,B2
ayıran,,B2
açabilir,,B2
açıklar,,B2
açılışı,,B2
babama,,B2
bakıma,,B2
bant,,B2
barışı,,B2
bağışıklık,,B2
başlama,,B2
başlarında,,B2
bekar,,B2
bildirildi,,B2
birbiriyle,,B2
bitkisel,,B2
bitmek,,B2
bitmez,,B2
boylu,,B2
boyutu,,B2
bölümlerinde,,B2
carlos,,B2
cezasına,,B2
cezasını,,B2
danışman,,B2
deneyim,,B2
dilinde,,B2
dinin,,B2
diplomatik,,B2
disiplin,,B2
diyet,,B2
dünyasına,,B2
edilip,,B2
ehli,,B2
ekibin,,B2
felç,,B2
foto,,B2
free,,B2
gazze,,B2
gerekmez,,B2
gerisi,,B2
gerisini,,B2
gerçeklik,,B2
getirdik,,B2
getirmeye,,B2
geçelim,,B2
gitmez,,B2
green,,B2
guzel,,B2
gördüğümüz,,B2
görevlileri,,B2
görünümü,,B2
görüşleri,,B2
hacmi,,B2
haluk,,B2
hayatıma,,B2
hoşçakal,,B2
hâle,,B2
ilanı,,B2
imkan,,B2
inanıyoruz,,B2
ingiltere'nin,,B2
inç,,B2
isimlerini,,B2
ispat,,B2
istanbul'daki,,B2
izledi,,B2
içime,,B2
işiniz,,B2
jay,,B2
kaldırıp,,B2
kamil,,B2
kararları,,B2
kardeşinin,,B2
kardeşlik,,B2
katılımı,,B2
kazım,,B2
kendimiz,,B2
koleji,,B2
komisyon,,B2
konuşup,,B2
koymuş,,B2
kronik,,B2
kullanıma,,B2
kulübün,,B2
kurabiye,,B2
kurarak,,B2
kurulduğu,,B2
kızlara,,B2
kızını,,B2
laik,,B2
lezbiyen,,B2
ltd,,B2
mahallede,,B2
maliyeti,,B2
maçlar,,B2
medyanın,,B2
merkezi'nde,,B2
mesafede,,B2
metni,,B2
mezunları,,B2
milletimizin,,B2
mutfağı,,B2
mısır'da,,B2
nazi,,B2
nazik,,B2
olabildiğince,,B2
olacaklar,,B2
olduğunca,,B2
oluyorlar,,B2
oluşu,,B2
once,,B2
oturmuş,,B2
pkk'nın,,B2
politikaları,,B2
profili,,B2
projenin,,B2
ptt,,B2
rehin,,B2
riskli,,B2
ross,,B2
saldırıları,,B2
satır,,B2
sektöründe,,B2
semt,,B2
sevmez,,B2
sorumluluğu,,B2
stephen,,B2
steven,,B2
söylediler,,B2
sünni,,B2
sıkıldım,,B2
sırayla,,B2
tanı,,B2
tasfiye,,B2
taşımak,,B2
teşkilat,,B2
toplumda,,B2
turuncu,,B2
ufuk,,B2
uyarınca,,B2
uygulamalı,,B2
uyurken,,B2
uzunluğu,,B2
uğramış,,B2
valla,,B2
vermem,,B2
wayne,,B2
yaklaşan,,B2
yapmamız,,B2
yardımcıları,,B2
yerlerini,,B2
yeryüzünde,,B2
ygs,,B2
yitirdi,,B2
yolunun,,B2
yöntemler,,B2
zalim,,B2
zincir,,B2
zorundadır,,B2
çalışanı,,B2
çalışmasını,,B2
çiçekleri,,B2
ölene,,B2
öncelikli,,B2
üniversitenin,,B2
üretmek,,B2
üzerime,,B2
ışığın,,B2
şahsi,,B2
şiddeti,,B2
şişman,,B2
adındaki,,B2
aileye,,B2
aklım,,B2
aklında,,B2
alacağım,,B2
aleyhine,,B2
algı,,B2
almakta,,B2
anladın,,B2
annemle,,B2
arkadaşlarını,,B2
askerlerin,,B2
atı,,B2
avni,,B2
aşamada,,B2
aşağılık,,B2
batıya,,B2
bebekler,,B2
bedeni,,B2
bekledim,,B2
beta,,B2
bildirim,,B2
bilgin,,B2
bilmiyoruz,,B2
birisine,,B2
boku,,B2
charlotte,,B2
davranışları,,B2
dolaşan,,B2
düzene,,B2
düzeyinde,,B2
dışarda,,B2
erdoğan'a,,B2
etkinlikler,,B2
ferdi,,B2
fikirleri,,B2
fikrim,,B2
francis,,B2
gelişmesi,,B2
geliştirilmiş,,B2
gençlere,,B2
gezen,,B2
gidince,,B2
gittiler,,B2
gizlilik,,B2
göbek,,B2
güzelmiş,,B2
hande,,B2
harfi,,B2
hayalet,,B2
hayattan,,B2
hayvanat,,B2
hedefleri,,B2
hücreleri,,B2
ihracat,,B2
itibar,,B2
işlere,,B2
işlerine,,B2
kaderi,,B2
kafamda,,B2
kalarak,,B2
kalbine,,B2
kalmasını,,B2
kampı,,B2
kanıtlar,,B2
kapattı,,B2
karaciğer,,B2
kararıyla,,B2
kartları,,B2
kasımpaşa,,B2
katılma,,B2
katına,,B2
kaçış,,B2
kelimesinin,,B2
kemal'in,,B2
keser,,B2
kesmek,,B2
konusunu,,B2
konuşacak,,B2
koyar,,B2
kuzeye,,B2
kırım,,B2
kızgın,,B2
kızılay,,B2
kızının,,B2
las,,B2
marshall,,B2
merdiven,,B2
mete,,B2
morgan,,B2
moskova,,B2
mum,,B2
nakliye,,B2
necdet,,B2
necip,,B2
nihayetinde,,B2
ocağı,,B2
olamazsın,,B2
oyununda,,B2
paralı,,B2
re,,B2
ruslar,,B2
sabırlı,,B2
sahibine,,B2
saint,,B2
sakat,,B2
sanatsal,,B2
santa,,B2
sembolü,,B2
senesinde,,B2
seviyesine,,B2
sis,,B2
siyasete,,B2
sonuçlarını,,B2
sulu,,B2
söylemeye,,B2
söylerken,,B2
sıralarda,,B2
takviye,,B2
takılan,,B2
tamamıyla,,B2
tanıtımı,,B2
tasarlanan,,B2
tema,,B2
temelli,,B2
tommy,,B2
trakya,,B2
turistik,,B2
tuvalete,,B2
tümü,,B2
uzaklara,,B2
varsın,,B2
vicdan,,B2
yakalamak,,B2
yapabilirsiniz,,B2
yaparsanız,,B2
yapmıyor,,B2
yapısını,,B2
yasadışı,,B2
yemekten,,B2
yeteri,,B2
yök,,B2
yöneten,,B2
yürek,,B2
çalışmalara,,B2
çalıştık,,B2
çekin,,B2
çocuğunun,,B2
ölümsüz,,B2
önceleri,,B2
özbek,,B2
öğleden,,B2
öğrenen,,B2
ıan,,B2
şartı,,B2
şeklini,,B2
acıyı,,B2
akhisar,,B2
aklımı,,B2
akraba,,B2
aktör,,B2
alacağı,,B2
aleti,,B2
alp,,B2
alış,,B2
amma,,B2
anayasal,,B2
anladık,,B2
annesini,,B2
aradı,,B2
aramıza,,B2
araştırmaya,,B2
ardına,,B2
arkadaşların,,B2
askerin,,B2
açmaya,,B2
aşan,,B2
aşı,,B2
babalar,,B2
bazlı,,B2
başlayın,,B2
belirlendi,,B2
belirlenir,,B2
bilinçli,,B2
bireyler,,B2
birimler,,B2
biziz,,B2
bolca,,B2
boğa,,B2
bugünden,,B2
bulunmaz,,B2
burnu,,B2
burs,,B2
bırakıyor,,B2
cenk,,B2
cihazları,,B2
davutoğlu,,B2
depo,,B2
dudak,,B2
duruşu,,B2
dönemlerinde,,B2
dünya'ya,,B2
düşecek,,B2
edeceksiniz,,B2
edilmişti,,B2
etmekle,,B2
etsem,,B2
faaliyetlerini,,B2
finali,,B2
forum,,B2
geçtik,,B2
gitmem,,B2
görmez,,B2
görmüyor,,B2
görüşürüz,,B2
göstermiştir,,B2
götürdü,,B2
gözün,,B2
haklısınız,,B2
hanımefendi,,B2
hesapları,,B2
hilal,,B2
ilgilenen,,B2
imparatorluğu,,B2
istasyon,,B2
izzet,,B2
jung,,B2
kafama,,B2
kafana,,B2
kaldırılması,,B2
kanuni,,B2
karara,,B2
katkısı,,B2
katolik,,B2
katılarak,,B2
kaybettiği,,B2
kullanıcıların,,B2
kırıldı,,B2
kıyı,,B2
lewis,,B2
lincoln,,B2
liraya,,B2
m.ö,,B2
mahkûm,,B2
mermer,,B2
mesajları,,B2
mevsimi,,B2
mikro,,B2
muamele,,B2
otobüsü,,B2
partisinin,,B2
partner,,B2
peri,,B2
programlama,,B2
projeler,,B2
romanı,,B2
ruhun,,B2
sayılar,,B2
sağladığı,,B2
sekilde,,B2
seramik,,B2
sevgisi,,B2
soykırım,,B2
suriye'nin,,B2
söyleniyor,,B2
söyleyip,,B2
sürülen,,B2
sürümü,,B2
sınırlarını,,B2
takas,,B2
tanıma,,B2
tanır,,B2
tanıyan,,B2
tarafın,,B2
tarama,,B2
ter,,B2
termal,,B2
toplayan,,B2
topluma,,B2
vurmak,,B2
yapmakta,,B2
yapıyordu,,B2
yarışmaya,,B2
yayılan,,B2
yayınladığı,,B2
yemeye,,B2
yemeğe,,B2
yerdir,,B2
yoo,,B2
yoğunluğu,,B2
yönetiminin,,B2
yıldızları,,B2
zenci,,B2
çekerek,,B2
çifti,,B2
çocuklarla,,B2
çorap,,B2
çıkalım,,B2
çıkmıştı,,B2
öldükten,,B2
öğretmenlerin,,B2
ülkemizi,,B2
üretilmiş,,B2
üçü,,B2
ınternet,,B2
ışıkları,,B2
şener,,B2
şeylerle,,B2
şiddete,,B2
şubat'ta,,B2
🙂,,B2
adanın,,B2
adresini,,B2
ailesiyle,,B2
aldığın,,B2
alırız,,B2
alıyorlar,,B2
amerikalılar,,B2
amy,,B2
annesine,,B2
araştırmacı,,B2
arkadaşlarına,,B2
atv,,B2
avm,,B2
açıktır,,B2
ağlıyor,,B2
bakayım,,B2
batılı,,B2
bayern,,B2
bağlar,,B2
başladığını,,B2
belirler,,B2
benle,,B2
bilal,,B2
bilemem,,B2
binbaşı,,B2
birliği'nin,,B2
blog,,B2
boz,,B2
bulunabilir,,B2
buyurdu,,B2
bölgeden,,B2
cezaevinde,,B2
danny,,B2
davada,,B2
denemek,,B2
denizden,,B2
denli,,B2
derinden,,B2
devamını,,B2
diken,,B2
diyeceksin,,B2
dj,,B2
dönecek,,B2
düşünsene,,B2
efsanevi,,B2
einstein,,B2
engeller,,B2
ergenekon,,B2
erkeklerde,,B2
esad,,B2
esra,,B2
etiketi,,B2
etrafı,,B2
filistinli,,B2
fransa'nın,,B2
franz,,B2
gelecekteki,,B2
geçirme,,B2
geçtikçe,,B2
girerken,,B2
gittiğim,,B2
giymiş,,B2
gps,,B2
görevinden,,B2
görevlerini,,B2
görürsün,,B2
gösterecek,,B2
gözümün,,B2
güveniyorum,,B2
güzeller,,B2
hareketin,,B2
harici,,B2
hayatından,,B2
heyecanla,,B2
hollywood,,B2
hızlıca,,B2
imar,,B2
imparatorluk,,B2
inancı,,B2
inanır,,B2
ist,,B2
istenilen,,B2
istiyordum,,B2
iyiler,,B2
iyiliği,,B2
içermektedir,,B2
karşılamak,,B2
kasabanın,,B2
kasım'da,,B2
katılacak,,B2
katında,,B2
kaybetme,,B2
kayıtlara,,B2
kaçınılmaz,,B2
koruyor,,B2
kule,,B2
kullanıp,,B2
kumar,,B2
köşede,,B2
listeye,,B2
mafya,,B2
makarna,,B2
mars,,B2
matthew,,B2
mağara,,B2
mecliste,,B2
merhabalar,,B2
metrelik,,B2
muydu,,B2
mücadeleye,,B2
mühim,,B2
naber,,B2
nemli,,B2
nitekim,,B2
noktasında,,B2
odun,,B2
organizasyonu,,B2
ortamında,,B2
otobüse,,B2
oturdu,,B2
oyununu,,B2
padişah,,B2
patron,,B2
paylaşımı,,B2
rahatça,,B2
ram,,B2
rüzgâr,,B2
s.a.v,,B2
saatinde,,B2
saatlerinde,,B2
sabahları,,B2
sahasında,,B2
sakız,,B2
saldırılar,,B2
salt,,B2
sebebini,,B2
server,,B2
severek,,B2
severler,,B2
seyir,,B2
siyaseti,,B2
sizlerin,,B2
sok,,B2
sokağı,,B2
soldan,,B2
sorumludur,,B2
soğan,,B2
suriye'ye,,B2
suçlar,,B2
sözlük,,B2
süreliğine,,B2
takımına,,B2
tanıklık,,B2
tavır,,B2
telefonları,,B2
telif,,B2
tesisi,,B2
tir,,B2
tiyatrosu,,B2
tutmuş,,B2
tuzak,,B2
usulü,,B2
uzmanlık,,B2
veysel,,B2
yapabiliriz,,B2
yapmadım,,B2
yatıyor,,B2
yaşayacak,,B2
yetişen,,B2
yolsuzluk,,B2
yorumları,,B2
yüksektir,,B2
yürürken,,B2
zulüm,,B2
çankırı,,B2
çete,,B2
çıkmıyor,,B2
önerisi,,B2
üstündeki,,B2
ışığında,,B2
abdurrahman,,B2
adamım,,B2
afyonkarahisar,,B2
alo,,B2
altay,,B2
alınıp,,B2
anabilim,,B2
ankaragücü,,B2
antalyaspor,,B2
aradığınız,,B2
artması,,B2
atacak,,B2
atalım,,B2
ayağını,,B2
açıklamak,,B2
açılacak,,B2
basına,,B2
başlatıldı,,B2
başlıyorum,,B2
belediyenin,,B2
beraberinde,,B2
bilgilere,,B2
bilmediğim,,B2
binalar,,B2
bulduğum,,B2
bulundukları,,B2
bulunmuştur,,B2
bölgeler,,B2
büyükelçisi,,B2
büyüyor,,B2
bırakmış,,B2
casus,,B2
daimi,,B2
dakikalar,,B2
damar,,B2
davanın,,B2
dean,,B2
dediğiniz,,B2
desen,,B2
desteklemek,,B2
devrimi,,B2
değişmez,,B2
diyarbakır'da,,B2
diğerine,,B2
dolaylı,,B2
duyuru,,B2
duyuyor,,B2
dvd,,B2
dünkü,,B2
düş,,B2
düşünceleri,,B2
edenlerin,,B2
ercan,,B2
etmeleri,,B2
etmeniz,,B2
etrafındaki,,B2
evlendi,,B2
eğitimin,,B2
fantastik,,B2
felsefesi,,B2
fidan,,B2
gaza,,B2
geceden,,B2
gelenek,,B2
gemileri,,B2
gençleri,,B2
gerekiyorsa,,B2
geçirmeye,,B2
geçmiştir,,B2
giriyorum,,B2
göremiyorum,,B2
görevler,,B2
gözyaşı,,B2
günlerinde,,B2
güvenliğini,,B2
hakkım,,B2
hamza,,B2
havayolu,,B2
helen,,B2
hepimizi,,B2
hikayesini,,B2
hotel,,B2
ilahiyat,,B2
ileriye,,B2
ilişkiyi,,B2
inek,,B2
inşaatı,,B2
irtibat,,B2
istediğimi,,B2
istemiş,,B2
istikrar,,B2
izinsiz,,B2
jennifer,,B2
jordan,,B2
kaan,,B2
kalırsa,,B2
kaos,,B2
karşıma,,B2
kaybedecek,,B2
kayıtlar,,B2
kelimesini,,B2
kentte,,B2
komple,,B2
konuşmasını,,B2
koyduğu,,B2
koyma,,B2
kulesi,,B2
kurmuş,,B2
kuzeyinde,,B2
köklü,,B2
küme,,B2
ların,,B2
laura,,B2
life,,B2
lucas,,B2
lük,,B2
mahalli,,B2
makineleri,,B2
maltepe,,B2
manchester,,B2
medeniyet,,B2
mekanı,,B2
merve,,B2
mesajını,,B2
mevlana,,B2
muhtar,,B2
olursanız,,B2
oluşmuş,,B2
or,,B2
oranla,,B2
ortalaması,,B2
ortalık,,B2
papaz,,B2
pazarlık,,B2
ra,,B2
rakam,,B2
rehberi,,B2
ressam,,B2
roy,,B2
saldırının,,B2
saçlarını,,B2
sebastian,,B2
sektörü,,B2
sevdiğiniz,,B2
seviyesinde,,B2
sporları,,B2
sözcük,,B2
sürdüğü,,B2
sürgün,,B2
tamamlanan,,B2
tarafını,,B2
tarkan,,B2
tasarlanmıştır,,B2
taşıdığı,,B2
tilki,,B2
tutma,,B2
türkleri,,B2
u00,,B2
varan,,B2
varlığına,,B2
verdin,,B2
videolar,,B2
west,,B2
what,,B2
yakalanan,,B2
yaklaşıyor,,B2
yalnızlık,,B2
yapmadı,,B2
yapmalı,,B2
yasama,,B2
yasin,,B2
yayında,,B2
yazarak,,B2
yazdığım,,B2
yaşarken,,B2
yaşlarında,,B2
yıldızlı,,B2
yıllardan,,B2
ziyaretçi,,B2
çağırdı,,B2
çevik,,B2
çıkmaktadır,,B2
çıtır,,B2
öfkeli,,B2
ölünce,,B2
öyküsü,,B2
ülkelerden,,B2
ülkesine,,B2
üreticisi,,B2
ırak'ta,,B2
ışıklar,,B2
şehirlerde,,B2
adamlarının,,B2
air,,B2
alabilirsiniz,,B2
alamıyorum,,B2
alanını,,B2
alındığı,,B2
anladığım,,B2
antalya'da,,B2
atık,,B2
ayakkabılar,,B2
aynıdır,,B2
aynısı,,B2
ağaçları,,B2
bakacak,,B2
bakarken,,B2
bartın,,B2
bayıldım,,B2
bazılarını,,B2
bağdat,,B2
bağlama,,B2
bağımlılık,,B2
başlayalım,,B2
berabere,,B2
berat,,B2
best,,B2
bilemedim,,B2
bilginin,,B2
bireylerin,,B2
bulgaristan,,B2
buralara,,B2
bölümün,,B2
büyüdü,,B2
canına,,B2
carter,,B2
cesedi,,B2
chicago,,B2
cihazın,,B2
del,,B2
denizcilik,,B2
derecesi,,B2
doğanın,,B2
dram,,B2
eki,,B2
eleme,,B2
emrini,,B2
etmedim,,B2
eva,,B2
ferhat,,B2
form,,B2
formülü,,B2
galeri,,B2
gen,,B2
geçmeye,,B2
gideceğim,,B2
giderler,,B2
grip,,B2
görmeyi,,B2
güneşi,,B2
haftasonu,,B2
halkını,,B2
hataları,,B2
hatice,,B2
hazırım,,B2
hepimize,,B2
hp,,B2
hristiyan,,B2
hâlinde,,B2
ibne,,B2
ikimiz,,B2
ilerliyor,,B2
ilişkilerini,,B2
indirme,,B2
insanlığa,,B2
islam'ın,,B2
jonathan,,B2
kadınlardan,,B2
karl,,B2
katliam,,B2
kaçırma,,B2
kesti,,B2
konyaspor,,B2
koray,,B2
koş,,B2
kripto,,B2
kullandım,,B2
kumanda,,B2
kırıklığı,,B2
like,,B2
maymun,,B2
melekler,,B2
mezuniyet,,B2
mirası,,B2
muhsin,,B2
mutfakta,,B2
nokia,,B2
nüfusun,,B2
okunur,,B2
olmaksızın,,B2
ordunun,,B2
ordusunun,,B2
orduya,,B2
oteli,,B2
oyunculuk,,B2
oğlan,,B2
patladı,,B2
planlar,,B2
pozisyonu,,B2
rahatsızlık,,B2
renkte,,B2
romanya,,B2
sahibinin,,B2
sait,,B2
sanatçılar,,B2
sayan,,B2
sağlanır,,B2
sefere,,B2
sivri,,B2
sokmak,,B2
sonucuna,,B2
sorar,,B2
soruşturması,,B2
sovyetler,,B2
sunmaktadır,,B2
sunuldu,,B2
sürecini,,B2
sürüm,,B2
tahsis,,B2
tasavvuf,,B2
taşlar,,B2
taşıyıcı,,B2
tehlikesi,,B2
telafi,,B2
teori,,B2
toplamı,,B2
topraklar,,B2
trend,,B2
tunceli,,B2
turkcell,,B2
tuttuğu,,B2
tuzlu,,B2
unu,,B2
uzaya,,B2
varmı,,B2
vergisi,,B2
verilebilir,,B2
victoria,,B2
von,,B2
yapabilirim,,B2
yapılmasını,,B2
yar,,B2
yazıyı,,B2
yetenekleri,,B2
ypg,,B2
yürüten,,B2
zamanları,,B2
çalıştığım,,B2
çam,,B2
çaplı,,B2
çağı,,B2
çevirdi,,B2
çıkmadan,,B2
önden,,B2
önü,,B2
öğretmenin,,B2
üreme,,B2
üssü,,B2
ırkçı,,B2
ıv,,B2
acısını,,B2
adıdır,,B2
ajanı,,B2
akış,,B2
aldığınız,,B2
almasına,,B2
alınca,,B2
anlatım,,B2
ann,,B2
annemi,,B2
anthony,,B2
aranıyor,,B2
asfalt,,B2
avrupalı,,B2
aylardır,,B2
aşka,,B2
bahçesinde,,B2
bakımdan,,B2
balıkçı,,B2
barbara,,B2
başındaki,,B2
belirlenmiş,,B2
bensiz,,B2
bereket,,B2
bilgilendirme,,B2
blue,,B2
cezaevi,,B2
chp'li,,B2
dana,,B2
dağınık,,B2
devir,,B2
domates,,B2
doğduğu,,B2
döndüğünde,,B2
dünya'da,,B2
düşünceler,,B2
düşüncelerini,,B2
düşündüğü,,B2
edersen,,B2
elbet,,B2
esnada,,B2
eğitimli,,B2
fethi,,B2
fetih,,B2
geçtikten,,B2
gideyim,,B2
gönderin,,B2
görünümlü,,B2
gündemi,,B2
günlerin,,B2
haberini,,B2
hanımlar,,B2
hayatımızı,,B2
hayret,,B2
herkesle,,B2
hesabına,,B2
heyecanı,,B2
heykeli,,B2
hissediyor,,B2
hâline,,B2
iddiaları,,B2
iktidarın,,B2
ilke,,B2
ispanyolca,,B2
ittifakı,,B2
içmeye,,B2
işinize,,B2
işleyen,,B2
kalbinde,,B2
karakterin,,B2
karikatür,,B2
karşısındaki,,B2
katta,,B2
kaybeder,,B2
kesintisiz,,B2
kişidir,,B2
kolaylıkla,,B2
korur,,B2
kurallarına,,B2
kurtardı,,B2
kâğıt,,B2
köşeye,,B2
kıyısında,,B2
larry,,B2
limanı,,B2
litre,,B2
millete,,B2
miss,,B2
modu,,B2
muayene,,B2
muzaffer,,B2
nedenleri,,B2
noktayı,,B2
notlar,,B2
obama,,B2
okuluna,,B2
olayda,,B2
olayını,,B2
oluştu,,B2
oyundan,,B2
pakistan,,B2
paramparça,,B2
part,,B2
pp,,B2
problemleri,,B2
raymond,,B2
ron,,B2
sanatçının,,B2
sancak,,B2
serin,,B2
sezer,,B2
seçmek,,B2
sir,,B2
siyasetçi,,B2
suları,,B2
suyunu,,B2
söylemesi,,B2
tabanca,,B2
taraftarı,,B2
tavşan,,B2
teğmen,,B2
times,,B2
tohum,,B2
toplantıda,,B2
torunu,,B2
ts,,B2
verildiği,,B2
yandı,,B2
yaparsa,,B2
yazarken,,B2
yerlerden,,B2
yerlerinde,,B2
yerlerine,,B2
yolundan,,B2
yorucu,,B2
yönetime,,B2
zarif,,B2
zayıflama,,B2
zihin,,B2
zırhlı,,B2
çalışıyordu,,B2
çocukla,,B2
ödev,,B2
ölçü,,B2
önlem,,B2
örgütleri,,B2
ösym,,B2
öğrenmeye,,B2
ülkelerine,,B2
üzerimize,,B2
ıso,,B2
şam,,B2
şampiyonluğu,,B2
şapka,,B2
şeyde,,B2
adliye,,B2
aklından,,B2
akrep,,B2
almanın,,B2
alımı,,B2
alışık,,B2
angel,,B2
anlaşıldı,,B2
ap,,B2
aradığım,,B2
arkadaşlarıyla,,B2
atıyorum,,B2
azaltmak,,B2
başkanın,,B2
başın,,B2
bireyin,,B2
birgün,,B2
bitmiştir,,B2
bombalı,,B2
borcunu,,B2
bornova,,B2
borçlu,,B2
büyülü,,B2
canavar,,B2
cephesi,,B2
cooper,,B2
dahili,,B2
davasında,,B2
dedikodu,,B2
deneyimi,,B2
değişiklikleri,,B2
değmez,,B2
dizileri,,B2
down,,B2
doğar,,B2
duvarları,,B2
düzenlenmiş,,B2
ebedi,,B2
edebi,,B2
emekliye,,B2
etmemiz,,B2
etrafa,,B2
eğitimine,,B2
eşini,,B2
fikirler,,B2
fil,,B2
finalde,,B2
fred,,B2
fırsatta,,B2
gerekenler,,B2
gerektiğine,,B2
gerçekleşir,,B2
geçerlidir,,B2
geçişi,,B2
gold,,B2
gönderen,,B2
gördüğümde,,B2
görüşmesi,,B2
gösterebilir,,B2
güçlerinin,,B2
habersiz,,B2
halkların,,B2
hamle,,B2
havayı,,B2
hikâyesi,,B2
hür,,B2
ilkel,,B2
imzaladı,,B2
imzalı,,B2
iran'a,,B2
ismiyle,,B2
istanbul'dan,,B2
işçiler,,B2
kablosuz,,B2
kamuoyuna,,B2
katıl,,B2
kaydedildi,,B2
kesici,,B2
kilisesi,,B2
kimden,,B2
kktc,,B2
koyayım,,B2
kullanmış,,B2
kürtlerin,,B2
kıdemli,,B2
kırmak,,B2
lige,,B2
luke,,B2
mehmed,,B2
mk,,B2
muz,,B2
mücadelede,,B2
nem,,B2
nevi,,B2
noktadan,,B2
numaraları,,B2
odaklı,,B2
olmama,,B2
oluşturma,,B2
operasyonları,,B2
out,,B2
paylaşan,,B2
pierre,,B2
polonya,,B2
programa,,B2
rehber,,B2
rolünü,,B2
sadakat,,B2
saçını,,B2
senede,,B2
sertifika,,B2
seviyorsun,,B2
seçimlere,,B2
siber,,B2
sorgulama,,B2
söylediğini,,B2
söyleyebilirim,,B2
sözüm,,B2
taban,,B2
tahammül,,B2
tahrip,,B2
tanrım,,B2
tartışmaya,,B2
tat,,B2
taç,,B2
televizyonu,,B2
temelini,,B2
teorisi,,B2
tertemiz,,B2
toplandı,,B2
tutsak,,B2
tübitak,,B2
ucuza,,B2
ulaşabilirsiniz,,B2
vedat,,B2
walker,,B2
yakındır,,B2
yapısına,,B2
yaralanan,,B2
yazmayı,,B2
yollara,,B2
yükseliyor,,B2
zirvesi,,B2
çarpıcı,,B2
çokça,,B2
üstlendiği,,B2
abone,,B2
adından,,B2
aldınız,,B2
alexander,,B2
altındadır,,B2
alındığında,,B2
alışkanlık,,B2
amaçları,,B2
anca,,B2
anlattım,,B2
anlattığı,,B2
anlayan,,B2
antrenman,,B2
arşiv,,B2
atılmış,,B2
ayrılma,,B2
ayrıntılar,,B2
azdır,,B2
ağacın,,B2
bahsediyor,,B2
bayburt,,B2
baykal,,B2
başımı,,B2
bekleniyor,,B2
beklerim,,B2
bernard,,B2
beykoz,,B2
beynini,,B2
bildiğini,,B2
bilinç,,B2
bilmediği,,B2
birtakım,,B2
bittikten,,B2
buluşmak,,B2
burnunu,,B2
bölgelere,,B2
catherine,,B2
ce,,B2
christian,,B2
cinayeti,,B2
cinsi,,B2
dehşet,,B2
diger,,B2
dikiş,,B2
dindar,,B2
durdurmak,,B2
düşüş,,B2
dışından,,B2
edebilirim,,B2
edilmeli,,B2
ekibinin,,B2
elemanı,,B2
emma,,B2
enteresan,,B2
eserin,,B2
evinden,,B2
evlerine,,B2
fakülte,,B2
farklılıklar,,B2
flaş,,B2
gazetesinin,,B2
gerçeğini,,B2
getirme,,B2
geçirip,,B2
gidersin,,B2
görkemli,,B2
görülmüştür,,B2
görülüyor,,B2
görüyorsunuz,,B2
görüşmeler,,B2
gözüme,,B2
gözünün,,B2
gücüm,,B2
günlerden,,B2
güreş,,B2
güzelce,,B2
hangisini,,B2
havanın,,B2
hayatınızı,,B2
hazretleri,,B2
ihale,,B2
ilçenin,,B2
imkân,,B2
inanamıyorum,,B2
insanla,,B2
irlanda,,B2
itü,,B2
içelim,,B2
içip,,B2
kalbinin,,B2
kaldır,,B2
kaldırdı,,B2
kaçmaya,,B2
kaşık,,B2
kesilmiş,,B2
kokulu,,B2
kokuyor,,B2
korkmaz,,B2
kura,,B2
kurup,,B2
köpekleri,,B2
kıran,,B2
larda,,B2
leon,,B2
lozan,,B2
maddelerin,,B2
makamında,,B2
malzemesi,,B2
margaret,,B2
mehdi,,B2
motorları,,B2
motosiklet,,B2
nancy,,B2
neşe,,B2
olacaksa,,B2
olasılık,,B2
olmamasına,,B2
olurdum,,B2
organları,,B2
ortaklık,,B2
oturur,,B2
oynayacak,,B2
parçasını,,B2
planlı,,B2
planını,,B2
potter,,B2
premier,,B2
protokol,,B2
protokolü,,B2
putin,,B2
pyd,,B2
reddetti,,B2
roket,,B2
sahnesinde,,B2
sezona,,B2
seçeneği,,B2
sloganı,,B2
soma,,B2
soran,,B2
stil,,B2
suat,,B2
sıralama,,B2
tabanı,,B2
taraftarları,,B2
tarzda,,B2
taşıdı,,B2
taşındı,,B2
tekme,,B2
telefonlar,,B2
telefonunu,,B2
temsili,,B2
teyit,,B2
tonu,,B2
toplantıya,,B2
toplar,,B2
tuncay,,B2
tutuklama,,B2
umutsuz,,B2
unutmak,,B2
uzunluğunda,,B2
uğraşan,,B2
vatandaşlık,,B2
veriliyor,,B2
virüsü,,B2
vizyona,,B2
yakınlarına,,B2
yapamıyorum,,B2
yapımında,,B2
yavaşça,,B2
yedik,,B2
yumruk,,B2
yürüyüşü,,B2
çağatay,,B2
çukurova,,B2
öldürmeye,,B2
ölüler,,B2
öneririm,,B2
örtüsü,,B2
ülker,,B2
üreticileri,,B2
şaşırdım,,B2
şuanda,,B2
abdülhamid,,B2
adaleti,,B2
ailesinden,,B2
allah'ı,,B2
alüminyum,,B2
alırsın,,B2
amaçlayan,,B2
anlarım,,B2
anlatayım,,B2
arkadaşına,,B2
artırmak,,B2
avcılar,,B2
avukatlar,,B2
balıklar,,B2
belirleyen,,B2
bilgisayarı,,B2
bittiğinde,,B2
bobby,,B2
burç,,B2
büyüğü,,B2
camdan,,B2
ceket,,B2
cüce,,B2
dahilinde,,B2
davis,,B2
diline,,B2
diliyoruz,,B2
diyalog,,B2
diyebiliriz,,B2
durumları,,B2
dökülen,,B2
dönemini,,B2
düzenleyen,,B2
düzensiz,,B2
düşmanın,,B2
düşüp,,B2
ekmeği,,B2
enflasyon,,B2
ergin,,B2
erkeklerle,,B2
esnek,,B2
ettiğinde,,B2
eylemleri,,B2
faik,,B2
farkettim,,B2
feci,,B2
filo,,B2
gerekçe,,B2
girmeyi,,B2
girmiştir,,B2
görünmez,,B2
halkla,,B2
harbi,,B2
harcama,,B2
hepsinden,,B2
hiçbirşey,,B2
huzuru,,B2
imzalanan,,B2
inanıyor,,B2
istediler,,B2
istiyorsa,,B2
izliyorum,,B2
işitme,,B2
işçileri,,B2
kadarı,,B2
kadarını,,B2
kafaya,,B2
kalanı,,B2
kalmasına,,B2
kapasiteli,,B2
kaptanı,,B2
kaçıp,,B2
kolunu,,B2
konumda,,B2
konumuna,,B2
konya'da,,B2
koşu,,B2
krallık,,B2
kullanıcının,,B2
kullanıldı,,B2
kuvvetler,,B2
kuyruk,,B2
kütüphanesi,,B2
kına,,B2
kırklareli,,B2
lana,,B2
lezzet,,B2
libya,,B2
liderleri,,B2
m2,,B2
maaşı,,B2
mastürbasyon,,B2
mensup,,B2
merhum,,B2
merkezde,,B2
merkezinden,,B2
merkezini,,B2
muydunuz,,B2
nedenlerle,,B2
nikah,,B2
norman,,B2
olmaktır,,B2
oluşturdu,,B2
ordan,,B2
pahasına,,B2
piyade,,B2
sahibim,,B2
sat,,B2
savaşan,,B2
savunması,,B2
saygıyla,,B2
seda,,B2
sevgiyle,,B2
sil,,B2
skor,,B2
suçları,,B2
söyledikleri,,B2
söylemişti,,B2
söylenir,,B2
tanıyor,,B2
tanıyorum,,B2
teklifini,,B2
tercüman,,B2
teselli,,B2
topa,,B2
topladı,,B2
tutacak,,B2
tüketici,,B2
yahya,,B2
yakup,,B2
yapmasına,,B2
yapmışlar,,B2
yastık,,B2
yaşın,,B2
yenerek,,B2
yetim,,B2
yinede,,B2
yükleme,,B2
yürüyerek,,B2
zorlama,,B2
çabaları,,B2
çiftliği,,B2
çizim,,B2
çoğunun,,B2
çukur,,B2
öldürme,,B2
öldüğünü,,B2
örtülü,,B2
özü,,B2
üçgen,,B2
ısrarla,,B2
şaban,,B2
şehitler,,B2
şerefine,,B2
acıyor,,B2
adaylığı,,B2
alınıyor,,B2
anları,,B2
anlayış,,B2
ardahan,,B2
artışı,,B2
asist,,B2
atmosfer,,B2
azaldı,,B2
açıklamaya,,B2
ağrıyor,,B2
bakteri,,B2
bankacılık,,B2
barry,,B2
başkalarını,,B2
başsağlığı,,B2
beyan,,B2
bilemezsin,,B2
birleşme,,B2
bulması,,B2
buluşalım,,B2
buyur,,B2
büyüleyici,,B2
bırakalım,,B2
bırakılan,,B2
dayanır,,B2
demeden,,B2
dine,,B2
dinlenme,,B2
dizayn,,B2
diziler,,B2
donanma,,B2
durmuş,,B2
duru,,B2
duvarlar,,B2
düğünü,,B2
dışa,,B2
ebû,,B2
eddie,,B2
edilmez,,B2
egemenlik,,B2
english,,B2
erkeklerden,,B2
etkilenen,,B2
etse,,B2
faaliyete,,B2
fantezi,,B2
farkındayım,,B2
fasulye,,B2
franklin,,B2
gelelim,,B2
gerekebilir,,B2
geyik,,B2
geçim,,B2
golle,,B2
görmekten,,B2
görmesi,,B2
gözlük,,B2
güvende,,B2
hacettepe,,B2
hafız,,B2
halit,,B2
hamur,,B2
hastanesinde,,B2
havlu,,B2
hazırladı,,B2
haçlı,,B2
hikayeler,,B2
hobi,,B2
hızını,,B2
idrar,,B2
ilgilidir,,B2
ilkokulu,,B2
incelemek,,B2
insanoğlu,,B2
iran'da,,B2
israil'e,,B2
isterler,,B2
itibari,,B2
itici,,B2
iyiye,,B2
içeriyor,,B2
içlerinde,,B2
işinde,,B2
işlemci,,B2
işlemler,,B2
jacob,,B2
ji,,B2
kadından,,B2
kafasında,,B2
kapılarını,,B2
karşımıza,,B2
kayboldu,,B2
kazanarak,,B2
kazanın,,B2
kelimeyi,,B2
kenar,,B2
ko,,B2
konularında,,B2
konusudur,,B2
konuşuyoruz,,B2
korkudan,,B2
kullandıkları,,B2
kullanılmak,,B2
kullanımını,,B2
kurtaracak,,B2
kurtaran,,B2
kırıkkale,,B2
kıyafetleri,,B2
leke,,B2
lisede,,B2
mama,,B2
milyonu,,B2
müddet,,B2
naci,,B2
nadiren,,B2
nedenlerden,,B2
nesin,,B2
network,,B2
ninja,,B2
note,,B2
okuduğum,,B2
okumuş,,B2
olanlardan,,B2
olmalıydı,,B2
olmayıp,,B2
olsak,,B2
olursam,,B2
oluşuyor,,B2
ortaokul,,B2
parsel,,B2
phil,,B2
plaka,,B2
pırıl,,B2
rizespor,,B2
rusya'ya,,B2
sabancı,,B2
sara,,B2
sağlanması,,B2
seneye,,B2
simgesi,,B2
sinek,,B2
sitemize,,B2
stüdyo,,B2
sürdürülebilir,,B2
süreyya,,B2
süslü,,B2
sınıflar,,B2
sırtını,,B2
tahir,,B2
takımdan,,B2
talimat,,B2
tanrısı,,B2
telefonum,,B2
temizliği,,B2
terry,,B2
testleri,,B2
tutku,,B2
tutuklanan,,B2
tık,,B2
ulaşmış,,B2
uyarısı,,B2
uzatma,,B2
vallahi,,B2
vereceğini,,B2
vermekten,,B2
vuruldu,,B2
vurun,,B2
yahudiler,,B2
yakışır,,B2
yanık,,B2
yapmıyorum,,B2
yapılarak,,B2
yarası,,B2
yerken,,B2
yönetmenliğini,,B2
yönünden,,B2
yükselme,,B2
yüzeye,,B2
yılbaşı,,B2
ziyaretinde,,B2
çabası,,B2
çatışmalar,,B2
çekecek,,B2
çeşidi,,B2
çubuk,,B2
çöl,,B2
çıktıktan,,B2
ölümle,,B2
öncülük,,B2
özelliklere,,B2
öğrenir,,B2
öğrenmiş,,B2
ülkesinin,,B2
ünlüler,,B2
üretiminde,,B2
üzüntü,,B2
ınternational,,B2
ıssız,,B2
şartlarda,,B2
akımı,,B2
alanların,,B2
almam,,B2
anlatma,,B2
annen,,B2
arabaya,,B2
aradaki,,B2
ayırmak,,B2
açılmıştır,,B2
ağaçların,,B2
ağlar,,B2
bakıyorsun,,B2
bastı,,B2
bağırsak,,B2
başlattığı,,B2
bilgilerin,,B2
bitiren,,B2
bronz,,B2
bırakacak,,B2
center,,B2
cesareti,,B2
cevapları,,B2
darbesi,,B2
defne,,B2
değiştirecek,,B2
dibinde,,B2
direnç,,B2
dostun,,B2
doğuya,,B2
dükkan,,B2
edebilmek,,B2
ederdi,,B2
egzersiz,,B2
ellerin,,B2
emlak,,B2
erkekle,,B2
etkiledi,,B2
etmiyoruz,,B2
fazladan,,B2
from,,B2
garantisi,,B2
gelmesine,,B2
gergin,,B2
geçirir,,B2
geçsin,,B2
girişiminde,,B2
gişe,,B2
group,,B2
grupların,,B2
görülecek,,B2
göstergesi,,B2
gösterme,,B2
gözaltı,,B2
gözüyle,,B2
gündemde,,B2
güneşli,,B2
güçsüz,,B2
haftalar,,B2
harold,,B2
heyet,,B2
hugo,,B2
hâlde,,B2
ilkbahar,,B2
iller,,B2
imkânsız,,B2
indirimi,,B2
ingilizler,,B2
inip,,B2
ipad,,B2
istismar,,B2
işlevi,,B2
jessica,,B2
kaderini,,B2
kadınlarda,,B2
kahretsin,,B2
kalpli,,B2
kapatılan,,B2
karakterler,,B2
karataş,,B2
kaz,,B2
kelimenin,,B2
kilisenin,,B2
konuşmaları,,B2
kuzenim,,B2
kısmi,,B2
liberal,,B2
linux,,B2
lojistik,,B2
long,,B2
market,,B2
mensupları,,B2
merakla,,B2
montaj,,B2
muhabiri,,B2
müzisyen,,B2
nakli,,B2
nolu,,B2
nurettin,,B2
ocakları,,B2
odaları,,B2
odur,,B2
olasılıkla,,B2
olmasıyla,,B2
olmuşsun,,B2
ortaokulu,,B2
oturuyor,,B2
oturuyorum,,B2
pablo,,B2
parker,,B2
rahmetli,,B2
sahilde,,B2
santral,,B2
sanıyorum,,B2
sarıyer,,B2
sattı,,B2
savaşları,,B2
sevgilin,,B2
shaw,,B2
sincan,,B2
sokaklar,,B2
solda,,B2
staj,,B2
stanley,,B2
suçundan,,B2
sözün,,B2
sütü,,B2
sıkıntılı,,B2
sığır,,B2
tanrının,,B2
tanım,,B2
tanımlanan,,B2
tedarik,,B2
tepeden,,B2
ti,,B2
tunç,,B2
umudu,,B2
urfa,,B2
uygulanması,,B2
uygulanır,,B2
vaat,,B2
vermesini,,B2
williams,,B2
yapacaklar,,B2
yaratık,,B2
yenik,,B2
yerleşik,,B2
yoksulluk,,B2
yollarda,,B2
yorgunluk,,B2
zevki,,B2
çalmaya,,B2
çanak,,B2
çarpan,,B2
çene,,B2
öldüğünde,,B2
ölmesi,,B2
ölçüm,,B2
ölümünün,,B2
öp,,B2
üs,,B2
üzerimde,,B2
üçüncüsü,,B2
abim,,B2
afet,,B2
ahh,,B2
alacağını,,B2
almadı,,B2
almayan,,B2
anlatamam,,B2
asansör,,B2
asi,,B2
atatürk'ü,,B2
atlı,,B2
aydan,,B2
ayrım,,B2
baksana,,B2
baktığımda,,B2
basında,,B2
bağcılar,,B2
başkanlığa,,B2
başlarda,,B2
başrol,,B2
beklemeye,,B2
belirlenmesi,,B2
belirlenmiştir,,B2
belirtileri,,B2
belirtmek,,B2
beraat,,B2
beyi,,B2
biliyordum,,B2
bitirdim,,B2
bozan,,B2
buranın,,B2
bır,,B2
cnn,,B2
danıştay,,B2
dağın,,B2
defasında,,B2
demiştir,,B2
denetimi,,B2
dersim,,B2
diego,,B2
dikkatle,,B2
dinledim,,B2
dinlemeye,,B2
diğerlerinden,,B2
doğuda,,B2
drama,,B2
dururken,,B2
dündar,,B2
düzenlemesi,,B2
düşünüyorsunuz,,B2
edecekler,,B2
ekşi,,B2
elemanları,,B2
emeklilik,,B2
etkilerini,,B2
etmişler,,B2
eziyet,,B2
eğitimde,,B2
faaliyetlerine,,B2
fahri,,B2
fonksiyonu,,B2
frekans,,B2
geliri,,B2
gencin,,B2
gerçekleştiren,,B2
getirmiştir,,B2
geçirilen,,B2
geçmesini,,B2
gideriz,,B2
gidiyorsun,,B2
gülümse,,B2
güneyinde,,B2
günlerce,,B2
hakikat,,B2
hakkari,,B2
halktan,,B2
halt,,B2
hatırlamak,,B2
hayatları,,B2
hayatımız,,B2
hayatımızın,,B2
hayvanlara,,B2
hikayenin,,B2
iddiaya,,B2
ifşa,,B2
ilerde,,B2
ilker,,B2
instagram,,B2
istanbul'u,,B2
içerisine,,B2
içeriye,,B2
kademe,,B2
kafanı,,B2
kalemi,,B2
kaleye,,B2
kalkış,,B2
kalıyorum,,B2
kanama,,B2
kategori,,B2
kaynağını,,B2
kaçmış,,B2
kaçta,,B2
kel,,B2
khk,,B2
kimseler,,B2
klibi,,B2
kocasının,,B2
koleksiyonu,,B2
konsey,,B2
kontrollü,,B2
kumaş,,B2
kırılmış,,B2
kısıtlı,,B2
lady,,B2
leri,,B2
liseli,,B2
mario,,B2
masası,,B2
mesleği,,B2
mg,,B2
milletinin,,B2
nehrin,,B2
neil,,B2
notları,,B2
ohal,,B2
olabiliriz,,B2
olsalar,,B2
oluşumu,,B2
onsuz,,B2
ortama,,B2
oturmak,,B2
partilerin,,B2
performansını,,B2
perişan,,B2
polislerin,,B2
rüyamda,,B2
sabahtan,,B2
sanıyorsun,,B2
savaşında,,B2
saçmalama,,B2
sağlamaya,,B2
sektör,,B2
shakespeare,,B2
sistematik,,B2
sohbeti,,B2
soner,,B2
sorum,,B2
sportif,,B2
sulh,,B2
sunmak,,B2
sınıfın,,B2
sınırında,,B2
takvimi,,B2
takımında,,B2
tanrılar,,B2
tbmm'de,,B2
temelinde,,B2
testler,,B2
törenle,,B2
tüp,,B2
ulaşır,,B2
uçakları,,B2
uğurlu,,B2
vadeli,,B2
verdiniz,,B2
yahut,,B2
yanındayım,,B2
yaprakları,,B2
yasalar,,B2
yasaları,,B2
yenisini,,B2
yetecek,,B2
yeşilyurt,,B2
yokum,,B2
yollardan,,B2
yönetimini,,B2
yönünü,,B2
yürümeye,,B2
yürüyor,,B2
yıkıldı,,B2
zar,,B2
zarfında,,B2
çalışacağız,,B2
çalışmanın,,B2
çaykur,,B2
çağlayan,,B2
çağırıyor,,B2
çorbası,,B2
çıkarmış,,B2
çıkmayı,,B2
çıktılar,,B2
ömrünü,,B2
ötesine,,B2
ülkelerinin,,B2
ıt,,B2
şekillerde,,B2
acısı,,B2
adımlar,,B2
afrika'da,,B2
akustik,,B2
akıyor,,B2
alanlara,,B2
anladı,,B2
anlaşılıyor,,B2
arabada,,B2
ararken,,B2
ateşkes,,B2
avrasya,,B2
ayrılıp,,B2
açıklayan,,B2
bakanlığı'na,,B2
balon,,B2
başkanlığını,,B2
başlasın,,B2
beach,,B2
benimde,,B2
benzersiz,,B2
beter,,B2
biletleri,,B2
bilgilerini,,B2
bittiği,,B2
büyükelçi,,B2
caminin,,B2
caz,,B2
cumhur,,B2
day,,B2
dem,,B2
dennis,,B2
deve,,B2
devletlerin,,B2
değişmiş,,B2
diploma,,B2
diyenler,,B2
doğası,,B2
düşünülen,,B2
efe,,B2
ehl,,B2
ekolojik,,B2
ereğli,,B2
etmeliyiz,,B2
fıstık,,B2
gabriel,,B2
gazetesinde,,B2
geleceğine,,B2
gerçekleştirmek,,B2
get,,B2
gezegenin,,B2
geçersiz,,B2
geçirdik,,B2
geçiyoruz,,B2
gidersen,,B2
gidiş,,B2
got,,B2
gökçe,,B2
gönderir,,B2
görüntüleme,,B2
götürüyor,,B2
günlerini,,B2
güvence,,B2
hakiki,,B2
hamam,,B2
hapiste,,B2
harris,,B2
hastaların,,B2
hatayı,,B2
hatırlattı,,B2
have,,B2
hayvanın,,B2
herşeye,,B2
hesabından,,B2
html,,B2
hukukun,,B2
ilkesi,,B2
imalat,,B2
insanım,,B2
izah,,B2
izlerini,,B2
izleyici,,B2
işaretleri,,B2
kadrosunda,,B2
kahramanlar,,B2
kaide,,B2
kalkar,,B2
kalsiyum,,B2
karşılaşma,,B2
kaset,,B2
kaymakam,,B2
kişilerle,,B2
kong,,B2
koşan,,B2
koşarak,,B2
kullanacak,,B2
kullanılmaya,,B2
kullanımına,,B2
kupayı,,B2
kuvveti,,B2
kültürünün,,B2
kırşehir,,B2
kıyafetler,,B2
liderler,,B2
limit,,B2
maçlarını,,B2
mb,,B2
michelle,,B2
minimum,,B2
muhasebe,,B2
music,,B2
nam,,B2
nasa,,B2
necati,,B2
nesi,,B2
nevşehir,,B2
nobel,,B2
odanın,,B2
ola,,B2
olmayanlar,,B2
oylama,,B2
parfüm,,B2
parlamenter,,B2
pat,,B2
pencereden,,B2
pendik,,B2
planlarını,,B2
poz,,B2
pul,,B2
rachel,,B2
resimde,,B2
rivayet,,B2
rota,,B2
sahneleri,,B2
sakinleri,,B2
saldıran,,B2
sandın,,B2
savunmak,,B2
sayfalar,,B2
senelik,,B2
serhat,,B2
sistemlerinin,,B2
soktu,,B2
solo,,B2
soy,,B2
sunuyorum,,B2
suçun,,B2
süreyle,,B2
tabak,,B2
tarzını,,B2
telefondan,,B2
thy,,B2
toto,,B2
trabzon'da,,B2
turnuvası,,B2
tuzla,,B2
tuğla,,B2
tümör,,B2
ucundan,,B2
uyumaya,,B2
varız,,B2
veremez,,B2
vurmuş,,B2
yanda,,B2
yangını,,B2
yanlız,,B2
yaratır,,B2
yarısından,,B2
yayla,,B2
yazarları,,B2
yaşanıyor,,B2
yaşını,,B2
yen,,B2
yendi,,B2
yenen,,B2
yener,,B2
yerdeki,,B2
yükseköğretim,,B2
zevkle,,B2
çalışmalarda,,B2
ölecek,,B2
öneme,,B2
önümüzde,,B2
özal,,B2
öğrencinin,,B2
ıyi,,B2
şarkıların,,B2
şirkete,,B2
şoförü,,B2
ablam,,B2
adaletin,,B2
adamdan,,B2
adamdır,,B2
adamlara,,B2
adları,,B2
ailelerin,,B2
aksoy,,B2
ala,,B2
alkış,,B2
allen,,B2
alparslan,,B2
alıyordu,,B2
anıları,,B2
arabaları,,B2
aracılığı,,B2
aradığı,,B2
aras,,B2
arkadaşlarımız,,B2
arkamdan,,B2
avantaj,,B2
ayrıldıktan,,B2
ayırma,,B2
açarak,,B2
açıklamaları,,B2
aş,,B2
bahsi,,B2
bakışı,,B2
bağlamda,,B2
başlanan,,B2
beşiktaş'ta,,B2
bilinmiyor,,B2
bilmesi,,B2
birilerine,,B2
bo,,B2
boris,,B2
boston,,B2
boyle,,B2
boşluğu,,B2
bölgesinden,,B2
camiye,,B2
cemaati,,B2
cevdet,,B2
chuck,,B2
delta,,B2
deriz,,B2
değişecek,,B2
dicle,,B2
doğruluk,,B2
durak,,B2
durumdadır,,B2
dönerken,,B2
dükkanı,,B2
edebiliriz,,B2
edilirken,,B2
edilmek,,B2
elinize,,B2
elverişli,,B2
ettiklerini,,B2
evime,,B2
evliliği,,B2
eşyalarınızı,,B2
fener,,B2
fetö'nün,,B2
fonu,,B2
fıfa,,B2
gençliği,,B2
gerçeğe,,B2
getirilmesi,,B2
geçmesine,,B2
geçmişini,,B2
gittiğinde,,B2
gole,,B2
gruptan,,B2
gökyüzüne,,B2
gömülü,,B2
gördüğün,,B2
görmedi,,B2
gözünden,,B2
hayatınızda,,B2
hesaplama,,B2
hill,,B2
hüsnü,,B2
ibarettir,,B2
iddiasıyla,,B2
ideolojik,,B2
ilkeleri,,B2
inen,,B2
isteyip,,B2
izlenen,,B2
içerikli,,B2
içimi,,B2
kaldılar,,B2
karşılıksız,,B2
kavramlar,,B2
kazak,,B2
kazanması,,B2
kazanç,,B2
kediler,,B2
kelimelerin,,B2
kenarı,,B2
kesilir,,B2
kimseden,,B2
kocam,,B2
kont,,B2
kulaklık,,B2
kulüpler,,B2
kurbanı,,B2
kurtulmuş,,B2
lefkoşa,,B2
liginde,,B2
mahir,,B2
mahsur,,B2
malesef,,B2
marco,,B2
masaüstü,,B2
memleket,,B2
meraklı,,B2
milyona,,B2
mineral,,B2
mülk,,B2
niyeti,,B2
okuduğu,,B2
okulunda,,B2
olayla,,B2
olmadım,,B2
olmamıştır,,B2
oralarda,,B2
orayı,,B2
ortalıkta,,B2
parçalara,,B2
psikolojisi,,B2
reform,,B2
russell,,B2
saçı,,B2
sağlama,,B2
sebeplerden,,B2
serisinin,,B2
seviyeye,,B2
seyhan,,B2
sizlerden,,B2
sorunların,,B2
sorunlarını,,B2
sos,,B2
sporu,,B2
suratına,,B2
söylediğim,,B2
söylendi,,B2
sıkıntılar,,B2
tartışmalar,,B2
tarzında,,B2
taşın,,B2
tedbir,,B2
teröristler,,B2
toplantısına,,B2
torba,,B2
turgay,,B2
tutulur,,B2
tıklayınız,,B2
unutmuş,,B2
usb,,B2
usul,,B2
verirse,,B2
yakalama,,B2
yakıp,,B2
yapıların,,B2
yaralar,,B2
yararı,,B2
yargıç,,B2
yarışmasında,,B2
yatmak,,B2
yeteneklerini,,B2
yiyin,,B2
yolculuğa,,B2
yönetimindeki,,B2
yükseklik,,B2
yüzümü,,B2
yıkıcı,,B2
zirvede,,B2
çalışkan,,B2
çerçeve,,B2
çoğunluk,,B2
çıkaracak,,B2
öldürüldüğü,,B2
üretici,,B2
şunlardır,,B2
abbas,,B2
altyapısı,,B2
alırsınız,,B2
angela,,B2
anla,,B2
anormal,,B2
apartman,,B2
araştırmacılar,,B2
arkadaşıma,,B2
asılı,,B2
ateşin,,B2
atılır,,B2
avukatlık,,B2
avşar,,B2
ayağına,,B2
ayları,,B2
azami,,B2
açıklanan,,B2
bakımı,,B2
bağlılık,,B2
beyefendi,,B2
beylikdüzü,,B2
beğen,,B2
bilecek,,B2
biçiminde,,B2
brad,,B2
buca,,B2
buluşuyor,,B2
cahil,,B2
canan,,B2
cins,,B2
cümleler,,B2
davaya,,B2
davul,,B2
demokrasinin,,B2
dersen,,B2
değiştirmeye,,B2
dikkatimi,,B2
diller,,B2
diriliş,,B2
doz,,B2
doğada,,B2
dramatik,,B2
duası,,B2
duruş,,B2
duyduğunu,,B2
dönüşür,,B2
ecevit,,B2
edene,,B2
emrah,,B2
ergen,,B2
etiketiyle,,B2
eylemler,,B2
ezik,,B2
eşyalar,,B2
faaliyetler,,B2
face,,B2
fatura,,B2
fikirlerini,,B2
fuarı,,B2
geleneği,,B2
geliştirdiği,,B2
gerektiğinde,,B2
geçirdim,,B2
geçiyorum,,B2
geçmez,,B2
geçmişin,,B2
girince,,B2
giysi,,B2
grace,,B2
grant,,B2
gördüğünde,,B2
göründü,,B2
gösterip,,B2
götüren,,B2
güvenin,,B2
güvenini,,B2
haberleşme,,B2
halife,,B2
hayaller,,B2
hayvanı,,B2
hazırlamak,,B2
herzaman,,B2
hi,,B2
hmm,,B2
hulusi,,B2
idrak,,B2
idris,,B2
ifadesini,,B2
ingiltere'ye,,B2
insanda,,B2
insandan,,B2
isimlerin,,B2
istekli,,B2
istemedim,,B2
isteyerek,,B2
jules,,B2
kabuğu,,B2
kadarki,,B2
kadeh,,B2
kaderin,,B2
kaldın,,B2
karaya,,B2
karıştırma,,B2
katılmaya,,B2
kavuştu,,B2
kayıtlarını,,B2
kesen,,B2
kimisi,,B2
kitabının,,B2
komite,,B2
konuşuyorum,,B2
kostüm,,B2
kova,,B2
kulübe,,B2
kızımız,,B2
lake,,B2
londra'ya,,B2
madeni,,B2
mahallenin,,B2
makaleler,,B2
miami,,B2
müslümanlara,,B2
müzikleri,,B2
nakil,,B2
necmettin,,B2
nüfusunun,,B2
olduysa,,B2
oluyorsunuz,,B2
oluşturulmuş,,B2
oluşum,,B2
oğulları,,B2
panel,,B2
parçalarını,,B2
paşa'nın,,B2
poker,,B2
rehberlik,,B2
sabahattin,,B2
sahili,,B2
sakso,,B2
salonda,,B2
sap,,B2
savaşmak,,B2
savundu,,B2
sevdi,,B2
sigarayı,,B2
sinsi,,B2
sinyali,,B2
sonları,,B2
soyunma,,B2
soğutma,,B2
sponsor,,B2
stefan,,B2
sürecine,,B2
sürecinin,,B2
sıkma,,B2
tablet,,B2
terbiye,,B2
tesadüfen,,B2
tozu,,B2
tufan,,B2
twitter'da,,B2
ucuna,,B2
ufacık,,B2
uygur,,B2
vatandaşın,,B2
vuruş,,B2
wall,,B2
yaklaşımı,,B2
yargılama,,B2
yarışmada,,B2
yataktan,,B2
yaşayıp,,B2
yerime,,B2
yy,,B2
yıkım,,B2
zara,,B2
çekimleri,,B2
çocuğuna,,B2
çıkıyoruz,,B2
öldürüyor,,B2
özelliğine,,B2
ünü,,B2
ürünlerin,,B2
üyelerine,,B2
şeyle,,B2
adıma,,B2
ailelerine,,B2
akut,,B2
akşamları,,B2
alamaz,,B2
alfred,,B2
almıştım,,B2
anlamıyor,,B2
anlatacağım,,B2
arabalar,,B2
aralarındaki,,B2
arıza,,B2
aslına,,B2
astsubay,,B2
atmayı,,B2
azalır,,B2
azınlık,,B2
açıklıyor,,B2
açım,,B2
babamı,,B2
bahsetmek,,B2
bakıyoruz,,B2
başarısını,,B2
belirterek,,B2
bencil,,B2
berk,,B2
bilmiyordum,,C1
binaya,,C1
birader,,C1
birebir,,C1
birimiz,,C1
biriniz,,C1
birliğine,,C1
birçoğu,,C1
bmw,,C1
boka,,C1
bozucu,,C1
buradayım,,C1
bye,,C1
büyüklükte,,C1
büyüklüğünde,,C1
ca,,C1
caner,,C1
cinsinden,,C1
cumhurbaşkanımız,,C1
demirci,,C1
depresyon,,C1
derneği'nin,,C1
derviş,,C1
diğerlerinin,,C1
doldurun,,C1
dong,,C1
dostları,,C1
dosyayı,,C1
duruşma,,C1
dönmeye,,C1
dönüyorum,,C1
düşmanları,,C1
edeceği,,C1
ehliyet,,C1
ekranda,,C1
elena,,C1
em,,C1
erişimi,,C1
ermenistan,,C1
erotik,,C1
etmişlerdir,,C1
evrak,,C1
eğlenceler,,C1
eşitliği,,C1
fiilen,,C1
filiz,,C1
fonksiyon,,C1
galatasaray'a,,C1
geleceğim,,C1
gereğince,,C1
getirerek,,C1
getirilmiş,,C1
geçidi,,C1
geçiriyor,,C1
gidebilir,,C1
gitsem,,C1
görebilir,,C1
göründüğü,,C1
görüştü,,C1
gücüyle,,C1
güveni,,C1
halleri,,C1
harekat,,C1
hareketlerini,,C1
hastalar,,C1
hayatımıza,,C1
hazırlayan,,C1
hendek,,C1
hissetmiyorum,,C1
hüzünlü,,C1
ihtiyacını,,C1
ihtiyaçlarını,,C1
ilaçları,,C1
iletişimi,,C1
ipucu,,C1
isteyenlere,,C1
italya'da,,C1
iyisin,,C1
izmir'e,,C1
işinin,,C1
işlenmiş,,C1
jamie,,C1
kadınlarla,,C1
kaldığım,,C1
kamerası,,C1
kanadı,,C1
kanunları,,C1
kapsar,,C1
karşılaştığı,,C1
kay,,C1
kayserispor,,C1
kayıtlarına,,C1
kesik,,C1
kesimi,,C1
kimileri,,C1
kitaba,,C1
kitapların,,C1
kokan,,C1
konuldu,,C1
konuşarak,,C1
koordinasyon,,C1
kudret,,C1
kukla,,C1
kullanırken,,C1
kurallarını,,C1
kurdum,,C1
kurtar,,C1
kutup,,C1
kuşak,,C1
kısımları,,C1
kızına,,C1
mahkemede,,C1
mallar,,C1
maçlarda,,C1
mağaza,,C1
merkezindeki,,C1
mescid,,C1
meydanında,,C1
mezhep,,C1
meğer,,C1
mücadeleyi,,C1
müdahalesi,,C1
münih,,C1
nevzat,,C1
okunan,,C1
operasyonlar,,C1
ortamlarda,,C1
parlayan,,C1
parçayı,,C1
patlaması,,C1
renault,,C1
resmin,,C1
restorasyon,,C1
rob,,C1
ruhuna,,C1
sabiha,,C1
sabun,,C1
sarp,,C1
sayfasında,,C1
sağda,,C1
sekizinci,,C1
sema,,C1
seo,,C1
serseri,,C1
seçtim,,C1
silahların,,C1
sorunlu,,C1
sporcular,,C1
stop,,C1
story,,C1
street,,C1
suriye'deki,,C1
susuz,,C1
süs,,C1
taraftarlar,,C1
tatlısın,,C1
tavsiyem,,C1
temelde,,C1
temizlemek,,C1
tereddüt,,C1
tişört,,C1
tok,,C1
treni,,C1
tutuyorum,,C1
türde,,C1
tüy,,C1
unvanı,,C1
uzayda,,C1
veriyordu,,C1
videoda,,C1
yabani,,C1
yakası,,C1
yapılmasına,,C1
yapımcı,,C1
yaya,,C1
yağıyor,,C1
yeteneğini,,C1
yukarıya,,C1
yuvası,,C1
çalışmıyor,,C1
çekilir,,C1
çevirisi,,C1
çevrili,,C1
çiftin,,C1
çocuklarımızın,,C1
özgürce,,C1
özlü,,C1
öğrenin,,C1
üyelerinden,,C1
üzülüyorum,,C1
ırak'ın,,C1
şansım,,C1
şarkıya,,C1
şebnem,,C1
şekilleri,,C1
şii,,C1
şikayetçi,,C1
abisi,,C1
ailede,,C1
alacaklar,,C1
allahın,,C1
anderson,,C1
antonio,,C1
aralığı,,C1
aralığında,,C1
arkeoloji,,C1
asma,,C1
asıllı,,C1
attın,,C1
avı,,C1
ayrıntıları,,C1
ayına,,C1
aşığım,,C1
bahçede,,C1
bakanlığı'nın,,C1
bandırma,,C1
başlarlar,,C1
bektaş,,C1
beyazıt,,C1
bilgisayarlar,,C1
biliniyor,,C1
biliyordu,,C1
bilmiyorsun,,C1
binasının,,C1
birbirinizi,,C1
c.c,,C1
candan,,C1
davranışı,,C1
deneysel,,C1
dibe,,C1
diyordum,,C1
dişleri,,C1
dokunma,,C1
dolaşıp,,C1
don't,,C1
duracak,,C1
dönmez,,C1
düşündü,,C1
düşünürken,,C1
düşürmek,,C1
edilmeye,,C1
emel,,C1
etap,,C1
etmenizi,,C1
etrafına,,C1
evlerinde,,C1
eşine,,C1
far,,C1
farkla,,C1
farkındalık,,C1
fethiye,,C1
filmlerde,,C1
fon,,C1
fotoğrafçı,,C1
gelişmekte,,C1
gemiler,,C1
gerekmiyor,,C1
gerisinde,,C1
gerçeğin,,C1
geçirerek,,C1
göndererek,,C1
görünmek,,C1
görürüz,,C1
görüşlerini,,C1
gözetim,,C1
gözlerinde,,C1
gümüşhane,,C1
gündü,,C1
hapishane,,C1
hareketinin,,C1
hasret,,C1
hastalığa,,C1
hatırlatmak,,C1
havuzu,,C1
hayranı,,C1
hedefimiz,,C1
hesaplar,,C1
hücreler,,C1
hükümete,,C1
iftira,,C1
ikizler,,C1
ilişkilerin,,C1
ima,,C1
incir,,C1
indirin,,C1
inkâr,,C1
isimlerinden,,C1
istemediği,,C1
itibarı,,C1
içerdiği,,C1
içtim,,C1
jan,,C1
josh,,C1
kapısına,,C1
kararın,,C1
kardeşini,,C1
karım,,C1
karısının,,C1
katılmış,,C1
kazandık,,C1
kazanmıştır,,C1
kazanılan,,C1
kazık,,C1
kaş,,C1
komut,,C1
konuma,,C1
konunun,,C1
konuşmalar,,C1
kökü,,C1
köprünün,,C1
kültürünü,,C1
kızılderili,,C1
leonard,,C1
lisansı,,C1
listeleri,,C1
maliyet,,C1
manken,,C1
markaları,,C1
masalı,,C1
mazhar,,C1
mekanizması,,C1
mekke,,C1
mektuplar,,C1
milyondan,,C1
misali,,C1
mod,,C1
muhabir,,C1
musul,,C1
müslim,,C1
müslüm,,C1
nba,,C1
neredesin,,C1
nişancı,,C1
nöbetçi,,C1
olmamıştı,,C1
otu,,C1
otururken,,C1
oyları,,C1
oğluna,,C1
oğuzhan,,C1
parkta,,C1
partiden,,C1
parçasıdır,,C1
penis,,C1
philip,,C1
piknik,,C1
piyasada,,C1
potansiyeli,,C1
power,,C1
projesinin,,C1
rihanna,,C1
salata,,C1
salim,,C1
samuel,,C1
sandığı,,C1
sarayın,,C1
sarf,,C1
sağlandı,,C1
seferleri,,C1
sevenler,,C1
sevmedim,,C1
sonucunu,,C1
sorumluluğunu,,C1
sorununu,,C1
söylenebilir,,C1
sözleriyle,,C1
sınıfının,,C1
takıldı,,C1
takımımız,,C1
tamamlanmış,,C1
tarafındaki,,C1
taşeron,,C1
taşınabilir,,C1
terapi,,C1
turda,,C1
turkish,,C1
tüfeği,,C1
tırnak,,C1
ultra,,C1
uludağ,,C1
unutmuşum,,C1
uyandım,,C1
valilik,,C1
verirseniz,,C1
vücudunun,,C1
walt,,C1
wi,,C1
yakmak,,C1
yaman,,C1
yapılacağını,,C1
yardim,,C1
yardımcılığı,,C1
yarınki,,C1
yaşandığı,,C1
yiyecekler,,C1
yoğunluk,,C1
zamanını,,C1
zıt,,C1
çantası,,C1
çatısı,,C1
çatışmada,,C1
çağın,,C1
çekerken,,C1
çevirmek,,C1
çözmeye,,C1
özelliklerine,,C1
öğrenince,,C1
üstünlüğü,,C1
ışıl,,C1
şampiyonası'nda,,C1
şer,,C1
şerit,,C1
şövalye,,C1
afganistan,,C1
alem,,C1
ali'nin,,C1
amaçlar,,C1
anadolu'ya,,C1
anlaşmanın,,C1
aralık'ta,,C1
askerî,,C1
atak,,C1
atarım,,C1
açı,,C1
ağzıma,,C1
ağzında,,C1
badem,,C1
bahçelievler,,C1
bale,,C1
balıkları,,C1
bandı,,C1
bankaya,,C1
bek,,C1
beklediği,,C1
beklediğim,,C1
biraraya,,C1
biricik,,C1
bitkilerin,,C1
bozmak,,C1
bulunarak,,C1
cameron,,C1
cemiyeti,,C1
cenneti,,C1
cennette,,C1
ceyhan,,C1
che,,C1
christopher,,C1
co,,C1
cola,,C1
craig,,C1
dağıtımı,,C1
defter,,C1
demedi,,C1
demeli,,C1
demem,,C1
denizci,,C1
dereceye,,C1
derisi,,C1
diana,,C1
dilimi,,C1
dilleri,,C1
dinsel,,C1
direnişi,,C1
dizel,,C1
doktorun,,C1
dönemden,,C1
döneminden,,C1
dönüşümü,,C1
edeceksin,,C1
ekle,,C1
ekranlarında,,C1
eleştiren,,C1
ellerim,,C1
elleriyle,,C1
enerjiyi,,C1
etmeyecek,,C1
evladım,,C1
fenerbahçe'ye,,C1
finanse,,C1
fincan,,C1
forex,,C1
format,,C1
fragman,,C1
futbolcusu,,C1
gelişi,,C1
gemiyi,,C1
gerekeni,,C1
getirdiler,,C1
getirdim,,C1
geçenlerde,,C1
girdiğinde,,C1
girl,,C1
girmesini,,C1
görürsünüz,,C1
götür,,C1
gözyaşları,,C1
güneşe,,C1
gür,,C1
güya,,C1
hard,,C1
hareketini,,C1
hasat,,C1
hayalleri,,C1
hazırlıkları,,C1
hikayeleri,,C1
hissettiğim,,C1
hükümetinin,,C1
ilişkisini,,C1
inceleyen,,C1
insansın,,C1
iskele,,C1
islamcı,,C1
izole,,C1
işlediği,,C1
işlenen,,C1
julie,,C1
kalkmış,,C1
kampüsü,,C1
kamuoyu,,C1
kamusal,,C1
kaplama,,C1
karakterleri,,C1
kararla,,C1
katiller,,C1
kişilerden,,C1
kişiliği,,C1
kodları,,C1
kolye,,C1
konsept,,C1
konumunda,,C1
konuğu,,C1
konuşun,,C1
korkuyor,,C1
kursu,,C1
kurtuldu,,C1
kurumun,,C1
köylüler,,C1
köyüne,,C1
küba,,C1
light,,C1
lys,,C1
macaristan,,C1
malcolm,,C1
meydanı'nda,,C1
mhp'nin,,C1
milliyetçilik,,C1
mimarı,,C1
mutluyuz,,C1
nazlı,,C1
nejat,,C1
olmalıyız,,C1
olsunlar,,C1
op,,C1
patronu,,C1
plaj,,C1
plazma,,C1
portekiz,,C1
ralph,,C1
reklamı,,C1
rengini,,C1
saatini,,C1
sanıyorlar,,C1
saran,,C1
saraya,,C1
satıyor,,C1
sağlanan,,C1
sentetik,,C1
seversin,,C1
seçenekleri,,C1
seçin,,C1
sikiş,,C1
soracak,,C1
sorularını,,C1
stone,,C1
suyla,,C1
söylerim,,C1
söylüyorlar,,C1
tanesini,,C1
tanıdığı,,C1
tanımıyorum,,C1
telefonumu,,C1
tevfik,,C1
tosun,,C1
türkistan,,C1
ulaştığı,,C1
ulaşın,,C1
united,,C1
us,,C1
uçar,,C1
vegas,,C1
vereceği,,C1
veritabanı,,C1
virginia,,C1
vuruyor,,C1
warren,,C1
yabancılar,,C1
yang,,C1
yanıp,,C1
yarayan,,C1
yarıya,,C1
yazıldı,,C1
yaşanacak,,C1
yediği,,C1
yengeç,,C1
yöneticiler,,C1
yönetmek,,C1
yürüdü,,C1
çalınan,,C1
çalıp,,C1
çekilmesi,,C1
çim,,C1
çürük,,C1
çıkardım,,C1
öncelik,,C1
öğrencilerinin,,C1
ümraniye,,C1
şekeri,,C1
şükran,,C1
_,,C1
a000,,C1
adalar,,C1
adaları,,C1
akademisyenler,,C1
akıncı,,C1
alandaki,,C1
ankara'daki,,C1
anlıyoruz,,C1
anılar,,C1
araştırmak,,C1
atalay,,C1
atlar,,C1
avrupa'daki,,C1
ayaklar,,C1
aylarca,,C1
ayrılması,,C1
açılışını,,C1
ağaca,,C1
bakarsan,,C1
basamak,,C1
bağlanmış,,C1
başımız,,C1
bb,,C1
belirtilmiştir,,C1
bez,,C1
bilmeniz,,C1
bilmiyorlar,,C1
bitkileri,,C1
bora,,C1
bozma,,C1
bozukluk,,C1
bulaşık,,C1
bulursun,,C1
buradayız,,C1
but,,C1
bölünmüş,,C1
car,,C1
chan,,C1
cömert,,C1
dalış,,C1
davayı,,C1
dc,,C1
dediğimde,,C1
dengesiz,,C1
deposu,,C1
dersini,,C1
değildim,,C1
değiştirerek,,C1
değiştirilmiştir,,C1
doğuş,,C1
dualar,,C1
durduk,,C1
eksi,,C1
emriyle,,C1
esrar,,C1
eşittir,,C1
fevzi,,C1
fiziki,,C1
fren,,C1
furkan,,C1
gazeteler,,C1
gazetelerde,,C1
gerçekleşecek,,C1
geçmedi,,C1
geçmektedir,,C1
girdiler,,C1
gitmiştir,,C1
gore,,C1
gönülden,,C1
görebilirsiniz,,C1
gülüyor,,C1
günlere,,C1
güçlerin,,C1
harap,,C1
harvey,,C1
hayattaki,,C1
hayatınız,,C1
ilişkinin,,C1
ilçeye,,C1
intikamını,,C1
isterken,,C1
isteyenlerin,,C1
itfaiye,,C1
içimdeki,,C1
işimizi,,C1
japonya'da,,C1
kabus,,C1
kaldırma,,C1
kaldığımız,,C1
kardeşimin,,C1
karınca,,C1
katılıyor,,C1
kaçıyor,,C1
keith,,C1
kendilerinin,,C1
kuantum,,C1
kurmay,,C1
kuşları,,C1
kuşların,,C1
kızdan,,C1
lg,,C1
little,,C1
live,,C1
lloyd,,C1
malları,,C1
malta,,C1
maskeli,,C1
mobile,,C1
murphy,,C1
müebbet,,C1
mürekkep,,C1
namık,,C1
nar,,C1
nelerdir,,C1
noktalar,,C1
numaram,,C1
odak,,C1
olanağı,,C1
olmakta,,C1
parlamento,,C1
partiyi,,C1
periyodik,,C1
peygamberin,,C1
peyzaj,,C1
polisleri,,C1
psikolog,,C1
rabbi,,C1
rabbimiz,,C1
rektörü,,C1
riskini,,C1
saatin,,C1
sahra,,C1
sal,,C1
salgın,,C1
savcısı,,C1
sayfayı,,C1
saygısızlık,,C1
sembol,,C1
seninki,,C1
sevgisini,,C1
seçtiği,,C1
siparişi,,C1
spora,,C1
style,,C1
sunulmuştur,,C1
sönmez,,C1
sıla,,C1
sınavda,,C1
sıradışı,,C1
takımların,,C1
talimatı,,C1
tarihindeki,,C1
tarihçi,,C1
tarla,,C1
tavsiyesi,,C1
telsiz,,C1
tespiti,,C1
travma,,C1
tutarlı,,C1
tutum,,C1
türkan,,C1
türünün,,C1
unesco,,C1
uğradığı,,C1
varlığın,,C1
veririz,,C1
viyana,,C1
vurup,,C1
was,,C1
wesley,,C1
yapacaksın,,C1
yapamam,,C1
yaparsınız,,C1
yapıda,,C1
yapılmalı,,C1
yarısına,,C1
yaşayanlar,,C1
yaşlarda,,C1
yaşıyordu,,C1
yerlerinden,,C1
yetmiyor,,C1
yönetimin,,C1
yüzeyi,,C1
yıldırım'ın,,C1
zekalı,,C1
zil,,C1
çalışmaktan,,C1
çavuşoğlu,,C1
çekiliş,,C1
ödünç,,C1
ölümüyle,,C1
önemsiz,,C1
öneri,,C1
önerilen,,C1
öteye,,C1
ülkesini,,C1
üniversitesi'nin,,C1
üstünlük,,C1
ıslah,,C1
ığdır,,C1
şarkılarını,,C1
şekline,,C1
şimdilerde,,C1
afedersiniz,,C1
akdeniz'de,,C1
akşamki,,C1
anlayamadım,,C1
anneleri,,C1
arabesk,,C1
arena'da,,C1
arttıkça,,C1
açığı,,C1
aşaması,,C1
aşkını,,C1
bakara,,C1
bankalar,,C1
bağlanan,,C1
bağlanır,,C1
başarıyı,,C1
belde,,C1
belediyesinin,,C1
bense,,C1
bereketli,,C1
beslenen,,C1
bezi,,C1
bildiri,,C1
bilimin,,C1
biliriz,,C1
binip,,C1
birliğinin,,C1
bitene,,C1
buyurun,,C1
böceği,,C1
bölümlerde,,C1
bırakmam,,C1
california,,C1
cana,,C1
canlılar,,C1
ceviz,,C1
davranmak,,C1
demeyi,,C1
destan,,C1
değiştir,,C1
dikkati,,C1
diziye,,C1
diğerlerine,,C1
doldurmak,,C1
doğusunda,,C1
durağı,,C1
duyduk,,C1
düzenlemeler,,C1
düşününce,,C1
eda,,C1
edebilirler,,C1
ediniz,,C1
ediyorsa,,C1
ekin,,C1
eklenen,,C1
eklenir,,C1
enerjinin,,C1
engelleyen,,C1
eserlerin,,C1
etmemek,,C1
farketmez,,C1
francisco,,C1
galatasaray'da,,C1
gemiye,,C1
gerekecek,,C1
gerçekleştirdik,,C1
gezmek,,C1
geçmişten,,C1
gibiyiz,,C1
girmesine,,C1
giyip,,C1
golünü,,C1
gruplara,,C1
göremedim,,C1
götürmek,,C1
günlerdir,,C1
günlüğü,,C1
gürcistan,,C1
haberiniz,,C1
hakkınız,,C1
haklarının,,C1
halkımız,,C1
hanımı,,C1
hap,,C1
hareketle,,C1
hasarı,,C1
hastanesi'nde,,C1
hattında,,C1
hayallerini,,C1
hazırlandı,,C1
herşeyden,,C1
hizmetine,,C1
huzurunda,,C1
hızıyla,,C1
iddialar,,C1
ilin,,C1
ilçesinin,,C1
iranlı,,C1
iskenderun,,C1
isteme,,C1
istemediğim,,C1
içer,,C1
juan,,C1
kafkas,,C1
kaliforniya,,C1
kalkanı,,C1
kalkıyor,,C1
kanın,,C1
kapitalist,,C1
kariyeri,,C1
karlı,,C1
karşılaşmada,,C1
kata,,C1
katan,,C1
katılımcılar,,C1
kavramları,,C1
kaybediyor,,C1
kayıtsız,,C1
kemiği,,C1
kenarına,,C1
kendilerinden,,C1
kente,,C1
kesilen,,C1
koltukta,,C1
konulan,,C1
kopyası,,C1
koymaya,,C1
krallığı,,C1
kullandığını,,C1
kullanması,,C1
kupon,,C1
kurar,,C1
kurmayı,,C1
kurtarır,,C1
kuruyor,,C1
kusur,,C1
kırıp,,C1
level,,C1
meriç,,C1
mezarı,,C1
miting,,C1
mobilya,,C1
modası,,C1
müddetçe,,C1
müzikal,,C1
nitelikli,,C1
office,,C1
old,,C1
olmayacaktır,,C1
olsanız,,C1
orantılı,,C1
organı,,C1
ormanda,,C1
ormanı,,C1
osmangazi,,C1
osmanlı'nın,,C1
otelin,,C1
oynamayı,,C1
oynanacak,,C1
politikalar,,C1
pozisyonda,,C1
randy,,C1
raporları,,C1
ren,,C1
rezalet,,C1
riske,,C1
ruhani,,C1
ruhları,,C1
rusça,,C1
samsun'da,,C1
sanıyorsunuz,,C1
saçların,,C1
saçmalık,,C1
sağdan,,C1
serinin,,C1
sevgiyi,,C1
sezar,,C1
silivri,,C1
sin,,C1
sistemiyle,,C1
sivasspor,,C1
sokaklara,,C1
soyadını,,C1
sözcüğü,,C1
sözlerine,,C1
sürerken,,C1
sınırlar,,C1
tahsin,,C1
tanıdım,,C1
tanışma,,C1
tarsus,,C1
tasarruf,,C1
tatilde,,C1
tehdidi,,C1
telgraf,,C1
temizleme,,C1
teröristlerin,,C1
tezi,,C1
teşebbüs,,C1
toplamaya,,C1
topları,,C1
tüketim,,C1
türüne,,C1
unsurları,,C1
uyguladığı,,C1
uzağa,,C1
vaftiz,,C1
vatandaşlar,,C1
vaz,,C1
vera,,C1
vereceksin,,C1
verilmesini,,C1
vietnam,,C1
xx,,C1
yapacaksınız,,C1
yapman,,C1
yasaktır,,C1
yatağı,,C1
yazacağım,,C1
yaşamına,,C1
yedin,,C1
yerinin,,C1
yeryüzü,,C1
yeşim,,C1
yoga,,C1
yollarla,,C1
yunanistan'ın,,C1
yükünü,,C1
yüzündeki,,C1
zenginlik,,C1
çalışmaların,,C1
çalıştılar,,C1
çağlar,,C1
çeki,,C1
çevrede,,C1
çikolatalı,,C1
çiğdem,,C1
öldürdüğü,,C1
önderliğinde,,C1
önlemler,,C1
örgütler,,C1
özge,,C1
öğrencilerine,,C1
öğrenciye,,C1
öğüt,,C1
üretimine,,C1
ılık,,C1
ışın,,C1
şampiyonluğa,,C1
şanlı,,C1
şifreli,,C1
şirketine,,C1
aaa,,C1
aaron,,C1
acılar,,C1
aksini,,C1
aktaş,,C1
akşener,,C1
albümünde,,C1
aletler,,C1
almışlar,,C1
altta,,C1
anlatılan,,C1
anlatırken,,C1
anlaştı,,C1
attılar,,C1
aöf,,C1
bahadır,,C1
basitçe,,C1
başkanım,,C1
başkasıyla,,C1
bbc,,C1
bedelli,,C1
belgeseli,,C1
belirtildi,,C1
belirtiler,,C1
bizlerin,,C1
bn,,C1
borsası,,C1
boyutları,,C1
bulanık,,C1
business,,C1
bölgesi'nde,,C1
büro,,C1
büyüklük,,C1
büyümüş,,C1
bırakmadı,,C1
bıraktık,,C1
carol,,C1
casusluk,,C1
color,,C1
dalgası,,C1
danimarka,,C1
darp,,C1
derseniz,,C1
devletine,,C1
dip,,C1
diyorsan,,C1
dişli,,C1
doğrusunu,,C1
dürüstlük,,C1
düzeltme,,C1
düzenlemek,,C1
düşündüğünü,,C1
ederdim,,C1
edildiğinde,,C1
enes,,C1
eninde,,C1
etmediği,,C1
ettirmek,,C1
eyleme,,C1
ezan,,C1
ezgi,,C1
eşdeğer,,C1
faktörler,,C1
ferit,,C1
festivali'nde,,C1
fiili,,C1
filmlerin,,C1
geldiğimiz,,C1
gelebilecek,,C1
geliyorlar,,C1
gelişimini,,C1
geliştirmeye,,C1
gereğini,,C1
getirilmiştir,,C1
geçince,,C1
geçirmez,,C1
girdiğini,,C1
good,,C1
guy,,C1
gördükten,,C1
göreceksin,,C1
görülmeye,,C1
görüşmeleri,,C1
gözlerimin,,C1
gözlüğü,,C1
hadise,,C1
halim,,C1
houston,,C1
huzursuz,,C1
ibb,,C1
imal,,C1
istikrarlı,,C1
istisna,,C1
işinden,,C1
işinizi,,C1
işçilerin,,C1
jeremy,,C1
kalıntıları,,C1
kanallar,,C1
kapatılması,,C1
kardeşleri,,C1
karşımda,,C1
kasabada,,C1
kavramını,,C1
kaynakların,,C1
kemeri,,C1
kilitli,,C1
know,,C1
konumunu,,C1
kullanılacak,,C1
kupası'nda,,C1
kırma,,C1
lawrence,,C1
line,,C1
logo,,C1
mantığı,,C1
milletimiz,,C1
modelinin,,C1
muhammet,,C1
muhatap,,C1
müge,,C1
nazaran,,C1
nelson,,C1
neo,,C1
nicole,,C1
norveç,,C1
objektif,,C1
official,,C1
ohh,,C1
olmanızı,,C1
oranın,,C1
otellerde,,C1
puanlar,,C1
r.a,,C1
reddedildi,,C1
reisi,,C1
reşit,,C1
romeo,,C1
sahibidir,,C1
sanık,,C1
savaşlar,,C1
sayılmaz,,C1
sesimi,,C1
seslerini,,C1
sevişmek,,C1
seyret,,C1
siyasetin,,C1
song,,C1
sonraları,,C1
sophie,,C1
sosyoloji,,C1
sözlerin,,C1
sürdürmektedir,,C1
sürecin,,C1
sürmek,,C1
sırtında,,C1
tabloda,,C1
takılıp,,C1
tarikat,,C1
tedirgin,,C1
teslimat,,C1
tipleri,,C1
trilyon,,C1
tu,,C1
tyler,,C1
tövbe,,C1
uygulayan,,C1
uygundur,,C1
uğraşmak,,C1
vakıflar,,C1
vural,,C1
yaka,,C1
yaklaştı,,C1
yakınları,,C1
yalanlar,,C1
yanlarında,,C1
yanlısı,,C1
yaptırmak,,C1
yapımına,,C1
yapısının,,C1
yarbay,,C1
yatırımı,,C1
yazarım,,C1
yenilen,,C1
yolumuz,,C1
yoğurt,,C1
yrd,,C1
yurtdışında,,C1
yönündeki,,C1
yürekten,,C1
yürüyüşe,,C1
yılındaki,,C1
çalışırlar,,C1
çekmeyi,,C1
çiçekli,,C1
çıkarları,,C1
çıktın,,C1
ödün,,C1
ölmeye,,C1
özerk,,C1
ırkçılık,,C1
şehrine,,C1
şeyini,,C1
abd'li,,C1
alanlarının,,C1
almaktan,,C1
amacım,,C1
anlatılır,,C1
anlatın,,C1
antakya,,C1
antep,,C1
anın,,C1
araştırmalara,,C1
arkadaşlarıma,,C1
arttırmak,,C1
atışı,,C1
ayaklarını,,C1
aynaya,,C1
ayrımcılık,,C1
ayşegül,,C1
açıkta,,C1
ağızdan,,C1
bahsetti,,C1
bakanlığına,,C1
balina,,C1
bardağı,,C1
batısında,,C1
bağlantılar,,C1
başlanmıştır,,C1
bebeğe,,C1
binaları,,C1
binaların,,C1
binasına,,C1
birbirlerinin,,C1
birincil,,C1
birisin,,C1
bitmeden,,C1
bond,,C1
boyutta,,C1
bozulmuş,,C1
bulaşıcı,,C1
bulduğunu,,C1
bulgular,,C1
bulunduran,,C1
bulurlar,,C1
büyüsü,,C1
bırakmıyor,,C1
ceo'su,,C1
check,,C1
cole,,C1
devleti'nin,,C1
devriye,,C1
değersiz,,C1
değiştirildi,,C1
dileğiyle,,C1
dille,,C1
dinî,,C1
doğacak,,C1
doğdun,,C1
doğruya,,C1
durumunun,,C1
duruyorum,,C1
duyguların,,C1
dönerek,,C1
dünden,,C1
düzeltmek,,C1
düşmek,,C1
edemem,,C1
elinin,,C1
emily,,C1
ermeniler,,C1
esasen,,C1
etmelisiniz,,C1
eviniz,,C1
evlere,,C1
eyvah,,C1
feneri,,C1
flört,,C1
fransa'ya,,C1
gecen,,C1
geldiğince,,C1
gelenleri,,C1
genişliği,,C1
gerçekleştiği,,C1
geçmişti,,C1
giriyoruz,,C1
gitmedi,,C1
gururla,,C1
görünmüyor,,C1
görüşünü,,C1
gösterileri,,C1
gösterişli,,C1
güvenmek,,C1
güvercin,,C1
güçlüdür,,C1
haftaki,,C1
hakkımızda,,C1
hareketsiz,,C1
hediyeler,,C1
hızda,,C1
iddialı,,C1
ilgimi,,C1
inde,,C1
ismim,,C1
istersiniz,,C1
istesem,,C1
isteyecek,,C1
istila,,C1
istişare,,C1
izlenme,,C1
içindedir,,C1
işimi,,C1
iştir,,C1
junior,,C1
just,,C1
kadim,,C1
kahvaltıda,,C1
kalitesini,,C1
kalırsın,,C1
kanatları,,C1
kapasite,,C1
karayolları,,C1
kardeşin,,C1
karşılandı,,C1
katkıları,,C1
katılması,,C1
katılır,,C1
kitaptan,,C1
kolaylık,,C1
koltuğa,,C1
konan,,C1
kulağa,,C1
kurduk,,C1
kutlamak,,C1
kılıçdaroğlu'nun,,C1
kıskançlık,,C1
kısımda,,C1
kıyafeti,,C1
luk,,C1
madencilik,,C1
makamı,,C1
makineler,,C1
marş,,C1
maçlarında,,C1
meseleyi,,C1
mevkiinde,,C1
mevlüt,,C1
midem,,C1
müfettiş,,C1
mülkiyet,,C1
nispeten,,C1
okullara,,C1
olmadığım,,C1
olmalısınız,,C1
olmayın,,C1
operasyonda,,C1
oranını,,C1
ortası,,C1
pasifik,,C1
port,,C1
raporunu,,C1
restore,,C1
sahiplerine,,C1
salona,,C1
sarayda,,C1
sağlamıştır,,C1
senato,,C1
sendika,,C1
sendin,,C1
sera,,C1
sigortası,,C1
silmek,,C1
siteden,,C1
sodyum,,C1
sokaklarında,,C1
sonuçlandı,,C1
start,,C1
store,,C1
sıralamasında,,C1
takipçisi,,C1
tanıttı,,C1
tecrübeli,,C1
teşhisi,,C1
tm,,C1
topraklarında,,C1
toptan,,C1
tost,,C1
tramvay,,C1
trans,,C1
türüdür,,C1
tıkla,,C1
unvan,,C1
uzmanlar,,C1
verirsen,,C1
vladimir,,C1
vurur,,C1
watson,,C1
yakasında,,C1
yanmış,,C1
yansıtan,,C1
yapmıştım,,C1
yapsam,,C1
yarıyor,,C1
yayılmış,,C1
yaşamanın,,C1
yemekte,,C1
yetti,,C1
yukarıdan,,C1
yönetilen,,C1
yönetimler,,C1
yöresel,,C1
yörük,,C1
yıldızların,,C1
zehra,,C1
çalmak,,C1
çekirdeği,,C1
çevreye,,C1
çevrim,,C1
çocuklardan,,C1
çıkarlar,,C1
öl,,C1
örgütüne,,C1
öğretmenim,,C1
üniversiteden,,C1
abd'den,,C1
ablası,,C1
acılı,,C1
adaylık,,C1
akıp,,C1
alacaktır,,C1
anime,,C1
apaçık,,C1
app,,C1
araçların,,C1
arkadaşa,,C1
arkeolojik,,C1
arşivi,,C1
asır,,C1
atlama,,C1
attık,,C1
avukatları,,C1
bahsettiğim,,C1
barbaros,,C1
bariz,,C1
basket,,C1
bayrakları,,C1
bayraktar,,C1
bağları,,C1
bağımlısı,,C1
belirtisi,,C1
bell,,C1
benzerlik,,C1
bilinci,,C1
biliyorlar,,C1
birbirlerinden,,C1
boynuna,,C1
bulabilir,,C1
büyücü,,C1
camı,,C1
cehennemin,,C1
cezaevine,,C1
cihat,,C1
collins,,C1
dalgalar,,C1
davranan,,C1
davranışlar,,C1
davut,,C1
defans,,C1
delice,,C1
departmanı,,C1
desteklenen,,C1
desteğe,,C1
değiştirip,,C1
dinleyen,,C1
dinliyor,,C1
diyebilir,,C1
dolap,,C1
doların,,C1
doludur,,C1
dolunay,,C1
düğüm,,C1
düşeni,,C1
edenlere,,C1
editör,,C1
eh,,C1
ekranı,,C1
ellen,,C1
enfes,,C1
etken,,C1
eğilimi,,C1
eğitimci,,C1
fenerbahçe'de,,C1
finalinde,,C1
fırsatını,,C1
gasp,,C1
geldiğimde,,C1
geleyim,,C1
gelirdi,,C1
gelmesiyle,,C1
gelmeyi,,C1
gezisi,,C1
gidiyorlar,,C1
girişiminin,,C1
girişinde,,C1
gittiğimde,,C1
giymek,,C1
görmemiş,,C1
göstermesi,,C1
gözümü,,C1
gülümseme,,C1
günay,,C1
gürültülü,,C1
haberlere,,C1
hakimi,,C1
hakkinda,,C1
halidir,,C1
happy,,C1
harbiden,,C1
hastaları,,C1
hattının,,C1
hazırlar,,C1
hidrojen,,C1
hollandalı,,C1
hızır,,C1
ifadeler,,C1
ifadeleri,,C1
ihlali,,C1
ihtiyar,,C1
ilerlemeye,,C1
ilmi,,C1
inegöl,,C1
insanoğlunun,,C1
istatistikleri,,C1
istenmeyen,,C1
isteğim,,C1
isteğini,,C1
izliyoruz,,C1
izniyle,,C1
işaretler,,C1
işlerde,,C1
jo,,C1
kalbimin,,C1
kaldıran,,C1
karen,,C1
kast,,C1
kategoride,,C1
kayıplar,,C1
keman,,C1
kendinde,,C1
korktum,,C1
koyarak,,C1
kuruluşunun,,C1
köpük,,C1
kılar,,C1
kırılma,,C1
kıymet,,C1
leş,,C1
mahmud,,C1
mani,,C1
marilyn,,C1
markalar,,C1
mektupları,,C1
mekân,,C1
mersin'de,,C1
mücadelesini,,C1
müjde,,C1
mülakat,,C1
müslümanları,,C1
müttefik,,C1
müzikler,,C1
müziğe,,C1
namazını,,C1
nasılsınız,,C1
nelere,,C1
nezaket,,C1
nicholas,,C1
niteliği,,C1
okuldaki,,C1
olamadı,,C1
olaylardan,,C1
olmalarına,,C1
olmayınca,,C1
oo,,C1
oynayarak,,C1
paneli,,C1
partisi'nin,,C1
patent,,C1
pir,,C1
potasyum,,C1
problemler,,C1
psikiyatri,,C1
pusu,,C1
rahatlık,,C1
reaksiyon,,C1
reyting,,C1
rom,,C1
saldırısına,,C1
sarıkaya,,C1
sayende,,C1
sağlayarak,,C1
senatör,,C1
seyyid,,C1
sezgin,,C1
seçiminde,,C1
shop,,C1
sistemlerinde,,C1
sitesinden,,C1
sonlarında,,C1
stili,,C1
söyledik,,C1
söylesene,,C1
sınıfına,,C1
tabiat,,C1
tarayıcı,,C1
tecavüze,,C1
tepkisi,,C1
tokyo,,C1
topal,,C1
trabzonspor'un,,C1
trafiği,,C1
tuncer,,C1
tutarak,,C1
türklere,,C1
unuttun,,C1
uyuyan,,C1
uçakla,,C1
verebilecek,,C1
verilerin,,C1
vurgu,,C1
yakala,,C1
yaktı,,C1
yakını,,C1
yalnızım,,C1
yansıdı,,C1
yapabileceği,,C1
yapmayan,,C1
yapılanması,,C1
yatar,,C1
yatılı,,C1
yaşanmış,,C1
yönleri,,C1
zamanlarında,,C1
zombi,,C1
çevirmen,,C1
çıkarılması,,C1
ödüyor,,C1
ölürüm,,C1
öncülüğünde,,C1
önerdi,,C1
özürlü,,C1
üniversiteli,,C1
üretime,,C1
ırmak,,C1
şeffaf,,C1
şefkat,,C1
şeydi,,C1
şifresi,,C1
şudur,,C1
acar,,C1
aciz,,C1
agresif,,C1
aileyi,,C1
aktivite,,C1
akışını,,C1
alim,,C1
anıt,,C1
araplar,,C1
arkadaşlarımın,,C1
arkadaşımla,,C1
arkadaşıyla,,C1
avro,,C1
aylin,,C1
açılmasına,,C1
babaları,,C1
baby,,C1
bad,,C1
bakarız,,C1
bakmadan,,C1
başkanının,,C1
bekleriz,,C1
benlik,,C1
beşiktaş'a,,C1
bilgisayara,,C1
bilhassa,,C1
birliğini,,C1
bizimkiler,,C1
buldun,,C1
büyükler,,C1
büyür,,C1
cebinde,,C1
cezayı,,C1
davetiye,,C1
dayanamıyorum,,C1
delilik,,C1
demesi,,C1
demeyin,,C1
değerin,,C1
diyemem,,C1
dokunmatik,,C1
döndük,,C1
dönümü,,C1
düğüne,,C1
düşmana,,C1
düşünüyordu,,C1
eleştirel,,C1
elinizi,,C1
endüstrisi,,C1
engelliler,,C1
erkin,,C1
esenler,,C1
etrafta,,C1
ettiğine,,C1
evrende,,C1
eğlenmek,,C1
faktör,,C1
fast,,C1
faydaları,,C1
felix,,C1
galibiyeti,,C1
gazete'de,,C1
geldikten,,C1
geldiğim,,C1
geliyorsa,,C1
gemide,,C1
gevşek,,C1
gezgin,,C1
girmez,,C1
gitmesini,,C1
greg,,C1
grev,,C1
gölbaşı,,C1
gösterildi,,C1
gözlerinden,,C1
güncellemesi,,C1
gündelik,,C1
gürsel,,C1
habere,,C1
hakkıyla,,C1
halindeki,,C1
hans,,C1
havalandırma,,C1
hayranları,,C1
hazırlıklı,,C1
hocalar,,C1
hücrelerin,,C1
hırsızlar,,C1
iltifat,,C1
incelemesi,,C1
istediğinizi,,C1
istendi,,C1
istiyorsak,,C1
iyileşme,,C1
izini,,C1
izleyerek,,C1
içiyor,,C1
julian,,C1
kabataş,,C1
kafan,,C1
kaldırın,,C1
kanaat,,C1
kanalda,,C1
kapanış,,C1
karabükspor,,C1
kardeşime,,C1
kasıtlı,,C1
kaynaklarını,,C1
keyifle,,C1
kontenjan,,C1
konuşmanın,,C1
korkarım,,C1
korkmayın,,C1
koyduk,,C1
koşullarda,,C1
kucak,,C1
kucağına,,C1
kullanılıyor,,C1
kurulunda,,C1
kuyu,,C1
kuzeyde,,C1
kıbrıslı,,C1
kılıcı,,C1
kızlardan,,C1
laiklik,,C1
laz,,C1
led,,C1
liyakat,,C1
lokma,,C1
louise,,C1
makedonya,,C1
maskesi,,C1
mc,,C1
mitchell,,C1
msn,,C1
muhammed'in,,C1
mutfağa,,C1
müzakere,,C1
müşteriler,,C1
neleri,,C1
neresinde,,C1
news,,C1
neyim,,C1
olamadım,,C1
olamayacak,,C1
oluşturulması,,C1
oranına,,C1
ormanlık,,C1
oya,,C1
oynuyorum,,C1
parçalı,,C1
paylaş,,C1
pete,,C1
pilotu,,C1
prensesi,,C1
prensi,,C1
radar,,C1
resimlerini,,C1
rio,,C1
rocky,,C1
royal,,C1
ruj,,C1
rutin,,C1
rüyası,,C1
rızası,,C1
sahipti,,C1
sahneler,,C1
sakal,,C1
samsunspor,,C1
santrali,,C1
satıcı,,C1
sevinci,,C1
seçimlerin,,C1
sokakları,,C1
soyut,,C1
sp,,C1
standartları,,C1
sunum,,C1
sınırına,,C1
taht,,C1
talip,,C1
tamer,,C1
tapınak,,C1
taraftaki,,C1
tarihlerde,,C1
tatlılar,,C1
temelleri,,C1
tercihi,,C1
topraklara,,C1
toprakların,,C1
turnuva,,C1
tuttum,,C1
tuş,,C1
türkçesi,,C1
ulaşması,,C1
umrunda,,C1
unutmayalım,,C1
versiyon,,C1
yaa,,C1
yapanların,,C1
yapmaları,,C1
yapmalıyım,,C1
yapsak,,C1
yapınca,,C1
yarının,,C1
yatıp,,C1
yazıcı,,C1
yaşındaydı,,C1
yenilgi,,C1
yenilik,,C1
yerleşen,,C1
yeterlidir,,C1
york'a,,C1
yükseliş,,C1
yılmaz'ın,,C1
zerre,,C1
ziyan,,C1
çalışanların,,C1
çalışmasına,,C1
çalıştığımız,,C1
çan,,C1
çapa,,C1
çatlak,,C1
çilek,,C1
çizgisi,,C1
çöktü,,C1
öldüm,,C1
ölmeyi,,C1
ölümünü,,C1
ömürlü,,C1
öğrenecek,,C1
ım,,C1
ıs,,C1
şairin,,C1
şevket,,C1
şiirin,,C1
şirketlerin,,C1
ahmak,,C1
ajda,,C1
akabinde,,C1
akalın,,C1
aktarma,,C1
alacaksınız,,C1
algılama,,C1
almamış,,C1
almanya'dan,,C1
almayın,,C1
amacımız,,C1
amerika'daki,,C1
anlayacak,,C1
april,,C1
arabayla,,C1
aralıklarla,,C1
arkadaşlara,,C1
aydın'ın,,C1
azalıyor,,C1
azı,,C1
açıklık,,C1
babamla,,C1
babasıyla,,C1
babaya,,C1
bacakları,,C1
baktığını,,C1
balkon,,C1
bam,,C1
basım,,C1
basıp,,C1
batıda,,C1
bayım,,C1
bağlantıyı,,C1
başının,,C1
bedenin,,C1
bekliyorlar,,C1
bilirler,,C1
binasında,,C1
birbiri,,C1
birbirinin,,C1
bordo,,C1
bulunuyordu,,C1
bulutlar,,C1
buluşmaya,,C1
böcekler,,C1
cehennemde,,C1
central,,C1
dansçı,,C1
dağa,,C1
demo,,C1
deplasman,,C1
desteklediği,,C1
devirde,,C1
değerlerini,,C1
değişebilir,,C1
değişikliğe,,C1
değişmedi,,C1
değiştirilmiş,,C1
değiştirmiş,,C1
dikkatine,,C1
dns,,C1
dokunmak,,C1
dolardan,,C1
dolaşıyor,,C1
dosyalar,,C1
düşerek,,C1
ebeveyn,,C1
efsanesi,,C1
egemenliği,,C1
ekibine,,C1
ekipman,,C1
elinizden,,C1
emekçi,,C1
ersin,,C1
ethem,,C1
etmelerini,,C1
evlenir,,C1
express,,C1
fbı,,C1
fenomen,,C1
fiat,,C1
first,,C1
ft,,C1
geliyorsun,,C1
gelmeyen,,C1
gelsene,,C1
gerekirken,,C1
gerçekleşmiştir,,C1
getirmeyi,,C1
gezip,,C1
geçirecek,,C1
giydi,,C1
graham,,C1
görevinde,,C1
götürüp,,C1
hafifçe,,C1
hakemi,,C1
harbiye,,C1
hatlar,,C1
hayatımızda,,C1
hit,,C1
hoşgörü,,C1
hukuka,,C1
imzası,,C1
inanma,,C1
indirildi,,C1
irtibata,,C1
isyanı,,C1
içen,,C1
işlerinde,,C1
işliyor,,C1
janet,,C1
jon,,C1
kabuk,,C1
kahramanları,,C1
kalmadan,,C1
kalmasın,,C1
kamuya,,C1
kanunlar,,C1
kapısında,,C1
kararname,,C1
kararına,,C1
karışmış,,C1
karşılaştı,,C1
kategorisi,,C1
kaybettiğini,,C1
kesintisi,,C1
kimle,,C1
koleksiyon,,C1
konsantre,,C1
konulara,,C1
konuştuğu,,C1
korunma,,C1
koyacak,,C1
kulübüne,,C1
kurtarmaya,,C1
kurtulan,,C1
kurulacak,,C1
lazımdı,,C1
lig'in,,C1
linki,,C1
manzarası,,C1
masanın,,C1
mat,,C1
matematiksel,,C1
mia,,C1
miles,,C1
mimarisi,,C1
mimarlar,,C1
monica,,C1
mücadelesinde,,C1
mümin,,C1
niteliğinde,,C1
normale,,C1
now,,C1
nün,,C1
olmuştum,,C1
onarım,,C1
onaylandı,,C1
orkestra,,C1
ortaklığı,,C1
oyunların,,C1
parçaya,,C1
pazara,,C1
perakende,,C1
perry,,C1
pişmiş,,C1
playstation,,C1
prensip,,C1
prof.dr,,C1
promosyon,,C1
puanları,,C1
rahatlıkla,,C1
rahmi,,C1
rengarenk,,C1
resimli,,C1
risale,,C1
rıdvan,,C1
sahibini,,C1
sahibiz,,C1
saman,,C1
sayılabilir,,C1
sağlayabilir,,C1
sevginin,,C1
seviyeli,,C1
seyit,,C1
seçer,,C1
seçilir,,C1
sindirim,,C1
sistemlerini,,C1
slogan,,C1
sorunum,,C1
sosu,,C1
sunu,,C1
söyleyince,,C1
söze,,C1
sürüldü,,C1
sınıftan,,C1
takibe,,C1
takiben,,C1
takipçi,,C1
tamamlamak,,C1
tanımlama,,C1
tatar,,C1
taviz,,C1
taştan,,C1
temsilci,,C1
temyiz,,C1
teoman,,C1
tik,,C1
toplanmış,,C1
turk,,C1
törenine,,C1
uydurma,,C1
uygulamak,,C1
uzaylı,,C1
uzunca,,C1
vardım,,C1
varlığının,,C1
vazgeç,,C1
vereceksiniz,,C1
verenler,,C1
wallace,,C1
wifi,,C1
yaptığına,,C1
yaratıklar,,C1
yaratılmış,,C1
yatarken,,C1
yayımladı,,C1
yaşadığınız,,C1
yetiştirme,,C1
yoldaş,,C1
yoludur,,C1
yönlendirme,,C1
yüzyıllar,,C1
yıkılan,,C1
çalışacağım,,C1
çalışmada,,C1
çetesi,,C1
çevir,,C1
çin'e,,C1
çivi,,C1
çocuğunuz,,C1
ödeyecek,,C1
öğretti,,C1
ül,,C1
üretimini,,C1
üzerini,,C1
şansımız,,C1
şeriat,,C1
şöhret,,C1
abdülkadir,,C1
admin,,C1
alabilmek,,C1
american,,C1
anlamam,,C1
anlayamıyorum,,C1
araca,,C1
asistan,,C1
ateşle,,C1
ayarı,,C1
açtık,,C1
açıklamasını,,C1
ağlamaya,,C1
bahsediyoruz,,C1
bahçesine,,C1
bakarsanız,,C1
bakmayı,,C1
bang,,C1
bankanın,,C1
barut,,C1
barışın,,C1
basan,,C1
baskını,,C1
bağışla,,C1
başlatan,,C1
berlin'de,,C1
beyzbol,,C1
bilgisayarın,,C1
binden,,C1
binin,,C1
birbirinize,,C1
birliğin,,C1
bitirdikten,,C1
bitiş,,C1
bittiğini,,C1
bizimki,,C1
bozuklukları,,C1
bugünü,,C1
bulamazsın,,C1
buzdolabı,,C1
bölgelerine,,C1
bırakmaz,,C1
candy,,C1
caroline,,C1
cinsellik,,C1
claire,,C1
clara,,C1
dale,,C1
dalgaları,,C1
dedem,,C1
demokrasiye,,C1
deneyimli,,C1
destanı,,C1
değişime,,C1
değişmektedir,,C1
dikkatleri,,C1
dikkatlice,,C1
dokuzuncu,,C1
dolmuş,,C1
doğrulama,,C1
durmaya,,C1
duvarın,,C1
dörtte,,C1
düzenlenecek,,C1
düzenlenir,,C1
düzenlenmesi,,C1
düşünüyorsun,,C1
düşürdü,,C1
edilmelidir,,C1
ekipleri,,C1
ekiplerinden,,C1
elektromanyetik,,C1
elçi,,C1
entelektüel,,C1
erbakan,,C1
etkileşimi,,C1
etkisinin,,C1
etmen,,C1
evladı,,C1
eğri,,C1
eşleri,,C1
eşref,,C1
fedakarlık,,C1
ferah,,C1
fit,,C1
food,,C1
fotoğrafın,,C1
futbola,,C1
fıkıh,,C1
fırlatma,,C1
galata,,C1
gebze,,C1
geldikleri,,C1
gelişmeleri,,C1
gençlerbirliği,,C1
gercekten,,C1
gereğinden,,C1
gey,,C1
geçebilir,,C1
gt,,C1
göle,,C1
gördükleri,,C1
gösterilir,,C1
güneş'in,,C1
güngör,,C1
hafife,,C1
hane,,C1
hastalığına,,C1
haç,,C1
hekimliği,,C1
hidrolik,,C1
high,,C1
hisseder,,C1
hyun,,C1
hüzün,,C1
hızında,,C1
ibni,,C1
ikincil,,C1
ilyas,,C1
incil,,C1
iner,,C1
irem,,C1
irlandalı,,C1
izlediği,,C1
içiyorum,,C1
işgali,,C1
joan,,C1
kaldırılan,,C1
kararsız,,C1
kasten,,C1
kaynaklardan,,C1
kaynaklarının,,C1
kaçmayı,,C1
kaçırdı,,C1
kaçırmayın,,C1
kedisi,,C1
kemikleri,,C1
kennedy,,C1
kimlerin,,C1
kiz,,C1
koluna,,C1
komiser,,C1
konuştum,,C1
korkar,,C1
kulağına,,C1
kullanımının,,C1
kullanışlı,,C1
kurulur,,C1
köyleri,,C1
küre,,C1
kıbrıs'ta,,C1
maddede,,C1
medyası,,C1
memnunum,,C1
mendil,,C1
mine,,C1
mutluluğunu,,C1
night,,C1
nine,,C1
olayına,,C1
olsaydın,,C1
oluştuğu,,C1
ordusuna,,C1
osmanlıca,,C1
oturum,,C1
oylaması,,C1
partide,,C1
parçaların,,C1
paylaşıyor,,C1
payını,,C1
pelin,,C1
peşin,,C1
pilav,,C1
roma'ya,,C1
röportajı,,C1
rüyada,,C1
sanatçıların,,C1
satıldı,,C1
sayfaları,,C1
saygılar,,C1
saygılarımla,,C1
sayının,,C1
sağlamış,,C1
sendikası,,C1
sev,,C1
seçici,,C1
seçimden,,C1
skandal,,C1
smart,,C1
stadyumu,,C1
stand,,C1
söylesin,,C1
sür,,C1
tahıl,,C1
taksit,,C1
tamamdır,,C1
tamamlayarak,,C1
taşınması,,C1
tedavisinde,,C1
tepesinde,,C1
terminal,,C1
topraklarına,,C1
turları,,C1
turner,,C1
tutkulu,,C1
uçaklar,,C1
uçağa,,C1
varlıklar,,C1
varlıkları,,C1
verilerek,,C1
veriyorsun,,C1
vücudunda,,C1
war,,C1
yakıyor,,C1
yanma,,C1
yapmakla,,C1
yapılırken,,C1
yararına,,C1
yasaklandı,,C1
yaşananlar,,C1
yaşanır,,C1
yaşları,,C1
yemeyi,,C1
yenilikçi,,C1
yenisi,,C1
yetişkinler,,C1
yil,,C1
yunanistan'a,,C1
yüklenen,,C1
yükselir,,C1
yürüttüğü,,C1
zamankinden,,C1
zamanının,,C1
çalışmalarıyla,,C1
çağda,,C1
çıkacağını,,C1
ödüller,,C1
önleme,,C1
özgürlüğünü,,C1
üniversitesi'nden,,C1
üretilmektedir,,C1
üretiminin,,C1
üretmeye,,C1
ürünün,,C1
üstte,,C1
üçe,,C1
ışıklı,,C1
şansınız,,C1
şehirleri,,C1
şunun,,C1
●,,C1
alamadım,,C1
aleyhi,,C1
alıyorsunuz,,C1
amazon,,C1
amel,,C1
anladınız,,C1
anlatıldığı,,C1
anlaşmayı,,C1
antika,,C1
anıtı,,C1
aracının,,C1
aramızdaki,,C1
arpa,,C1
asistanı,,C1
aslen,,C1
atarken,,C1
atölyesi,,C1
ayaklı,,C1
ayrılarak,,C1
ayından,,C1
babasından,,C1
bakkal,,C1
bakılırsa,,C1
barışçıl,,C1
başladıktan,,C1
belirsizlik,,C1
bine,,C1
bini,,C1
britanya,,C1
bulamadı,,C1
buldular,,C1
bulunduğum,,C1
buluşması,,C1
bulvarı,,C1
bölük,,C1
büyümesi,,C1
canlıların,,C1
cemaatler,,C1
chelsea,,C1
colin,,C1
cool,,C1
dakikaya,,C1
damga,,C1
dediğinde,,C1
derde,,C1
destekliyor,,C1
değerinin,,C1
değildik,,C1
değişikliğine,,C1
diler,,C1
dilinin,,C1
doldurarak,,C1
doç,,C1
doğaya,,C1
duyurusu,,C1
döndüğü,,C1
dönüşüyor,,C1
düzenlenmiştir,,C1
edgar,,C1
ekranlara,,C1
ellerimi,,C1
empati,,C1
emrine,,C1
endeksi,,C1
enerjisini,,C1
erdemli,,C1
eriyor,,C1
etkiliyor,,C1
etkinlikte,,C1
etkiye,,C1
etmiştim,,C1
ettiren,,C1
eyaleti,,C1
fabrikasında,,C1
faturası,,C1
festivalinde,,C1
filosu,,C1
fonksiyonları,,C1
formasını,,C1
formayı,,C1
formda,,C1
fotoğrafta,,C1
fu,,C1
fırtınası,,C1
gazetenin,,C1
gecesinde,,C1
gecikme,,C1
gelişir,,C1
gelişti,,C1
gerçekleşmesi,,C1
getirilir,,C1
gezici,,C1
geçmiyor,,C1
gideceğiz,,C1
gitmesine,,C1
gönderilir,,C1
gönderiyorum,,C1
görerek,,C1
görgü,,C1
görüşler,,C1
görüşmeye,,C1
güvenen,,C1
güvenmiyorum,,C1
had,,C1
haftadan,,C1
havayolları,,C1
hazırlanmıştır,,C1
hekimler,,C1
hidayet,,C1
hindistan'da,,C1
holmes,,C1
how,,C1
hunter,,C1
ikimizde,,C1
ilgilendiren,,C1
insanlığı,,C1
ipi,,C1
isimle,,C1
iskelet,,C1
islam'a,,C1
isminde,,C1
işime,,C1
işlerle,,C1
işçisi,,C1
jeffrey,,C1
kademeli,,C1
kafalı,,C1
kahramanlık,,C1
kalabilir,,C1
kalırım,,C1
kameralar,,C1
kanatlı,,C1
kanunla,,C1
kapanan,,C1
katılın,,C1
kazada,,C1
kağıda,,C1
keyfine,,C1
keçiören,,C1
kilis,,C1
kitty,,C1
koltuğu,,C1
konaklama,,C1
koşuyor,,C1
kulu,,C1
kulüpleri,,C1
kutluyorum,,C1
linda,,C1
lisanslı,,C1
malın,,C1
mayın,,C1
md,,C1
mevki,,C1
mevzu,,C1
mikrofon,,C1
milyonluk,,C1
motive,,C1
muamelesi,,C1
muammer,,C1
mücevher,,C1
neticede,,C1
olabilen,,C1
olduklarından,,C1
olmalarını,,C1
operasyonun,,C1
orgeneral,,C1
otobüste,,C1
otopsi,,C1
oturduğu,,C1
oynuyoruz,,C1
page,,C1
pan,,C1
parti'den,,C1
pet,,C1
propagandası,,C1
ruhumu,,C1
sahile,,C1
sahneyi,,C1
savaşı'nda,,C1
saz,,C1
saçımı,,C1
sağcı,,C1
sağolun,,C1
seyler,,C1
simge,,C1
sokan,,C1
sokağın,,C1
sokmaya,,C1
soykırımı,,C1
statik,,C1
stratejisi,,C1
stuart,,C1
subayı,,C1
sung,,C1
surat,,C1
suçsuz,,C1
sözcükler,,C1
sınavına,,C1
sırayı,,C1
sırrını,,C1
tanrı'ya,,C1
tanrıların,,C1
tarzına,,C1
tekli,,C1
tepesi,,C1
terminali,,C1
turhan,,C1
tüketimi,,C1
tüylü,,C1
tıraş,,C1
umuyorum,,C1
utanıyorum,,C1
uçakta,,C1
uçuyor,,C1
vakası,,C1
vaktinde,,C1
varsayılan,,C1
vermeyecek,,C1
vizyon,,C1
yapacağınız,,C1
yaptırılan,,C1
yaptığımı,,C1
yapılacaktır,,C1
yaratıyor,,C1
yayınlanacak,,C1
yazacak,,C1
yağışlı,,C1
yaşadığın,,C1
yaşaması,,C1
yaşayarak,,C1
yerinizde,,C1
yerleştirilen,,C1
yetkileri,,C1
yetmedi,,C1
yudum,,C1
yönüne,,C1
yürekli,,C1
yürür,,C1
zekeriya,,C1
çaldığı,,C1
çalma,,C1
çanakkale'de,,C1
çapta,,C1
çevresine,,C1
çizgiler,,C1
çocuklarda,,C1
çocuklarımıza,,C1
çöz,,C1
çıkardık,,C1
ödemeyi,,C1
öldür,,C1
öldürüp,,C1
ötede,,C1
öğrendiğim,,C1
üretilmiştir,,C1
ürünlerinin,,C1
şehitleri,,C1
acıktım,,C1
ahiret,,C1
ahlaksız,,C1
alamayan,,C1
alarmı,,C1
alkollü,,C1
alttaki,,C1
alttan,,C1
alınabilir,,C1
amacını,,C1
analitik,,C1
anayasanın,,C1
anneye,,C1
antrenör,,C1
aramızdan,,C1
arjantin,,C1
ark,,C1
arkadaşlarla,,C1
arkadaşlarımla,,C1
army,,C1
arsenal,,C1
asyalı,,C1
atlas,,C1
aydınlatma,,C1
azar,,C1
azeri,,C1
açıyorum,,C1
ağabey,,C1
ağabeyi,,C1
bahsedilen,,C1
bakışta,,C1
bayrağını,,C1
bazi,,C1
başlarken,,C1
beklenir,,C1
beklenti,,C1
belediyeye,,C1
bella,,C1
beraberiz,,C1
bilemez,,C1
bilinmez,,C1
bilişsel,,C1
birleştiren,,C1
bitirip,,C1
bitsin,,C1
blake,,C1
bluetooth,,C1
bor,,C1
boykot,,C1
boyuna,,C1
bozdağ,,C1
bozulur,,C1
bulurum,,C1
burdayım,,C1
bülbül,,C1
bütünlüğü,,C1
bırakmayın,,C1
bırakılmış,,C1
cebine,,C1
cennetin,,C1
cerrah,,C1
chi,,C1
coca,,C1
come,,C1
cümlesi,,C1
dediğine,,C1
dergisinde,,C1
devletini,,C1
değilmi,,C1
değişmesi,,C1
değiştirebilir,,C1
değiştirilmesi,,C1
duke,,C1
durmuyor,,C1
duymaya,,C1
düşkün,,C1
düşündüğünüz,,C1
edebiliyor,,C1
edilmeden,,C1
ekber,,C1
ekonominin,,C1
emirleri,,C1
eserlerini,,C1
eskişehir'de,,C1
fe,,C1
feat,,C1
forumu,,C1
ga,,C1
gaziantep'te,,C1
gelenin,,C1
geçirmeyi,,C1
geçtiler,,C1
golcü,,C1
gökten,,C1
göktürk,,C1
gönderilmiş,,C1
gözlerime,,C1
gücümüz,,C1
gündemine,,C1
gürcü,,C1
güzelliğini,,C1
hamit,,C1
harfleri,,C1
hatırlatıyor,,C1
hedefler,,C1
hepsinde,,C1
hiçe,,C1
honda,,C1
hıristiyan,,C1
imzalandı,,C1
insansız,,C1
istediniz,,C1
istemesi,,C1
isteğe,,C1
izleyip,,C1
içimizde,,C1
içindeyim,,C1
içinizden,,C1
işlev,,C1
işlevsel,,C1
jake,,C1
jong,,C1
kadroda,,C1
kadrolar,,C1
kafes,,C1
kahvesi,,C1
kalbimde,,C1
kaldırır,,C1
kalenin,,C1
kalsa,,C1
kanını,,C1
kapasitesine,,C1
karaktere,,C1
karsi,,C1
karşılama,,C1
karşılaşması,,C1
kaybolur,,C1
kazanıp,,C1
kit,,C1
kitabından,,C1
kitaplarını,,C1
kontrolünde,,C1
konuşmadan,,C1
korkut,,C1
korumayı,,C1
koruyacak,,C1
koşmak,,C1
kulluk,,C1
köse,,C1
kıyıya,,C1
laboratuvarı,,C1
latince,,C1
liverpool,,C1
lübnan,,C1
mağazası,,C1
mega,,C1
mekanın,,C1
mesafeli,,C1
meşe,,C1
monaco,,C1
motorlar,,C1
muhafız,,C1
nathan,,C1
nede,,C1
nimet,,C1
ntv,,C1
ocak'ta,,C1
olacağından,,C1
olamam,,C1
olmadıkça,,C1
olmadığın,,C1
olunan,,C1
orduyu,,C1
otorite,,C1
par,,C1
paran,,C1
parmağı,,C1
partneri,,C1
pkk'lı,,C1
projesini,,C1
rehabilitasyon,,C1
ronaldo,,C1
sabırsızlıkla,,C1
saklamak,,C1
sandığın,,C1
sanma,,C1
sansür,,C1
sanıyordum,,C1
sarıl,,C1
savcılık,,C1
savunmaya,,C1
saçlar,,C1
sebepleri,,C1
selin,,C1
senaryosu,,C1
sesleniyorum,,C1
sevdiğimiz,,C1
sevişme,,C1
silip,,C1
sineması,,C1
single,,C1
siper,,C1
sistemlerin,,C1
soyu,,C1
sultanı,,C1
suça,,C1
söylediklerini,,C1
söylesem,,C1
söyleşi,,C1
sıcacık,,C1
sınavlar,,C1
sınıfında,,C1
takımlarından,,C1
tamamlamış,,C1
tamamına,,C1
tatlısı,,C1
tavrı,,C1
teksas,,C1
tembel,,C1
topkapı,,C1
topuklu,,C1
topun,,C1
toyota,,C1
tüneli,,C1
ulaş,,C1
ulusoy,,C1
uygulamada,,C1
uygunsuz,,C1
uzlaşma,,C1
uğraş,,C1
vatandaşların,,C1
vpn,,C1
vücuda,,C1
yaptırdığı,,C1
yapılmaz,,C1
yaratmış,,C1
yarından,,C1
yattı,,C1
yazılımları,,C1
yaşamının,,C1
yemeğin,,C1
yemeğinde,,C1
yetmezliği,,C1
yönetiyor,,C1
yüzleri,,C1
yıllarını,,C1
zirvesine,,C1
zırh,,C1
çarpışma,,C1
çevredeki,,C1
çocuklarımızı,,C1
çocuktan,,C1
çıkardılar,,C1
çıkartıp,,C1
ölümler,,C1
öneriyorum,,C1
öyledir,,C1
öğrencilerimize,,C1
üniversitelerde,,C1
ürünlerini,,C1
ısınma,,C1
ışığa,,C1
ışığını,,C1
şansın,,C1
şaşkın,,C1
şirkette,,C1
akpınar,,C1
alanlarına,,C1
alayı,,C1
altmış,,C1
alıyorsun,,C1
amacına,,C1
anlarda,,C1
anlarsınız,,C1
annelerin,,C1
annelik,,C1
annesiyle,,C1
arazide,,C1
arkadaşlarımı,,C1
ateist,,C1
atıf,,C1
ayasofya,,C1
ayrılırken,,C1
azalma,,C1
azalması,,C1
aştı,,C1
bahçeşehir,,C1
baki,,C1
baktın,,C1
basını,,C1
batarya,,C1
batıl,,C1
bağımsızlığını,,C1
başarmış,,C1
başımdan,,C1
bekliyorsunuz,,C1
belirledi,,C1
belirleyici,,C1
belirtir,,C1
bildirir,,C1
bilmediğimiz,,C1
birlikler,,C1
bişeyler,,C1
boğazı,,C1
brezilyalı,,C1
bulabilirsiniz,,C1
bulamayan,,C1
bulamaz,,C1
bulunup,,C1
bunlarda,,C1
buyuk,,C1
bölgesini,,C1
bölücü,,C1
börek,,C1
bütünüyle,,C1
cinayetler,,C1
davran,,C1
dayanıyor,,C1
dayı,,C1
dedesi,,C1
defol,,C1
derinliği,,C1
destekçisi,,C1
değilsen,,C1
dilinden,,C1
dinine,,C1
diyorsanız,,C1
diziyi,,C1
diğerini,,C1
douglas,,C1
doğmuştur,,C1
dubai,,C1
durumdayız,,C1
duyarız,,C1
dökülür,,C1
dönemindeki,,C1
dünyasını,,C1
düştüğünü,,C1
düşünecek,,C1
eczacıbaşı,,C1
ekleyin,,C1
emretti,,C1
erdoğan'ı,,C1
etli,,C1
etmediğini,,C1
etrafını,,C1
fa,,C1
fişek,,C1
fonksiyonel,,C1
fuar,,C1
futbolun,,C1
fırın,,C1
geldiklerinde,,C1
geliştiren,,C1
gelmemiş,,C1
gelmişken,,C1
gerekçesi,,C1
gerizekalı,,C1
gerçektir,,C1
getirmesi,,C1
gezmeye,,C1
gideceğini,,C1
gitmedim,,C1
gittiğin,,C1
gökkuşağı,,C1
gölcük,,C1
gölün,,C1
gönderiyor,,C1
görmektedir,,C1
görsün,,C1
görülmemiş,,C1
gösterilmiştir,,C1
gösterim,,C1
gülşen,,C1
güneyde,,C1
gürses,,C1
haberimiz,,C1
hakkımız,,C1
harflerle,,C1
harvard,,C1
hastanesine,,C1
hayatındaki,,C1
hazreti,,C1
hizmetin,,C1
horoz,,C1
hükümdar,,C1
ilgilendirmez,,C1
ilçelerde,,C1
incelenmesi,,C1
indirmek,,C1
insandır,,C1
inşası,,C1
istekleri,,C1
istemeye,,C1
italya'nın,,C1
içlerinden,,C1
joker,,C1
jr,,C1
kafamın,,C1
kaldırım,,C1
kameraya,,C1
kapa,,C1
karanlığa,,C1
kardeşine,,C1
kardeşlerin,,C1
karşılayan,,C1
kavgaya,,C1
kaynaklara,,C1
kaçarken,,C1
kişide,,C1
konudaki,,C1
koptu,,C1
kula,,C1
kullandığım,,C1
kuşağı,,C1
kökeni,,C1
köyden,,C1
köyler,,C1
kısık,,C1
kıta,,C1
kıymetini,,C1
lacivert,,C1
lerden,,C1
mahkemenin,,C1
maçından,,C1
medine,,C1
medrese,,C1
medyaya,,C1
meksikalı,,C1
mercan,,C1
metreden,,C1
milyarlarca,,C1
modelini,,C1
modunda,,C1
monroe,,C1
motorun,,C1
narin,,C1
nazar,,C1
nesiller,,C1
nil,,C1
nina,,C1
noktasını,,C1
nusaybin,,C1
olamıyorum,,C1
olcay,,C1
oluşması,,C1
omega,,C1
ortaklaşa,,C1
parlamentosu,,C1
partileri,,C1
partisine,,C1
paylaşılan,,C1
peyniri,,C1
planlıyor,,C1
rahman,,C1
rastlanan,,C1
reed,,C1
ri,,C1
ritim,,C1
rüzgarın,,C1
sadi,,C1
sakatlık,,C1
sakınca,,C1
saldırmak,,C1
sanirim,,C1
savcılar,,C1
seans,,C1
seferi,,C1
seviyesini,,C1
seçilme,,C1
sidney,,C1
sit,,C1
sitenin,,C1
siyahi,,C1
siyonist,,C1
sonuncusu,,C1
south,,C1
stan,,C1
sydney,,C1
sınırını,,C1
sırtına,,C1
sığ,,C1
talan,,C1
talepleri,,C1
tamamladıktan,,C1
tanrıçası,,C1
tanımayan,,C1
tarafindan,,C1
temsilen,,C1
tereyağı,,C1
torunları,,C1
turbo,,C1
tuzu,,C1
tükendi,,C1
uk,,C1
ulaşımı,,C1
unsuru,,C1
unvanını,,C1
uygulamasına,,C1
uzmanları,,C1
vardi,,C1
varmak,,C1
varış,,C1
verirsin,,C1
veriyorsunuz,,C1
vermemek,,C1
vermeyeceğiz,,C1
vurmaya,,C1
x00,,C1
yakar,,C1
yanar,,C1
yapabilen,,C1
yapabilirler,,C1
yapabilmek,,C1
yapacaklarını,,C1
yapmalıyız,,C1
yapısında,,C1
yapıyı,,C1
yazıldığı,,C1
yazısında,,C1
yazısını,,C1
yaşamaktadır,,C1
yaşıyorsun,,C1
yeridir,,C1
yetiştirmek,,C1
yolculuklar,,C1
yurda,,C1
yöntemiyle,,C1
yüzyıla,,C1
çağında,,C1
çekmektedir,,C1
çevirip,,C1
çimento,,C1
çoğunda,,C1
çubuğu,,C1
çıkarmayı,,C1
çıkarılmış,,C1
öcalan,,C1
ödemiş,,C1
öldürülmesi,,C1
ölüp,,C1
önümüze,,C1
özelliklerinden,,C1
ünsal,,C1
üstad,,C1
üyelerini,,C1
şakası,,C1
şaşırttı,,C1
şehirlere,,C1
şunlar,,C1
şut,,C1
about,,C1
acemi,,C1
adapazarı,,C1
adapte,,C1
adliyeye,,C1
aleyhinde,,C1
almadım,,C1
almaları,,C1
almalı,,C1
alsam,,C1
altınordu,,C1
amcası,,C1
anayasaya,,C1
annie,,C1
arkadaşlarından,,C1
arkana,,C1
atay,,C1
atması,,C1
ayla,,C1
azaltır,,C1
açıklamayı,,C1
banu,,C1
bayat,,C1
belediyesine,,C1
biletler,,C1
bileşenleri,,C1
bilip,,C1
birdenbire,,C1
bisikleti,,C1
bitirmiş,,C1
bruno,,C1
bulunca,,C1
bulundular,,C1
bulunduğumuz,,C1
buralardan,,C1
büyükçekmece,,C1
bıraktığını,,C1
cephede,,C1
christine,,C1
cisim,,C1
com,,C1
cumhuriyet'in,,C1
davranıyor,,C1
dayanılmaz,,C1
dağılmış,,C1
demiyor,,C1
denizaltı,,C1
devletten,,C1
dokusu,,C1
dosyasını,,C1
duyarım,,C1
duyguyu,,C1
duymadım,,C1
dönüşen,,C1
düğme,,C1
elektriği,,C1
ertelendi,,C1
etmektedirler,,C1
evimiz,,C1
evimizde,,C1
evlerde,,C1
evliya,,C1
felsefi,,C1
firavun,,C1
firmanın,,C1
firmasının,,C1
florida,,C1
formları,,C1
garson,,C1
gaziler,,C1
gerekirdi,,C1
gerginlik,,C1
gerilla,,C1
gerçekleşmiş,,C1
getirdiğini,,C1
getirmesini,,C1
gi,,C1
gibisi,,C1
gideceksin,,C1
gidiyordu,,C1
girsin,,C1
gitmişti,,C1
gittiğimiz,,C1
giy,,C1
gölgesinde,,C1
göreyim,,C1
hacim,,C1
haddini,,C1
hah,,C1
hattını,,C1
hayatınızın,,C1
htc,,C1
huzuruna,,C1
hâl,,C1
hı,,C1
hırsızı,,C1
hızına,,C1
idil,,C1
ihtimalini,,C1
inancını,,C1
ine,,C1
istediğinde,,C1
izlemeyi,,C1
içindeyiz,,C1
işimize,,C1
işlerinden,,C1
jesse,,C1
kadroları,,C1
kalmamıştır,,C1
kampa,,C1
kane,,C1
karpuz,,C1
karşında,,C1
kaybetmeye,,C1
kaydını,,C1
kaçacak,,C1
kiliseye,,C1
kimmiş,,C1
kitlesi,,C1
konuşuyorsun,,C1
koyalım,,C1
kozmetik,,C1
krem,,C1
kulüpte,,C1
kurdukları,,C1
kuşadası,,C1
kültürüne,,C1
küp,,C1
kıskanç,,C1
levha,,C1
madalyası,,C1
makineli,,C1
mar,,C1
maraş,,C1
marmaris,,C1
mekanları,,C1
meltem,,C1
menkul,,C1
mesih,,C1
metodu,,C1
milletvekilliği,,C1
muhalefetin,,C1
mö,,C1
neyle,,C1
numaraya,,C1
odalar,,C1
onayı,,C1
oyunlarını,,C1
parti'ye,,C1
patlak,,C1
paulo,,C1
rakamlar,,C1
raporlar,,C1
rekorunu,,C1
rezervasyon,,C1
rosa,,C1
ruhlar,,C1
rusya'dan,,C1
safra,,C1
sahiplerinin,,C1
salonları,,C1
samanyolu,,C1
sanata,,C1
sayımı,,C1
seviyesinin,,C1
sezonunun,,C1
shane,,C1
siyasette,,C1
skype,,C1
sokup,,C1
sonrasını,,C1
sorgu,,C1
sorulara,,C1
soya,,C1
spencer,,C1
sperm,,C1
stadı,,C1
statü,,C1
söküp,,C1
tablolar,,C1
takıp,,C1
tampon,,C1
tanıtmak,,C1
tehlikelidir,,C1
teknolojinin,,C1
telefonuna,,C1
temasa,,C1
terazi,,C1
toki,,C1
topluca,,C1
trajik,,C1
tutmayı,,C1
tutuldu,,C1
tuğba,,C1
türkiyenin,,C1
türünde,,C1
tüzel,,C1
ulaşmıştır,,C1
uyardı,,C1
uçtu,,C1
vahim,,C1
van'da,,C1
verecektir,,C1
vermenin,,C1
vermişler,,C1
vites,,C1
watch,,C1
woo,,C1
yakınlık,,C1
yanlışlık,,C1
yapardım,,C1
yarışa,,C1
yazmıştım,,C1
yazımı,,C1
yiyorum,,C1
yolların,,C1
çekil,,C1
çinko,,C1
çolak,,C1
çorlu,,C1
çıkacağız,,C1
öde,,C1
ölmedi,,C1
ölçümü,,C1
önümde,,C1
önüme,,C1
övgü,,C1
özelliklerinin,,C1
özgürlüğüne,,C1
öğretmenlere,,C1
şartıyla,,C1
şöyledir,,C1
abd'deki,,C1
abdest,,C1
ace,,C1
aksam,,C1
albümün,,C1
amcık,,C1
anlaşılmaktadır,,C1
anıldı,,C1
apollo,,C1
arkasını,,C1
artmış,,C1
askerlere,,C1
atlet,,C1
atletizm,,C1
avantajı,,C1
avcısı,,C1
ayrıntı,,C1
azabı,,C1
ağlayan,,C1
baktığında,,C1
balta,,C1
baro,,C1
baron,,C1
basılı,,C1
battaniye,,C1
başarının,,C1
başlatmak,,C1
başvuruları,,C1
bekleyip,,C1
bildirmek,,C1
bilkent,,C1
bilmediğin,,C1
birbirleri,,C1
bitmesini,,C1
bombalar,,C1
burger,,C1
bırakmaya,,C1
cesaretin,,C1
dalları,,C1
damgasını,,C1
dağların,,C1
def,,C1
deliler,,C1
depremi,,C1
dernekler,,C1
dersinde,,C1
desin,,C1
dikdörtgen,,C1
diyabet,,C1
dolduran,,C1
dolgu,,C1
dosyalarını,,C1
doçent,,C1
doğruysa,,C1
dublaj,,C1
durdurdu,,C1
döndüler,,C1
dönelim,,C1
düşerse,,C1
düşmez,,C1
edildikten,,C1
engeli,,C1
ergün,,C1
erzurum'da,,C1
esat,,C1
etmemiş,,C1
evlenmiş,,C1
evlerin,,C1
faktörü,,C1
fakültesinde,,C1
fenerbahçeli,,C1
formül,,C1
garcia,,C1
gelişmesine,,C1
geçirin,,C1
geçmişteki,,C1
girişimleri,,C1
gitmeyin,,C1
golleri,,C1
gökçen,,C1
görmüştür,,C1
görülmesi,,C1
görülmüş,,C1
götünü,,C1
günümü,,C1
gününden,,C1
gününün,,C1
hakimiyet,,C1
haklarına,,C1
halinden,,C1
halkalı,,C1
harper,,C1
hastalarda,,C1
hdp'nin,,C1
here,,C1
huzura,,C1
inanılır,,C1
ispanya'da,,C1
içerim,,C1
jersey,,C1
joel,,C1
jose,,C1
jun,,C1
kadı,,C1
kafatası,,C1
kalbe,,C1
kalınca,,C1
kanaması,,C1
kapatır,,C1
karanlığın,,C1
kasap,,C1
kaybolmuş,,C1
kazananlar,,C1
kazanmayı,,C1
kağıtları,,C1
kelimeyle,,C1
keresinde,,C1
konumuz,,C1
kot,,C1
kullanıyoruz,,C1
kurtuluşu,,C1
kutladı,,C1
kuvvetlerinin,,C1
kuyruklu,,C1
kuzeni,,C1
kuşkusuz,,C1
kötüdür,,C1
kütle,,C1
lafını,,C1
limited,,C1
liseye,,C1
lucy,,C1
malik,,C1
malzemelerin,,C1
marina,,C1
meclisin,,C1
media,,C1
meditasyon,,C1
mekanda,,C1
merhametli,,C1
mesajlaşma,,C1
metreye,,C1
miktarlarda,,C1
miktarını,,C1
mis,,C1
mücadelenin,,C1
müdürleri,,C1
mürettebat,,C1
nedenden,,C1
numan,,C1
olacakmış,,C1
olimpiyatları,,C1
olu,,C1
onuncu,,C1
onursal,,C1
oranının,,C1
oturdum,,C1
oyunculara,,C1
oyunlarına,,C1
paradan,,C1
porto,,C1
poyraz,,C1
profesörü,,C1
radyoda,,C1
rasim,,C1
remzi,,C1
robbie,,C1
roma'da,,C1
salonuna,,C1
satarak,,C1
savaşı'nın,,C1
sayfada,,C1
saçın,,C1
sağlanmıştır,,C1
sağlığına,,C1
sağolsun,,C1
sebebim,,C1
selimiye,,C1
sellem,,C1
selâm,,C1
seyi,,C1
seçimlerine,,C1
shin,,C1
silikon,,C1
sonuçlanan,,C1
soo,,C1
state,,C1
sularında,,C1
sure,,C1
söylemeden,,C1
sözleşmesini,,C1
sürün,,C1
sürüp,,C1
sıkıca,,C1
tabela,,C1
tadında,,C1
takar,,C1
takımla,,C1
talihsiz,,C1
tango,,C1
taşımacılık,,C1
taşınan,,C1
taşınır,,C1
taşıyacak,,C1
tescilli,,C1
tipler,,C1
toplanır,,C1
toplayarak,,C1
topluyor,,C1
um,,C1
unsur,,C1
uzaklaşmak,,C1
uçmak,,C1
vazgeçmek,,C1
venedik,,C1
verecekler,,C1
verene,,C1
vermiyorum,,C1
vida,,C1
vitamini,,C1
yakan,,C1
yakınındaki,,C1
yapmışsın,,C1
yaptıklarına,,C1
yapılanma,,C1
yaraları,,C1
yaramıyor,,C1
yarışmanın,,C1
yasalara,,C1
yatağında,,C1
yavrusu,,C1
yayınlanmış,,C1
yazlık,,C1
yeryüzüne,,C1
yüzünün,,C1
yıldızın,,C1
zorluklar,,C1
zorundasınız,,C1
çalışmalarımız,,C1
çalışmamız,,C1
çalışıyorsunuz,,C1
çeşitlilik,,C1
öksüz,,C1
öldürücü,,C1
öncesinden,,C1
öpmek,,C1
ördek,,C1
ülkücü,,C1
üniversiteleri,,C1
üstlenen,,C1
ılımlı,,C1
ısıtma,,C1
ıvan,,C1
şekerli,,C1
acun,,C1
alacaksın,,C1
andre,,C1
anlamaz,,C1
anlatmış,,C1
araçla,,C1
arkadaşınız,,C1
artırır,,C1
askerlerinin,,C1
atatürk'e,,C1
ayvalık,,C1
bahsettiği,,C1
baskılar,,C1
basınçlı,,C1
bağlamak,,C1
bağlamında,,C1
bağlantısını,,C1
başlamasına,,C1
başınız,,C1
bekliyorsun,,C1
beğenmiş,,C1
bonusu,,C1
bulmuştur,,C1
bulunmadığı,,C1
bush,,C1
bölümüyle,,C1
bıraktın,,C1
cat,,C1
cumhuriyetçi,,C1
dairesinde,,C1
dakikadır,,C1
dark,,C1
dergisinin,,C1
derinlik,,C1
derste,,C1
desek,,C1
desene,,C1
devamında,,C1
deyim,,C1
diğerlerini,,C1
doldur,,C1
dostumuz,,C1
dönemdeki,,C1
dönemleri,,C1
döngü,,C1
düşmanlık,,C1
düşüren,,C1
edinen,,C1
ediyordum,,C1
edremit,,C1
eklemek,,C1
elbiseler,,C1
elbisesi,,C1
eldiven,,C1
eleştiriler,,C1
elmalı,,C1
erecek,,C1
esin,,C1
eşinden,,C1
feminist,,C1
fethullah,,C1
fiil,,C1
filozof,,C1
formasıyla,,C1
gamze,,C1
gazetesine,,C1
gaziosmanpaşa,,C1
gelirsin,,C1
geliştirdi,,C1
geometri,,C1
geçmeyi,,C1
gideceği,,C1
gidene,,C1
grubunu,,C1
görebilmek,,C1
görmediği,,C1
görmüyorum,,C1
görüntülerini,,C1
görünüyordu,,C1
gösterimi,,C1
götürecek,,C1
gündoğdu,,C1
haldun,,C1
halime,,C1
hall,,C1
hastalıkların,,C1
hattına,,C1
havaalanına,,C1
hayalim,,C1
hayranlık,,C1
hazar,,C1
hentbol,,C1
hocanın,,C1
ikramiye,,C1
iktidarda,,C1
iletim,,C1
ilçeleri,,C1
indirimli,,C1
izledik,,C1
içerikleri,,C1
içinse,,C1
işle,,C1
işlerden,,C1
jackie,,C1
java,,C1
kabile,,C1
kahkaha,,C1
kalkacak,,C1
kanunun,,C1
kapanıyor,,C1
kapattım,,C1
kapitalizm,,C1
karate,,C1
kariyerini,,C1
kartını,,C1
karısına,,C1
kattı,,C1
kavgası,,C1
kavramının,,C1
kaybına,,C1
kaynarca,,C1
kaynağıdır,,C1
kaçıran,,C1
kendimle,,C1
kilosu,,C1
kirliliği,,C1
kitabevi,,C1
koreli,,C1
koskoca,,C1
kosova,,C1
kullanmaktadır,,C1
kurun,,C1
kuyruğu,,C1
köpeklerin,,C1
köylerde,,C1
kültürün,,C1
kürtleri,,C1
kırıcı,,C1
kısır,,C1
kıvanç,,C1
lane,,C1
lütfi,,C1
makas,,C1
makina,,C1
mala,,C1
malzemenin,,C1
mamak,,C1
manası,,C1
masasında,,C1
mazeret,,C1
maçlara,,C1
menemen,,C1
merkezi'ne,,C1
merkezlerinden,,C1
mezara,,C1
meçhul,,C1
milan,,C1
minnet,,C1
moleküler,,C1
muhafazakar,,C1
müzikle,,C1
national,,C1
nci,,C1
nedenler,,C1
nefesini,,C1
next,,C1
numarayı,,C1
odadan,,C1
okullarında,,C1
okuyucu,,C1
olmanı,,C1
onlari,,C1
oyle,,C1
oğlak,,C1
paha,,C1
prestijli,,C1
problemin,,C1
rahim,,C1
raporda,,C1
right,,C1
roll,,C1
safi,,C1
sahiden,,C1
saldırısında,,C1
sans,,C1
satmaya,,C1
sayfanın,,C1
sempatik,,C1
serum,,C1
sesiyle,,C1
seyretmek,,C1
seçimle,,C1
side,,C1
silindir,,C1
sokar,,C1
sonundaki,,C1
soruların,,C1
sorunlara,,C1
sorusunu,,C1
spot,,C1
statüsü,,C1
sunucusu,,C1
system,,C1
sözlerle,,C1
sözüne,,C1
sürdürdüğü,,C1
sürdürmek,,C1
süvari,,C1
sınavları,,C1
sınıfları,,C1
sırları,,C1
tanıştım,,C1
tarihteki,,C1
tartışmalı,,C1
tasarımları,,C1
tefek,,C1
teli,,C1
tescil,,C1
todd,,C1
total,,C1
tuba,,C1
tum,,C1
ulaşmaya,,C1
uyandığımda,,C1
uçuşlar,,C1
uçuşu,,C1
uğrar,,C1
vaktim,,C1
vatandaşa,,C1
verilmedi,,C1
vermedim,,C1
vip,,C1
volkswagen,,C1
vuracak,,C1
who,,C1
xbox,,C1
yakınlarındaki,,C1
yangında,,C1
yapabilirsin,,C1
yapabiliyor,,C1
yapacaktır,,C1
yaptırdı,,C1
yapımcısı,,C1
yararlanarak,,C1
yaratılan,,C1
yasaya,,C1
yatmadan,,C1
yenimahalle,,C1
yerlerin,,C1
yerleştirilmiş,,C1
yerleştirme,,C1
yetiyor,,C1
yetiştiren,,C1
yolladı,,C1
yorumunu,,C1
yurtta,,C1
yürüme,,C1
yüzüm,,C1
yıkama,,C1
yıldönümünde,,C1
zekâ,,C1
zorladı,,C1
çabucak,,C1
çalışmalarından,,C1
çalışmam,,C1
çektik,,C1
çember,,C1
çiftçiler,,C1
çizdi,,C1
çözümler,,C1
çıkararak,,C1
ölürken,,C1
öğretmek,,C1
ülkelerinden,,C1
üzerinize,,C1
ırkı,,C1
şemsiye,,C1
şerefli,,C1
şirketini,,C1
abdülhamit,,C1
aklımıza,,C1
alanından,,C1
alırsa,,C1
alışverişe,,C1
amir,,C1
anlaşılması,,C1
antlaşması,,C1
arzusu,,C1
astım,,C1
atabilir,,C1
ataması,,C1
atanmış,,C1
ateşten,,C1
aydınlar,,C1
ayık,,C1
ağlamak,,C1
back,,C1
baker,,C1
ban,,C1
battı,,C1
bayramlar,,C1
başarıları,,C1
başvurdu,,C1
bebekleri,,C1
bekledi,,C1
beklediğini,,C1
bilginiz,,C1
bilsem,,C1
bitkinin,,C1
bitmesi,,C1
boşalan,,C1
büyükelçiliği,,C1
bıraktığın,,C1
bırakılması,,C1
bıçakla,,C1
castle,,C1
ciddiyim,,C1
dakikadan,,C1
damadı,,C1
davranışlarını,,C1
dayanmaktadır,,C1
demin,,C1
denetleme,,C1
deneyler,,C1
dengeli,,C1
dengesi,,C1
dereceden,,C1
dersten,,C1
değere,,C1
değiş,,C1
diktatör,,C1
dilden,,C1
dilemek,,C1
diğerinin,,C1
dokuma,,C1
doğdum,,C1
duydu,,C1
duymaz,,C1
duyuruldu,,C1
dümdüz,,C1
düşünürsek,,C1
düşünüyordum,,C1
ekipmanları,,C1
eklem,,C1
emperyalist,,C1
enjekte,,C1
eylesin,,C1
faaliyeti,,C1
farkını,,C1
faz,,C1
fernando,,C1
finlandiya,,C1
formunda,,C1
fort,,C1
geçenleri,,C1
geçerse,,C1
geçiriyorum,,C1
giremez,,C1
girişimci,,C1
gitmeli,,C1
giysiler,,C1
gsm,,C1
gururlu,,C1
gönderdim,,C1
göndermiş,,C1
görüntülü,,C1
görüntüyü,,C1
gülü,,C1
güvenle,,C1
güz,,C1
güzellikleri,,C1
haliç,,C1
harikasın,,C1
hastalıktan,,C1
hastaneler,,C1
havaalanında,,C1
havuza,,C1
hazırladım,,C1
hece,,C1
hikayeyi,,C1
hilesi,,C1
hitit,,C1
hücrelerinin,,C1
ilişkide,,C1
inandığım,,C1
inat,,C1
inatçı,,C1
insülin,,C1
iradesi,,C1
israf,,C1
istemiyorsanız,,C1
izlediğim,,C1
june,,C1
kafe,,C1
kalkın,,C1
kalıyoruz,,C1
kampüs,,C1
kanalizasyon,,C1
kang,,C1
kardeşimiz,,C1
kariyerine,,C1
karşımızda,,C1
katıldım,,C1
katılıp,,C1
kaybettin,,C1
kaymakamı,,C1
kayıpları,,C1
kitlesel,,C1
koloni,,C1
kontrolden,,C1
konusuna,,C1
konuşmasında,,C1
konuşuruz,,C1
korkan,,C1
kullanıcılara,,C1
kullanıldığını,,C1
kurbağa,,C1
kurumların,,C1
kökünden,,C1
köpeğe,,C1
kılavuzu,,C1
laneti,,C1
leslie,,C1
luis,,C1
lâzım,,C1
martha,,C1
mayo,,C1
mazlum,,C1
melez,,C1
merkel,,C1
merkezden,,C1
meta,,C1
milyonun,,C1
mo,,C1
morris,,C1
murad,,C1
müsteşar,,C1
nazilli,,C1
ndan,,C1
nedim,,C1
niyetim,,C1
numaranızı,,C1
nusret,,C1
nü,,C1
odasının,,C1
okuyarak,,C1
olabilmektedir,,C1
olamayacağını,,C1
oluşturmaya,,C1
oluşturuldu,,C1
onayladı,,C1
orgazm,,C1
oynadım,,C1
oyuncuyu,,C1
oyununa,,C1
pa,,C1
paketleri,,C1
peygamberimiz,,C1
planın,,C1
polislere,,C1
pound,,C1
reddeden,,C1
resimdeki,,C1
sahtekar,,C1
sanatçıları,,C1
sar,,C1
sardı,,C1
savunmasız,,C1
semtinde,,C1
sesine,,C1
seth,,C1
seviyeleri,,C1
seçimini,,C1
sikim,,C1
sinde,,C1
sistemidir,,C1
sk,,C1
sokuyor,,C1
solcu,,C1
soygun,,C1
standardı,,C1
summer,,C1
sunuyor,,C1
susun,,C1
söylemeyi,,C1
söylemiştir,,C1
söylenecek,,C1
söylüyorsun,,C1
sözlüğü,,C1
sü,,C1
süreçleri,,C1
sırbistan,,C1
sığınak,,C1
tabaka,,C1
tanıtıldı,,C1
tayfun,,C1
tefsir,,C1
telekomünikasyon,,C1
tem,,C1
temsilciler,,C1
tevbe,,C1
toplanıp,,C1
travesti,,C1
tugay,,C1
tv'nin,,C1
türkiyede,,C1
umurunda,,C1
uyandı,,C1
uygulanabilir,,C1
uyumu,,C1
uyuyamıyorum,,C1
uçları,,C1
vadi,,C1
vatandaşlarımıza,,C1
vatanı,,C1
venüs,,C1
verilere,,C1
verim,,C1
vermeli,,C1
vuruşu,,C1
vücudunu,,C1
word,,C1
yapılmıştı,,C1
yapılı,,C1
yaratma,,C1
yarayacak,,C1
yarışmacı,,C1
yazdıkları,,C1
yazılmıştır,,C1
yaşadıklarını,,C1
yaşıyorlar,,C1
yenişehir,,C1
yerinize,,C1
yerleşmiş,,C1
yetmiş,,C1
yeğeni,,C1
yitiren,,C1
yolcular,,C1
yolumuza,,C1
yurtdışına,,C1
yöntemlerle,,C1
yıkmak,,C1
zina,,C1
zorundayım,,C1
çadır,,C1
çalışanlara,,C1
çamlıca,,C1
çarpma,,C1
çatal,,C1
çekiliyor,,C1
çekilme,,C1
çekiyoruz,,C1
öküz,,C1
ölenler,,C1
ömrünün,,C1
önerim,,C1
üyemiz,,C1
şan,,C1
şehirlerin,,C1
şeklindedir,,C1
şekliyle,,C1
şovu,,C1
abartılı,,C1
adalete,,C1
adidas,,C1
akıllıca,,C1
alanlarını,,C1
algısı,,C1
alsancak,,C1
amını,,C1
anlamlar,,C1
ant,,C1
anten,,C1
aslinda,,C1
ataşehir,,C1
avrupa'dan,,C1
açmayı,,C1
açmıştır,,C1
açıklamalarda,,C1
ağzının,,C1
ağırlığında,,C1
b1,,C1
babacan,,C1
babanız,,C1
bahsediyorum,,C1
bahçeleri,,C1
baka,,C1
bakire,,C1
baksın,,C1
balıkçılık,,C1
barzani,,C1
bağımsızlığı,,C1
başarısızlık,,C1
başladığım,,C1
başvurusu,,C1
belediyesi'nin,,C1
bey'e,,C1
beşir,,C1
bide,,C1
bilgisini,,C1
birlikteyiz,,C1
bonservis,,C1
bozdu,,C1
bulundum,,C1
buluş,,C1
ceset,,C1
cezalar,,C1
choi,,C1
cici,,C1
cizre,,C1
cook,,C1
cyrus,,C1
davasını,,C1
dayan,,C1
deliği,,C1
demirspor,,C1
derslerine,,C1
devrin,,C1
değerine,,C1
değerlendirdi,,C1
değin,,C1
değiştirin,,C1
dimi,,C1
dişler,,C1
durumdur,,C1
dönün,,C1
dörtlü,,C1
düzenin,,C1
düğmeye,,C1
düşünceli,,C1
düşünelim,,C1
edilenler,,C1
edilmeyen,,C1
ediyorlardı,,C1
ekler,,C1
engelleme,,C1
engelleri,,C1
erer,,C1
erman,,C1
etmesinin,,C1
evimin,,C1
fabrikada,,C1
fiyatlar,,C1
fiyatına,,C1
fransızlar,,C1
funda,,C1
futbolunun,,C1
fıkra,,C1
gaziantepspor,,C1
gedik,,C1
geometrik,,C1
gerçekleştirilmiştir,,C1
getirebilir,,C1
geçirilmesi,,C1
geçirilmiş,,C1
girdikten,,C1
girmişti,,C1
gloria,,C1
gruplarının,,C1
göksel,,C1
görmesini,,C1
görmeyen,,C1
götürüldü,,C1
gübre,,C1
gülüyorsun,,C1
günümüzün,,C1
halihazırda,,C1
halis,,C1
hareketine,,C1
harrison,,C1
hastalıklı,,C1
hatırladım,,C1
hatırlayın,,C1
hatırı,,C1
hayri,,C1
hazırlıklar,,C1
hersek,,C1
hu,,C1
iklimi,,C1
inandırıcı,,C1
ipuçları,,C1
isimlerden,,C1
ismine,,C1
istasyonları,,C1
istasyonuna,,C1
isteniyor,,C1
izleyebilirsiniz,,C1
içecekler,,C1
içerken,,C1
işlemiş,,C1
kadrolu,,C1
kadındır,,C1
kalanını,,C1
kamyonet,,C1
kandil,,C1
karadağ,,C1
karnım,,C1
karışım,,C1
karşıt,,C1
kasabası,,C1
kattan,,C1
kayseri'de,,C1
kazandırır,,C1
kaçma,,C1
kilidi,,C1
kimdi,,C1
kisi,,C1
kitabına,,C1
kolluk,,C1
kolum,,C1
koyuyorum,,C1
krema,,C1
kulağı,,C1
kullanımda,,C1
kuzen,,C1
kötülüğü,,C1
malazgirt,,C1
mangal,,C1
mansur,,C1
mevsiminde,,C1
minibüs,,C1
modelin,,C1
modülü,,C1
moore,,C1
mühendisler,,C1
mühimmat,,C1
mütevazı,,C1
müşterileri,,C1
nden,,C1
nesneleri,,C1
nuh,,C1
odama,,C1
ofiste,,C1
oktar,,C1
okurum,,C1
oluşmasına,,C1
oluşturarak,,C1
oluşturuyor,,C1
onla,,C1
os,,C1
otobüsün,,C1
otto,,C1
over,,C1
pkk'ya,,C1
point,,C1
prime,,C1
programlarında,,C1
projede,,C1
projeye,,C1
rakamları,,C1
rehine,,C1
resme,,C1
rüzgarı,,C1
saldırılara,,C1
sanatın,,C1
sayfalık,,C1
sağlaması,,C1
sağlanmaktadır,,C1
secde,,C1
sektörüne,,C1
sembolik,,C1
sesinden,,C1
seveceksin,,C1
silahlarla,,C1
silver,,C1
skorla,,C1
soda,,C1
sokaktaki,,C1
sonuçlara,,C1
sorunumuz,,C1
sosyalizm,,C1
sports,,C1
söylemekten,,C1
söylerler,,C1
sürücüler,,C1
tacı,,C1
takmak,,C1
takılı,,C1
tamamının,,C1
tanımıyor,,C1
tapınağı,,C1
tasvir,,C1
teknikler,,C1
teröre,,C1
tesisler,,C1
tesla,,C1
tevhid,,C1
trafiğe,,C1
transferler,,C1
turuna,,C1
turşu,,C1
tutucu,,C1
tutumu,,C1
türküsü,,C1
ulaşabilir,,C1
uygulamasını,,C1
uygulamayı,,C1
uzantısı,,C1
verdikten,,C1
veronica,,C1
vitamin,,C1
vurarak,,C1
vurdum,,C1
wa,,C1
won,,C1
yakma,,C1
yapardı,,C1
yapmanızı,,C1
yaptırım,,C1
yapılmaya,,C1
yapışkan,,C1
yardımına,,C1
yağmurlu,,C1
yaşarlar,,C1
yaşatan,,C1
yemini,,C1
yeteneğine,,C1
yönetecek,,C1
çakıl,,C1
çalındı,,C1
çapı,,C1
çıkartmak,,C1
çığır,,C1
ölçüsü,,C1
öngören,,C1
öpücük,,C1
örn,,C1
özerklik,,C1
özgüven,,C1
üretir,,C1
üyelerin,,C1
ısaac,,C1
ışid'in,,C1
şeftali,,C1
şekildedir,,C1
şenliği,,C1
şiddetin,,C1
acıklı,,C1
acıya,,C1
adamlarından,,C1
adımda,,C1
almıyorum,,C1
alınmasını,,C1
anton,,C1
ayaklarının,,C1
ayrica,,C1
ayrıcalık,,C1
ayrıldığını,,C1
ayrılığı,,C1
ayırıp,,C1
aza,,C1
ağları,,C1
aşkla,,C1
baharat,,C1
bahseden,,C1
bahseder,,C1
banyoda,,C1
bart,,C1
basılan,,C1
bayar,,C1
bağladı,,C1
bağlandı,,C1
başkanvekili,,C1
beklediğimiz,,C1
belliydi,,C1
benzemez,,C1
beridir,,C1
bertaraf,,C1
bilgisayarda,,C1
bilime,,C1
binayı,,C1
büyüdüm,,C1
cansız,,C1
ceren,,C1
cevabım,,C1
ceyhun,,C1
chen,,C1
ci,,C1
dairesine,,C1
dallas,,C1
danışmanlığı,,C1
darbenin,,C1
dağlarda,,C1
dead,,C1
demokrasiyi,,C1
des,,C1
design,,C1
devrede,,C1
diyeceksiniz,,C1
donna,,C1
doruk,,C1
doğayı,,C1
doğulu,,C1
doğup,,C1
duble,,C1
durduğu,,C1
durumdaki,,C1
düzenine,,C1
düşündüğümüz,,C1
düşünürler,,C1
edemiyor,,C1
edilirse,,C1
eksiksiz,,C1
element,,C1
enerjiye,,C1
engellemeye,,C1
enkaz,,C1
ergenlik,,C1
eroğlu,,C1
ertem,,C1
esma,,C1
etkinliğinde,,C1
etmesin,,C1
etsek,,C1
ettirdi,,C1
evreni,,C1
eyaletinde,,C1
eşimin,,C1
facebook'ta,,C1
fas,,C1
fiber,,C1
fikrine,,C1
formula,,C1
futbolcuları,,C1
gazeteleri,,C1
geldiğimizde,,C1
geldiğine,,C1
gelişmeye,,C1
gitgide,,C1
gitmeyen,,C1
grey,,C1
görevinin,,C1
görmüştüm,,C1
görünüşe,,C1
görüyorsun,,C1
göstermez,,C1
gözümde,,C1
gündeminde,,C1
güçlendirmek,,C1
güçlerine,,C1
haberlerde,,C1
hanımın,,C1
hayatımdan,,C1
hayatınıza,,C1
hikâyesini,,C1
hitler'in,,C1
hizmetinde,,C1
hocamız,,C1
homo,,C1
hor,,C1
hunt,,C1
ihtiva,,C1
ilaçların,,C1
ilçemizde,,C1
imamı,,C1
imiş,,C1
iniyor,,C1
istasyonunda,,C1
isteklerini,,C1
istemedi,,C1
istemediğini,,C1
istemiştim,,C1
iyiymiş,,C1
içsel,,C1
iştirak,,C1
kabak,,C1
kablolu,,C1
kaldıkları,,C1
kalça,,C1
kampına,,C1
kamuda,,C1
kanarya,,C1
kanda,,C1
kanla,,C1
kapatan,,C1
kapağını,,C1
kapsamaktadır,,C1
kardinal,,C1
kartlar,,C1
karış,,C1
karışan,,C1
kaybedersin,,C1
kaybetmeden,,C1
kaynaklarına,,C1
kazanabilirsiniz,,C1
kaçırdım,,C1
kelimelerle,,C1
key,,C1
khan,,C1
kimde,,C1
klaus,,C1
kolektif,,C1
korkutucu,,C1
koydular,,C1
koymuştur,,C1
kullanılmasına,,C1
kulübünde,,C1
küpe,,C1
kısma,,C1
kızımın,,C1
lazim,,C1
logosu,,C1
mahallesi'nde,,C1
mahkemeleri,,C1
manavgat,,C1
masrafları,,C1
medical,,C1
meteoroloji,,C1
meydanda,,C1
meyveler,,C1
mezarlık,,C1
milletimize,,C1
muaf,,C1
müdafaa,,C1
nesnelerin,,C1
nüfuz,,C1
okuyacak,,C1
olduklarına,,C1
olduğumdan,,C1
olmalısın,,C1
olmamakla,,C1
olmasi,,C1
oluyormuş,,C1
oluşturacak,,C1
ooo,,C1
orduda,,C1
ordusunu,,C1
oynamış,,C1
oynayıp,,C1
oz,,C1
oğlumun,,C1
parasız,,C1
parka,,C1
paylaşıyorum,,C1
pazarında,,C1
peygamberi,,C1
politikasını,,C1
psikopat,,C1
rab,,C1
raf,,C1
rakibini,,C1
rey,,C1
rt,,C1
ruhum,,C1
rumeli,,C1
saatlere,,C1
sadaka,,C1
sahiptirler,,C1
saldırıdan,,C1
salonu'nda,,C1
satılır,,C1
sağdaki,,C1
sebebiyet,,C1
sektörde,,C1
severdim,,C1
seviyesinden,,C1
simpson,,C1
sine,,C1
soldaki,,C1
sonlarına,,C1
sonun,,C1
sonuncu,,C1
sorunsuz,,C1
spam,,C1
sürat,,C1
sürerek,,C1
sürüş,,C1
sıralı,,C1
tabir,,C1
takmış,,C1
tanış,,C1
tarihî,,C1
tartışması,,C1
taziye,,C1
tedaviye,,C1
tekel,,C1
telaffuz,,C1
tencere,,C1
teyzem,,C1
thompson,,C1
tohumları,,C1
tüccar,,C1
unsurlar,,C1
va,,C1
vazgeçtim,,C1
verilmişti,,C1
verince,,C1
vermekte,,C1
vesilesiyle,,C1
videosunu,,C1
vurma,,C1
vücuduna,,C1
wolf,,C1
yakalayan,,C1
yankı,,C1
yanınıza,,C1
yanıtı,,C1
yapmadık,,C1
yapraklar,,C1
yaptıran,,C1
yaptığınızı,,C1
yarışta,,C1
yarışında,,C1
yatırımları,,C1
yaylası,,C1
yayıldı,,C1
yayınlanmıştır,,C1
yazarların,,C1
yazdın,,C1
yazması,,C1
yaşatmak,,C1
yaşayamam,,C1
yemeğini,,C1
yerimiz,,C1
yeryüzündeki,,C1
yitirmiş,,C1
yiyelim,,C1
yolculuğuna,,C1
yunanistan'da,,C1
yuri,,C1
yurtdışı,,C1
yöre,,C1
yüreği,,C1
çalışmasında,,C1
çarpıyor,,C1
çekiç,,C1
çevresini,,C1
çıkana,,C1
çıkarım,,C1
ödemeye,,C1
öldürülmüş,,C1
ülkedir,,C1
ülkelerdeki,,C1
ünite,,C1
üniversiteyi,,C1
ürdün,,C1
ürünüdür,,C1
üstteki,,C1
şarkıda,,C1
şarttır,,C1
şifresini,,C1
şikâyet,,C1
şirketlerinin,,C1
şirketten,,C1
adımlarla,,C1
afedersin,,C1
aha,,C1
aitti,,C1
alanyaspor,,C1
aldığında,,C1
aleyküm,,C1
alınma,,C1
amaca,,C1
amanda,,C1
andrea,,C1
anlatıyorum,,C1
anlayışlı,,C1
anlayışını,,C1
anmak,,C1
anıl,,C1
anılarını,,C1
apple'ın,,C1
aptalca,,C1
armut,,C1
atıyorsun,,C1
ayrıldık,,C1
azalan,,C1
azim,,C1
bacaklar,,C1
bakarsak,,C1
bakarsın,,C1
bayanlara,,C1
başkalarıyla,,C1
bdp,,C1
bedenini,,C1
beklentisi,,C1
berber,,C1
besleme,,C1
beynine,,C1
beşeri,,C1
birşeyi,,C1
biçimleri,,C1
borusu,,C1
boyalı,,C1
bozuyor,,C1
bulunurken,,C1
burjuva,,C1
bırakılır,,C1
cafer,,C1
canavarı,,C1
cazip,,C1
cevizi,,C1
chase,,C1
claude,,C1
coşku,,C1
cumhurbaşkanının,,C1
cunku,,C1
curtis,,C1
cümleleri,,C1
dahildir,,C1
davasının,,C1
dağıtıldı,,C1
denemesi,,C1
derbi,,C1
derneğin,,C1
devi,,C1
değerlerine,,C1
deşifre,,C1
digital,,C1
dilekçe,,C1
direnci,,C1
duruyordu,,C1
dönünce,,C1
düzenler,,C1
düğünde,,C1
düştüğünde,,C1
dışardan,,C1
edilmemiş,,C1
egzotik,,C1
ekledim,,C1
ekonomisinin,,C1
ekonomiye,,C1
eleştirdi,,C1
ellerde,,C1
emirler,,C1
erkeğim,,C1
etkilidir,,C1
etsinler,,C1
evlenen,,C1
evlenip,,C1
f00,,C1
farklılıkları,,C1
fc,,C1
filmden,,C1
fiyatlarla,,C1
formatında,,C1
galerisi,,C1
games,,C1
geleceğimiz,,C1
gelinlik,,C1
ger,,C1
gerçekleşiyor,,C1
gerçekleştirilir,,C1
gezegeni,,C1
geçirdiğim,,C1
geçmeyen,,C1
girebilir,,C1
giyer,,C1
gray,,C1
grubundan,,C1
gönüllüler,,C1
gördüklerini,,C1
görmedik,,C1
görürler,,C1
gülme,,C1
günümüzdeki,,C1
hakemler,,C1
halkımızın,,C1
haritada,,C1
hastayım,,C1
havai,,C1
havuç,,C1
hayatımdaki,,C1
hazırlıyor,,C1
hazırlığı,,C1
hello,,C1
hoşnut,,C1
hükmü,,C1
hırvatistan,,C1
iblis,,C1
ilacın,,C1
ilerledikçe,,C1
illerde,,C1
ilçesindeki,,C1
inanırım,,C1
interneti,,C1
iple,,C1
isimsiz,,C1
islam'ı,,C1
istemeden,,C1
isteyin,,C1
ivme,,C1
iyileştirme,,C1
işadamı,,C1
jacques,,C1
jel,,C1
kabaca,,C1
kabartma,,C1
kaleyi,,C1
kanuna,,C1
karakaya,,C1
karesi,,C1
karnı,,C1
karşılar,,C1
karşılaştırma,,C1
kaybetmesi,,C1
kaydedilen,,C1
kaymakamlığı,,C1
kaynaklanmaktadır,,C1
kaynaktan,,C1
kaynağının,,C1
kazadan,,C1
kazanacağız,,C1
kazandırdı,,C1
kaşar,,C1
kemerini,,C1
kenarda,,C1
kendinin,,C1
kesit,,C1
kibrit,,C1
kollarını,,C1
kollu,,C1
kompleksi,,C1
konserde,,C1
konuların,,C1
korunmak,,C1
koşup,,C1
ku,,C1
kurulmasına,,C1
kuruluşundan,,C1
kutluyor,,C1
kökleri,,C1
kürtaj,,C1
kılmak,,C1
les,,C1
lionel,,C1
liseden,,C1
listeler,,C1
makinası,,C1
makyajı,,C1
malatyaspor,,C1
martı,,C1
masasına,,C1
medyadan,,C1
mekanizma,,C1
memeli,,C1
memurlar,,C1
memurları,,C1
muhalefeti,,C1
mukaddes,,C1
mızrak,,C1
nihal,,C1
nm,,C1
no'lu,,C1
nota,,C1
numaradan,,C1
numune,,C1
nöbeti,,C1
okay,,C1
okey,,C1
olamayan,,C1
olandan,,C1
olmadık,,C1
oluşturulur,,C1
onuruna,,C1
our,,C1
owen,,C1
oyla,,C1
oyuncuya,,C1
oyunlarda,,C1
party,,C1
plaza,,C1
projeyi,,C1
radyoaktif,,C1
rejimin,,C1
renge,,C1
road,,C1
roma'nın,,C1
romanın,,C1
ruhunun,,C1
ruth,,C1
saatine,,C1
sabırla,,C1
saklanan,,C1
salla,,C1
saltanat,,C1
samet,,C1
sanayii,,C1
savaşmaya,,C1
savaşını,,C1
schmidt,,C1
see,,C1
sevdikleri,,C1
sevecek,,C1
seveceğim,,C1
sevgiliye,,C1
sevmeye,,C1
sherlock,,C1
silahın,,C1
sinemada,,C1
sinyalleri,,C1
sistemli,,C1
slm,,C1
sokma,,C1
sormadan,,C1
sormaya,,C1
soyundan,,C1
spesifik,,C1
ssk,,C1
suni,,C1
söylemez,,C1
söyleyelim,,C1
söylüyoruz,,C1
süresinin,,C1
sürmektedir,,C1
sürücüsü,,C1
sırp,,C1
tartışmaları,,C1
taşkın,,C1
televizyona,,C1
tepenin,,C1
topladığı,,C1
tuşu,,C1
türbanlı,,C1
türk'ün,,C1
unutmadım,,C1
unutmam,,C1
uygulamanın,,C1
vardir,,C1
vatana,,C1
vaziyette,,C1
videonun,,C1
when,,C1
yansıması,,C1
yapmamış,,C1
yapılacağı,,C1
yapılmadı,,C1
yarışları,,C1
yatın,,C1
yayınlayan,,C1
yerleşti,,C1
yersin,,C1
yöntemini,,C1
yöntemle,,C1
yönüyle,,C1
yün,,C1
yüzyıldan,,C1
za,,C1
zafere,,C1
zero,,C1
zeus,,C1
zorundasın,,C1
zorunluluğu,,C1
çaylak,,C1
çayın,,C1
çektiğim,,C1
çevirme,,C1
çevreyi,,C1
çince,,C1
çizgili,,C1
önemliydi,,C1
önleyici,,C1
özenle,,C1
özetle,,C1
öğreniyor,,C1
ücretini,,C1
üstlendi,,C1
ıntel,,C1
ızgara,,C1
şehirlerarası,,C1
şirketinde,,C1
acıbadem,,C1
adams,,C1
adlandırılır,,C1
afgan,,C1
afiş,,C1
akıcı,,C1
aleviler,,C1
amcam,,C1
anlaması,,C1
anlamları,,C1
ansızın,,C1
aptallık,,C1
araçlarının,,C1
artarak,,C1
attığını,,C1
atıyoruz,,C1
ayrılıyor,,C1
açıkla,,C1
açılışında,,C1
aşamasına,,C1
bafra,,C1
bahçeye,,C1
bakanımız,,C1
baktık,,C1
bakışları,,C1
bazında,,C1
bağırıp,,C1
belirleme,,C1
bes,,C1
besleyen,,C1
beylere,,C1
beyleri,,C1
bildikleri,,C1
bilgili,,C1
bilsin,,C1
binbir,,C1
birleştirerek,,C1
birsey,,C1
bisküvi,,C1
bitmeyen,,C1
borcun,,C1
bucak,,C1
bulgar,,C1
buluşacak,,C1
bölme,,C1
bıçağı,,C1
cadılar,,C1
cephesinde,,C1
cihangir,,C1
dalda,,C1
davranır,,C1
dağlık,,C1
dağıtmak,,C1
dediklerini,,C1
deneyimini,,C1
değerlendirmek,,C1
değerlere,,C1
değişimler,,C1
değiştiğini,,C1
diliyle,,C1
dinini,,C1
durdum,,C1
durması,,C1
durmaz,,C1
duy,,C1
duydunuz,,C1
duyu,,C1
döngüsü,,C1
düzenlemeleri,,C1
düşmanlığı,,C1
düştük,,C1
düşüncenin,,C1
edilmedi,,C1
efendimizin,,C1
ego,,C1
elimize,,C1
elçisi,,C1
epeyce,,C1
esenyurt,,C1
etmezler,,C1
ettiğinden,,C1
eğitiminin,,C1
farsça,,C1
faul,,C1
fehmi,,C1
fidye,,C1
fizyolojik,,C1
girişimine,,C1
gittikten,,C1
gururu,,C1
görevin,,C1
görünüşü,,C1
gösterge,,C1
gösteriyordu,,C1
götüne,,C1
gözetleme,,C1
haberde,,C1
hakkının,,C1
halin,,C1
hamburger,,C1
harfler,,C1
hastayı,,C1
hattın,,C1
havalarda,,C1
hedefleyen,,C1
hibrit,,C1
hizmetlerini,,C1
hormon,,C1
hücresi,,C1
icinde,,C1
id,,C1
idman,,C1
ifadelerini,,C1
ii,,C1
ikişer,,C1
ilgilenir,,C1
inandığı,,C1
indirip,,C1
isi,,C1
istemiyorsan,,C1
istermisin,,C1
italyanca,,C1
iyimser,,C1
izci,,C1
içinizde,,C1
joy,,C1
kalmaktan,,C1
kaplar,,C1
kapısından,,C1
karadan,,C1
karakterine,,C1
kardeşlerimiz,,C1
kardeşliği,,C1
karışıklık,,C1
karşıladı,,C1
kavak,,C1
kaçarak,,C1
kaçıncı,,C1
kebap,,C1
keder,,C1
kil,,C1
kokain,,C1
kolej,,C1
kollarında,,C1
konuşacağız,,C1
kozmik,,C1
koşar,,C1
kullanılmasını,,C1
kullanırlar,,C1
kulübünün,,C1
kur'an'da,,C1
kıldı,,C1
kılığına,,C1
kırılgan,,C1
kısmet,,C1
lisansüstü,,C1
lisesinde,,C1
listenin,,C1
mahsus,,C1
manevra,,C1
marc,,C1
markete,,C1
meksika'da,,C1
melodi,,C1
menfaat,,C1
merkezi'nin,,C1
miguel,,C1
mistik,,C1
mithat,,C1
molla,,C1
moon,,C1
mp3,,C1
muhabbeti,,C1
müdürümüz,,C1
mülteciler,,C1
müsteşarı,,C1
namus,,C1
noah,,C1
nüfusa,,C1
okuduktan,,C1
olmadıklarını,,C1
olmadığının,,C1
olmamı,,C1
olurduk,,C1
oluyorsa,,C1
oyların,,C1
oyundur,,C1
oyunlara,,C1
oyununun,,C1
paralarını,,C1
parasal,,C1
parkın,,C1
pezevenk,,C1
ph,,C1
piyanist,,C1
projesine,,C1
rahatsızlığı,,C1
raporuna,,C1
restaurant,,C1
riley,,C1
ruhi,,C1
sac,,C1
sakallı,,C1
saldırıyor,,C1
saygıdeğer,,C1
school,,C1
senenin,,C1
senindir,,C1
sevim,,C1
sgk,,C1
silme,,C1
simit,,C1
sirke,,C1
sitesindeki,,C1
solucan,,C1
stresli,,C1
sullivan,,C1
suyunun,,C1
söylemem,,C1
sürüsü,,C1
sıfırdan,,C1
sıkan,,C1
sıkıyor,,C1
sınavında,,C1
sıtkı,,C1
taburcu,,C1
takipçileri,,C1
tanem,,C1
tanıştı,,C1
tarihler,,C1
tartışmak,,C1
tasarlandı,,C1
tasarımcı,,C1
tayland,,C1
taşıt,,C1
team,,C1
telli,,C1
tenisi,,C1
terimi,,C1
terzi,,C1
toplanması,,C1
topraktan,,C1
tunus,,C1
turizmi,,C1
tutuluyor,,C1
tuğgeneral,,C1
türbe,,C1
türlerinin,,C1
umurumda,,C1
university,,C1
unutun,,C1
urla,,C1
usd,,C1
uygulamaların,,C1
uysal,,C1
uzmanlaşmış,,C1
uğraşıyor,,C1
verebilirim,,C1
vergiler,,C1
vermediği,,C1
versene,,C1
via,,C1
wu,,C1
yaprağı,,C1
yaptığında,,C1
yarak,,C1
yarasa,,C1
yattım,,C1
yayından,,C1
yağmuru,,C1
yaşamında,,C1
yenikapı,,C1
yerçekimi,,C1
yetişir,,C1
zat,,C1
ziyaretleri,,C1
zorlayan,,C1
çakal,,C1
çekildiği,,C1
çekilmek,,C1
çerkes,,C1
çizdiği,,C1
çizgileri,,C1
ödevi,,C1
ödüle,,C1
önlisans,,C1
ören,,C1
özünde,,C1
ünün,,C1
ıgor,,C1
şahitlik,,C1
şansa,,C1
şehrinin,,C1
adamlarını,,C1
adanmış,,C1
adlarını,,C1
aliyev,,C1
alkan,,C1
amiri,,C1
anahtarını,,C1
anlatsana,,C1
anlaşmazlık,,C1
aram,,C1
arazinin,,C1
araştırmalarda,,C1
arkanda,,C1
arsa,,C1
arıyorsun,,C1
ashley,,C1
atladı,,C1
atılacak,,C1
ayakkabıları,,C1
ayn,,C1
ayrıldığı,,C1
ayrılmaz,,C1
açalım,,C1
açılmasını,,C1
bacaklarını,,C1
baktığı,,C1
batı'nın,,C1
bayraklı,,C1
bağımlılığı,,C1
başımın,,C1
belirtilir,,C1
bembeyaz,,C1
berrak,,C1
bilgim,,C1
bilmeli,,C1
bitmiyor,,C1
bomboş,,C1
boyama,,C1
bulunamadı,,C1
bülteni,,C1
bünyesindeki,,C1
bünyesine,,C1
bırakması,,C1
bırakmayan,,C1
bıraktığım,,C1
call,,C1
cemaatin,,C1
cenab,,C1
cenevre,,C1
cezayir,,C1
cup,,C1
dakikasında,,C1
davalar,,C1
dağlara,,C1
deliller,,C1
değecek,,C1
değerlendirmesi,,C1
değiştirmez,,C1
diyeceğiz,,C1
dolandırıcı,,C1
donatılmış,,C1
dosdoğru,,C1
doğaüstü,,C1
durumla,,C1
duymadan,,C1
dylan,,C1
dönmesini,,C1
düşmesine,,C1
düşünülmektedir,,C1
edebilen,,C1
edemezsiniz,,C1
edinmek,,C1
ekonomisine,,C1
enfeksiyonu,,C1
engelledi,,C1
engelliyor,,C1
enstitü,,C1
esaslı,,C1
eyvallah,,C1
fabrikaları,,C1
fahrettin,,C1
farkli,,C1
fay,,C1
ff,,C1
fikrin,,C1
filmlerden,,C1
fuarı'nda,,C1
fırça,,C1
galibiyetle,,C1
gayrimenkul,,C1
geliş,,C1
gelmekte,,C1
genci,,C1
genişletilmiş,,C1
getirsin,,C1
gitsek,,C1
gr,,C1
gönderdik,,C1
gördüler,,C1
görüşüyorum,,C1
gözaltında,,C1
göğe,,C1
gültekin,,C1
habertürk,,C1
han'ın,,C1
hapisten,,C1
harekatı,,C1
harikalar,,C1
harikaydı,,C1
hastaneden,,C1
hastanenin,,C1
havalar,,C1
havalimanında,,C1
hazırda,,C1
hazırlama,,C1
hiçbirini,,C1
hollanda'da,,C1
hudson,,C1
hâli,,C1
ibret,,C1
ideoloji,,C1
ihlas,,C1
inancım,,C1
iplik,,C1
isimlerle,,C1
istatistiksel,,C1
istedin,,C1
istersem,,C1
iyileştirmek,,C1
içeriden,,C1
juventus,,C1
kabine,,C1
kaldıracak,,C1
kapısının,,C1
karanfil,,C1
kardeşimi,,C1
kazandığını,,C1
kazanmanın,,C1
kestim,,C1
kilometrelik,,C1
kompleks,,C1
konur,,C1
konuşmada,,C1
korumalı,,C1
koçu,,C1
kullanıldığında,,C1
kurak,,C1
kurtulur,,C1
kısmından,,C1
lahana,,C1
lamba,,C1
len,,C1
leziz,,C1
macar,,C1
mad,,C1
maddesine,,C1
maddeyi,,C1
maggie,,C1
manço,,C1
manşet,,C1
marjinal,,C1
maurice,,C1
meclis'te,,C1
mektupta,,C1
meleği,,C1
mesafesi,,C1
meyvesi,,C1
mutluluğun,,C1
müdürlüğüne,,C1
müzede,,C1
nesneler,,C1
nike,,C1
olaylarda,,C1
olmanıza,,C1
olucak,,C1
oluştuğunu,,C1
orkestrası,,C1
panda,,C1
papatya,,C1
parmağını,,C1
parçanın,,C1
peşini,,C1
pist,,C1
planlanmış,,C1
po,,C1
programlarına,,C1
queen,,C1
rahatlatıcı,,C1
rejiminin,,C1
retro,,C1
robinson,,C1
robotlar,,C1
saka,,C1
saniyelik,,C1
sarımsak,,C1
sağladık,,C1
sd,,C1
seksen,,C1
seneki,,C1
sesinin,,C1
sevmiştim,,C1
seyyar,,C1
sisteminden,,C1
siteyi,,C1
sivilce,,C1
siyasetçiler,,C1
soruna,,C1
söylemiştim,,C1
söyleyeceğim,,C1
söylüyordu,,C1
süresini,,C1
sütlü,,C1
sıfatıyla,,C1
sıralaması,,C1
takla,,C1
tamamlanması,,C1
tankı,,C1
tanımlamak,,C1
taraflar,,C1
teftiş,,C1
temsilciliği,,C1
tepkisini,,C1
testere,,C1
there,,C1
timur,,C1
titiz,,C1
tohumu,,C1
trafikte,,C1
turunda,,C1
tuğrul,,C1
tv8,,C1
tüik,,C1
tümünü,,C1
türbesi,,C1
türkçeye,,C1
türküler,,C1
türler,,C1
türünden,,C1
türünü,,C1
umudunu,,C1
utangaç,,C1
uyandıran,,C1
uyanın,,C1
uykuda,,C1
uykusuzluk,,C1
varlıklarını,,C1
varlığından,,C1
vermesine,,C1
versen,,C1
viktor,,C1
vol,,C1
yahudilerin,,C1
yalanı,,C1
yapabileceğim,,C1
yapraklı,,C1
yapsınlar,,C1
yapılıp,,C1
yardımcımız,,C1
yatsın,,C1
yazdığını,,C1
yaşamaktan,,C1
yaşlılar,,C1
yaşım,,C1
yaşıma,,C1
yetkin,,C1
yollarına,,C1
ysk,,C1
yüzen,,C1
yıllığına,,C1
zorluyor,,C1
®,,C1
çalışalım,,C1
çalışılan,,C1
çekerim,,C1
çözme,,C1
çıkacaktır,,C1
çıkartma,,C1
ölmez,,C1
ölmüştür,,C1
öğrencilerimiz,,C1
öğrenimini,,C1
ırak'a,,C1
şehzade,,C1
şekerleme,,C1
şeklidir,,C1
şeridi,,C1
şeytana,,C1
şifreleme,,C1
adamda,,C1
adrese,,C1
adımını,,C1
afrikalı,,C1
akgün,,C1
alabilecek,,C1
albümde,,C1
aldırma,,C1
alemdar,,C1
almamız,,C1
alsa,,C1
alçı,,C1
alışılmadık,,C1
anayasası,,C1
anlamadığım,,C1
anlaşmaları,,C1
anlaşılabilir,,C1
anlıyorsun,,C1
araması,,C1
arenada,,C1
arkadaki,,C1
arkadaşımı,,C1
arnold,,C1
ateşleme,,C1
audi,,C1
aşina,,C1
aşçı,,C1
babadan,,C1
baklava,,C1
bakıyorsunuz,,C1
barosu,,C1
basa,,C1
başarmak,,C1
bekliyordum,,C1
bekçi,,C1
belle,,C1
benimsin,,C1
benz,,C1
boncuk,,C1
bulana,,C1
bulunuyoruz,,C1
bursu,,C1
bütçesi,,C1
büyümeye,,C1
camide,,C1
camii'nde,,C1
carmen,,C1
cebinden,,C1
cihad,,C1
cinayetleri,,C1
cümleyi,,C1
darbeye,,C1
demişler,,C1
demiştin,,C1
dergilerde,,C1
dersem,,C1
detayı,,C1
değerlidir,,C1
değiştiriyor,,C1
didem,,C1
diledi,,C1
dillere,,C1
dimdik,,C1
dinden,,C1
dizüstü,,C1
dokunmayın,,C1
dolaşım,,C1
doğruladı,,C1
doğumu,,C1
duyduğumuz,,C1
duyurusunda,,C1
düzenini,,C1
düşündük,,C1
düşünmeyi,,C1
düşürme,,C1
earl,,C1
edit,,C1
ekleme,,C1
elemanlar,,C1
ermiş,,C1
eroin,,C1
etkisinde,,C1
fahişe,,C1
farkın,,C1
filmlerini,,C1
filtre,,C1
firmalar,,C1
fisher,,C1
futbolcuların,,C1
fırında,,C1
gebelik,,C1
geleceğiz,,C1
geliriz,,C1
gelirleri,,C1
gelişimine,,C1
gelmesin,,C1
gemisinin,,C1
geneli,,C1
georgia,,C1
geçirmesi,,C1
giderdi,,C1
gil,,C1
giyecek,,C1
giyme,,C1
gizlemek,,C1
görse,,C1
görüşe,,C1
görüşüne,,C1
görüşüyor,,C1
gösterdiler,,C1
gösteriler,,C1
gösterime,,C1
gözüken,,C1
günümde,,C1
güçle,,C1
hababam,,C1
hamilelik,,C1
hapı,,C1
hastalıktır,,C1
hastalığının,,C1
hayranım,,C1
heba,,C1
helikopteri,,C1
hm,,C1
hope,,C1
hot,,C1
hurda,,C1
ilişkilerde,,C1
imparatoru,,C1
inançları,,C1
insanlardır,,C1
insanlarının,,C1
istanbulda,,C1
istemektedir,,C1
istemişti,,C1
istifade,,C1
japonlar,,C1
kabiliyeti,,C1
kadıköy'de,,C1
kahvaltısı,,C1
kalktım,,C1
kalırlar,,C1
kapanır,,C1
karagöz,,C1
karakterlerin,,C1
karatay,,C1
karga,,C1
karşılaştım,,C1
kazaları,,C1
kediyi,,C1
kendisidir,,C1
kertenkele,,C1
kervan,,C1
kesilmesi,,C1
kilogram,,C1
kimsiniz,,C1
kiralama,,C1
kitaplarda,,C1
komşusu,,C1
konağı,,C1
konserler,,C1
konserve,,C1
korktuğu,,C1
koro,,C1
korudu,,C1
kullanıcıya,,C1
kurtarıldı,,C1
kurultay,,C1
kuşun,,C1
kyle,,C1
kökten,,C1
kölelik,,C1
kürk,,C1
kırgızistan,,C1
kışı,,C1
lafın,,C1
last,,C1
liam,,C1
limiti,,C1
lisesi'nde,,C1
lou,,C1
luther,,C1
lösemi,,C1
madison,,C1
malatya'da,,C1
manhattan,,C1
mel,,C1
memleketin,,C1
mesafeden,,C1
misafirler,,C1
motivasyon,,C1
müsade,,C1
müziğinin,,C1
